source,event_time_raw,event_time_utc,event_time_epoch_ms,incident_type,location
police,08/31/2026 20:05,2026-09-01T00:05:00Z,1788221100000,STOP,S DIVISION AVE / BARTLETT ST SW
fire,08/31/2026 20:06,2026-09-01T00:06:00Z,1788221160000,MED2,MARTIN LUTHER KING JR ST SE / S DIVISION AVE
police,08/31/2026 20:16,2026-09-01T00:16:00Z,1788221760000,DOM,1000 DORCHESTER AVE SW
police,08/31/2026 20:17,2026-09-01T00:17:00Z,1788221820000,DISO,400 IONIA AVE SW
police,08/31/2026 20:26,2026-09-01T00:26:00Z,1788222360000,WELFARE,0 MONROE CENTER ST NW
police,08/31/2026 20:43,2026-09-01T00:43:00Z,1788223380000,STOP,0 CANTON ST SW
police,08/31/2026 20:44,2026-09-01T00:44:00Z,1788223440000,STOP,1200 PLAINFIELD AVE NE
police,08/31/2026 20:49,2026-09-01T00:49:00Z,1788223740000,STOP,3300 BROOKLYN AVE SE
police,08/31/2026 20:54,2026-09-01T00:54:00Z,1788224040000,ASLT,300 IONIA AVE SW
police,08/31/2026 20:55,2026-09-01T00:55:00Z,1788224100000,PD,1500 MUSKEGON AVE NW
fire,08/31/2026 20:58,2026-09-01T00:58:00Z,1788224280000,MED1,0 ANDRE ST SW
fire,08/31/2026 21:04,2026-09-01T01:04:00Z,1788224640000,MED1,100 E FULTON ST
police,08/31/2026 21:10,2026-09-01T01:10:00Z,1788225000000,SUSPICIOUS,700 SHELDON AVE SE
police,08/31/2026 21:12,2026-09-01T01:12:00Z,1788225120000,STOP,N DIVISION AVE / COLDBROOK ST NE
police,08/31/2026 21:19,2026-09-01T01:19:00Z,1788225540000,DOM,1000 FREMONT AVE NW
fire,08/31/2026 21:22,2026-09-01T01:22:00Z,1788225720000,MED1,2600 BIRCHCREST DR SE
police,08/31/2026 21:22,2026-09-01T01:22:00Z,1788225720000,STOP,HALL ST SE / MADISON AVE SE
police,08/31/2026 21:30,2026-09-01T01:30:00Z,1788226200000,STOP,KALAMAZOO AVE SE / MARTIN LUTHER KING JR ST SE
fire,08/31/2026 21:31,2026-09-01T01:31:00Z,1788226260000,MED1,MONROE AVE NW / LEONARD ST NW
police,08/31/2026 21:31,2026-09-01T01:31:00Z,1788226260000,PI,MONROE AVE NW / LEONARD ST NW
police,08/31/2026 21:33,2026-09-01T01:33:00Z,1788226380000,STOP,SHELDON AVE SE / HALL ST SE
police,08/31/2026 21:37,2026-09-01T01:37:00Z,1788226620000,STOP,800 FAIRVIEW AVE NE
police,08/31/2026 21:38,2026-09-01T01:38:00Z,1788226680000,STOP,JEFFERSON AVE SE / WEALTHY ST SE
police,08/31/2026 21:43,2026-09-01T01:43:00Z,1788226980000,STOP,S DIVISION AVE / WEALTHY ST SE
fire,08/31/2026 21:48,2026-09-01T01:48:00Z,1788227280000,MED1,3300 ESSEX AVE NE
police,08/31/2026 21:48,2026-09-01T01:48:00Z,1788227280000,STOP,OAKDALE ST SE / UNION AVE SE
police,08/31/2026 21:51,2026-09-01T01:51:00Z,1788227460000,PDHR,US-131 NB IN S-CURVE
police,08/31/2026 21:58,2026-09-01T01:58:00Z,1788227880000,STOP,44TH ST SE / STUART AVE SE
police,08/31/2026 22:03,2026-09-01T02:03:00Z,1788228180000,STOP,LOUIS ST NW / CAMPAU AVE NW
police,08/31/2026 22:05,2026-09-01T02:05:00Z,1788228300000,STOP,300 BURTON ST SE
fire,08/31/2026 22:06,2026-09-01T02:06:00Z,1788228360000,MED2,1100 LEONARD ST NE
police,08/31/2026 22:07,2026-09-01T02:07:00Z,1788228420000,STOP,WORDEN ST SE / NELAND AVE SE
police,08/31/2026 22:09,2026-09-01T02:09:00Z,1788228540000,SUSPICIOUS,0 LIBRARY ST NE
police,08/31/2026 22:09,2026-09-01T02:09:00Z,1788228540000,ASSIST,1100 LEONARD ST NE
police,08/31/2026 22:10,2026-09-01T02:10:00Z,1788228600000,STOP,LAKE MICHIGAN DR NW / LEXINGTON AVE NW
police,08/31/2026 22:17,2026-09-01T02:17:00Z,1788229020000,STOP,MARTIN LUTHER KING JR ALY SE / MADISON AVE SE
police,08/31/2026 22:18,2026-09-01T02:18:00Z,1788229080000,STOP,KALAMAZOO AVE SE / ELLIOTT ST SE
police,08/31/2026 22:19,2026-09-01T02:19:00Z,1788229140000,STOP,S DIVISION AVE / BUCKLEY ST SE
police,08/31/2026 22:28,2026-09-01T02:28:00Z,1788229680000,STOP,2000 MONROE AVE NE
police,08/31/2026 22:34,2026-09-01T02:34:00Z,1788230040000,STOP,HOUSEMAN AVE NE / CRESCENT ST NE
police,08/31/2026 22:39,2026-09-01T02:39:00Z,1788230340000,STOP,KALAMAZOO AVE SE / GRIGGS ST SE
fire,08/31/2026 22:42,2026-09-01T02:42:00Z,1788230520000,FIREALARM,900 BRIDGE ST NW
police,08/31/2026 22:43,2026-09-01T02:43:00Z,1788230580000,STOP,KALAMAZOO AVE SE / OAKDALE ST SE
police,08/31/2026 22:44,2026-09-01T02:44:00Z,1788230640000,STOP,100 CUTLER ST SW
police,08/31/2026 22:45,2026-09-01T02:45:00Z,1788230700000,STOP,BUTTERWORTH ST SW / MARION AVE SW
police,08/31/2026 22:47,2026-09-01T02:47:00Z,1788230820000,DISO,CHERRY ST SW / COMMERCE AVE SW
police,08/31/2026 22:50,2026-09-01T02:50:00Z,1788231000000,ASLT,1200 MICHIGAN ST NE
police,08/31/2026 22:50,2026-09-01T02:50:00Z,1788231000000,STOP,BAXTER ST SE / (WO)EASTERN AVE SE
police,08/31/2026 22:53,2026-09-01T02:53:00Z,1788231180000,STOP,LAFAYETTE AVE NE / HASTINGS ST NE
police,08/31/2026 22:58,2026-09-01T02:58:00Z,1788231480000,STOP,MONROE AVE NW / DALE ST NW
police,08/31/2026 22:59,2026-09-01T02:59:00Z,1788231540000,STOP,KIRTLAND ST SW / BUCHANAN AVE SW
police,08/31/2026 23:09,2026-09-01T03:09:00Z,1788232140000,STOP,CHERRY ST SW / IONIA AVE SW
police,08/31/2026 23:10,2026-09-01T03:10:00Z,1788232200000,STOP,CHERRY ST SW / IONIA AVE SW
police,08/31/2026 23:17,2026-09-01T03:17:00Z,1788232620000,LARC,0 HALL ST SW
police,08/31/2026 23:18,2026-09-01T03:18:00Z,1788232680000,STOP,FISK ST SE / DALLAS AVE SE
police,08/31/2026 23:20,2026-09-01T03:20:00Z,1788232800000,STOP,JEFFERSON AVE SE / MARTIN LUTHER KING JR ST SE
police,08/31/2026 23:22,2026-09-01T03:22:00Z,1788232920000,STOP,400 MICHIGAN ST NE
police,08/31/2026 23:23,2026-09-01T03:23:00Z,1788232980000,SUSPICIOUS,1000 S DIVISION AVE
police,08/31/2026 23:24,2026-09-01T03:24:00Z,1788233040000,STOP,MADISON AVE SE / 28TH ST SE
police,08/31/2026 23:29,2026-09-01T03:29:00Z,1788233340000,STOP,PLAINFIELD AVE NE / SWEET ST NE
police,08/31/2026 23:30,2026-09-01T03:30:00Z,1788233400000,STOP,DIAMOND AVE NE / HAKE ST NE
police,08/31/2026 23:37,2026-09-01T03:37:00Z,1788233820000,DISO,1200 MICHIGAN ST NE
police,08/31/2026 23:39,2026-09-01T03:39:00Z,1788233940000,DOM,1300 MADISON AVE SE
police,08/31/2026 23:41,2026-09-01T03:41:00Z,1788234060000,STOP,MICHIGAN ST NE / FULLER AVE NE
police,08/31/2026 23:51,2026-09-01T03:51:00Z,1788234660000,STOP,OTTAWA AVE NW / MICHIGAN ST NW
police,08/31/2026 23:52,2026-09-01T03:52:00Z,1788234720000,SUSPICIOUS,900 DAVIS AVE NW
police,08/31/2026 23:59,2026-09-01T03:59:00Z,1788235140000,STOLENV,1000 RICHMOND ST NW
police,09/01/2026 00:00,2026-09-01T04:00:00Z,1788235200000,STOP,MICHIGAN ST NE / BENSON AVE NE
police,09/01/2026 00:05,2026-09-01T04:05:00Z,1788235500000,NOISE,100 GUNNISON AVE SW
police,09/01/2026 00:10,2026-09-01T04:10:00Z,1788235800000,STOP,ALPINE AVE NW / LEONARD ST NW
police,09/01/2026 00:11,2026-09-01T04:11:00Z,1788235860000,STOP,PROSPECT AVE SE / HALL ST SE
police,09/01/2026 00:14,2026-09-01T04:14:00Z,1788236040000,WELFARE,100 RANSOM AVE NE
police,09/01/2026 00:15,2026-09-01T04:15:00Z,1788236100000,ASSIST,1400 ROSSMAN AVE SE
police,09/01/2026 00:15,2026-09-01T04:15:00Z,1788236100000,DOM,200 CESAR E CHAVEZ AVE SW
police,09/01/2026 00:19,2026-09-01T04:19:00Z,1788236340000,STOP,S DIVISION AVE / WESTON ST SW
police,09/01/2026 00:25,2026-09-01T04:25:00Z,1788236700000,STOP,300 BURTON ST SW
police,09/01/2026 00:41,2026-09-01T04:41:00Z,1788237660000,STOP,800 KALAMAZOO AVE SE
police,09/01/2026 00:43,2026-09-01T04:43:00Z,1788237780000,K9,28TH AT I-96
police,09/01/2026 00:51,2026-09-01T04:51:00Z,1788238260000,STOP,EASTERN AVE SE / MULFORD DR SE
police,09/01/2026 00:51,2026-09-01T04:51:00Z,1788238260000,STOP,LEONARD ST NE / UNION AVE NE
police,09/01/2026 01:02,2026-09-01T05:02:00Z,1788238920000,STOP,S DIVISION AVE / MARTIN LUTHER KING JR ST SE
police,09/01/2026 01:04,2026-09-01T05:04:00Z,1788239040000,STOP,28TH ST SE / EASTERN AVE SE
police,09/01/2026 01:05,2026-09-01T05:05:00Z,1788239100000,SUICIDETH,1100 WEALTHY ST SE
police,09/01/2026 01:05,2026-09-01T05:05:00Z,1788239100000,STOP,MICHIGAN ST NW / MONROE AVE NW
police,09/01/2026 01:20,2026-09-01T05:20:00Z,1788240000000,STOP,S DIVISION AVE / GOODRICH ST SW
police,09/01/2026 01:29,2026-09-01T05:29:00Z,1788240540000,PDB,WEALTHY OVER US-131
police,09/01/2026 01:32,2026-09-01T05:32:00Z,1788240720000,STOP,WATKINS ST SE / HENRY AVE SE
police,09/01/2026 01:45,2026-09-01T05:45:00Z,1788241500000,DOMA,1500 TURNER AVE NW
fire,09/01/2026 01:51,2026-09-01T05:51:00Z,1788241860000,MED1,1700 NELSON AVE SE
fire,09/01/2026 01:51,2026-09-01T05:51:00Z,1788241860000,CARBON,800 ALPINE AVE NW
police,09/01/2026 01:54,2026-09-01T05:54:00Z,1788242040000,STOP,S DIVISION AVE / BARTLETT ST SW
fire,09/01/2026 01:55,2026-09-01T05:55:00Z,1788242100000,MED2,900 LOGAN ST SE
police,09/01/2026 01:55,2026-09-01T05:55:00Z,1788242100000,SUICIDEAT,900 LOGAN ST SE
police,09/01/2026 01:55,2026-09-01T05:55:00Z,1788242100000,STOP,COLLEGE TO I-196 WB RAMP
police,09/01/2026 02:06,2026-09-01T06:06:00Z,1788242760000,STOP,MALTA ST NE / FULLER AVE NE
police,09/01/2026 02:09,2026-09-01T06:09:00Z,1788242940000,ALARM,500 4TH ST NW
fire,09/01/2026 02:13,2026-09-01T06:13:00Z,1788243180000,MED1,1600 W  KENTVIEW  DR NE
police,09/01/2026 02:19,2026-09-01T06:19:00Z,1788243540000,STOP,LYON ST NE / OAKLEY PL NE
police,09/01/2026 02:20,2026-09-01T06:20:00Z,1788243600000,STOP,S DIVISION AVE / PLEASANT ST SE
police,09/01/2026 02:21,2026-09-01T06:21:00Z,1788243660000,DOM,600 PARKWOOD ST NE
police,09/01/2026 02:39,2026-09-01T06:39:00Z,1788244740000,STOP,KALAMAZOO AVE SE / ORVILLE ST SE
police,09/01/2026 02:41,2026-09-01T06:41:00Z,1788244860000,STOP,IONIA ALY SW / CHERRY ST SW
police,09/01/2026 02:47,2026-09-01T06:47:00Z,1788245220000,STOP,HALL ST SE / JEFFERSON AVE SE
police,09/01/2026 02:55,2026-09-01T06:55:00Z,1788245700000,STOP,WILLIAMS ALY SW / IONIA AVE SW
police,09/01/2026 03:02,2026-09-01T07:02:00Z,1788246120000,ASLT,1000 MICHIGAN ST NE
police,09/01/2026 03:03,2026-09-01T07:03:00Z,1788246180000,STOP,MADISON AVE SE / 32ND ST SE
police,09/01/2026 03:16,2026-09-01T07:16:00Z,1788246960000,STOP,28TH ST SE / S DIVISION AVE
police,09/01/2026 03:24,2026-09-01T07:24:00Z,1788247440000,ALARM,2100 ROSEWOOD AVE SE
police,09/01/2026 03:24,2026-09-01T07:24:00Z,1788247440000,STOP,S DIVISION AVE / WESTON ST SE
police,09/01/2026 03:25,2026-09-01T07:25:00Z,1788247500000,ASSIST,900 MCREYNOLDS AVE NW
police,09/01/2026 03:34,2026-09-01T07:34:00Z,1788248040000,STOP,COMMERCE AVE SW / WILLIAMS ST SW
fire,09/01/2026 04:07,2026-09-01T08:07:00Z,1788250020000,MED1,300 SWEET ST NE
fire,09/01/2026 04:10,2026-09-01T08:10:00Z,1788250200000,MED1,1300 WALKER AVE NW
police,09/01/2026 04:13,2026-09-01T08:13:00Z,1788250380000,DOMA,1600 WEALTHY ST SE
police,09/01/2026 04:20,2026-09-01T08:20:00Z,1788250800000,DOM,2100 43RD ST SE
police,09/01/2026 05:11,2026-09-01T09:11:00Z,1788253860000,ALARM,1600 LEONARD ST NW
police,09/01/2026 05:25,2026-09-01T09:25:00Z,1788254700000,SUSPICIOUS,700 BRIDGE ST NW
police,09/01/2026 05:55,2026-09-01T09:55:00Z,1788256500000,STOP,BARTLETT ST SW / S DIVISION AVE
fire,09/01/2026 06:01,2026-09-01T10:01:00Z,1788256860000,FIREALARM,100 DIAMOND AVE NE
police,09/01/2026 06:01,2026-09-01T10:01:00Z,1788256860000,SUICIDETH,1300 JEFFERSON AVE SE
fire,09/01/2026 06:03,2026-09-01T10:03:00Z,1788256980000,FIRESTRUC,800 SINCLAIR AVE NE
police,09/01/2026 06:05,2026-09-01T10:05:00Z,1788257100000,LARC,900 33RD ST SE
police,09/01/2026 06:06,2026-09-01T10:06:00Z,1788257160000,ASSIST,US-131 SB AT ANN ST NW
police,09/01/2026 06:21,2026-09-01T10:21:00Z,1788258060000,911U,1000 MICHIGAN ST NE
fire,09/01/2026 06:31,2026-09-01T10:31:00Z,1788258660000,FIREALARM,1800 S DIVISION AVE
police,09/01/2026 06:49,2026-09-01T10:49:00Z,1788259740000,DOMA,4200 S  CASTLE RIDGE  DR SE
fire,09/01/2026 06:52,2026-09-01T10:52:00Z,1788259920000,WIRE,QUIMBY ST NE / PLAINFIELD AVE NE
police,09/01/2026 06:54,2026-09-01T10:54:00Z,1788260040000,WARRANTA,0 MONROE CENTER ST NW
police,09/01/2026 07:10,2026-09-01T11:10:00Z,1788261000000,TRES,FOUNTAIN ST NE / LIBRARY PLZ NE
fire,09/01/2026 07:17,2026-09-01T11:17:00Z,1788261420000,MED2,300 IONIA AVE SW
police,09/01/2026 07:36,2026-09-01T11:36:00Z,1788262560000,ALARM,900 GIDDINGS AVE SE
police,09/01/2026 07:40,2026-09-01T11:40:00Z,1788262800000,BARK,1300 ANDERSON PL NW
police,09/01/2026 07:57,2026-09-01T11:57:00Z,1788263820000,WELFARE,3300 BRIGGS BLVD NE
fire,09/01/2026 08:00,2026-09-01T12:00:00Z,1788264000000,MED1,BURTON ST SE / PLYMOUTH AVE SE
police,09/01/2026 08:00,2026-09-01T12:00:00Z,1788264000000,VEHI,100 PLEASANT ST SE
police,09/01/2026 08:07,2026-09-01T12:07:00Z,1788264420000,DISO,WILLIAMS ST SW / COMMERCE AVE SW
police,09/01/2026 08:14,2026-09-01T12:14:00Z,1788264840000,STOP,1300 28TH ST SE
fire,09/01/2026 08:26,2026-09-01T12:26:00Z,1788265560000,FIREALARM,1800 TREMONT BLVD NW
police,09/01/2026 08:30,2026-09-01T12:30:00Z,1788265800000,ALARM,2000 S DIVISION AVE
fire,09/01/2026 08:34,2026-09-01T12:34:00Z,1788266040000,MED1,600 MONROE AVE NW
police,09/01/2026 08:36,2026-09-01T12:36:00Z,1788266160000,STOP,LEONARD UNDER US-131
fire,09/01/2026 08:38,2026-09-01T12:38:00Z,1788266280000,INVEST,900 BRIDGE ST NW
police,09/01/2026 08:39,2026-09-01T12:39:00Z,1788266340000,CSC,1000 6TH ST NW
police,09/01/2026 08:40,2026-09-01T12:40:00Z,1788266400000,STOP,ALPINE AVE NW / WEBSTER ST NW
police,09/01/2026 08:44,2026-09-01T12:44:00Z,1788266640000,WELFARE,4000 TALLMAN AVE SE
police,09/01/2026 08:59,2026-09-01T12:59:00Z,1788267540000,PDHR,100 BANNER ST SW
police,09/01/2026 09:12,2026-09-01T13:12:00Z,1788268320000,CSC,500 PROSPECT AVE SE
fire,09/01/2026 09:13,2026-09-01T13:13:00Z,1788268380000,MED1,100 BOSTWICK AVE NE
police,09/01/2026 09:14,2026-09-01T13:14:00Z,1788268440000,STOP,PEACHWOOD DR NE / MARYLAND AVE NE
police,09/01/2026 09:22,2026-09-01T13:22:00Z,1788268920000,STOP,PEACHWOOD DR NE / MARYLAND AVE NE
fire,09/01/2026 09:25,2026-09-01T13:25:00Z,1788269100000,MED1,1000 MONROE AVE NW
police,09/01/2026 09:25,2026-09-01T13:25:00Z,1788269100000,STOP,MARTIN LUTHER KING JR ST SE / FULLER AVE SE
police,09/01/2026 09:25,2026-09-01T13:25:00Z,1788269100000,WELFARE,PEARL ST NW / MOUNT VERNON AVE NW
police,09/01/2026 09:27,2026-09-01T13:27:00Z,1788269220000,LARC,2500 BURTON ST SE
police,09/01/2026 09:34,2026-09-01T13:34:00Z,1788269640000,STOP,JEFFERSON AVE SE / GARDEN ST SE
police,09/01/2026 09:39,2026-09-01T13:39:00Z,1788269940000,WELFARE,3200 SALERNO DR NE
police,09/01/2026 09:42,2026-09-01T13:42:00Z,1788270120000,STOP,500 GRAND AVE NE
police,09/01/2026 09:44,2026-09-01T13:44:00Z,1788270240000,PDHR,29TH ST SE / BRETON RD SE
police,09/01/2026 09:44,2026-09-01T13:44:00Z,1788270240000,STOP,HALL ST SE / NELAND AVE SE
police,09/01/2026 09:46,2026-09-01T13:46:00Z,1788270360000,STOP,100 MONROE CENTER ST NW
police,09/01/2026 09:47,2026-09-01T13:47:00Z,1788270420000,STOP,S DIVISION AVE / HOME ST SW
police,09/01/2026 09:49,2026-09-01T13:49:00Z,1788270540000,MISC,100 MARTIN LUTHER KING JR ST SW
fire,09/01/2026 09:53,2026-09-01T13:53:00Z,1788270780000,MED2,1800 BOSTON ST SE
police,09/01/2026 09:58,2026-09-01T13:58:00Z,1788271080000,FI,1200 MADISON AVE SE
police,09/01/2026 10:01,2026-09-01T14:01:00Z,1788271260000,WELFARE,COLLEGE AVE NE / TROWBRIDGE ST NE
police,09/01/2026 10:02,2026-09-01T14:02:00Z,1788271320000,DOM,1300 LEONARD ST NW
fire,09/01/2026 10:05,2026-09-01T14:05:00Z,1788271500000,FIREALARM,600 BRIDGE ST NW
police,09/01/2026 10:05,2026-09-01T14:05:00Z,1788271500000,STOLENV,4200 LANGLEY CT SE
police,09/01/2026 10:12,2026-09-01T14:12:00Z,1788271920000,CHILD,1400 EMERALD AVE NE
police,09/01/2026 10:15,2026-09-01T14:15:00Z,1788272100000,BURGN,300 S DIVISION AVE
police,09/01/2026 10:19,2026-09-01T14:19:00Z,1788272340000,STOP,MADISON AVE SE / 28TH ST SE
police,09/01/2026 10:20,2026-09-01T14:20:00Z,1788272400000,DOM,100 PLEASANT ST SE
police,09/01/2026 10:20,2026-09-01T14:20:00Z,1788272400000,STOP,LEONARD ST NW / MCREYNOLDS AVE NW
fire,09/01/2026 10:22,2026-09-01T14:22:00Z,1788272520000,FIREALARM,1900 PHILADELPHIA AVE SE
police,09/01/2026 10:37,2026-09-01T14:37:00Z,1788273420000,MISSING,4100 HOLYOKE DR SE
police,09/01/2026 10:38,2026-09-01T14:38:00Z,1788273480000,STOP,PEACHWOOD DR NE / MARYLAND AVE NE
police,09/01/2026 10:39,2026-09-01T14:39:00Z,1788273540000,STOP,JEFFERSON AVE SE / HALL ST SE
police,09/01/2026 10:39,2026-09-01T14:39:00Z,1788273540000,STOP,MADISON AVE SE / BROOKSIDE DR SE
police,09/01/2026 10:41,2026-09-01T14:41:00Z,1788273660000,ASSIST,300 BRISTOL AVE NW
police,09/01/2026 10:42,2026-09-01T14:42:00Z,1788273720000,SUICIDETH,200 COLDBROOK ST NE
police,09/01/2026 10:42,2026-09-01T14:42:00Z,1788273720000,CSC,400 FOUNTAIN ST NE
fire,09/01/2026 10:44,2026-09-01T14:44:00Z,1788273840000,MED1,100 LAKESIDE DR NE
fire,09/01/2026 10:55,2026-09-01T14:55:00Z,1788274500000,FIREALARM,1400 FULLER AVE SE
police,09/01/2026 11:02,2026-09-01T15:02:00Z,1788274920000,LARC,1200 SHELDON AVE SE
police,09/01/2026 11:05,2026-09-01T15:05:00Z,1788275100000,FI,900 TAMARACK AVE NW
police,09/01/2026 11:17,2026-09-01T15:17:00Z,1788275820000,DISO,300 S DIVISION AVE
fire,09/01/2026 11:20,2026-09-01T15:20:00Z,1788276000000,MED3,2300 PLAINFIELD AVE NE
police,09/01/2026 11:20,2026-09-01T15:20:00Z,1788276000000,DOMA,0 LOGAN ST SW
police,09/01/2026 11:21,2026-09-01T15:21:00Z,1788276060000,DOM,1000 CLANCY AVE NE
police,09/01/2026 11:25,2026-09-01T15:25:00Z,1788276300000,STOP,1900 MORNINGSIDE DR SE
police,09/01/2026 11:36,2026-09-01T15:36:00Z,1788276960000,WELFARE,W FULTON ST / WINTER AVE NW
police,09/01/2026 11:38,2026-09-01T15:38:00Z,1788277080000,STOP,BRETON RD SE / BURTON ST SE
fire,09/01/2026 11:45,2026-09-01T15:45:00Z,1788277500000,MED2,VAN BUREN AVE NW / WALKER AVE NW
police,09/01/2026 11:54,2026-09-01T15:54:00Z,1788278040000,DOMA,800 MADISON AVE SE
fire,09/01/2026 11:57,2026-09-01T15:57:00Z,1788278220000,MED2,600 DIAMOND AVE NE
police,09/01/2026 11:57,2026-09-01T15:57:00Z,1788278220000,STOP,BRIDGE ST NW / SEWARD AVE NW
police,09/01/2026 11:59,2026-09-01T15:59:00Z,1788278340000,PDB,MICHIGAN ST NW / IONIA AVE NW
fire,09/01/2026 12:04,2026-09-01T16:04:00Z,1788278640000,MED1,1600 OAKLEIGH RD NW
police,09/01/2026 12:04,2026-09-01T16:04:00Z,1788278640000,FIGHT,1200 S DIVISION AVE
police,09/01/2026 12:04,2026-09-01T16:04:00Z,1788278640000,DISO,600 PROSPECT AVE NE
fire,09/01/2026 12:06,2026-09-01T16:06:00Z,1788278760000,MED2,0 MONROE CENTER ST NW
fire,09/01/2026 12:06,2026-09-01T16:06:00Z,1788278760000,FIREALARM,600 BROADWAY AVE NW
police,09/01/2026 12:06,2026-09-01T16:06:00Z,1788278760000,ECHO,1600 OAKLEIGH RD NW
police,09/01/2026 12:08,2026-09-01T16:08:00Z,1788278880000,STOP,MADISON AVE SE / ALGER ST SE
police,09/01/2026 12:15,2026-09-01T16:15:00Z,1788279300000,WELFARE,BRIDGE ST BRIDGE
fire,09/01/2026 12:16,2026-09-01T16:16:00Z,1788279360000,MED1,400 MICHIGAN ST NE
police,09/01/2026 12:16,2026-09-01T16:16:00Z,1788279360000,WELFARE,2000 MASON ST NE
police,09/01/2026 12:17,2026-09-01T16:17:00Z,1788279420000,STOP,BURTON ST SW / S DIVISION AVE
fire,09/01/2026 12:19,2026-09-01T16:19:00Z,1788279540000,MED1,1000 LEFFINGWELL AVE NE
police,09/01/2026 12:22,2026-09-01T16:22:00Z,1788279720000,SUSPICIOUS,1700 NELSON AVE SE
fire,09/01/2026 12:24,2026-09-01T16:24:00Z,1788279840000,MED1,2600 BIRCHCREST DR SE
police,09/01/2026 12:24,2026-09-01T16:24:00Z,1788279840000,PD,WEALTHY ST SE / PARIS AVE SE
police,09/01/2026 12:25,2026-09-01T16:25:00Z,1788279900000,ASLT,1600 ALPINE AVE NW
fire,09/01/2026 12:34,2026-09-01T16:34:00Z,1788280440000,MED1,FULLER AVE SE / WEALTHY ST SE
police,09/01/2026 12:34,2026-09-01T16:34:00Z,1788280440000,PIHR,FULLER AVE SE / WEALTHY ST SE
fire,09/01/2026 12:42,2026-09-01T16:42:00Z,1788280920000,MED1,2200 EAST BELTLINE AVE NE
police,09/01/2026 12:43,2026-09-01T16:43:00Z,1788280980000,STOP,EAST BELTLINE AVE SE / SPRINGBROOK PKWY SE
police,09/01/2026 12:48,2026-09-01T16:48:00Z,1788281280000,WARRANTA,200 COMMERCE AVE SW
fire,09/01/2026 12:50,2026-09-01T16:50:00Z,1788281400000,FIREALARM,1900 PHILADELPHIA AVE SE
fire,09/01/2026 12:55,2026-09-01T16:55:00Z,1788281700000,MED1,0 DELAWARE ST SW
police,09/01/2026 12:55,2026-09-01T16:55:00Z,1788281700000,DOMA,1100 PLYMOUTH AVE NE
police,09/01/2026 12:56,2026-09-01T16:56:00Z,1788281760000,DOM,2700 EAST BELTLINE AVE SE
police,09/01/2026 12:59,2026-09-01T16:59:00Z,1788281940000,SUICIDEAT,FULLER AVE NE / MICHIGAN ST NE
fire,09/01/2026 13:01,2026-09-01T17:01:00Z,1788282060000,MED2,FULLER AVE NE / MICHIGAN ST NE
police,09/01/2026 13:04,2026-09-01T17:04:00Z,1788282240000,THREAT,0 ALBANY ST SW
police,09/01/2026 13:15,2026-09-01T17:15:00Z,1788282900000,TRES,100 ANTOINE ST SW
police,09/01/2026 13:21,2026-09-01T17:21:00Z,1788283260000,WELFARE,0 DELAWARE ST SW
police,09/01/2026 13:28,2026-09-01T17:28:00Z,1788283680000,TRES,300 ANN ST NW
police,09/01/2026 13:29,2026-09-01T17:29:00Z,1788283740000,WELFARE,1300 FULLER AVE NE
fire,09/01/2026 13:35,2026-09-01T17:35:00Z,1788284100000,FIREALARM,0 MARYLAND AVE NE
fire,09/01/2026 13:41,2026-09-01T17:41:00Z,1788284460000,CARBON,600 COLLINDALE AVE NW
police,09/01/2026 13:44,2026-09-01T17:44:00Z,1788284640000,DOM,1100 OAKDALE ST SE
fire,09/01/2026 13:48,2026-09-01T17:48:00Z,1788284880000,FIREALARM,1000 SIGSBEE ST SE
police,09/01/2026 13:49,2026-09-01T17:49:00Z,1788284940000,FI,2300 STAFFORD AVE SW
fire,09/01/2026 13:52,2026-09-01T17:52:00Z,1788285120000,MED2,0 QUIMBY ST NE
fire,09/01/2026 13:55,2026-09-01T17:55:00Z,1788285300000,MED1,900 EDNA ST SE
fire,09/01/2026 13:56,2026-09-01T17:56:00Z,1788285360000,FIREALARM,900 9TH ST NW
fire,09/01/2026 13:57,2026-09-01T17:57:00Z,1788285420000,MED2,2500 S DIVISION AVE
police,09/01/2026 13:57,2026-09-01T17:57:00Z,1788285420000,PARKING,2200 NELSON AVE SE
police,09/01/2026 13:57,2026-09-01T17:57:00Z,1788285420000,PARKING,400 LAFAYETTE AVE SE
fire,09/01/2026 13:58,2026-09-01T17:58:00Z,1788285480000,FIREALARM,500 COLLEGE AVE NE
police,09/01/2026 14:08,2026-09-01T18:08:00Z,1788286080000,ASLT,100 MICHIGAN ST NE
fire,09/01/2026 14:10,2026-09-01T18:10:00Z,1788286200000,FIREALARM,500 CLOVER RIDGE AVE NW
police,09/01/2026 14:14,2026-09-01T18:14:00Z,1788286440000,SUSPICIOUS,4100 OAK PARK DR SE
fire,09/01/2026 14:16,2026-09-01T18:16:00Z,1788286560000,MED1,300 COMMERCE AVE SW
fire,09/01/2026 14:28,2026-09-01T18:28:00Z,1788287280000,MED2,400 WASHINGTON ST SE
police,09/01/2026 14:31,2026-09-01T18:31:00Z,1788287460000,WELFARE,0 GROVE ST NE
police,09/01/2026 14:37,2026-09-01T18:37:00Z,1788287820000,STOP,MADISON AVE SE / BROOKSIDE DR SE
fire,09/01/2026 14:39,2026-09-01T18:39:00Z,1788287940000,MED1,500 MARSH RIDGE DR NW
police,09/01/2026 14:50,2026-09-01T18:50:00Z,1788288600000,STOP,RADCLIFF AVE SE / BURTON ST SE
fire,09/01/2026 14:51,2026-09-01T18:51:00Z,1788288660000,MED1,1000 IONIA AVE SW
fire,09/01/2026 14:53,2026-09-01T18:53:00Z,1788288780000,MED1,600 MARYLAND CT NE
police,09/01/2026 14:53,2026-09-01T18:53:00Z,1788288780000,ASLTW,1400 FULLER AVE SE
fire,09/01/2026 14:56,2026-09-01T18:56:00Z,1788288960000,MED2,1400 FULLER AVE SE
fire,09/01/2026 15:04,2026-09-01T19:04:00Z,1788289440000,MED1,1200 HERON CT NE
fire,09/01/2026 15:09,2026-09-01T19:09:00Z,1788289740000,MED1,4100 KENTRIDGE DR SE
police,09/01/2026 15:17,2026-09-01T19:17:00Z,1788290220000,WARRANTA,COLLEGE AVE NE / MICHIGAN ST NE
fire,09/01/2026 15:22,2026-09-01T19:22:00Z,1788290520000,TECHRESCUE,0 DELAWARE ST SW
fire,09/01/2026 15:23,2026-09-01T19:23:00Z,1788290580000,MED1,LEONARD ST NW / DAVIS AVE NW
police,09/01/2026 15:23,2026-09-01T19:23:00Z,1788290580000,PI,LEONARD ST NW / DAVIS AVE NW
police,09/01/2026 15:26,2026-09-01T19:26:00Z,1788290760000,PDB,KALAMAZOO AVE SE / 32ND ST SE
police,09/01/2026 15:26,2026-09-01T19:26:00Z,1788290760000,PD,KALAMAZOO AVE SE / 32ND ST SE
police,09/01/2026 15:28,2026-09-01T19:28:00Z,1788290880000,SUICIDETH,1000 JENNETTE AVE NW
police,09/01/2026 15:28,2026-09-01T19:28:00Z,1788290880000,SUICIDETH,400 CENTURY AVE SW
fire,09/01/2026 15:30,2026-09-01T19:30:00Z,1788291000000,FIREALARM,2400 KNAPP ST NE
police,09/01/2026 15:30,2026-09-01T19:30:00Z,1788291000000,PDB,SHELDON AVE SE / WESTON ST SE
police,09/01/2026 15:31,2026-09-01T19:31:00Z,1788291060000,PD,2500 KALAMAZOO AVE SE
police,09/01/2026 15:33,2026-09-01T19:33:00Z,1788291180000,K9,0 MONROE CENTER ST NW
fire,09/01/2026 15:35,2026-09-01T19:35:00Z,1788291300000,FIREALARM,800 CLARK CROSSING DR SE
fire,09/01/2026 15:40,2026-09-01T19:40:00Z,1788291600000,MED1,2600 SWANSEA PL SE
police,09/01/2026 15:43,2026-09-01T19:43:00Z,1788291780000,DOMA,1000 EASTERN AVE SE
fire,09/01/2026 15:52,2026-09-01T19:52:00Z,1788292320000,WIRE,12TH ST NW / JENNETTE ALY NW
police,09/01/2026 15:57,2026-09-01T19:57:00Z,1788292620000,PEACE,100 SHELDON AVE SE
police,09/01/2026 16:02,2026-09-01T20:02:00Z,1788292920000,THREAT,600 COIT AVE NE
fire,09/01/2026 16:07,2026-09-01T20:07:00Z,1788293220000,MED1,0 FOUNTAIN ST NE
police,09/01/2026 16:09,2026-09-01T20:09:00Z,1788293340000,ASLT,500 MICHIGAN ST NE
police,09/01/2026 16:13,2026-09-01T20:13:00Z,1788293580000,OBSCENE,300 FRONT AVE SW
police,09/01/2026 16:17,2026-09-01T20:17:00Z,1788293820000,DOMA,500 MAYNARD AVE NW
police,09/01/2026 16:20,2026-09-01T20:20:00Z,1788294000000,DOM,1500 GIDDINGS AVE SE
police,09/01/2026 16:20,2026-09-01T20:20:00Z,1788294000000,PD,EAST BELTLINE AVE NE / DEPOSIT DR NE
fire,09/01/2026 16:27,2026-09-01T20:27:00Z,1788294420000,MED1,1300 LEONARD ST NE
fire,09/01/2026 16:27,2026-09-01T20:27:00Z,1788294420000,MED1,800 VETO ST NW
police,09/01/2026 16:32,2026-09-01T20:32:00Z,1788294720000,SUICIDETH,900 MARTIN LUTHER KING JR ST SE
police,09/01/2026 16:33,2026-09-01T20:33:00Z,1788294780000,DOM,500 ARDMORE ST SE
fire,09/01/2026 16:38,2026-09-01T20:38:00Z,1788295080000,MED2,FULLER AVE NE / MICHIGAN ST NE
police,09/01/2026 16:44,2026-09-01T20:44:00Z,1788295440000,ASLT,400 FULLER AVE NE
fire,09/01/2026 16:48,2026-09-01T20:48:00Z,1788295680000,MED1,1500 FORRESTER ST SE
fire,09/01/2026 16:50,2026-09-01T20:50:00Z,1788295800000,MED2,500 LEONARD ST NW
fire,09/01/2026 16:51,2026-09-01T20:51:00Z,1788295860000,MED1,IONIA AVE NW / W FULTON ST
police,09/01/2026 16:51,2026-09-01T20:51:00Z,1788295860000,PI,IONIA AVE NW / W FULTON ST
fire,09/01/2026 16:56,2026-09-01T20:56:00Z,1788296160000,WIRE,900 HOLLYWOOD ST NE
police,09/01/2026 16:57,2026-09-01T20:57:00Z,1788296220000,ASSIST,S DIVISION AVE / HALL ST SW
police,09/01/2026 17:00,2026-09-01T21:00:00Z,1788296400000,PD,MONROE AVE NW / TROWBRIDGE ST NW
fire,09/01/2026 17:01,2026-09-01T21:01:00Z,1788296460000,MED1,1400 MAYFIELD AVE NE
fire,09/01/2026 17:03,2026-09-01T21:03:00Z,1788296580000,FIREALARM,700 MADISON AVE SE
police,09/01/2026 17:09,2026-09-01T21:09:00Z,1788296940000,TRES,200 HALL ST SE
police,09/01/2026 17:13,2026-09-01T21:13:00Z,1788297180000,ASSIST,HALL TO US-131 NB RAMP
fire,09/01/2026 17:16,2026-09-01T21:16:00Z,1788297360000,MED1,700 STOCKING AVE NW
fire,09/01/2026 17:19,2026-09-01T21:19:00Z,1788297540000,MED2,100 COMMERCE AVE SW-RAMP
police,09/01/2026 17:19,2026-09-01T21:19:00Z,1788297540000,TRES,1000 MARTIN LUTHER KING JR ST SE
police,09/01/2026 17:23,2026-09-01T21:23:00Z,1788297780000,911U,500 PRINCE ST SE
fire,09/01/2026 17:31,2026-09-01T21:31:00Z,1788298260000,MED2,0 LA GRAVE AVE SE
police,09/01/2026 17:35,2026-09-01T21:35:00Z,1788298500000,WELFARE,TURNER AVE NW / RICHMOND ST NW
police,09/01/2026 17:38,2026-09-01T21:38:00Z,1788298680000,LOSTFOUND,2500 S DIVISION AVE
police,09/01/2026 17:43,2026-09-01T21:43:00Z,1788298980000,ASSIST,2000 LAKE MICHIGAN DR NW
police,09/01/2026 17:43,2026-09-01T21:43:00Z,1788298980000,WARRANTA,700 FAIRFIELD AVE NW
police,09/01/2026 18:02,2026-09-01T22:02:00Z,1788300120000,HARASS,1500 WEALTHY ST SE
police,09/01/2026 18:08,2026-09-01T22:08:00Z,1788300480000,DOM,900 FRONT AVE NW
fire,09/01/2026 18:19,2026-09-01T22:19:00Z,1788301140000,FIREALARM,1600 KALAMAZOO AVE SE
police,09/01/2026 18:20,2026-09-01T22:20:00Z,1788301200000,ASSIST,1500 WALNUT ST NE
fire,09/01/2026 18:39,2026-09-01T22:39:00Z,1788302340000,AOA,0 DELAWARE ST SW
police,09/01/2026 18:42,2026-09-01T22:42:00Z,1788302520000,CSC,0 MONROE CENTER ST NW
police,09/01/2026 18:52,2026-09-01T22:52:00Z,1788303120000,PDB,APPLE ORCHARD AVE NE / KNAPP ST NE
police,09/01/2026 18:57,2026-09-01T22:57:00Z,1788303420000,ASSIST,HALL ST SW / BUCHANAN AVE SW
police,09/01/2026 18:58,2026-09-01T22:58:00Z,1788303480000,DISO,700 OAKDALE ST SE
police,09/01/2026 19:00,2026-09-01T23:00:00Z,1788303600000,DISO,1100 LEONARD ST NW
police,09/01/2026 19:04,2026-09-01T23:04:00Z,1788303840000,ASLT,BRIDGE ST NW / SEWARD AVE NW
police,09/01/2026 19:07,2026-09-01T23:07:00Z,1788304020000,OBSCENE,2000 LAKE MICHIGAN DR NW
police,09/01/2026 19:11,2026-09-01T23:11:00Z,1788304260000,SUSPICIOUS,1100 BAXTER ST SE
police,09/01/2026 19:15,2026-09-01T23:15:00Z,1788304500000,911U,2000 28TH ST SE
police,09/01/2026 19:15,2026-09-01T23:15:00Z,1788304500000,STOP,CHERRY ST SW / IONIA AVE SW
police,09/01/2026 19:17,2026-09-01T23:17:00Z,1788304620000,WELFARE,900 9TH ST NW
police,09/01/2026 19:24,2026-09-01T23:24:00Z,1788305040000,DOMA,1300 LEONARD ST NW
police,09/01/2026 19:27,2026-09-01T23:27:00Z,1788305220000,ALARM,2300 WOODCLIFF AVE SE
police,09/01/2026 19:29,2026-09-01T23:29:00Z,1788305340000,TRANSP,300 S HARRISON ST
police,09/01/2026 19:29,2026-09-01T23:29:00Z,1788305340000,DISO,3600 28TH ST SE
police,09/01/2026 19:29,2026-09-01T23:29:00Z,1788305340000,CHILD,COMMERCE AVE SW / WILLIAMS ST SW
police,09/01/2026 19:30,2026-09-01T23:30:00Z,1788305400000,ASSIST,US-131 SB NO WEALTHY
police,09/01/2026 19:35,2026-09-01T23:35:00Z,1788305700000,WARRANTA,1800 PLUM HOLLOW LN NE
fire,09/01/2026 19:36,2026-09-01T23:36:00Z,1788305760000,FIREVEH,44TH ST SE / TRADE DR SE
police,09/01/2026 19:43,2026-09-01T23:43:00Z,1788306180000,SUSPICIOUS,3900 CAMELOT DR SE
police,09/01/2026 19:49,2026-09-01T23:49:00Z,1788306540000,STOP,LAFAYETTE AVE NE / BRADFORD ST NE
police,09/01/2026 19:58,2026-09-01T23:58:00Z,1788307080000,DOM,2500 EDGEWOOD AVE SE
police,09/01/2026 20:03,2026-09-02T00:03:00Z,1788307380000,THREAT,900 KENSINGTON AVE SW
police,09/01/2026 20:07,2026-09-02T00:07:00Z,1788307620000,SUICIDETH,100 SHELDON AVE SE
police,09/01/2026 20:13,2026-09-02T00:13:00Z,1788307980000,STOP,WAKELY ST NE / BALL AVE NE
police,09/01/2026 20:17,2026-09-02T00:17:00Z,1788308220000,TRES,1000 MARTIN LUTHER KING JR ST SE
police,09/01/2026 20:19,2026-09-02T00:19:00Z,1788308340000,ORDINANCE,FULLER AVE NE / LEONARD ST NE
police,09/01/2026 20:24,2026-09-02T00:24:00Z,1788308640000,TAC,1700 MADISON AVE SE
fire,09/01/2026 20:26,2026-09-02T00:26:00Z,1788308760000,MED1,100 SHELDON AVE SE
police,09/01/2026 20:29,2026-09-02T00:29:00Z,1788308940000,PI,0 LAFAYETTE AVE NE
police,09/01/2026 20:30,2026-09-02T00:30:00Z,1788309000000,STOP,IONIA AVE SW / OAKES ST SW
fire,09/01/2026 20:47,2026-09-02T00:47:00Z,1788310020000,MED1,900 KENSINGTON AVE SW
police,09/01/2026 21:12,2026-09-02T01:12:00Z,1788311520000,FIGHT,EASTERN AVE SE / OAKDALE ST SE
fire,09/01/2026 21:15,2026-09-02T01:15:00Z,1788311700000,MED1,700 DICKINSON ST SE
fire,09/01/2026 21:16,2026-09-02T01:16:00Z,1788311760000,MED1,200 NATIONAL AVE NW
police,09/01/2026 21:28,2026-09-02T01:28:00Z,1788312480000,DISO,500 LAFAYETTE AVE NE
police,09/01/2026 21:32,2026-09-02T01:32:00Z,1788312720000,DISO,EASTERN AVE SE / GRIGGS ST SE
police,09/01/2026 21:42,2026-09-02T01:42:00Z,1788313320000,DOMA,1300 BOSTON ST SE
fire,09/01/2026 21:49,2026-09-02T01:49:00Z,1788313740000,FIREALARM,700 GODFREY AVE SW
police,09/01/2026 21:59,2026-09-02T01:59:00Z,1788314340000,CSC,100 MICHIGAN ST NE
police,09/01/2026 21:59,2026-09-02T01:59:00Z,1788314340000,DISO,500 HALL ST SW
police,09/01/2026 22:03,2026-09-02T02:03:00Z,1788314580000,WELFARE,900 S DIVISION AVE
police,09/01/2026 22:06,2026-09-02T02:06:00Z,1788314760000,THREAT,100 SHELDON AVE SE
police,09/01/2026 22:12,2026-09-02T02:12:00Z,1788315120000,WELFARE,4100 KALAMAZOO AVE SE
police,09/01/2026 22:13,2026-09-02T02:13:00Z,1788315180000,DOMA,1000 IONIA AVE SW
police,09/01/2026 22:13,2026-09-02T02:13:00Z,1788315180000,911U,4100 OAK PARK DR SE
police,09/01/2026 22:15,2026-09-02T02:15:00Z,1788315300000,TRANSP,300 WASHINGTON ST
police,09/01/2026 22:16,2026-09-02T02:16:00Z,1788315360000,MISC,SHELDON AVE SE / HIGHLAND ST SE
police,09/01/2026 22:20,2026-09-02T02:20:00Z,1788315600000,ASLTW,800 MERRITT ST SE
police,09/01/2026 22:26,2026-09-02T02:26:00Z,1788315960000,STOP,100 SHELDON AVE SE
police,09/01/2026 22:26,2026-09-02T02:26:00Z,1788315960000,DOM,600 WORDEN ST SE
police,09/01/2026 22:35,2026-09-02T02:35:00Z,1788316500000,K9,6600 CREEKSTONE LN SW
police,09/01/2026 22:39,2026-09-02T02:39:00Z,1788316740000,STOP,100 SHELDON AVE SE
fire,09/01/2026 22:44,2026-09-02T02:44:00Z,1788317040000,INVEST,400 EASTERN AVE SE
police,09/01/2026 22:47,2026-09-02T02:47:00Z,1788317220000,WELFARE,800 HANCOCK ST SE
fire,09/01/2026 22:56,2026-09-02T02:56:00Z,1788317760000,MED0,1400 FULLER AVE SE
police,09/01/2026 23:08,2026-09-02T03:08:00Z,1788318480000,WELFARE,MADISON AVE SE / KEN O SHA DR SE
police,09/01/2026 23:11,2026-09-02T03:11:00Z,1788318660000,WELFARE,200 COMMERCE AVE SW
police,09/01/2026 23:11,2026-09-02T03:11:00Z,1788318660000,STOP,FULLER AVE SE / (SO)ADAMS ST SE
police,09/01/2026 23:20,2026-09-02T03:20:00Z,1788319200000,PD,US-131 SB NO HALL
police,09/01/2026 23:21,2026-09-02T03:21:00Z,1788319260000,UNKACC,I-196 WB EO US-131
police,09/01/2026 23:22,2026-09-02T03:22:00Z,1788319320000,DOMA,0 ELM ST SW
police,09/01/2026 23:25,2026-09-02T03:25:00Z,1788319500000,WPNB,3500 ALPINE AVE NW
fire,09/01/2026 23:26,2026-09-02T03:26:00Z,1788319560000,MED1,200 VALLEY AVE NW
police,09/01/2026 23:28,2026-09-02T03:28:00Z,1788319680000,STOP,100 HALL ST SW
police,09/01/2026 23:28,2026-09-02T03:28:00Z,1788319680000,ASSIST,200 VALLEY AVE NW
police,09/01/2026 23:31,2026-09-02T03:31:00Z,1788319860000,TRES,0 SUTTON ST SW
police,09/01/2026 23:38,2026-09-02T03:38:00Z,1788320280000,STOP,LEONARD ST NE / PORTLAND AVE NE
police,09/01/2026 23:45,2026-09-02T03:45:00Z,1788320700000,K9,3000 WATERCHASE WAY SW
police,09/01/2026 23:53,2026-09-02T03:53:00Z,1788321180000,ASLT,500 BRIAR LN NE
police,09/01/2026 23:53,2026-09-02T03:53:00Z,1788321180000,STOP,HALL OVER US-131
police,09/01/2026 23:58,2026-09-02T03:58:00Z,1788321480000,DOM,WESTON ST SW / OTTAWA AVE SW
fire,09/02/2026 00:03,2026-09-02T04:03:00Z,1788321780000,MED2,2900 MARSHALL AVE SE
police,09/02/2026 00:03,2026-09-02T04:03:00Z,1788321780000,SHOOTING,2900 MARSHALL AVE SE
fire,09/02/2026 00:21,2026-09-02T04:21:00Z,1788322860000,FIREALARM,900 HOVEY ST SW
police,09/02/2026 01:09,2026-09-02T05:09:00Z,1788325740000,WELFARE,US-131 NB SO ANN ST NW
police,09/02/2026 01:14,2026-09-02T05:14:00Z,1788326040000,DISO,800 S DIVISION AVE
fire,09/02/2026 01:17,2026-09-02T05:17:00Z,1788326220000,MED1,800 S DIVISION AVE
police,09/02/2026 01:37,2026-09-02T05:37:00Z,1788327420000,ALARM,1500 LEONARD ST NE
fire,09/02/2026 01:53,2026-09-02T05:53:00Z,1788328380000,MED2,1200 ELMDALE ST NE
fire,09/02/2026 01:54,2026-09-02T05:54:00Z,1788328440000,FIREALARM,2800 MULFORD DR SE
police,09/02/2026 01:55,2026-09-02T05:55:00Z,1788328500000,ASSIST,I-196 WB WO PLYMOUTH
police,09/02/2026 01:56,2026-09-02T05:56:00Z,1788328560000,TRES,300 COMMERCE AVE SW
police,09/02/2026 02:01,2026-09-02T06:01:00Z,1788328860000,SUICIDETH,1800 MASON ST NE
police,09/02/2026 02:06,2026-09-02T06:06:00Z,1788329160000,ALARM,2500 EASTERN AVE SE
police,09/02/2026 02:07,2026-09-02T06:07:00Z,1788329220000,DOM,100 BROWN ST SW
police,09/02/2026 02:11,2026-09-02T06:11:00Z,1788329460000,OBSCENE,100 SHELDON AVE SE
fire,09/02/2026 02:23,2026-09-02T06:23:00Z,1788330180000,MED1,0 WILLIAMS ST SW
police,09/02/2026 02:27,2026-09-02T06:27:00Z,1788330420000,CSC,900 RICHMOND ST NW
fire,09/02/2026 02:30,2026-09-02T06:30:00Z,1788330600000,MED1,3800 CAMELOT DR SE
fire,09/02/2026 02:34,2026-09-02T06:34:00Z,1788330840000,MED1,700 3RD ST NW
fire,09/02/2026 02:52,2026-09-02T06:52:00Z,1788331920000,MED2,1800 BOSTON ST SE
police,09/02/2026 02:57,2026-09-02T06:57:00Z,1788332220000,SUSPICIOUS,700 DELAWARE ST SE
police,09/02/2026 03:05,2026-09-02T07:05:00Z,1788332700000,PDHR,GARFIELD AVE NW / LAKE MICHIGAN DR NW
police,09/02/2026 03:16,2026-09-02T07:16:00Z,1788333360000,DOMA,800 KENSINGTON AVE SW
police,09/02/2026 03:26,2026-09-02T07:26:00Z,1788333960000,SUSPICIOUS,200 GUNNISON AVE SW
police,09/02/2026 03:26,2026-09-02T07:26:00Z,1788333960000,STOP,HALL OVER US-131
police,09/02/2026 03:31,2026-09-02T07:31:00Z,1788334260000,WELFARE,WEALTHY ST SE / S DIVISION AVE
fire,09/02/2026 03:47,2026-09-02T07:47:00Z,1788335220000,MED1,400 S DIVISION AVE
police,09/02/2026 03:52,2026-09-02T07:52:00Z,1788335520000,DISO,100 SHELDON AVE SE
police,09/02/2026 03:57,2026-09-02T07:57:00Z,1788335820000,STOP,HALL OVER US-131
police,09/02/2026 04:36,2026-09-02T08:36:00Z,1788338160000,911U,300 MARTIN LUTHER KING JR ST SW
police,09/02/2026 04:36,2026-09-02T08:36:00Z,1788338160000,STOP,WILLIAMS ALY SW / IONIA AVE SW
police,09/02/2026 04:55,2026-09-02T08:55:00Z,1788339300000,NOISE,1200 6TH ST NW
fire,09/02/2026 05:45,2026-09-02T09:45:00Z,1788342300000,FIREALARM,200 CHERRY ST SE
police,09/02/2026 06:17,2026-09-02T10:17:00Z,1788344220000,ALARM,3500 EAST MALL DR SE
police,09/02/2026 06:17,2026-09-02T10:17:00Z,1788344220000,911U,700 3RD ST NW
police,09/02/2026 06:23,2026-09-02T10:23:00Z,1788344580000,DISO,WEALTHY ST SE / S DIVISION AVE
police,09/02/2026 06:35,2026-09-02T10:35:00Z,1788345300000,DOM,300 INDIANA AVE SW
police,09/02/2026 06:35,2026-09-02T10:35:00Z,1788345300000,ALARM,900 BRIDGE ST NW
police,09/02/2026 06:53,2026-09-02T10:53:00Z,1788346380000,BARK,2800 MULFORD DR SE
police,09/02/2026 06:59,2026-09-02T10:59:00Z,1788346740000,PDB,US-131 NB SO WEALTHY
police,09/02/2026 07:01,2026-09-02T11:01:00Z,1788346860000,STOP,STOCKING AVE NW / (NO)BRIDGE ST NW
police,09/02/2026 07:13,2026-09-02T11:13:00Z,1788347580000,ALARM,800 COTTAGE GROVE ST SE
police,09/02/2026 07:17,2026-09-02T11:17:00Z,1788347820000,STOP,STOCKING AVE NW / 3RD ST NW
police,09/02/2026 07:18,2026-09-02T11:18:00Z,1788347880000,DISO,100 BURTON ST SE
police,09/02/2026 07:24,2026-09-02T11:24:00Z,1788348240000,STOP,BARTLETT ST SW / S DIVISION AVE
police,09/02/2026 07:25,2026-09-02T11:25:00Z,1788348300000,STOP,LEONARD UNDER US-131
police,09/02/2026 07:29,2026-09-02T11:29:00Z,1788348540000,DOM,100 MICHIGAN ST NE
police,09/02/2026 07:30,2026-09-02T11:30:00Z,1788348600000,ALARM,1200 PLAINFIELD AVE NE
fire,09/02/2026 07:43,2026-09-02T11:43:00Z,1788349380000,AOA,200 CARRIER ST NE
police,09/02/2026 07:47,2026-09-02T11:47:00Z,1788349620000,ASSIST,I-196 WB TO COLLEGE RAMP
police,09/02/2026 07:55,2026-09-02T11:55:00Z,1788350100000,DOM,1200 ARLINGTON ST NE
police,09/02/2026 07:57,2026-09-02T11:57:00Z,1788350220000,STOP,LEONARD ST NW / ELIZABETH AVE NW
police,09/02/2026 08:02,2026-09-02T12:02:00Z,1788350520000,PD,JEFFERSON AVE SE / HIGHLAND ST SE
police,09/02/2026 08:04,2026-09-02T12:04:00Z,1788350640000,WARRANTP,0 WILLIAMS ST SW
police,09/02/2026 08:07,2026-09-02T12:07:00Z,1788350820000,PD,FULLER AVE SE / SIGSBEE ST SE
police,09/02/2026 08:09,2026-09-02T12:09:00Z,1788350940000,WELFARE,0 MONROE CENTER ST NW
police,09/02/2026 08:15,2026-09-02T12:15:00Z,1788351300000,LITTER,1300 JEFFERSON AVE SE
fire,09/02/2026 08:20,2026-09-02T12:20:00Z,1788351600000,MED2,3200 PLAINFIELD AVE NE
fire,09/02/2026 08:21,2026-09-02T12:21:00Z,1788351660000,MED2,3900 WHISPERING WAY SE
fire,09/02/2026 08:24,2026-09-02T12:24:00Z,1788351840000,MED2,2900 KALAMAZOO AVE SE
police,09/02/2026 08:24,2026-09-02T12:24:00Z,1788351840000,UNKACC,2900 KALAMAZOO AVE SE
fire,09/02/2026 08:27,2026-09-02T12:27:00Z,1788352020000,FIREALARM,1300 WALKER AVE NW
police,09/02/2026 08:30,2026-09-02T12:30:00Z,1788352200000,MISSING,CEDAR ST NE / LAFAYETTE AVE NE
fire,09/02/2026 08:35,2026-09-02T12:35:00Z,1788352500000,MED1,1000 BOSTON ST SE
police,09/02/2026 08:41,2026-09-02T12:41:00Z,1788352860000,DISO,S DIVISION AVE / OAKES ST SE
police,09/02/2026 08:43,2026-09-02T12:43:00Z,1788352980000,WARRANTA,500 CLANCY AVE NE
police,09/02/2026 08:44,2026-09-02T12:44:00Z,1788353040000,BROADCAST,1600 ALPINE AVE NW
police,09/02/2026 08:49,2026-09-02T12:49:00Z,1788353340000,PDB,KALAMAZOO AVE SE / 32ND ST SE
police,09/02/2026 08:56,2026-09-02T12:56:00Z,1788353760000,DOM,2500 EDGEWOOD AVE SE
police,09/02/2026 09:03,2026-09-02T13:03:00Z,1788354180000,WELFARE,900 S DIVISION AVE
police,09/02/2026 09:07,2026-09-02T13:07:00Z,1788354420000,ASSIST,US-131 NB SO ANN ST NW
police,09/02/2026 09:10,2026-09-02T13:10:00Z,1788354600000,ASSIST,100 RICHARDS AVE NW
police,09/02/2026 09:21,2026-09-02T13:21:00Z,1788355260000,PD,US-131 SB SO LEONARD
police,09/02/2026 09:23,2026-09-02T13:23:00Z,1788355380000,WELFARE,COLLEGE AVE NE / (SO)BISSELL ST NE
fire,09/02/2026 09:24,2026-09-02T13:24:00Z,1788355440000,MED1,1200 DICKINSON ST SE
fire,09/02/2026 09:24,2026-09-02T13:24:00Z,1788355440000,MED2,300 COMMERCE AVE SW
police,09/02/2026 09:24,2026-09-02T13:24:00Z,1788355440000,ASLTW,1200 DICKINSON ST SE
police,09/02/2026 09:45,2026-09-02T13:45:00Z,1788356700000,STOP,LEONARD ST NW / WALKER AVE NW
fire,09/02/2026 09:58,2026-09-02T13:58:00Z,1788357480000,MED1,1200 OTTILLIA ST SE
police,09/02/2026 09:58,2026-09-02T13:58:00Z,1788357480000,VCSA,100 JEFFERSON AVE SE
police,09/02/2026 10:02,2026-09-02T14:02:00Z,1788357720000,STOP,1000 SHELDON AVE SE
police,09/02/2026 10:02,2026-09-02T14:02:00Z,1788357720000,ABAND,3200 PLAINFIELD AVE NE
police,09/02/2026 10:04,2026-09-02T14:04:00Z,1788357840000,STOP,LEONARD ST NW / MONROE AVE NW
fire,09/02/2026 10:08,2026-09-02T14:08:00Z,1788358080000,MED1,700 28TH ST SE
fire,09/02/2026 10:10,2026-09-02T14:10:00Z,1788358200000,MED1,4100 KALAMAZOO AVE SE
police,09/02/2026 10:11,2026-09-02T14:11:00Z,1788358260000,WARRANTP,0 PUTNAM ST SW
police,09/02/2026 10:25,2026-09-02T14:25:00Z,1788359100000,STOP,SHELDON AVE SE / CHERRY ST SE
fire,09/02/2026 10:28,2026-09-02T14:28:00Z,1788359280000,MED2,1100 EDITH AVE NE
police,09/02/2026 10:38,2026-09-02T14:38:00Z,1788359880000,DOMA,1700 MILLBROOK ST SE
police,09/02/2026 10:39,2026-09-02T14:39:00Z,1788359940000,STOP,ALPINE AVE NW / ARIANNA ST NW
fire,09/02/2026 10:44,2026-09-02T14:44:00Z,1788360240000,WIRE,500 GLENWOOD AVE SE
police,09/02/2026 10:46,2026-09-02T14:46:00Z,1788360360000,TRANSM,800 7TH ST NW
police,09/02/2026 10:53,2026-09-02T14:53:00Z,1788360780000,ASLT,800 ALEXANDER ST SE
police,09/02/2026 10:54,2026-09-02T14:54:00Z,1788360840000,THREAT,900 ABERDEEN ST NE
police,09/02/2026 10:56,2026-09-02T14:56:00Z,1788360960000,STOP,8TH ST NW / JENNETTE AVE NW
police,09/02/2026 11:02,2026-09-02T15:02:00Z,1788361320000,STOP,LEONARD ST NE / PENN AVE NE
fire,09/02/2026 11:06,2026-09-02T15:06:00Z,1788361560000,MED1,100 WESTON ST SW
fire,09/02/2026 11:06,2026-09-02T15:06:00Z,1788361560000,WIRE,900 ABERDEEN ST NE
police,09/02/2026 11:08,2026-09-02T15:08:00Z,1788361680000,NOISE,0 BENJAMIN AVE SE
fire,09/02/2026 11:10,2026-09-02T15:10:00Z,1788361800000,MED1,100 SHELDON AVE SE
police,09/02/2026 11:15,2026-09-02T15:15:00Z,1788362100000,STOP,WALKER AVE NW / BRISTOL AVE NW
fire,09/02/2026 11:38,2026-09-02T15:38:00Z,1788363480000,INVEST,1400 UNION AVE SE
police,09/02/2026 11:38,2026-09-02T15:38:00Z,1788363480000,DOM,1800 NELSON AVE SE
police,09/02/2026 11:46,2026-09-02T15:46:00Z,1788363960000,WELFARE,400 SPRING AVE NE
fire,09/02/2026 11:48,2026-09-02T15:48:00Z,1788364080000,FIRESTRUC,600 CRESCENT ST NE
police,09/02/2026 11:48,2026-09-02T15:48:00Z,1788364080000,CHILD,1600 JEFFERSON AVE SE
fire,09/02/2026 11:49,2026-09-02T15:49:00Z,1788364140000,MED2,6TH ST NW / BROADWAY AVE NW
police,09/02/2026 11:49,2026-09-02T15:49:00Z,1788364140000,STOP,100 COMMERCE AVE SW-RAMP
police,09/02/2026 11:49,2026-09-02T15:49:00Z,1788364140000,UNKACC,6TH ST NW / BROADWAY AVE NW
fire,09/02/2026 11:53,2026-09-02T15:53:00Z,1788364380000,MED2,1000 GIDDINGS AVE SE
police,09/02/2026 11:57,2026-09-02T15:57:00Z,1788364620000,ASSIST,500 N DIVISION AVE
police,09/02/2026 11:59,2026-09-02T15:59:00Z,1788364740000,MISC,100 LAFAYETTE AVE NE
police,09/02/2026 12:05,2026-09-02T16:05:00Z,1788365100000,STOP,BURTON ST SE / JEFFERSON AVE SE
fire,09/02/2026 12:07,2026-09-02T16:07:00Z,1788365220000,AOA,2000 MADISON AVE SE
police,09/02/2026 12:11,2026-09-02T16:11:00Z,1788365460000,STOP,LEONARD UNDER US-131
police,09/02/2026 12:22,2026-09-02T16:22:00Z,1788366120000,DOM,300 CHARLES AVE SE
police,09/02/2026 12:31,2026-09-02T16:31:00Z,1788366660000,ASSIST,KNAPP ST NE / SINCLAIR AVE NE
police,09/02/2026 12:36,2026-09-02T16:36:00Z,1788366960000,SUSPICIOUS,2000 CELEBRATION DR NE
police,09/02/2026 12:40,2026-09-02T16:40:00Z,1788367200000,STOP,SIBLEY ST NW / SEWARD AVE NW
police,09/02/2026 12:46,2026-09-02T16:46:00Z,1788367560000,STOP,KNAPP ST NE / DEAN LAKE AVE NE
fire,09/02/2026 12:55,2026-09-02T16:55:00Z,1788368100000,MED2,600 MONROE AVE NW
police,09/02/2026 12:56,2026-09-02T16:56:00Z,1788368160000,PI,600 MONROE AVE NW
police,09/02/2026 12:56,2026-09-02T16:56:00Z,1788368160000,CHILD,MARIETTA ST NE / COLLEGE AVE NE
fire,09/02/2026 12:57,2026-09-02T16:57:00Z,1788368220000,MED1,800 FULLER AVE NE
police,09/02/2026 13:00,2026-09-02T17:00:00Z,1788368400000,STOP,PEARL ST NW / FRONT AVE NW
police,09/02/2026 13:04,2026-09-02T17:04:00Z,1788368640000,WARRANTA,300 ATLAS AVE SE
police,09/02/2026 13:06,2026-09-02T17:06:00Z,1788368760000,DOM,3400 HICKORY AVE SE
police,09/02/2026 13:12,2026-09-02T17:12:00Z,1788369120000,STOP,1200 PLAINFIELD AVE NE
police,09/02/2026 13:17,2026-09-02T17:17:00Z,1788369420000,FIGHT,S DIVISION AVE / MARTIN LUTHER KING JR ST SE
police,09/02/2026 13:20,2026-09-02T17:20:00Z,1788369600000,PD,US-131 NB AT PEARL
fire,09/02/2026 13:23,2026-09-02T17:23:00Z,1788369780000,MED1,BURTON ST SW / S DIVISION AVE
police,09/02/2026 13:26,2026-09-02T17:26:00Z,1788369960000,DOM,2100 43RD ST SE
police,09/02/2026 13:29,2026-09-02T17:29:00Z,1788370140000,ALARM,1000 EVERGREEN ST SE
fire,09/02/2026 13:32,2026-09-02T17:32:00Z,1788370320000,MED2,1000 PARK ST SW
police,09/02/2026 13:36,2026-09-02T17:36:00Z,1788370560000,STOP,STOCKING AVE NW / 4TH ST NW
fire,09/02/2026 13:39,2026-09-02T17:39:00Z,1788370740000,MED1,200 CHERRY ST SW
police,09/02/2026 13:39,2026-09-02T17:39:00Z,1788370740000,STOP,N TAYLOR AVE / LEONARD ST NW
fire,09/02/2026 13:41,2026-09-02T17:41:00Z,1788370860000,MED1,1300 LEONARD ST NE
police,09/02/2026 13:47,2026-09-02T17:47:00Z,1788371220000,WELFARE,1400 FULLER AVE SE
fire,09/02/2026 13:50,2026-09-02T17:50:00Z,1788371400000,MED2,400 28TH ST SE
fire,09/02/2026 13:54,2026-09-02T17:54:00Z,1788371640000,MED1,0 LEXINGTON AVE NW
police,09/02/2026 13:58,2026-09-02T17:58:00Z,1788371880000,CHILD,900 BUTTERWORTH ST SW
fire,09/02/2026 14:05,2026-09-02T18:05:00Z,1788372300000,MED1,3400 BURTON RIDGE RD SE
fire,09/02/2026 14:11,2026-09-02T18:11:00Z,1788372660000,MED2,300 S DIVISION AVE
police,09/02/2026 14:17,2026-09-02T18:17:00Z,1788373020000,STOP,OAKES ST SW / OTTAWA AVE SW
police,09/02/2026 14:24,2026-09-02T18:24:00Z,1788373440000,RECOVERY,400 OAKDALE ST SE
police,09/02/2026 14:31,2026-09-02T18:31:00Z,1788373860000,WELFARE,300 STATE ST SE
police,09/02/2026 14:33,2026-09-02T18:33:00Z,1788373980000,THREAT,900 ABERDEEN ST NE
fire,09/02/2026 14:36,2026-09-02T18:36:00Z,1788374160000,MED1,200 E FULTON ST
police,09/02/2026 14:36,2026-09-02T18:36:00Z,1788374160000,PI,E PARK PL NE / E FULTON ST
fire,09/02/2026 14:40,2026-09-02T18:40:00Z,1788374400000,MED2,E PARK PL NE / E FULTON ST
fire,09/02/2026 14:42,2026-09-02T18:42:00Z,1788374520000,MED1,SEWARD AVE NW / DOUGLAS ST NW
fire,09/02/2026 14:43,2026-09-02T18:43:00Z,1788374580000,MED2,LEONARD ST NE / FULLER AVE NE
police,09/02/2026 14:50,2026-09-02T18:50:00Z,1788375000000,DOM,2700 EAST BELTLINE AVE SE
police,09/02/2026 14:59,2026-09-02T18:59:00Z,1788375540000,WELFARE,1700 LOCKHART DR NW
police,09/02/2026 15:03,2026-09-02T19:03:00Z,1788375780000,PARKING,WOOLSEY DR SW / ETON ST SW
police,09/02/2026 15:05,2026-09-02T19:05:00Z,1788375900000,TRES,400 BRIDGE ST NW
fire,09/02/2026 15:08,2026-09-02T19:08:00Z,1788376080000,TECHRESCUE,300 MONROE AVE NW
police,09/02/2026 15:08,2026-09-02T19:08:00Z,1788376080000,WELFARE,100 BROWN ST SW
fire,09/02/2026 15:15,2026-09-02T19:15:00Z,1788376500000,MED2,1500 E FULTON ST
police,09/02/2026 15:18,2026-09-02T19:18:00Z,1788376680000,STOP,CHERRY ST SW / OTTAWA AVE SW
police,09/02/2026 15:23,2026-09-02T19:23:00Z,1788376980000,THREAT,1500 LAUGHLIN DR NW
fire,09/02/2026 15:25,2026-09-02T19:25:00Z,1788377100000,MED1,2500 LAKE MICHIGAN DR NW
police,09/02/2026 15:31,2026-09-02T19:31:00Z,1788377460000,WELFARE,2700 BIRCHCREST DR SE
police,09/02/2026 15:33,2026-09-02T19:33:00Z,1788377580000,STOP,1100 BRIDGE ST NW
police,09/02/2026 15:38,2026-09-02T19:38:00Z,1788377880000,STOP,300 IONIA AVE SW
fire,09/02/2026 15:39,2026-09-02T19:39:00Z,1788377940000,MED2,4000 WHISPERING WAY SE
police,09/02/2026 15:39,2026-09-02T19:39:00Z,1788377940000,PI,LEONARD ST BRIDGE
police,09/02/2026 15:43,2026-09-02T19:43:00Z,1788378180000,PI,EAST BELTLINE AVE SE / BURTON ST SE
fire,09/02/2026 15:45,2026-09-02T19:45:00Z,1788378300000,MED2,2100 RAYBROOK AVE SE
fire,09/02/2026 15:47,2026-09-02T19:47:00Z,1788378420000,MED2,LEONARD ST BRIDGE
fire,09/02/2026 15:48,2026-09-02T19:48:00Z,1788378480000,MED0,FULLER AVE NE / SWEET ST NE
police,09/02/2026 15:48,2026-09-02T19:48:00Z,1788378480000,PI,FULLER AVE NE / SWEET ST NE
police,09/02/2026 15:55,2026-09-02T19:55:00Z,1788378900000,CSC,100 MICHIGAN ST NE
police,09/02/2026 15:57,2026-09-02T19:57:00Z,1788379020000,ASLT,200 JEFFERSON AVE SE
police,09/02/2026 16:03,2026-09-02T20:03:00Z,1788379380000,ALARM,1200 KALAMAZOO AVE SE
police,09/02/2026 16:08,2026-09-02T20:08:00Z,1788379680000,SUSPICIOUS,0 DIAMOND AVE NE
police,09/02/2026 16:23,2026-09-02T20:23:00Z,1788380580000,STOP,SEWARD AVE NW / DOUGLAS ST NW
police,09/02/2026 16:24,2026-09-02T20:24:00Z,1788380640000,STOP,1000 JEFFERSON AVE SE
police,09/02/2026 16:25,2026-09-02T20:25:00Z,1788380700000,THREAT,200 COMMERCE AVE SW
police,09/02/2026 16:28,2026-09-02T20:28:00Z,1788380880000,PDHR,RICHMOND ST NW / ALPINE AVE NW
fire,09/02/2026 16:43,2026-09-02T20:43:00Z,1788381780000,MED2,LA GRAVE AVE SE / OAKES ST SE
police,09/02/2026 16:46,2026-09-02T20:46:00Z,1788381960000,DOM,100 NATIONAL AVE NW
police,09/02/2026 16:47,2026-09-02T20:47:00Z,1788382020000,STOP,800 S DIVISION AVE
police,09/02/2026 16:52,2026-09-02T20:52:00Z,1788382320000,UNKACC,US-131 NB AT ANN ST NW
police,09/02/2026 16:55,2026-09-02T20:55:00Z,1788382500000,WARRANTA,100 WESTON ST SW
police,09/02/2026 16:58,2026-09-02T20:58:00Z,1788382680000,DISO,ANN ST NW / MONROE AVE NW
police,09/02/2026 17:07,2026-09-02T21:07:00Z,1788383220000,DOMA,100 DALE ST NE
fire,09/02/2026 17:14,2026-09-02T21:14:00Z,1788383640000,FIREOTHER,1800 3 MILE RD NE
police,09/02/2026 17:15,2026-09-02T21:15:00Z,1788383700000,ALARM,300 S DIVISION AVE
police,09/02/2026 17:19,2026-09-02T21:19:00Z,1788383940000,ALARM,1200 DUNHAM ST SE
fire,09/02/2026 17:24,2026-09-02T21:24:00Z,1788384240000,MED1,300 S DIVISION AVE
fire,09/02/2026 17:38,2026-09-02T21:38:00Z,1788385080000,MED1,600 HENRY AVE SE
fire,09/02/2026 17:40,2026-09-02T21:40:00Z,1788385200000,MED2,1500 FORRESTER ST SE
fire,09/02/2026 17:48,2026-09-02T21:48:00Z,1788385680000,MED1,900 DIAMOND AVE NE
fire,09/02/2026 17:49,2026-09-02T21:49:00Z,1788385740000,MED1,1400 MATILDA ST NE
fire,09/02/2026 17:52,2026-09-02T21:52:00Z,1788385920000,MED1,2100 RIDGECREST RD SE
police,09/02/2026 17:53,2026-09-02T21:53:00Z,1788385980000,DOMA,1700 FRANCIS AVE SE
fire,09/02/2026 17:58,2026-09-02T21:58:00Z,1788386280000,MED2,1700 FRANCIS AVE SE
fire,09/02/2026 18:05,2026-09-02T22:05:00Z,1788386700000,LOCKIN,1000 VETO ST NW
police,09/02/2026 18:09,2026-09-02T22:09:00Z,1788386940000,ASSIST,2100 RIDGECREST RD SE
police,09/02/2026 18:14,2026-09-02T22:14:00Z,1788387240000,DOMA,900 PASTICHE DR SE
police,09/02/2026 18:17,2026-09-02T22:17:00Z,1788387420000,OBSCENE,0 HALL ST SW
fire,09/02/2026 18:35,2026-09-02T22:35:00Z,1788388500000,MED2,4000 WHISPERING WAY SE
fire,09/02/2026 18:40,2026-09-02T22:40:00Z,1788388800000,MED2,2500 LEONARD ST NE
police,09/02/2026 18:44,2026-09-02T22:44:00Z,1788389040000,WELFARE,400 LAFAYETTE AVE SE
fire,09/02/2026 18:49,2026-09-02T22:49:00Z,1788389340000,MED1,600 1ST ST NW
police,09/02/2026 18:50,2026-09-02T22:50:00Z,1788389400000,FRAUD,700 28TH ST SE
police,09/02/2026 18:54,2026-09-02T22:54:00Z,1788389640000,STOP,COMMERCE AVE SW / WEALTHY ST SW
police,09/02/2026 18:55,2026-09-02T22:55:00Z,1788389700000,WELFARE,0 DWIGHT AVE SE
fire,09/02/2026 18:58,2026-09-02T22:58:00Z,1788389880000,MED2,1400 VINELAND CT SE
police,09/02/2026 18:58,2026-09-02T22:58:00Z,1788389880000,TRES,0 N DIVISION AVE
police,09/02/2026 19:05,2026-09-02T23:05:00Z,1788390300000,STOP,HALL ST SW / IONIA AVE SW
fire,09/02/2026 19:06,2026-09-02T23:06:00Z,1788390360000,WIRE,800 5TH ST NW
police,09/02/2026 19:06,2026-09-02T23:06:00Z,1788390360000,BARK,2100 OAKWOOD AVE NE
police,09/02/2026 19:06,2026-09-02T23:06:00Z,1788390360000,WARRANTA,300 COLDBROOK ST NE
police,09/02/2026 19:09,2026-09-02T23:09:00Z,1788390540000,DISO,2100 43RD ST SE
police,09/02/2026 19:15,2026-09-02T23:15:00Z,1788390900000,DOM,500 WORDEN ST SE
fire,09/02/2026 19:16,2026-09-02T23:16:00Z,1788390960000,MED1,300 MONROE AVE NW
police,09/02/2026 19:22,2026-09-02T23:22:00Z,1788391320000,STOP,SEWARD AVE NW / 5TH ST NW
police,09/02/2026 19:24,2026-09-02T23:24:00Z,1788391440000,ANIC,2500 S DIVISION AVE
police,09/02/2026 19:32,2026-09-02T23:32:00Z,1788391920000,MISSING,2300 ROWLAND AVE SE
police,09/02/2026 19:35,2026-09-02T23:35:00Z,1788392100000,STOP,LEONARD ST NE / N TAYLOR AVE
fire,09/02/2026 19:40,2026-09-02T23:40:00Z,1788392400000,AOA,2100 WOODLAWN AVE SE
police,09/02/2026 19:41,2026-09-02T23:41:00Z,1788392460000,ASLTW,100 S DIVISION AVE
police,09/02/2026 19:41,2026-09-02T23:41:00Z,1788392460000,TRANSP,900 PORT STREET
police,09/02/2026 19:41,2026-09-02T23:41:00Z,1788392460000,STOP,LEONARD ST NW / HAMILTON AVE NW
police,09/02/2026 19:47,2026-09-02T23:47:00Z,1788392820000,STOP,MICHIGAN ST NE / BOSTWICK AVE NE
police,09/02/2026 19:48,2026-09-02T23:48:00Z,1788392880000,911U,700 CROSBY ST NW
police,09/02/2026 19:49,2026-09-02T23:49:00Z,1788392940000,STOP,MARTIN LUTHER KING JR ST SE / SHELDON AVE SE
police,09/02/2026 19:55,2026-09-02T23:55:00Z,1788393300000,ALARM,700 ETHEL AVE SE
police,09/02/2026 19:58,2026-09-02T23:58:00Z,1788393480000,LARC,2600 KALAMAZOO AVE SE
police,09/02/2026 20:02,2026-09-03T00:02:00Z,1788393720000,STOP,600 LEONARD ST NW
police,09/02/2026 20:10,2026-09-03T00:10:00Z,1788394200000,FI,900 EASTERN AVE SE
police,09/02/2026 20:11,2026-09-03T00:11:00Z,1788394260000,STOP,LAFAYETTE AVE NE / MATILDA ST NE
police,09/02/2026 20:15,2026-09-03T00:15:00Z,1788394500000,STOP,ASHLAND AVE NE / LEONARD ST NE
police,09/02/2026 20:24,2026-09-03T00:24:00Z,1788395040000,ALARM,2100 28TH ST SE
police,09/02/2026 20:25,2026-09-03T00:25:00Z,1788395100000,ASSIST,US-131 SB TO PEARL RAMP
police,09/02/2026 20:31,2026-09-03T00:31:00Z,1788395460000,STOP,FAIR ST SE / JEFFERSON AVE SE
police,09/02/2026 20:32,2026-09-03T00:32:00Z,1788395520000,PARKING,100 QUIGLEY BLVD SW
fire,09/02/2026 20:33,2026-09-03T00:33:00Z,1788395580000,MED1,100 RANSOM AVE NE
police,09/02/2026 20:34,2026-09-03T00:34:00Z,1788395640000,STOP,MARKET AVE SW / BARTLETT ST SW
police,09/02/2026 20:35,2026-09-03T00:35:00Z,1788395700000,LARC,3600 28TH ST SE
police,09/02/2026 20:38,2026-09-03T00:38:00Z,1788395880000,TRES,100 SHELDON AVE SE
police,09/02/2026 20:40,2026-09-03T00:40:00Z,1788396000000,MISSING,300 VISSER PL SE
police,09/02/2026 20:42,2026-09-03T00:42:00Z,1788396120000,DOMA,1200 FISK ST SE
fire,09/02/2026 20:45,2026-09-03T00:45:00Z,1788396300000,MED1,3200 PLAINFIELD AVE NE
fire,09/02/2026 20:47,2026-09-03T00:47:00Z,1788396420000,MED2,1200 FISK ST SE
fire,09/02/2026 20:51,2026-09-03T00:51:00Z,1788396660000,FIRESTRUC,1400 MADISON AVE SE
police,09/02/2026 20:57,2026-09-03T00:57:00Z,1788397020000,STOP,SEWARD AVE NW / 4TH ST NW
fire,09/02/2026 21:01,2026-09-03T01:01:00Z,1788397260000,MED1,1900 FRUITWOOD DR NW
police,09/02/2026 21:01,2026-09-03T01:01:00Z,1788397260000,DOMA,900 33RD ST SE
police,09/02/2026 21:04,2026-09-03T01:04:00Z,1788397440000,STOP,COMMERCE AVE SW / GOODRICH ST SW
fire,09/02/2026 21:05,2026-09-03T01:05:00Z,1788397500000,MED1,800 11TH ST NW
police,09/02/2026 21:07,2026-09-03T01:07:00Z,1788397620000,STOP,DIAMOND AVE NE / SPENCER ST NE
police,09/02/2026 21:13,2026-09-03T01:13:00Z,1788397980000,STOP,COLLEGE AVE NE / SHIRLEY ST NE
police,09/02/2026 21:35,2026-09-03T01:35:00Z,1788399300000,THREAT,600 LEONARD ST NW
police,09/02/2026 21:36,2026-09-03T01:36:00Z,1788399360000,DOM,0 DEAN ST NW
police,09/02/2026 21:41,2026-09-03T01:41:00Z,1788399660000,DOMA,800 KENSINGTON AVE SW
police,09/02/2026 21:42,2026-09-03T01:42:00Z,1788399720000,STOP,I-196 WB TO LANE RAMP
fire,09/02/2026 21:45,2026-09-03T01:45:00Z,1788399900000,CARBON,1200 THOMAS ST SE
police,09/02/2026 21:45,2026-09-03T01:45:00Z,1788399900000,DISO,2900 MARSHALL AVE SE
fire,09/02/2026 21:47,2026-09-03T01:47:00Z,1788400020000,MED1,1200 CEDAR ST NE
police,09/02/2026 21:51,2026-09-03T01:51:00Z,1788400260000,PEACE,900 33RD ST SE
fire,09/02/2026 21:56,2026-09-03T01:56:00Z,1788400560000,FIREOTHER,800 MARTIN LUTHER KING JR ST SE
police,09/02/2026 21:58,2026-09-03T01:58:00Z,1788400680000,SUICIDETH,2000 DARWIN AVE SW
police,09/02/2026 22:00,2026-09-03T02:00:00Z,1788400800000,ASSIST,4900 ALLEN PARK DR
police,09/02/2026 22:07,2026-09-03T02:07:00Z,1788401220000,WELFARE,600 LEONARD ST NE
police,09/02/2026 22:09,2026-09-03T02:09:00Z,1788401340000,STOP,JEFFERSON AVE SE / STATE ST SE
police,09/02/2026 22:17,2026-09-03T02:17:00Z,1788401820000,SUICIDETH,1400 GARFIELD AVE NW
police,09/02/2026 22:18,2026-09-03T02:18:00Z,1788401880000,WELFARE,1000 GIDDINGS AVE SE
police,09/02/2026 22:25,2026-09-03T02:25:00Z,1788402300000,DOMA,2000 STONEBROOK CIR NE
police,09/02/2026 22:36,2026-09-03T02:36:00Z,1788402960000,NOISE,900 ALPINE AVE NW
police,09/02/2026 22:41,2026-09-03T02:41:00Z,1788403260000,LOITER,1300 FULLER AVE NE
police,09/02/2026 22:46,2026-09-03T02:46:00Z,1788403560000,SHOTS,200 S DIVISION AVE
police,09/02/2026 22:47,2026-09-03T02:47:00Z,1788403620000,STOP,JEFFERSON AVE SE / LA BELLE ST SE
fire,09/02/2026 22:49,2026-09-03T02:49:00Z,1788403740000,MED1,1200 DUNHAM ST SE
fire,09/02/2026 22:53,2026-09-03T02:53:00Z,1788403980000,FIREALARM,900 W FULTON ST
fire,09/02/2026 22:58,2026-09-03T02:58:00Z,1788404280000,MED2,2300 KALAMAZOO AVE SE
police,09/02/2026 22:58,2026-09-03T02:58:00Z,1788404280000,UNKACC,2300 KALAMAZOO AVE SE
police,09/02/2026 22:59,2026-09-03T02:59:00Z,1788404340000,WELFARE,500 BRIDGE ST NW
fire,09/02/2026 23:00,2026-09-03T03:00:00Z,1788404400000,MED1,400 BRIDGE ST NW
police,09/02/2026 23:00,2026-09-03T03:00:00Z,1788404400000,WELFARE,3200 PLAINFIELD AVE NE
police,09/02/2026 23:06,2026-09-03T03:06:00Z,1788404760000,STOP,MADISON AVE SE / ALGER ST SE
police,09/02/2026 23:15,2026-09-03T03:15:00Z,1788405300000,STOP,300 MONROE AVE NW
police,09/02/2026 23:19,2026-09-03T03:19:00Z,1788405540000,DOMA,1300 CASS AVE SE
police,09/02/2026 23:20,2026-09-03T03:20:00Z,1788405600000,STOP,WATSON ST SW / STRAIGHT AVE SW
police,09/02/2026 23:22,2026-09-03T03:22:00Z,1788405720000,STOP,WATSON ST SW / STRAIGHT AVE SW
police,09/02/2026 23:25,2026-09-03T03:25:00Z,1788405900000,DOMA,600 MILWAUKEE AVE NW
police,09/02/2026 23:27,2026-09-03T03:27:00Z,1788406020000,BURGC,2100 BATCHAWANA ST SE
police,09/02/2026 23:28,2026-09-03T03:28:00Z,1788406080000,NOISE,900 PASTICHE DR SE
fire,09/02/2026 23:38,2026-09-03T03:38:00Z,1788406680000,MED2,200 W FULTON ST
police,09/02/2026 23:39,2026-09-03T03:39:00Z,1788406740000,STOP,HENRY AVE SE / WORDEN ST SE
police,09/02/2026 23:42,2026-09-03T03:42:00Z,1788406920000,STOP,S DIVISION AVE / ROSE ST SW
police,09/02/2026 23:43,2026-09-03T03:43:00Z,1788406980000,SUSPICIOUS,300 S DIVISION AVE
fire,09/02/2026 23:46,2026-09-03T03:46:00Z,1788407160000,MED2,4000 WHISPERING WAY SE
police,09/02/2026 23:49,2026-09-03T03:49:00Z,1788407340000,TRES,0 WILLIAMS ST SW
police,09/02/2026 23:51,2026-09-03T03:51:00Z,1788407460000,NOISE,0 ANTOINE ST SW
police,09/02/2026 23:51,2026-09-03T03:51:00Z,1788407460000,STOP,CARRIER ST NE / LAFAYETTE AVE NE
police,09/03/2026 00:01,2026-09-03T04:01:00Z,1788408060000,STOP,EASTERN AVE SE / GRISWOLD ST SE
police,09/03/2026 00:03,2026-09-03T04:03:00Z,1788408180000,STOP,0 WILLIAMS ST SW
police,09/03/2026 00:11,2026-09-03T04:11:00Z,1788408660000,HARASS,300 SHELDON AVE SE
fire,09/03/2026 00:13,2026-09-03T04:13:00Z,1788408780000,MED1,0 LEXINGTON AVE NW
police,09/03/2026 00:13,2026-09-03T04:13:00Z,1788408780000,STOP,PHILADELPHIA AVE SE / BURTON ST SE
fire,09/03/2026 00:16,2026-09-03T04:16:00Z,1788408960000,FIREALARM,300 FRONT AVE SW
police,09/03/2026 00:21,2026-09-03T04:21:00Z,1788409260000,ASSIST,PLAINFIELD AVE NE / CALEDONIA ST NE
police,09/03/2026 00:26,2026-09-03T04:26:00Z,1788409560000,STOP,600 KIRTLAND ST SW
police,09/03/2026 00:28,2026-09-03T04:28:00Z,1788409680000,STOP,1000 SHELDON AVE SE
police,09/03/2026 00:29,2026-09-03T04:29:00Z,1788409740000,STOP,LAFAYETTE AVE NE / QUIMBY ST NE
police,09/03/2026 00:30,2026-09-03T04:30:00Z,1788409800000,STOP,400 28TH ST SE
police,09/03/2026 00:30,2026-09-03T04:30:00Z,1788409800000,STOP,EASTERN AVE SE / WELLINGTON AVE SE
police,09/03/2026 00:31,2026-09-03T04:31:00Z,1788409860000,DOM,3200 PLAZA DR NE
police,09/03/2026 00:31,2026-09-03T04:31:00Z,1788409860000,STOP,ADAMS ST SE / BENJAMIN AVE SE
fire,09/03/2026 00:38,2026-09-03T04:38:00Z,1788410280000,INVEST,1800 NELSON AVE SE
police,09/03/2026 00:42,2026-09-03T04:42:00Z,1788410520000,STOP,MARSHALL AVE SE / TEMPLE ST SE
police,09/03/2026 00:44,2026-09-03T04:44:00Z,1788410640000,STOP,GRIGGS ST SE / FRANCIS AVE SE
police,09/03/2026 00:47,2026-09-03T04:47:00Z,1788410820000,DISO,100 SHELDON AVE SE
police,09/03/2026 00:54,2026-09-03T04:54:00Z,1788411240000,STOP,S DIVISION AVE / LOGAN ST SE
police,09/03/2026 01:00,2026-09-03T05:00:00Z,1788411600000,STOP,WEALTHY ST SE / LA GRAVE AVE SE
police,09/03/2026 01:15,2026-09-03T05:15:00Z,1788412500000,911U,700 LAKE MICHIGAN DR NW
fire,09/03/2026 01:22,2026-09-03T05:22:00Z,1788412920000,MED1,GOODRICH ST SW / S DIVISION AVE
police,09/03/2026 01:22,2026-09-03T05:22:00Z,1788412920000,SUICIDETH,1100 VETO ST NW
police,09/03/2026 01:37,2026-09-03T05:37:00Z,1788413820000,STOP,MAUDE AVE NE / SPENCER ST NE
police,09/03/2026 01:40,2026-09-03T05:40:00Z,1788414000000,STOP,700 MICHIGAN ST NE
police,09/03/2026 01:42,2026-09-03T05:42:00Z,1788414120000,CHILD,3900 STAHL DR SE
police,09/03/2026 01:42,2026-09-03T05:42:00Z,1788414120000,STOP,CANTON ST SW / S DIVISION AVE
police,09/03/2026 01:48,2026-09-03T05:48:00Z,1788414480000,STOP,CROFTON ST SE / FRANCIS AVE SE
police,09/03/2026 01:49,2026-09-03T05:49:00Z,1788414540000,STOP,MICHIGAN ST NE / HOUSEMAN AVE NE
police,09/03/2026 01:52,2026-09-03T05:52:00Z,1788414720000,DISO,800 LEONARD ST NW
police,09/03/2026 02:01,2026-09-03T06:01:00Z,1788415260000,DOM,400 HOWARD ST SE
police,09/03/2026 02:04,2026-09-03T06:04:00Z,1788415440000,SUSPICIOUS,1000 SPENCER ST NE
fire,09/03/2026 02:20,2026-09-03T06:20:00Z,1788416400000,MED1,3900 STAHL DR SE
police,09/03/2026 02:33,2026-09-03T06:33:00Z,1788417180000,STOP,S DIVISION AVE / ANTOINE ST SW
police,09/03/2026 02:34,2026-09-03T06:34:00Z,1788417240000,STOP,STRAIGHT AVE SW / BUTTERWORTH ST SW
police,09/03/2026 02:42,2026-09-03T06:42:00Z,1788417720000,STOP,COLLEGE AVE SE / MARTIN LUTHER KING JR ST SE
fire,09/03/2026 02:48,2026-09-03T06:48:00Z,1788418080000,MED2,900 PASTICHE DR SE
police,09/03/2026 02:51,2026-09-03T06:51:00Z,1788418260000,STOP,500 BRIDGE ST NW
police,09/03/2026 02:51,2026-09-03T06:51:00Z,1788418260000,STOP,600 FRONT AVE NW
police,09/03/2026 02:57,2026-09-03T06:57:00Z,1788418620000,CSC,900 MONROE AVE NW
police,09/03/2026 02:59,2026-09-03T06:59:00Z,1788418740000,STOP,MICHIGAN ST NE / FULLER AVE NE
police,09/03/2026 03:03,2026-09-03T07:03:00Z,1788418980000,ALARM,700 28TH ST SE
fire,09/03/2026 03:09,2026-09-03T07:09:00Z,1788419340000,MED1,1400 MORGAN ST NW
police,09/03/2026 03:09,2026-09-03T07:09:00Z,1788419340000,STOP,LEONARD ST NW / MONROE AVE NW
fire,09/03/2026 03:17,2026-09-03T07:17:00Z,1788419820000,MED1,FREMONT AVE NW / LEONARD ALY NW
police,09/03/2026 03:17,2026-09-03T07:17:00Z,1788419820000,ASSIST,FREMONT AVE NW / LEONARD ALY NW
police,09/03/2026 03:27,2026-09-03T07:27:00Z,1788420420000,NOISE,800 OAKHILL ST SE
police,09/03/2026 03:30,2026-09-03T07:30:00Z,1788420600000,ASSIST,200 JEFFERSON AVE SE
fire,09/03/2026 03:40,2026-09-03T07:40:00Z,1788421200000,MED2,600 COLLINDALE AVE NW
police,09/03/2026 03:40,2026-09-03T07:40:00Z,1788421200000,WELFARE,600 COLLINDALE AVE NW
police,09/03/2026 03:44,2026-09-03T07:44:00Z,1788421440000,STOP,1000 SHELDON AVE SE
police,09/03/2026 03:51,2026-09-03T07:51:00Z,1788421860000,ASLTW,GOODRICH ST SW / S DIVISION AVE
police,09/03/2026 03:57,2026-09-03T07:57:00Z,1788422220000,ALARM,2700 EAST BELTLINE AVE SE
fire,09/03/2026 04:10,2026-09-03T08:10:00Z,1788423000000,MED1,700 CROSBY ST NW
police,09/03/2026 04:30,2026-09-03T08:30:00Z,1788424200000,STOP,LAFAYETTE AVE NE / COLDBROOK ST NE
police,09/03/2026 04:43,2026-09-03T08:43:00Z,1788424980000,STOP,S DIVISION AVE / CANTON ST SW
fire,09/03/2026 04:47,2026-09-03T08:47:00Z,1788425220000,MED1,100 SHELDON AVE SE
police,09/03/2026 04:52,2026-09-03T08:52:00Z,1788425520000,ASLT,200 JEFFERSON AVE SE
fire,09/03/2026 04:59,2026-09-03T08:59:00Z,1788425940000,MED1,2300 BURTON ST SE
police,09/03/2026 05:03,2026-09-03T09:03:00Z,1788426180000,ASLT,1200 ALEXANDER ST SE
police,09/03/2026 06:02,2026-09-03T10:02:00Z,1788429720000,LARC,300 IONIA AVE SW
fire,09/03/2026 06:03,2026-09-03T10:03:00Z,1788429780000,MED1,200 COMMERCE AVE SW
fire,09/03/2026 06:16,2026-09-03T10:16:00Z,1788430560000,FIREALARM,200 HALL ST SW
police,09/03/2026 06:19,2026-09-03T10:19:00Z,1788430740000,ASSIST,US-131 NB TO I-96 EB RAMP
police,09/03/2026 06:20,2026-09-03T10:20:00Z,1788430800000,STOP,HALL ST SW / S DIVISION AVE
police,09/03/2026 06:40,2026-09-03T10:40:00Z,1788432000000,STOP,LEONARD ST NE / BURKE AVE NE
police,09/03/2026 06:41,2026-09-03T10:41:00Z,1788432060000,STOP,2300 STAFFORD AVE SW
police,09/03/2026 06:45,2026-09-03T10:45:00Z,1788432300000,TRES,0 LIBRARY ST NE
police,09/03/2026 06:55,2026-09-03T10:55:00Z,1788432900000,STOP,400 S DIVISION AVE
police,09/03/2026 06:56,2026-09-03T10:56:00Z,1788432960000,WARRANTA,500 UMATILLA ST SE
police,09/03/2026 07:00,2026-09-03T11:00:00Z,1788433200000,STOP,DIAMOND AVE NE / (SO)PAGE ST NE
police,09/03/2026 07:03,2026-09-03T11:03:00Z,1788433380000,ASLT,FINNEY AVE SW / BARTLETT ST SW
police,09/03/2026 07:12,2026-09-03T11:12:00Z,1788433920000,PD,US-131 SB AT LEONARD
police,09/03/2026 07:13,2026-09-03T11:13:00Z,1788433980000,STOP,KNAPP ST NE / DIAMOND AVE NE
police,09/03/2026 07:14,2026-09-03T11:14:00Z,1788434040000,ALARM,700 CHESTNUT ST SW
police,09/03/2026 07:15,2026-09-03T11:15:00Z,1788434100000,PD,US-131 SB SO PEARL
police,09/03/2026 07:27,2026-09-03T11:27:00Z,1788434820000,THREAT,2800 BIRCHCREST DR SE
police,09/03/2026 07:44,2026-09-03T11:44:00Z,1788435840000,ALARM,1500 CESAR E CHAVEZ AVE SW
police,09/03/2026 07:44,2026-09-03T11:44:00Z,1788435840000,STOP,SHELDON AVE SE / PLEASANT ST SE
police,09/03/2026 07:45,2026-09-03T11:45:00Z,1788435900000,STOP,BRIDGE ST NW / SEWARD AVE NW
police,09/03/2026 07:56,2026-09-03T11:56:00Z,1788436560000,PD,KALAMAZOO AVE SE / 42ND ST SE
police,09/03/2026 07:56,2026-09-03T11:56:00Z,1788436560000,STOP,WINTER AVE NW / (SO)BLUMRICH ST NW
police,09/03/2026 07:58,2026-09-03T11:58:00Z,1788436680000,ALARM,2000 S DIVISION AVE
police,09/03/2026 07:59,2026-09-03T11:59:00Z,1788436740000,THREAT,900 SIBLEY ST NW
police,09/03/2026 08:02,2026-09-03T12:02:00Z,1788436920000,STOP,DIAMOND AVE NE / (NO)SWEET ST NE
police,09/03/2026 08:07,2026-09-03T12:07:00Z,1788437220000,STOP,500 S DIVISION AVE
police,09/03/2026 08:19,2026-09-03T12:19:00Z,1788437940000,THREAT,600 LYNCH ST SW
police,09/03/2026 08:25,2026-09-03T12:25:00Z,1788438300000,STOP,BALL AVE NE / (SO)LEONARD ST NE
police,09/03/2026 08:27,2026-09-03T12:27:00Z,1788438420000,STOP,MADISON AVE SE / 28TH ST SE
police,09/03/2026 08:34,2026-09-03T12:34:00Z,1788438840000,STOP,DIAMOND AVE NE / LEONARD ST NE
police,09/03/2026 08:47,2026-09-03T12:47:00Z,1788439620000,STOP,KNAPP ST NE / (EO)CARLTON AVE NE
police,09/03/2026 08:48,2026-09-03T12:48:00Z,1788439680000,STOP,TURNER AVE NW / LEONARD ST NW
police,09/03/2026 08:50,2026-09-03T12:50:00Z,1788439800000,DOM,3800 E  NORWALK  DR SE
police,09/03/2026 08:55,2026-09-03T12:55:00Z,1788440100000,ABAND,100 KNAPP ST NE
police,09/03/2026 08:57,2026-09-03T12:57:00Z,1788440220000,THREAT,600 S DIVISION AVE
police,09/03/2026 09:06,2026-09-03T13:06:00Z,1788440760000,STOP,LAFAYETTE AVE SE / HALL ST SE
fire,09/03/2026 09:20,2026-09-03T13:20:00Z,1788441600000,MED1,200 COMMERCE AVE SW
police,09/03/2026 09:20,2026-09-03T13:20:00Z,1788441600000,STOP,800 7TH ST NW
fire,09/03/2026 09:23,2026-09-03T13:23:00Z,1788441780000,MED1,800 CHERRY ST SE
police,09/03/2026 09:23,2026-09-03T13:23:00Z,1788441780000,STOP,1500 LEWISON AVE NE
police,09/03/2026 09:26,2026-09-03T13:26:00Z,1788441960000,DISO,28TH ST SE / MADISON AVE SE
fire,09/03/2026 09:34,2026-09-03T13:34:00Z,1788442440000,INVEST,600 BATES ST SE
police,09/03/2026 09:35,2026-09-03T13:35:00Z,1788442500000,ASSIST,100 SHELDON AVE SE
police,09/03/2026 09:39,2026-09-03T13:39:00Z,1788442740000,PD,S DIVISION AVE / BURTON ST SW
police,09/03/2026 09:40,2026-09-03T13:40:00Z,1788442800000,TRES,1000 MICHIGAN ST NE
fire,09/03/2026 09:44,2026-09-03T13:44:00Z,1788443040000,MED2,1900 BRIDGE ST NW
fire,09/03/2026 09:53,2026-09-03T13:53:00Z,1788443580000,FIREALARM,0 W FULTON ST
police,09/03/2026 09:54,2026-09-03T13:54:00Z,1788443640000,ASSIST,600 BATES ST SE
fire,09/03/2026 09:57,2026-09-03T13:57:00Z,1788443820000,MED1,300 STRAIGHT AVE SW
fire,09/03/2026 10:20,2026-09-03T14:20:00Z,1788445200000,AOA,500 PROSPECT AVE SE
police,09/03/2026 10:21,2026-09-03T14:21:00Z,1788445260000,THREAT,0 SHELDON AVE SE
fire,09/03/2026 10:26,2026-09-03T14:26:00Z,1788445560000,MED2,EAST BELTLINE AVE NE / BRADFORD ST NE
police,09/03/2026 10:34,2026-09-03T14:34:00Z,1788446040000,ALARM,0 SHELDON AVE NE
fire,09/03/2026 10:40,2026-09-03T14:40:00Z,1788446400000,FIREALARM,4100 KALAMAZOO AVE SE
police,09/03/2026 10:41,2026-09-03T14:41:00Z,1788446460000,WELFARE,100 SHELDON AVE SE
police,09/03/2026 10:48,2026-09-03T14:48:00Z,1788446880000,WELFARE,3100 LAKE MICHIGAN DR NW
police,09/03/2026 10:55,2026-09-03T14:55:00Z,1788447300000,STOP,WEALTHY ST SE / LA GRAVE AVE SE
fire,09/03/2026 10:58,2026-09-03T14:58:00Z,1788447480000,MED1,1100 MICHIGAN ST NE
fire,09/03/2026 10:59,2026-09-03T14:59:00Z,1788447540000,MED0,0 MILE RD NE / FULLER AVE NE
police,09/03/2026 10:59,2026-09-03T14:59:00Z,1788447540000,PI,0 MILE RD NE / FULLER AVE NE
police,09/03/2026 10:59,2026-09-03T14:59:00Z,1788447540000,STOP,600 BRIDGE ST NW
police,09/03/2026 11:04,2026-09-03T15:04:00Z,1788447840000,STOP,BARTLETT ST SW / S DIVISION AVE
police,09/03/2026 11:09,2026-09-03T15:09:00Z,1788448140000,LARC,2000 28TH ST SE
fire,09/03/2026 11:12,2026-09-03T15:12:00Z,1788448320000,MED1,2900 MARSHALL AVE SE
police,09/03/2026 11:32,2026-09-03T15:32:00Z,1788449520000,STOP,S DIVISION AVE / GOODRICH ST SE
police,09/03/2026 11:35,2026-09-03T15:35:00Z,1788449700000,ASLT,2100 BRETON RD SE
fire,09/03/2026 11:40,2026-09-03T15:40:00Z,1788450000000,MED1,300 MICHIGAN ST NE
police,09/03/2026 11:42,2026-09-03T15:42:00Z,1788450120000,MDOP,MOUNT VERNON AVE NW / BRIDGE ST NW
fire,09/03/2026 11:43,2026-09-03T15:43:00Z,1788450180000,MED1,2900 MARSHALL AVE SE
police,09/03/2026 11:44,2026-09-03T15:44:00Z,1788450240000,STOP,JEFFERSON AVE SE / (SO)HALL ST SE
fire,09/03/2026 11:45,2026-09-03T15:45:00Z,1788450300000,FIREALARM,1000 GODFREY AVE SW
police,09/03/2026 11:48,2026-09-03T15:48:00Z,1788450480000,K9,ALPINE AVE NW / ALPINE CHURCH ST NW
police,09/03/2026 11:49,2026-09-03T15:49:00Z,1788450540000,DOMA,2200 NELSON AVE SE
police,09/03/2026 11:49,2026-09-03T15:49:00Z,1788450540000,DISO,500 MICHIGAN ST NE
fire,09/03/2026 11:53,2026-09-03T15:53:00Z,1788450780000,MED0,N DIVISION AVE / CRESCENT ST NW
police,09/03/2026 11:53,2026-09-03T15:53:00Z,1788450780000,PI,N DIVISION AVE / CRESCENT ST NW
police,09/03/2026 11:58,2026-09-03T15:58:00Z,1788451080000,DISO,0 ANDRE ST SE
police,09/03/2026 11:58,2026-09-03T15:58:00Z,1788451080000,WELFARE,100 CHERRY ST SE
police,09/03/2026 12:03,2026-09-03T16:03:00Z,1788451380000,STOP,1800 ALPINE AVE NW
fire,09/03/2026 12:13,2026-09-03T16:13:00Z,1788451980000,MED1,900 S DIVISION AVE
police,09/03/2026 12:21,2026-09-03T16:21:00Z,1788452460000,STOP,400 LEONARD ST NW
police,09/03/2026 12:21,2026-09-03T16:21:00Z,1788452460000,WARRANTP,400 LEONARD ST NW
police,09/03/2026 12:21,2026-09-03T16:21:00Z,1788452460000,STOP,HALENA ST NE / PLAINFIELD AVE NE
fire,09/03/2026 12:24,2026-09-03T16:24:00Z,1788452640000,MED1,1500 UNION AVE NE
police,09/03/2026 12:25,2026-09-03T16:25:00Z,1788452700000,ASSIST,1500 UNION AVE NE
police,09/03/2026 12:30,2026-09-03T16:30:00Z,1788453000000,DISO,200 FRONT AVE NW
police,09/03/2026 12:50,2026-09-03T16:50:00Z,1788454200000,PD,TURNER AVE NW / EDWIN ST NW
fire,09/03/2026 12:53,2026-09-03T16:53:00Z,1788454380000,MED2,2600 WOODMEADOW DR SE
police,09/03/2026 12:54,2026-09-03T16:54:00Z,1788454440000,WELFARE,200 CESAR E CHAVEZ AVE SW
fire,09/03/2026 12:57,2026-09-03T16:57:00Z,1788454620000,WIRE,ELLIOTT ST SE / MADISON AVE SE
police,09/03/2026 13:00,2026-09-03T17:00:00Z,1788454800000,ASSIST,3800 YORKLAND DR NW
police,09/03/2026 13:02,2026-09-03T17:02:00Z,1788454920000,K9,200 MARKET AVE SW
police,09/03/2026 13:04,2026-09-03T17:04:00Z,1788455040000,TRES,100 IONIA AVE SW
fire,09/03/2026 13:06,2026-09-03T17:06:00Z,1788455160000,WIRE,0 PUTNAM ST SW
police,09/03/2026 13:11,2026-09-03T17:11:00Z,1788455460000,WELFARE,COLLINDALE AVE NW / LAKE MICHIGAN DR NW
police,09/03/2026 13:22,2026-09-03T17:22:00Z,1788456120000,PD,BANNER ST SW / S DIVISION AVE
police,09/03/2026 13:25,2026-09-03T17:25:00Z,1788456300000,WELFARE,2000 MASON ST NE
police,09/03/2026 13:26,2026-09-03T17:26:00Z,1788456360000,STOP,PLAINFIELD AVE NE / KNAPP ST NE
police,09/03/2026 13:29,2026-09-03T17:29:00Z,1788456540000,STOP,S DIVISION AVE / BARTLETT ST SW
police,09/03/2026 13:33,2026-09-03T17:33:00Z,1788456780000,DISO,1200 S DIVISION AVE
police,09/03/2026 13:39,2026-09-03T17:39:00Z,1788457140000,STOP,COLDBROOK ST NE / CLANCY AVE NE
fire,09/03/2026 13:40,2026-09-03T17:40:00Z,1788457200000,MED1,4200 KALAMAZOO AVE SE
fire,09/03/2026 13:47,2026-09-03T17:47:00Z,1788457620000,MED2,TURNER AVE NW / LEONARD ST NW
fire,09/03/2026 13:48,2026-09-03T17:48:00Z,1788457680000,AOA,2100 WOODLAWN AVE SE
police,09/03/2026 13:49,2026-09-03T17:49:00Z,1788457740000,FIGHT,EASTERN AVE SE / MARTIN LUTHER KING JR ST SE
police,09/03/2026 13:50,2026-09-03T17:50:00Z,1788457800000,WPNB,I-196 EB AT FULLER
fire,09/03/2026 13:56,2026-09-03T17:56:00Z,1788458160000,FIREOTHER,1600 SCRIBNER AVE NW
police,09/03/2026 13:56,2026-09-03T17:56:00Z,1788458160000,STOP,OAKES ST SW / S DIVISION AVE
police,09/03/2026 13:59,2026-09-03T17:59:00Z,1788458340000,PD,28TH ST SE / S DIVISION AVE
police,09/03/2026 14:01,2026-09-03T18:01:00Z,1788458460000,STOP,IONIA AVE SW / WILLIAMS ST SW
police,09/03/2026 14:03,2026-09-03T18:03:00Z,1788458580000,DISO,700 PRINCE ST SE
fire,09/03/2026 14:12,2026-09-03T18:12:00Z,1788459120000,MED2,MICHIGAN ST NE / FULLER AVE NE
police,09/03/2026 14:12,2026-09-03T18:12:00Z,1788459120000,ASLTW,100 SHELDON AVE SE
fire,09/03/2026 14:15,2026-09-03T18:15:00Z,1788459300000,MED0,KALAMAZOO AVE SE / LANGLEY ST SE
police,09/03/2026 14:16,2026-09-03T18:16:00Z,1788459360000,PI,KALAMAZOO AVE SE / LANGLEY ST SE
fire,09/03/2026 14:19,2026-09-03T18:19:00Z,1788459540000,MED1,100 SHELDON AVE SE
fire,09/03/2026 14:25,2026-09-03T18:25:00Z,1788459900000,MED1,1500 FORRESTER ST SE
police,09/03/2026 14:27,2026-09-03T18:27:00Z,1788460020000,DOMA,NELAND AVE SE / BATES ST SE
police,09/03/2026 14:31,2026-09-03T18:31:00Z,1788460260000,RECKLESS,CESAR E CHAVEZ AVE SW / WILLIAMS ST SW
fire,09/03/2026 14:33,2026-09-03T18:33:00Z,1788460380000,MED1,1100 SWEET ST NE
police,09/03/2026 14:41,2026-09-03T18:41:00Z,1788460860000,OBSCENE,2000 MONROE AVE NE
fire,09/03/2026 15:00,2026-09-03T19:00:00Z,1788462000000,MED1,1700 S DIVISION AVE
fire,09/03/2026 15:05,2026-09-03T19:05:00Z,1788462300000,INVEST,0 IONIA AVE SW
police,09/03/2026 15:05,2026-09-03T19:05:00Z,1788462300000,TRANSP,100 MICHIGAN ST NE
fire,09/03/2026 15:08,2026-09-03T19:08:00Z,1788462480000,MED1,200 CONRAD ST NE
police,09/03/2026 15:08,2026-09-03T19:08:00Z,1788462480000,STOP,PINE AVE NW / WALKER AVE NW
police,09/03/2026 15:14,2026-09-03T19:14:00Z,1788462840000,911U,1900 DAWSON AVE NE
police,09/03/2026 15:18,2026-09-03T19:18:00Z,1788463080000,TRFCH,MARKET AVE SW / BARTLETT ST SW
police,09/03/2026 15:21,2026-09-03T19:21:00Z,1788463260000,THREAT,1800 BUCHANAN AVE SW
police,09/03/2026 15:21,2026-09-03T19:21:00Z,1788463260000,PD,HALL ST SW / BUCHANAN AVE SW
police,09/03/2026 15:23,2026-09-03T19:23:00Z,1788463380000,WELFARE,2100 LEONARD ST NE
police,09/03/2026 15:31,2026-09-03T19:31:00Z,1788463860000,STOP,LEONARD ST NW / QUARRY AVE NW
police,09/03/2026 15:34,2026-09-03T19:34:00Z,1788464040000,PARKING,1700 WALKER AVE NW
police,09/03/2026 15:37,2026-09-03T19:37:00Z,1788464220000,TRES,100 CHERRY ST SE
fire,09/03/2026 15:39,2026-09-03T19:39:00Z,1788464340000,MED2,100 RICHARDS AVE NW
fire,09/03/2026 15:39,2026-09-03T19:39:00Z,1788464340000,MED2,600 BRIDGE ST NW
police,09/03/2026 15:39,2026-09-03T19:39:00Z,1788464340000,ASSIST,100 RICHARDS AVE NW
police,09/03/2026 15:42,2026-09-03T19:42:00Z,1788464520000,DOM,500 NORTH AVE NE
police,09/03/2026 15:43,2026-09-03T19:43:00Z,1788464580000,PDB,500 BURTON ST SW
fire,09/03/2026 15:48,2026-09-03T19:48:00Z,1788464880000,MED1,0 WILLIAMS ST SW
fire,09/03/2026 15:55,2026-09-03T19:55:00Z,1788465300000,MED0,KALAMAZOO AVE SE / GIBSON PL SE
police,09/03/2026 15:55,2026-09-03T19:55:00Z,1788465300000,SHOOTING,800 ALEXANDER ST SE
police,09/03/2026 15:55,2026-09-03T19:55:00Z,1788465300000,SHOTS,800 ALEXANDER ST SE
police,09/03/2026 16:22,2026-09-03T20:22:00Z,1788466920000,TAC,300 1/2 S DIVISION AVE
fire,09/03/2026 16:31,2026-09-03T20:31:00Z,1788467460000,MED1,200 COMMERCE AVE SW
police,09/03/2026 16:33,2026-09-03T20:33:00Z,1788467580000,ASSIST,800 FULLER AVE NE
police,09/03/2026 16:42,2026-09-03T20:42:00Z,1788468120000,DOM,1500 LAWNCREST CT NE
police,09/03/2026 16:56,2026-09-03T20:56:00Z,1788468960000,ASSIST,US-131 SB AT SIXTH
fire,09/03/2026 16:58,2026-09-03T20:58:00Z,1788469080000,TECHRESCUE,100 BOSTWICK AVE NE
fire,09/03/2026 17:01,2026-09-03T21:01:00Z,1788469260000,MED2,CESAR E CHAVEZ AVE SW / HALL ST SW
police,09/03/2026 17:01,2026-09-03T21:01:00Z,1788469260000,UNKACC,CESAR E CHAVEZ AVE SW / HALL ST SW
fire,09/03/2026 17:04,2026-09-03T21:04:00Z,1788469440000,MED1,900 28TH ST SE
police,09/03/2026 17:04,2026-09-03T21:04:00Z,1788469440000,ASSIST,900 28TH ST SE
fire,09/03/2026 17:05,2026-09-03T21:05:00Z,1788469500000,FIRESTRUC,200 DIAMOND AVE NE
fire,09/03/2026 17:05,2026-09-03T21:05:00Z,1788469500000,MED1,2900 MARSHALL AVE SE
police,09/03/2026 17:10,2026-09-03T21:10:00Z,1788469800000,DOM,100 MONROE CENTER ST NW
police,09/03/2026 17:11,2026-09-03T21:11:00Z,1788469860000,ASSIST,2900 MARSHALL AVE SE
police,09/03/2026 17:18,2026-09-03T21:18:00Z,1788470280000,PDB,28TH ST SE / EAST BELTLINE AVE SE
police,09/03/2026 17:28,2026-09-03T21:28:00Z,1788470880000,PDB,US-131 NB SO DOWNTOWN RAMP
police,09/03/2026 17:34,2026-09-03T21:34:00Z,1788471240000,SUSPICIOUS,400 KNAPP ST NE
fire,09/03/2026 17:52,2026-09-03T21:52:00Z,1788472320000,MED2,SPENCER ST NE / HERRICK AVE NE
police,09/03/2026 17:54,2026-09-03T21:54:00Z,1788472440000,DOM,100 MARTIN LUTHER KING JR ST SW
fire,09/03/2026 17:55,2026-09-03T21:55:00Z,1788472500000,CARBON,2300 ROWLAND AVE SE
police,09/03/2026 18:08,2026-09-03T22:08:00Z,1788473280000,THREAT,100 MADISON AVE SE
police,09/03/2026 18:14,2026-09-03T22:14:00Z,1788473640000,TAC,200 QUIGLEY BLVD SW
police,09/03/2026 18:17,2026-09-03T22:17:00Z,1788473820000,DISO,1400 E FULTON ST
fire,09/03/2026 18:27,2026-09-03T22:27:00Z,1788474420000,MED0,BUTTERWORTH ST SW / GARFIELD AVE SW
police,09/03/2026 18:27,2026-09-03T22:27:00Z,1788474420000,PI,BUTTERWORTH ST SW / GARFIELD AVE SW
police,09/03/2026 18:36,2026-09-03T22:36:00Z,1788474960000,THREAT,200 PALMER ST NE
police,09/03/2026 18:37,2026-09-03T22:37:00Z,1788475020000,PARKING,0 DIAMOND AVE NE
police,09/03/2026 18:42,2026-09-03T22:42:00Z,1788475320000,PDHR,CESAR E CHAVEZ AVE SW / BEACON ST SW
police,09/03/2026 18:45,2026-09-03T22:45:00Z,1788475500000,WARRANTA,200 JEFFERSON AVE SE
police,09/03/2026 18:45,2026-09-03T22:45:00Z,1788475500000,WELFARE,800 WORDEN ST SE
fire,09/03/2026 18:50,2026-09-03T22:50:00Z,1788475800000,MED1,500 HOWARD ST SE
fire,09/03/2026 18:53,2026-09-03T22:53:00Z,1788475980000,INVEST,1600 HERRICK AVE NE
police,09/03/2026 18:53,2026-09-03T22:53:00Z,1788475980000,ASLT,1300 MICHIGAN ST NE
police,09/03/2026 18:56,2026-09-03T22:56:00Z,1788476160000,TRES,300 ANN ST NW
police,09/03/2026 19:00,2026-09-03T23:00:00Z,1788476400000,ASSIST,RICHMOND ST NW / HAMILTON AVE NW
police,09/03/2026 19:02,2026-09-03T23:02:00Z,1788476520000,STOP,1100 EMERALD AVE NE
police,09/03/2026 19:03,2026-09-03T23:03:00Z,1788476580000,DISO,200 COMMERCE AVE SW
fire,09/03/2026 19:07,2026-09-03T23:07:00Z,1788476820000,CARBON,500 WORDEN ST SE
police,09/03/2026 19:07,2026-09-03T23:07:00Z,1788476820000,PDB,800 5TH ST NW
fire,09/03/2026 19:09,2026-09-03T23:09:00Z,1788476940000,MED2,RICHMOND ST NW / HAMILTON AVE NW
police,09/03/2026 19:09,2026-09-03T23:09:00Z,1788476940000,LARC,GOODRICH ST SW / COMMERCE AVE SW
police,09/03/2026 19:10,2026-09-03T23:10:00Z,1788477000000,SUSPICIOUS,100 DWIGHT AVE SE
police,09/03/2026 19:19,2026-09-03T23:19:00Z,1788477540000,WARRANTA,3300 EASTERN AVE SE
police,09/03/2026 19:20,2026-09-03T23:20:00Z,1788477600000,NOISE,BURTON ST SW / JEROME AVE SW
fire,09/03/2026 19:32,2026-09-03T23:32:00Z,1788478320000,MED2,MADISON AVE SE / CRAWFORD ST SE
police,09/03/2026 19:32,2026-09-03T23:32:00Z,1788478320000,ASSIST,BURTON ST SW / S DIVISION AVE
fire,09/03/2026 19:39,2026-09-03T23:39:00Z,1788478740000,FIREVEH,LEONARD OVER I-96
police,09/03/2026 19:47,2026-09-03T23:47:00Z,1788479220000,ASSIST,3600 CAMELOT DR SE
police,09/03/2026 19:53,2026-09-03T23:53:00Z,1788479580000,ASSIST,1400 BRIDGE ST NW
police,09/03/2026 19:56,2026-09-03T23:56:00Z,1788479760000,DISO,200 CESAR E CHAVEZ AVE SW
police,09/03/2026 19:57,2026-09-03T23:57:00Z,1788479820000,STOP,NOBLE ST SE / CALVIN AVE SE
police,09/03/2026 20:01,2026-09-04T00:01:00Z,1788480060000,DISO,600 CASS AVE SE
police,09/03/2026 20:08,2026-09-04T00:08:00Z,1788480480000,DISO,400 28TH ST SE
police,09/03/2026 20:09,2026-09-04T00:09:00Z,1788480540000,SUSPICIOUS,1300 PLAINFIELD AVE NE
fire,09/03/2026 20:13,2026-09-04T00:13:00Z,1788480780000,MED1,SCRIBNER AVE NW / BRIDGE ST NW
police,09/03/2026 20:13,2026-09-04T00:13:00Z,1788480780000,STOP,LAFAYETTE AVE NE / LYON ST NE
police,09/03/2026 20:18,2026-09-04T00:18:00Z,1788481080000,STOP,MADISON AVE SE / CRAWFORD ST SE
police,09/03/2026 20:19,2026-09-04T00:19:00Z,1788481140000,FIGHT,1400 DAVIS AVE NW
fire,09/03/2026 20:26,2026-09-04T00:26:00Z,1788481560000,MED1,LEONARD ST NE / FULLER AVE NE
police,09/03/2026 20:30,2026-09-04T00:30:00Z,1788481800000,SUSPICIOUS,200 FRONT AVE NW
police,09/03/2026 20:31,2026-09-04T00:31:00Z,1788481860000,SUSPICIOUS,GIDDINGS AVE SE / NOBLE ST SE
police,09/03/2026 20:31,2026-09-04T00:31:00Z,1788481860000,ASSIST,I-196 WB WO FULLER
fire,09/03/2026 20:35,2026-09-04T00:35:00Z,1788482100000,MED1,1500 42ND ST SE
police,09/03/2026 20:35,2026-09-04T00:35:00Z,1788482100000,STOP,MADISON AVE SE / DICKINSON ST SE
police,09/03/2026 20:36,2026-09-04T00:36:00Z,1788482160000,DISO,1200 LEONARD ST NE
police,09/03/2026 20:39,2026-09-04T00:39:00Z,1788482340000,WELFARE,0 MONROE AVE NW
police,09/03/2026 20:39,2026-09-04T00:39:00Z,1788482340000,NOISE,900 ALPINE AVE NW
police,09/03/2026 20:48,2026-09-04T00:48:00Z,1788482880000,DEER,I-196 WB TO FULLER RAMP
police,09/03/2026 20:51,2026-09-04T00:51:00Z,1788483060000,DOM,100 HIGHLAND ST SE
police,09/03/2026 20:52,2026-09-04T00:52:00Z,1788483120000,STOP,S DIVISION AVE / ANDRE ST SE
police,09/03/2026 20:54,2026-09-04T00:54:00Z,1788483240000,STOP,JEFFERSON AVE SE / LOGAN ST SE
fire,09/03/2026 20:57,2026-09-04T00:57:00Z,1788483420000,MED1,100 MONROE CENTER ST NW
police,09/03/2026 20:58,2026-09-04T00:58:00Z,1788483480000,STOP,RICHMOND ST NW / JENNETTE AVE NW
police,09/03/2026 21:05,2026-09-04T01:05:00Z,1788483900000,STOP,FULLER AVE NE / KENTWOOD ST NE
police,09/03/2026 21:05,2026-09-04T01:05:00Z,1788483900000,STOP,S DIVISION AVE / EOLA ST SE
police,09/03/2026 21:09,2026-09-04T01:09:00Z,1788484140000,DISO,500 UMATILLA ST SE
fire,09/03/2026 21:10,2026-09-04T01:10:00Z,1788484200000,MED1,1200 S DIVISION AVE
fire,09/03/2026 21:11,2026-09-04T01:11:00Z,1788484260000,FIREALARM,700 9TH ST NW
police,09/03/2026 21:11,2026-09-04T01:11:00Z,1788484260000,STOP,WEALTHY OVER US-131
police,09/03/2026 21:16,2026-09-04T01:16:00Z,1788484560000,STOP,600 FRONT AVE NW
police,09/03/2026 21:31,2026-09-04T01:31:00Z,1788485460000,WELFARE,2000 32ND ST SE
police,09/03/2026 21:38,2026-09-04T01:38:00Z,1788485880000,STOP,DELAWARE ST SE / UNION AVE SE
police,09/03/2026 21:42,2026-09-04T01:42:00Z,1788486120000,WARRANTA,S DIVISION AVE / GOODRICH ST SE
fire,09/03/2026 21:44,2026-09-04T01:44:00Z,1788486240000,FIREALARM,400 CHARLOTTE AVE NW
police,09/03/2026 21:49,2026-09-04T01:49:00Z,1788486540000,STOP,BRIDGE ST NW / LEXINGTON AVE NW
fire,09/03/2026 21:53,2026-09-04T01:53:00Z,1788486780000,MED1,800 HALL ST SE
police,09/03/2026 21:55,2026-09-04T01:55:00Z,1788486900000,SUSPICIOUS,3000 WOODSIDE AVE SE
police,09/03/2026 22:05,2026-09-04T02:05:00Z,1788487500000,DOM,1200 DICKINSON ST SE
police,09/03/2026 22:08,2026-09-04T02:08:00Z,1788487680000,PARKING,IONIA AVE SW / W FULTON ST
police,09/03/2026 22:10,2026-09-04T02:10:00Z,1788487800000,STOP,1300 MONROE AVE NW
police,09/03/2026 22:11,2026-09-04T02:11:00Z,1788487860000,STOP,LEONARD ST NW / JENNETTE AVE NW
fire,09/03/2026 22:14,2026-09-04T02:14:00Z,1788488040000,CARBON,1000 BRIDGE ST NW
police,09/03/2026 22:14,2026-09-04T02:14:00Z,1788488040000,911H,1100 KALAMAZOO AVE SE
police,09/03/2026 22:20,2026-09-04T02:20:00Z,1788488400000,STOP,HALL ST SE / EASTERN AVE SE
police,09/03/2026 22:22,2026-09-04T02:22:00Z,1788488520000,TRANSP,200 MARKET AVE SW
police,09/03/2026 22:24,2026-09-04T02:24:00Z,1788488640000,STOP,LEONARD ST NE / HERRICK AVE NE
police,09/03/2026 22:26,2026-09-04T02:26:00Z,1788488760000,PD,OTTAWA AVE SW / W FULTON ST
fire,09/03/2026 22:27,2026-09-04T02:27:00Z,1788488820000,MED1,OTTAWA AVE SW / W FULTON ST
police,09/03/2026 22:27,2026-09-04T02:27:00Z,1788488820000,STOP,1400 PLAINFIELD AVE NE
police,09/03/2026 22:27,2026-09-04T02:27:00Z,1788488820000,911U,400 WEALTHY ST SW
police,09/03/2026 22:31,2026-09-04T02:31:00Z,1788489060000,ALARM,800 COTTAGE GROVE ST SE
police,09/03/2026 22:35,2026-09-04T02:35:00Z,1788489300000,ALARM,900 28TH ST SE
fire,09/03/2026 22:36,2026-09-04T02:36:00Z,1788489360000,MED1,400 LA GRAVE AVE SE
police,09/03/2026 22:37,2026-09-04T02:37:00Z,1788489420000,STOP,300 LEXINGTON AVE NW
police,09/03/2026 22:39,2026-09-04T02:39:00Z,1788489540000,NOISE,BROWN ST SW / BUCHANAN AVE SW
police,09/03/2026 22:43,2026-09-04T02:43:00Z,1788489780000,STOP,LEONARD ST NE / LAFAYETTE AVE NE
police,09/03/2026 22:53,2026-09-04T02:53:00Z,1788490380000,WARRANTA,500 CLANCY AVE NE
police,09/03/2026 22:56,2026-09-04T02:56:00Z,1788490560000,STOP,S DIVISION AVE / GARDEN ST SE
police,09/03/2026 22:58,2026-09-04T02:58:00Z,1788490680000,STOP,COIT AVE NE / BARNETT ST NE
police,09/03/2026 23:00,2026-09-04T03:00:00Z,1788490800000,NOISE,400 STORRS ST SE
police,09/03/2026 23:06,2026-09-04T03:06:00Z,1788491160000,WELFARE,KALAMAZOO AVE SE / 28TH ST SE
fire,09/03/2026 23:07,2026-09-04T03:07:00Z,1788491220000,MED0,2300 S DIVISION AVE
fire,09/03/2026 23:08,2026-09-04T03:08:00Z,1788491280000,MED1,700 BALL AVE NE
police,09/03/2026 23:16,2026-09-04T03:16:00Z,1788491760000,STOP,ALPINE AVE NW / 7TH ST NW
police,09/03/2026 23:17,2026-09-04T03:17:00Z,1788491820000,DISO,1200 COLLEGE AVE NE
police,09/03/2026 23:17,2026-09-04T03:17:00Z,1788491820000,ALARM,2400 EASTERN AVE SE
police,09/03/2026 23:22,2026-09-04T03:22:00Z,1788492120000,DOM,900 3RD ST NW
police,09/03/2026 23:24,2026-09-04T03:24:00Z,1788492240000,STOP,MADISON AVE SE / BURTON ST SE
police,09/03/2026 23:28,2026-09-04T03:28:00Z,1788492480000,MIP,100 CESAR E CHAVEZ AVE SW
police,09/03/2026 23:30,2026-09-04T03:30:00Z,1788492600000,DOM,800 OAKDALE ST SE
police,09/03/2026 23:37,2026-09-04T03:37:00Z,1788493020000,STOP,SEWARD AVE NW / 6TH ST NW
police,09/03/2026 23:40,2026-09-04T03:40:00Z,1788493200000,TRES,400 BRIDGE ST NW
police,09/03/2026 23:40,2026-09-04T03:40:00Z,1788493200000,STOP,MICHIGAN ST NE / HOUSEMAN AVE NE
police,09/03/2026 23:41,2026-09-04T03:41:00Z,1788493260000,STOP,MADISON AVE SE / HIGHLAND ST SE
police,09/03/2026 23:53,2026-09-04T03:53:00Z,1788493980000,SUSPICIOUS,200 NATIONAL AVE NW
police,09/04/2026 00:02,2026-09-04T04:02:00Z,1788494520000,STOP,S DIVISION AVE / GARDEN ST SE
police,09/04/2026 00:03,2026-09-04T04:03:00Z,1788494580000,STOP,HALL ST SE / LAFAYETTE AVE SE
police,09/04/2026 00:07,2026-09-04T04:07:00Z,1788494820000,FI,S DIVISION AVE / BARTLETT ST SW
police,09/04/2026 00:07,2026-09-04T04:07:00Z,1788494820000,STOP,SHELDON AVE SE / GREEN ST SE
police,09/04/2026 00:09,2026-09-04T04:09:00Z,1788494940000,DISO,1200 MICHIGAN ST NE
police,09/04/2026 00:10,2026-09-04T04:10:00Z,1788495000000,STOP,800 FAIRVIEW AVE NE
police,09/04/2026 00:13,2026-09-04T04:13:00Z,1788495180000,WELFARE,100 SHELDON AVE SE
police,09/04/2026 00:13,2026-09-04T04:13:00Z,1788495180000,STOP,S DIVISION AVE / FAIR ST SE
fire,09/04/2026 00:16,2026-09-04T04:16:00Z,1788495360000,MED2,400 WORDEN ST SE
police,09/04/2026 00:16,2026-09-04T04:16:00Z,1788495360000,UNKACC,400 WORDEN ST SE
police,09/04/2026 00:17,2026-09-04T04:17:00Z,1788495420000,STOP,LEONARD ST NW / DAVIS AVE NW
fire,09/04/2026 00:18,2026-09-04T04:18:00Z,1788495480000,FIREALARM,2100 43RD ST SE
police,09/04/2026 00:18,2026-09-04T04:18:00Z,1788495480000,STOP,PLYMOUTH AVE NE / STONEBROOK DR NE
fire,09/04/2026 00:28,2026-09-04T04:28:00Z,1788496080000,MED2,2000 LEONARD ST NE
police,09/04/2026 00:39,2026-09-04T04:39:00Z,1788496740000,SUSPICIOUS,1400 WEALTHY ST SE
police,09/04/2026 00:40,2026-09-04T04:40:00Z,1788496800000,STOP,1200 S DIVISION AVE
fire,09/04/2026 00:50,2026-09-04T04:50:00Z,1788497400000,MED1,WESTON ST SE / SHELDON AVE SE
police,09/04/2026 00:50,2026-09-04T04:50:00Z,1788497400000,ASSIST,WESTON ST SE / SHELDON AVE SE
police,09/04/2026 00:55,2026-09-04T04:55:00Z,1788497700000,STOP,BUCHANAN AVE SW / STEWART ST SW
police,09/04/2026 00:59,2026-09-04T04:59:00Z,1788497940000,DISO,500 LIVINGSTON AVE NE
police,09/04/2026 01:08,2026-09-04T05:08:00Z,1788498480000,STOP,LAFAYETTE AVE SE / MARTIN LUTHER KING JR ST SE
police,09/04/2026 01:11,2026-09-04T05:11:00Z,1788498660000,STOP,STOCKING AVE NW / 2ND ST NW
police,09/04/2026 01:21,2026-09-04T05:21:00Z,1788499260000,STOP,BRIDGE ST NW / LEXINGTON AVE NW
police,09/04/2026 01:21,2026-09-04T05:21:00Z,1788499260000,STOP,MADISON AVE SE / BURTON ST SE
police,09/04/2026 01:25,2026-09-04T05:25:00Z,1788499500000,STOP,SCRIBNER AVE NW / 6TH ST NW
police,09/04/2026 01:26,2026-09-04T05:26:00Z,1788499560000,LARC,600 MONROE AVE NW
fire,09/04/2026 01:35,2026-09-04T05:35:00Z,1788500100000,MED2,100 SHELDON AVE SE
police,09/04/2026 01:36,2026-09-04T05:36:00Z,1788500160000,STOP,100 CALEDONIA ST NE
police,09/04/2026 01:41,2026-09-04T05:41:00Z,1788500460000,STOP,WEALTHY OVER US-131
police,09/04/2026 01:42,2026-09-04T05:42:00Z,1788500520000,STOP,LA BELLE ST SE / DOREMUS PL SE
police,09/04/2026 01:42,2026-09-04T05:42:00Z,1788500520000,STOP,TROWBRIDGE ST NW / MONROE AVE NW
police,09/04/2026 01:49,2026-09-04T05:49:00Z,1788500940000,911U,2400 43RD ST SE
fire,09/04/2026 01:57,2026-09-04T05:57:00Z,1788501420000,MED1,2500 OAK INDUSTRIAL DR NE
police,09/04/2026 01:59,2026-09-04T05:59:00Z,1788501540000,STOP,HALL ST SE / EUCLID AVE SE
police,09/04/2026 01:59,2026-09-04T05:59:00Z,1788501540000,STOP,PLAINFIELD AVE NE / SWEET ST NE
police,09/04/2026 02:04,2026-09-04T06:04:00Z,1788501840000,DOM,2900 MARSHALL AVE SE
police,09/04/2026 02:04,2026-09-04T06:04:00Z,1788501840000,STOP,600 FRONT AVE NW
police,09/04/2026 02:08,2026-09-04T06:08:00Z,1788502080000,ALARM,1700 MONROE AVE NW
police,09/04/2026 02:13,2026-09-04T06:13:00Z,1788502380000,STOP,HALL ST SE / JEFFERSON AVE SE
police,09/04/2026 02:15,2026-09-04T06:15:00Z,1788502500000,DOM,400 WORDEN ST SE
fire,09/04/2026 02:17,2026-09-04T06:17:00Z,1788502620000,MED2,400 S DIVISION AVE
police,09/04/2026 02:22,2026-09-04T06:22:00Z,1788502920000,FIGHT,ELM ST SW / S DIVISION AVE
police,09/04/2026 02:31,2026-09-04T06:31:00Z,1788503460000,SUSPICIOUS,0 CALEDONIA ST NE
police,09/04/2026 02:32,2026-09-04T06:32:00Z,1788503520000,STOP,MADISON AVE SE / WOODLAWN ST SE
police,09/04/2026 02:41,2026-09-04T06:41:00Z,1788504060000,DOM,100 ANDRE ST SW
fire,09/04/2026 02:47,2026-09-04T06:47:00Z,1788504420000,MED1,1900 BRADFORD ST NE
fire,09/04/2026 03:02,2026-09-04T07:02:00Z,1788505320000,MED1,2300 GODWIN AVE SE
fire,09/04/2026 03:11,2026-09-04T07:11:00Z,1788505860000,MED1,1400 HILLCREST AVE NW
police,09/04/2026 03:13,2026-09-04T07:13:00Z,1788505980000,STOP,SEWARD AVE NW / 1ST ST NW
fire,09/04/2026 03:19,2026-09-04T07:19:00Z,1788506340000,MED1,2000 32ND ST SE
police,09/04/2026 03:27,2026-09-04T07:27:00Z,1788506820000,STOP,900 MICHIGAN ST NE
police,09/04/2026 03:33,2026-09-04T07:33:00Z,1788507180000,SUSPICIOUS,1000 MICHIGAN ST NE
police,09/04/2026 03:38,2026-09-04T07:38:00Z,1788507480000,DOM,0 ANDRE ST SE
police,09/04/2026 03:43,2026-09-04T07:43:00Z,1788507780000,WARRANTA,800 E FULTON ST
police,09/04/2026 03:44,2026-09-04T07:44:00Z,1788507840000,THREAT,700 BUTTERWORTH ST SW
police,09/04/2026 03:45,2026-09-04T07:45:00Z,1788507900000,WELFARE,I-196 WB EO LAKE MICHIGAN
police,09/04/2026 03:53,2026-09-04T07:53:00Z,1788508380000,STOP,CHERRY TO US-131 SB RAMP
fire,09/04/2026 03:55,2026-09-04T07:55:00Z,1788508500000,MED1,0 RANSOM AVE NE
police,09/04/2026 03:56,2026-09-04T07:56:00Z,1788508560000,STOP,S DIVISION AVE / PUTNAM ST SW
police,09/04/2026 04:12,2026-09-04T08:12:00Z,1788509520000,DOM,800 BRIDGE ST NW
police,09/04/2026 04:39,2026-09-04T08:39:00Z,1788511140000,ASSIST,1100 DUNHAM ST SE
police,09/04/2026 04:43,2026-09-04T08:43:00Z,1788511380000,DOMA,2100 43RD ST SE
fire,09/04/2026 04:53,2026-09-04T08:53:00Z,1788511980000,MED2,2100 TREMONT BLVD NW
police,09/04/2026 05:16,2026-09-04T09:16:00Z,1788513360000,DOM,1000 W FULTON ST
police,09/04/2026 06:12,2026-09-04T10:12:00Z,1788516720000,PD,I-196 EB WO LAKE MICHIGAN
police,09/04/2026 06:14,2026-09-04T10:14:00Z,1788516840000,SUICIDETH,800 BRIDGE ST NW
police,09/04/2026 06:36,2026-09-04T10:36:00Z,1788518160000,DISO,1500 PHILADELPHIA AVE SE
police,09/04/2026 06:39,2026-09-04T10:39:00Z,1788518340000,OBSCENE,200 MARKET AVE SW
police,09/04/2026 07:02,2026-09-04T11:02:00Z,1788519720000,ASSIST,MADISON AVE SE / HALL ST SE
police,09/04/2026 07:13,2026-09-04T11:13:00Z,1788520380000,DOM,0 HALL ST SW
police,09/04/2026 07:23,2026-09-04T11:23:00Z,1788520980000,SUSPICIOUS,900 4TH ST NW
police,09/04/2026 07:37,2026-09-04T11:37:00Z,1788521820000,WELFARE,900 BRIDGE ST NW
fire,09/04/2026 07:40,2026-09-04T11:40:00Z,1788522000000,MED1,700 MONROE AVE NW
fire,09/04/2026 07:44,2026-09-04T11:44:00Z,1788522240000,FIREALARM,0 OTTAWA AVE NW
fire,09/04/2026 07:44,2026-09-04T11:44:00Z,1788522240000,MED1,1100 MADISON AVE SE
fire,09/04/2026 07:45,2026-09-04T11:45:00Z,1788522300000,MED3,2500 KALAMAZOO AVE SE
fire,09/04/2026 07:49,2026-09-04T11:49:00Z,1788522540000,MED1,0 OTTAWA AVE NW
police,09/04/2026 07:53,2026-09-04T11:53:00Z,1788522780000,ALARM,3900 BURTON ST SE
fire,09/04/2026 08:07,2026-09-04T12:07:00Z,1788523620000,MED1,800 1ST ST NW
fire,09/04/2026 08:15,2026-09-04T12:15:00Z,1788524100000,MED1,2000 SWENSBERG AVE NE
police,09/04/2026 08:23,2026-09-04T12:23:00Z,1788524580000,STOLENV,1800 RADCLIFF AVE SE
fire,09/04/2026 08:34,2026-09-04T12:34:00Z,1788525240000,MED2,I-196 WB AT PLYMOUTH
police,09/04/2026 08:34,2026-09-04T12:34:00Z,1788525240000,PI,I-196 WB AT PLYMOUTH
fire,09/04/2026 08:45,2026-09-04T12:45:00Z,1788525900000,CARBON,1300 GRIGGS ST SE
police,09/04/2026 08:45,2026-09-04T12:45:00Z,1788525900000,DOM,400 STATE ST SE
police,09/04/2026 08:52,2026-09-04T12:52:00Z,1788526320000,STOP,RANSOM AVE NE / LYON ST NE
fire,09/04/2026 09:03,2026-09-04T13:03:00Z,1788526980000,MED2,300 MONROE AVE NW
police,09/04/2026 09:03,2026-09-04T13:03:00Z,1788526980000,ASSIST,100 28TH ST SW
police,09/04/2026 09:03,2026-09-04T13:03:00Z,1788526980000,WELFARE,1100 CALIFORNIA ST NW
police,09/04/2026 09:08,2026-09-04T13:08:00Z,1788527280000,ASLT,1500 MOREWOOD DR SE
police,09/04/2026 09:23,2026-09-04T13:23:00Z,1788528180000,DISO,100 S DIVISION AVE
police,09/04/2026 09:25,2026-09-04T13:25:00Z,1788528300000,PDB,BRETON AVE SE / GRANITE ST SE
police,09/04/2026 09:35,2026-09-04T13:35:00Z,1788528900000,CSC,2300 BALL AVE NE
fire,09/04/2026 09:37,2026-09-04T13:37:00Z,1788529020000,MED1,BRETON AVE SE / GRANITE ST SE
police,09/04/2026 09:44,2026-09-04T13:44:00Z,1788529440000,DOM,3800 E  NORWALK  DR SE
fire,09/04/2026 09:50,2026-09-04T13:50:00Z,1788529800000,MED1,2900 MARSHALL AVE SE
fire,09/04/2026 09:51,2026-09-04T13:51:00Z,1788529860000,MED1,1300 OAKLAWN ST NE
police,09/04/2026 09:57,2026-09-04T13:57:00Z,1788530220000,WELFARE,0 MONROE CENTER ST NW
police,09/04/2026 10:05,2026-09-04T14:05:00Z,1788530700000,ASSIST,I-196 EB TO COLLEGE RAMP
police,09/04/2026 10:11,2026-09-04T14:11:00Z,1788531060000,ALARM,200 CESAR E CHAVEZ AVE SW
fire,09/04/2026 10:16,2026-09-04T14:16:00Z,1788531360000,MED1,700 28TH ST SE
fire,09/04/2026 10:23,2026-09-04T14:23:00Z,1788531780000,MED1,0 WILLIAMS ST SW
police,09/04/2026 10:32,2026-09-04T14:32:00Z,1788532320000,STOP,100 MONROE CENTER ST NW
police,09/04/2026 10:35,2026-09-04T14:35:00Z,1788532500000,ALARM,2600 29TH ST SE
fire,09/04/2026 10:39,2026-09-04T14:39:00Z,1788532740000,MED1,400 IONIA AVE SW
police,09/04/2026 10:42,2026-09-04T14:42:00Z,1788532920000,ASSIST,400 IONIA AVE SW
fire,09/04/2026 10:43,2026-09-04T14:43:00Z,1788532980000,MED1,1300 BRADFORD ST NE
fire,09/04/2026 10:43,2026-09-04T14:43:00Z,1788532980000,FIRESTRUC,3900 WHISPERING WAY SE
fire,09/04/2026 10:48,2026-09-04T14:48:00Z,1788533280000,MED1,100 MICHIGAN ST NE
fire,09/04/2026 10:53,2026-09-04T14:53:00Z,1788533580000,MED1,2000 32ND ST SE
police,09/04/2026 10:53,2026-09-04T14:53:00Z,1788533580000,DOMA,1000 LOGAN ST SE
police,09/04/2026 11:09,2026-09-04T15:09:00Z,1788534540000,PARKING,400 CRESCENT ST NE
police,09/04/2026 11:13,2026-09-04T15:13:00Z,1788534780000,WELFARE,500 FULLER AVE NE
police,09/04/2026 11:15,2026-09-04T15:15:00Z,1788534900000,WELFARE,1900 PROSPECT AVE SE
police,09/04/2026 11:22,2026-09-04T15:22:00Z,1788535320000,PDHR,I-96 EB EO EAST BELTLINE-GR
police,09/04/2026 11:23,2026-09-04T15:23:00Z,1788535380000,TRES,0 WILLIAMS ST SW
police,09/04/2026 11:25,2026-09-04T15:25:00Z,1788535500000,ASSIST,EAST BELTLINE AVE SE / BURTON ST SE
fire,09/04/2026 11:44,2026-09-04T15:44:00Z,1788536640000,MED2,1900 32ND ST SE
fire,09/04/2026 11:44,2026-09-04T15:44:00Z,1788536640000,MED2,800 WEALTHY ST SE
police,09/04/2026 11:48,2026-09-04T15:48:00Z,1788536880000,WPNB,300 S DIVISION AVE
fire,09/04/2026 11:58,2026-09-04T15:58:00Z,1788537480000,MED2,BLAINE AVE SE / GRIGGS ST SE
police,09/04/2026 11:58,2026-09-04T15:58:00Z,1788537480000,UNKACC,BLAINE AVE SE / GRIGGS ST SE
police,09/04/2026 11:59,2026-09-04T15:59:00Z,1788537540000,ASSIST,400 ADAMS ST SE
police,09/04/2026 12:06,2026-09-04T16:06:00Z,1788537960000,WELFARE,BRIGGS BLVD NE / ELMDALE ST NE
police,09/04/2026 12:07,2026-09-04T16:07:00Z,1788538020000,PD,US-131 SB AT WEALTHY
fire,09/04/2026 12:17,2026-09-04T16:17:00Z,1788538620000,WIRE,MOUNT MERCY DR NW / VALLEY AVE NW
police,09/04/2026 12:17,2026-09-04T16:17:00Z,1788538620000,STOP,100 BURTON ST SE
fire,09/04/2026 12:19,2026-09-04T16:19:00Z,1788538740000,MED1,2000 32ND ST SE
police,09/04/2026 12:23,2026-09-04T16:23:00Z,1788538980000,ABAND,1700 MARGARET AVE SE
police,09/04/2026 12:30,2026-09-04T16:30:00Z,1788539400000,ASSIST,MOUNT MERCY DR NW / TREMONT BLVD NW
police,09/04/2026 12:46,2026-09-04T16:46:00Z,1788540360000,STOP,28TH ST SE / BIRCHCREST DR SE
police,09/04/2026 12:47,2026-09-04T16:47:00Z,1788540420000,SUICIDETH,0 MONROE CENTER ST NW
fire,09/04/2026 13:00,2026-09-04T17:00:00Z,1788541200000,CARBON,3800 RAVINE VISTA DR SE
police,09/04/2026 13:02,2026-09-04T17:02:00Z,1788541320000,SUICIDETH,600 S DIVISION AVE
police,09/04/2026 13:04,2026-09-04T17:04:00Z,1788541440000,WELFARE,JEFFERSON AVE SE / CHERRY ST SE
police,09/04/2026 13:12,2026-09-04T17:12:00Z,1788541920000,PARKING,LYON ST NE / RANSOM AVE NE
police,09/04/2026 13:20,2026-09-04T17:20:00Z,1788542400000,LOSTFOUND,900 UNION AVE SE
fire,09/04/2026 13:22,2026-09-04T17:22:00Z,1788542520000,MED1,300 BROWN ST SW
police,09/04/2026 13:29,2026-09-04T17:29:00Z,1788542940000,STOP,2300 STAFFORD AVE SW
police,09/04/2026 13:33,2026-09-04T17:33:00Z,1788543180000,SUSPICIOUS,200 SPENCER ST NE
police,09/04/2026 13:35,2026-09-04T17:35:00Z,1788543300000,INJV,500 QUIMBY ST NE
police,09/04/2026 13:37,2026-09-04T17:37:00Z,1788543420000,STOP,300 IONIA AVE SW
police,09/04/2026 13:40,2026-09-04T17:40:00Z,1788543600000,ASSIST,0 FITZHUGH AVE SE
police,09/04/2026 13:41,2026-09-04T17:41:00Z,1788543660000,ABAND,100 LANE AVE SW
fire,09/04/2026 13:45,2026-09-04T17:45:00Z,1788543900000,MED1,200 PALMER ST NE
police,09/04/2026 13:46,2026-09-04T17:46:00Z,1788543960000,SUICIDETH,100 LIBRARY ST NE
fire,09/04/2026 13:57,2026-09-04T17:57:00Z,1788544620000,MED2,400 MICHIGAN ST NE
police,09/04/2026 13:58,2026-09-04T17:58:00Z,1788544680000,MISSING,800 BURTON ST SE
police,09/04/2026 14:04,2026-09-04T18:04:00Z,1788545040000,DOM,1200 DICKINSON ST SE
fire,09/04/2026 14:07,2026-09-04T18:07:00Z,1788545220000,AOA,100 RANSOM AVE NE
fire,09/04/2026 14:09,2026-09-04T18:09:00Z,1788545340000,FIREALARM,4100 OAK PARK DR SE
police,09/04/2026 14:12,2026-09-04T18:12:00Z,1788545520000,PD,LEONARD ST NW / FRONT AVE NW
fire,09/04/2026 14:21,2026-09-04T18:21:00Z,1788546060000,MED2,LEONARD ST NW / FRONT AVE NW
police,09/04/2026 14:22,2026-09-04T18:22:00Z,1788546120000,VEHI,200 CALKINS AVE SE
fire,09/04/2026 14:27,2026-09-04T18:27:00Z,1788546420000,MED1,S DIVISION AVE / CHERRY ST SE
police,09/04/2026 14:31,2026-09-04T18:31:00Z,1788546660000,PD,2500 EASTERN AVE SE
police,09/04/2026 14:47,2026-09-04T18:47:00Z,1788547620000,WELFARE,100 FRONT AVE NW
police,09/04/2026 14:50,2026-09-04T18:50:00Z,1788547800000,SUSPICIOUS,1200 EAST BELTLINE AVE NE
fire,09/04/2026 14:51,2026-09-04T18:51:00Z,1788547860000,WIRE,4TH ST NW / MILWAUKEE AVE NW
fire,09/04/2026 14:53,2026-09-04T18:53:00Z,1788547980000,MED1,SHELDON AVE SE / WESTON ST SE
fire,09/04/2026 14:58,2026-09-04T18:58:00Z,1788548280000,MED1,2200 43RD ST SE
police,09/04/2026 14:58,2026-09-04T18:58:00Z,1788548280000,DISO,300 CESAR E CHAVEZ AVE SW
fire,09/04/2026 15:22,2026-09-04T19:22:00Z,1788549720000,AOA,2400 PLAINFIELD AVE NE
police,09/04/2026 15:29,2026-09-04T19:29:00Z,1788550140000,ASSIST,PLYMOUTH AVE SE / BURTON ST SE
police,09/04/2026 15:30,2026-09-04T19:30:00Z,1788550200000,WARRANTA,2200 DEAN LAKE AVE NE
police,09/04/2026 15:31,2026-09-04T19:31:00Z,1788550260000,TRES,1000 WEALTHY ST SE
fire,09/04/2026 15:37,2026-09-04T19:37:00Z,1788550620000,MED1,1700 LEONARD ST NE
fire,09/04/2026 15:37,2026-09-04T19:37:00Z,1788550620000,MED1,4000 WHISPERING WAY SE
fire,09/04/2026 15:43,2026-09-04T19:43:00Z,1788550980000,MED1,COMMERCE AVE SW / CHERRY ST SW
police,09/04/2026 15:46,2026-09-04T19:46:00Z,1788551160000,WELFARE,4400 NORMAN DR SE
police,09/04/2026 15:53,2026-09-04T19:53:00Z,1788551580000,STOP,HIGHLAND ST SE / SHELDON AVE SE
fire,09/04/2026 15:57,2026-09-04T19:57:00Z,1788551820000,MED1,1500 JENNETTE AVE NW
fire,09/04/2026 16:09,2026-09-04T20:09:00Z,1788552540000,MED1,500 HOWARD ST SE
police,09/04/2026 16:09,2026-09-04T20:09:00Z,1788552540000,STOP,100 MARTIN LUTHER KING JR ST SW
police,09/04/2026 16:12,2026-09-04T20:12:00Z,1788552720000,DOM,0 LOGAN ST SW
fire,09/04/2026 16:16,2026-09-04T20:16:00Z,1788552960000,MED2,1600 LEONARD ST NE
police,09/04/2026 16:16,2026-09-04T20:16:00Z,1788552960000,UNKACC,1600 LEONARD ST NE
police,09/04/2026 16:18,2026-09-04T20:18:00Z,1788553080000,WELFARE,300 ATLAS AVE SE
police,09/04/2026 16:19,2026-09-04T20:19:00Z,1788553140000,STOP,28TH ST SE / EAST BELTLINE AVE SE
police,09/04/2026 16:25,2026-09-04T20:25:00Z,1788553500000,VCSA,900 33RD ST SE
fire,09/04/2026 16:30,2026-09-04T20:30:00Z,1788553800000,WIRE,1700 GARFIELD AVE NW
police,09/04/2026 16:40,2026-09-04T20:40:00Z,1788554400000,STOP,BURTON ST SE / BRETON RD SE
police,09/04/2026 16:41,2026-09-04T20:41:00Z,1788554460000,STOP,COTTAGE GROVE ST SE / S DIVISION AVE
police,09/04/2026 16:43,2026-09-04T20:43:00Z,1788554580000,WELFARE,800 WOOLSEY DR SW
fire,09/04/2026 17:00,2026-09-04T21:00:00Z,1788555600000,MED1,1000 IONIA AVE SW
police,09/04/2026 17:01,2026-09-04T21:01:00Z,1788555660000,WELFARE,200 MARKET AVE SW
fire,09/04/2026 17:02,2026-09-04T21:02:00Z,1788555720000,MED1,900 SHEFFIELD ST SW
fire,09/04/2026 17:04,2026-09-04T21:04:00Z,1788555840000,MED0,S DIVISION AVE / PLEASANT ST SE
police,09/04/2026 17:04,2026-09-04T21:04:00Z,1788555840000,PI,S DIVISION AVE / PLEASANT ST SE
police,09/04/2026 17:05,2026-09-04T21:05:00Z,1788555900000,DOM,1400 DAVIS AVE NW
police,09/04/2026 17:11,2026-09-04T21:11:00Z,1788556260000,THREAT,2300 HORTON AVE SE
police,09/04/2026 17:19,2026-09-04T21:19:00Z,1788556740000,WELFARE,I-196 WB EO US-131
fire,09/04/2026 17:50,2026-09-04T21:50:00Z,1788558600000,MED1,E FULTON ST / E PARK PL NE
police,09/04/2026 17:54,2026-09-04T21:54:00Z,1788558840000,ASSIST,I-96 WB AT MONROE
police,09/04/2026 18:01,2026-09-04T22:01:00Z,1788559260000,ASSIST,800 MARTIN LUTHER KING JR ST SE
fire,09/04/2026 18:02,2026-09-04T22:02:00Z,1788559320000,MED2,100 LAFAYETTE AVE NE
police,09/04/2026 18:04,2026-09-04T22:04:00Z,1788559440000,DOM,3400 HICKORY AVE SE
police,09/04/2026 18:05,2026-09-04T22:05:00Z,1788559500000,DOMA,1800 MASON ST NE
police,09/04/2026 18:07,2026-09-04T22:07:00Z,1788559620000,PD,VALLEY AVE NW / LAKE MICHIGAN DR NW
police,09/04/2026 18:09,2026-09-04T22:09:00Z,1788559740000,DOMA,1000 JENNETTE AVE NW
police,09/04/2026 18:10,2026-09-04T22:10:00Z,1788559800000,WELFARE,I-196 WB AT 28TH
police,09/04/2026 18:14,2026-09-04T22:14:00Z,1788560040000,WELFARE,1000 MICHIGAN ST NE
fire,09/04/2026 18:22,2026-09-04T22:22:00Z,1788560520000,AOA,500 BRIDGE ST NW
police,09/04/2026 18:23,2026-09-04T22:23:00Z,1788560580000,STOP,500 BURTON ST SW
police,09/04/2026 18:26,2026-09-04T22:26:00Z,1788560760000,WELFARE,DOUGLAS ST NW / SEWARD AVE NW
fire,09/04/2026 18:27,2026-09-04T22:27:00Z,1788560820000,MED2,DOUGLAS ST NW / SEWARD AVE NW
police,09/04/2026 18:39,2026-09-04T22:39:00Z,1788561540000,PD,BRIDGE ST NW / COVELL AVE NW
fire,09/04/2026 18:44,2026-09-04T22:44:00Z,1788561840000,INVEST,100 BOWNE ST NE
fire,09/04/2026 18:48,2026-09-04T22:48:00Z,1788562080000,MED1,1800 NELSON AVE SE
fire,09/04/2026 18:49,2026-09-04T22:49:00Z,1788562140000,FIREALARM,700 CLARK CROSSING DR SE
police,09/04/2026 18:52,2026-09-04T22:52:00Z,1788562320000,CHILD,3800 KALAMAZOO AVE SE
police,09/04/2026 18:59,2026-09-04T22:59:00Z,1788562740000,MDOP,500 CLOVER CT NW
police,09/04/2026 19:03,2026-09-04T23:03:00Z,1788562980000,ALARM,800 PROSPECT AVE NE
fire,09/04/2026 19:10,2026-09-04T23:10:00Z,1788563400000,MED1,2400 VALLEYWOOD DR SE
police,09/04/2026 19:10,2026-09-04T23:10:00Z,1788563400000,STOLENV,CESAR E CHAVEZ AVE SW / WEALTHY ST SW
fire,09/04/2026 19:12,2026-09-04T23:12:00Z,1788563520000,MED1,900 FRONT AVE NW
police,09/04/2026 19:14,2026-09-04T23:14:00Z,1788563640000,LARC,900 DAVIS AVE NW
police,09/04/2026 19:15,2026-09-04T23:15:00Z,1788563700000,SUSPICIOUS,1300 MONROE AVE NW
police,09/04/2026 19:19,2026-09-04T23:19:00Z,1788563940000,ALARM,1200 PLAINFIELD AVE NE
fire,09/04/2026 19:21,2026-09-04T23:21:00Z,1788564060000,MED2,1700 S DIVISION AVE
police,09/04/2026 19:23,2026-09-04T23:23:00Z,1788564180000,WARRANTA,S DIVISION AVE / WEALTHY ST SE
fire,09/04/2026 19:27,2026-09-04T23:27:00Z,1788564420000,CARBON,1700 BENJAMIN AVE NE
police,09/04/2026 19:29,2026-09-04T23:29:00Z,1788564540000,HARASS,500 CEDAR ST NE
police,09/04/2026 19:36,2026-09-04T23:36:00Z,1788564960000,PD,KALAMAZOO AVE SE / (NO)28TH ST SE
police,09/04/2026 19:40,2026-09-04T23:40:00Z,1788565200000,STOP,100 LA GRAVE AVE SE
police,09/04/2026 19:41,2026-09-04T23:41:00Z,1788565260000,ASLT,400 FULLER AVE NE
police,09/04/2026 19:44,2026-09-04T23:44:00Z,1788565440000,DISO,0 HALL ST SW
police,09/04/2026 19:49,2026-09-04T23:49:00Z,1788565740000,DOMA,800 EVERGREEN ST SE
police,09/04/2026 19:55,2026-09-04T23:55:00Z,1788566100000,RECOVERY,1800 ALPINE AVE NW
fire,09/04/2026 20:01,2026-09-05T00:01:00Z,1788566460000,MED1,1000 BATES ST SE
police,09/04/2026 20:05,2026-09-05T00:05:00Z,1788566700000,STOP,EASTERN AVE SE / BATES ST SE
police,09/04/2026 20:08,2026-09-05T00:08:00Z,1788566880000,WARRANTA,1800 PLUM HOLLOW LN NE
police,09/04/2026 20:10,2026-09-05T00:10:00Z,1788567000000,ABAND,1700 COLLEGE AVE SE
police,09/04/2026 20:11,2026-09-05T00:11:00Z,1788567060000,STOP,OAKES ST SE / LA GRAVE AVE SE
police,09/04/2026 20:13,2026-09-05T00:13:00Z,1788567180000,STOP,BROADWAY AVE NW / CROSBY ST NW
police,09/04/2026 20:14,2026-09-05T00:14:00Z,1788567240000,STOP,1000 BAXTER ST SE
police,09/04/2026 20:15,2026-09-05T00:15:00Z,1788567300000,STOP,100 HALL ST SE
fire,09/04/2026 20:21,2026-09-05T00:21:00Z,1788567660000,AOA,2600 KALAMAZOO AVE SE
police,09/04/2026 20:24,2026-09-05T00:24:00Z,1788567840000,STOP,CASS AVE SE / HALL ST SE
police,09/04/2026 20:26,2026-09-05T00:26:00Z,1788567960000,STOP,PLAINFIELD AVE NE / SWEET ST NE
police,09/04/2026 20:33,2026-09-05T00:33:00Z,1788568380000,STOP,LEONARD ST NW / PINE AVE NW
police,09/04/2026 20:33,2026-09-05T00:33:00Z,1788568380000,STOP,WEALTHY ST SE / LA GRAVE AVE SE
police,09/04/2026 20:37,2026-09-05T00:37:00Z,1788568620000,STOP,MICHIGAN ST NE / PARIS AVE NE
fire,09/04/2026 20:44,2026-09-05T00:44:00Z,1788569040000,MED1,2100 RAYBROOK AVE SE
police,09/04/2026 20:44,2026-09-05T00:44:00Z,1788569040000,STOP,LEONARD ST NW / MONROE AVE NW
police,09/04/2026 20:45,2026-09-05T00:45:00Z,1788569100000,STOP,S DIVISION AVE / WESTON ST SE
police,09/04/2026 20:52,2026-09-05T00:52:00Z,1788569520000,PARKING,ALPINE AVE NW / 11TH ST NW
police,09/04/2026 20:59,2026-09-05T00:59:00Z,1788569940000,STOP,MARKET AVE SW / BARTLETT ST SW
fire,09/04/2026 21:08,2026-09-05T01:08:00Z,1788570480000,MED1,1100 ORVILLE ST SE
police,09/04/2026 21:08,2026-09-05T01:08:00Z,1788570480000,STOP,TROWBRIDGE ST NE / COIT AVE NE
police,09/04/2026 21:10,2026-09-05T01:10:00Z,1788570600000,STOP,W FULTON ST / COMMERCE AVE SW
police,09/04/2026 21:15,2026-09-05T01:15:00Z,1788570900000,STOP,COLLEGE AVE NE / MICHIGAN ST NE
police,09/04/2026 21:16,2026-09-05T01:16:00Z,1788570960000,STOP,E FULTON ST / SHELDON AVE NE
police,09/04/2026 21:21,2026-09-05T01:21:00Z,1788571260000,WARRANTP,600 CLANCY AVE NE
police,09/04/2026 21:21,2026-09-05T01:21:00Z,1788571260000,STOP,GOODRICH ST SE / S DIVISION AVE
police,09/04/2026 21:22,2026-09-05T01:22:00Z,1788571320000,PEACE,800 9TH ST NW
police,09/04/2026 21:22,2026-09-05T01:22:00Z,1788571320000,ALARM,900 28TH ST SE
police,09/04/2026 21:24,2026-09-05T01:24:00Z,1788571440000,STOP,CASS AVE SE / HALL ST SE
police,09/04/2026 21:25,2026-09-05T01:25:00Z,1788571500000,STOP,WEALTHY ST SE / JAMES AVE SE
police,09/04/2026 21:27,2026-09-05T01:27:00Z,1788571620000,STOP,CHERRY ST SW / COMMERCE AVE SW
police,09/04/2026 21:30,2026-09-05T01:30:00Z,1788571800000,STOP,2500 EASTERN AVE SE
police,09/04/2026 21:30,2026-09-05T01:30:00Z,1788571800000,STOP,LYON ST NE / COLLEGE AVE NE
police,09/04/2026 21:32,2026-09-05T01:32:00Z,1788571920000,STOP,CESAR E CHAVEZ AVE SW / WESTON ST SW
police,09/04/2026 21:35,2026-09-05T01:35:00Z,1788572100000,SUSPICIOUS,500 NORWOOD AVE SE
police,09/04/2026 21:39,2026-09-05T01:39:00Z,1788572340000,STOP,ALEXANDER ST SE / GIBSON ST SE
police,09/04/2026 21:40,2026-09-05T01:40:00Z,1788572400000,STOP,200 FULLER AVE NE
police,09/04/2026 21:47,2026-09-05T01:47:00Z,1788572820000,STOP,FULLER TO I-196 WB RAMP
police,09/04/2026 21:48,2026-09-05T01:48:00Z,1788572880000,STOP,PLEASANT ST SE / THOMPSON CT SE
police,09/04/2026 21:50,2026-09-05T01:50:00Z,1788573000000,STOP,BUCHANAN AVE SW / SUTTON ST SW
police,09/04/2026 21:54,2026-09-05T01:54:00Z,1788573240000,WARRANTP,SHELDON AVE SE / CHERRY ST SE
police,09/04/2026 21:56,2026-09-05T01:56:00Z,1788573360000,STOP,S DIVISION AVE / MARTIN LUTHER KING JR ST SE
police,09/04/2026 21:58,2026-09-05T01:58:00Z,1788573480000,STOP,IONIA AVE SW / CHERRY ST SW
police,09/04/2026 22:00,2026-09-05T02:00:00Z,1788573600000,STOP,S DIVISION AVE / MARTIN LUTHER KING JR ST SE
police,09/04/2026 22:11,2026-09-05T02:11:00Z,1788574260000,DISO,600 7TH ST NW
police,09/04/2026 22:11,2026-09-05T02:11:00Z,1788574260000,STOP,FOOT
fire,09/04/2026 22:20,2026-09-05T02:20:00Z,1788574800000,MED1,1700 SYLVAN AVE SE
police,09/04/2026 22:20,2026-09-05T02:20:00Z,1788574800000,DISO,2100 LEONARD ST NE
police,09/04/2026 22:22,2026-09-05T02:22:00Z,1788574920000,STOP,CESAR E CHAVEZ AVE SW / CHERRY ST SW
fire,09/04/2026 22:26,2026-09-05T02:26:00Z,1788575160000,MED1,800 CAULFIELD AVE SW
police,09/04/2026 22:32,2026-09-05T02:32:00Z,1788575520000,STOP,FAIRBANKS ST NE / FAIRVIEW AVE NE
police,09/04/2026 22:33,2026-09-05T02:33:00Z,1788575580000,FIGHT,700 FREMONT AVE NW
police,09/04/2026 22:33,2026-09-05T02:33:00Z,1788575580000,STOP,S DIVISION AVE / DELAWARE ST SE
police,09/04/2026 22:38,2026-09-05T02:38:00Z,1788575880000,DOM,200 DEAN ST NE
fire,09/04/2026 22:39,2026-09-05T02:39:00Z,1788575940000,MED2,S DIVISION AVE / BUCKLEY ST SE
police,09/04/2026 22:40,2026-09-05T02:40:00Z,1788576000000,WELFARE,S DIVISION AVE / BUCKLEY ST SE
police,09/04/2026 22:41,2026-09-05T02:41:00Z,1788576060000,OPEN,2200 ELLIOTT ST SE
fire,09/04/2026 22:48,2026-09-05T02:48:00Z,1788576480000,MED1,1400 COLLEGE AVE NE
police,09/04/2026 22:57,2026-09-05T02:57:00Z,1788577020000,STOP,WINTER AVE NW / W FULTON ST
police,09/04/2026 23:01,2026-09-05T03:01:00Z,1788577260000,STOP,W FULTON ST / S DIVISION AVE
police,09/04/2026 23:07,2026-09-05T03:07:00Z,1788577620000,WELFARE,1300 NORTHFIELD DR NE
police,09/04/2026 23:07,2026-09-05T03:07:00Z,1788577620000,STOP,SHELDON AVE SE / E FULTON ST
police,09/04/2026 23:08,2026-09-05T03:08:00Z,1788577680000,STOP,LEONARD ST NW / DAVIS AVE NW
police,09/04/2026 23:09,2026-09-05T03:09:00Z,1788577740000,STOP,S DIVISION AVE / WILLIAMS ST SW
police,09/04/2026 23:13,2026-09-05T03:13:00Z,1788577980000,CSC,1200 EUCLID AVE SE
police,09/04/2026 23:15,2026-09-05T03:15:00Z,1788578100000,SUSPICIOUS,1500 44TH ST SE
police,09/04/2026 23:18,2026-09-05T03:18:00Z,1788578280000,STOP,LEONARD ST NW / FREMONT AVE NW
police,09/04/2026 23:25,2026-09-05T03:25:00Z,1788578700000,STOP,S DIVISION AVE / LOGAN ST SE
police,09/04/2026 23:26,2026-09-05T03:26:00Z,1788578760000,SHOTS,100 OTTAWA AVE SW-RAMP
fire,09/04/2026 23:31,2026-09-05T03:31:00Z,1788579060000,AOA,1500 CARLTON AVE NE
police,09/04/2026 23:37,2026-09-05T03:37:00Z,1788579420000,NOISE,0 OTTAWA AVE SW
fire,09/04/2026 23:38,2026-09-05T03:38:00Z,1788579480000,MED1,1600 LEONARD ST NE
police,09/04/2026 23:40,2026-09-05T03:40:00Z,1788579600000,STOP,U
fire,09/04/2026 23:41,2026-09-05T03:41:00Z,1788579660000,INVEST,100 VALLEY AVE NW
police,09/04/2026 23:43,2026-09-05T03:43:00Z,1788579780000,STOP,S DIVISION AVE / WESTON ST SE
police,09/04/2026 23:44,2026-09-05T03:44:00Z,1788579840000,STOP,MADISON AVE SE / ARDMORE ST SE
police,09/04/2026 23:46,2026-09-05T03:46:00Z,1788579960000,STOP,200 SHELDON AVE SE
police,09/04/2026 23:47,2026-09-05T03:47:00Z,1788580020000,ASLTW,LEONARD UNDER US-131
police,09/04/2026 23:48,2026-09-05T03:48:00Z,1788580080000,NOISE,2000 S DIVISION AVE
police,09/04/2026 23:48,2026-09-05T03:48:00Z,1788580080000,STOP,ALGER ST SE / RAYMOND AVE SE
fire,09/04/2026 23:51,2026-09-05T03:51:00Z,1788580260000,MED2,LEONARD UNDER US-131
police,09/04/2026 23:51,2026-09-05T03:51:00Z,1788580260000,STOP,28TH ST SE / S DIVISION AVE
police,09/04/2026 23:56,2026-09-05T03:56:00Z,1788580560000,STOP,CHERRY ST SW / COMMERCE AVE SW
police,09/04/2026 23:58,2026-09-05T03:58:00Z,1788580680000,STOP,2300 STAFFORD AVE SW
fire,09/05/2026 00:01,2026-09-05T04:01:00Z,1788580860000,CARBON,1300 SPRUCEWOOD AVE NW
police,09/05/2026 00:02,2026-09-05T04:02:00Z,1788580920000,NOISE,100 SHANAHAN ST NE
fire,09/05/2026 00:03,2026-09-05T04:03:00Z,1788580980000,MED1,1300 LEONARD ST NE
police,09/05/2026 00:05,2026-09-05T04:05:00Z,1788581100000,STOP,MONROE AVE NW / PEARL ST NW
police,09/05/2026 00:13,2026-09-05T04:13:00Z,1788581580000,STOP,S DIVISION AVE / STEWART ST SW
police,09/05/2026 00:14,2026-09-05T04:14:00Z,1788581640000,STOP,DIAMOND AVE SE / WEALTHY ST SE
police,09/05/2026 00:15,2026-09-05T04:15:00Z,1788581700000,SUICIDETH,100 SHELDON AVE SE
police,09/05/2026 00:15,2026-09-05T04:15:00Z,1788581700000,STOP,MARTIN LUTHER KING JR ST SE / S DIVISION AVE
police,09/05/2026 00:19,2026-09-05T04:19:00Z,1788581940000,DISO,3200 PLAINFIELD AVE NE
police,09/05/2026 00:20,2026-09-05T04:20:00Z,1788582000000,STOP,WEALTHY OVER US-131
police,09/05/2026 00:26,2026-09-05T04:26:00Z,1788582360000,STOP,HALL ST SE / SHELDON AVE SE
police,09/05/2026 00:27,2026-09-05T04:27:00Z,1788582420000,STOP,S DIVISION AVE / CORINNE ST SW
police,09/05/2026 00:29,2026-09-05T04:29:00Z,1788582540000,STOP,N DIVISION AVE / E FULTON ST
police,09/05/2026 00:29,2026-09-05T04:29:00Z,1788582540000,OBSCENE,US-131 NB TO DOWNTOWN RAMP
police,09/05/2026 00:35,2026-09-05T04:35:00Z,1788582900000,NOISE,CESAR E CHAVEZ AVE SW / RUMSEY ST SW
fire,09/05/2026 00:38,2026-09-05T04:38:00Z,1788583080000,MED2,100 SHELDON AVE SE
police,09/05/2026 00:40,2026-09-05T04:40:00Z,1788583200000,STOP,COMMERCE AVE SW / W FULTON ST
fire,09/05/2026 00:41,2026-09-05T04:41:00Z,1788583260000,MED2,ANN TO US-131 NB RAMP
police,09/05/2026 00:44,2026-09-05T04:44:00Z,1788583440000,MISSING,2900 MARSHALL AVE SE
fire,09/05/2026 00:45,2026-09-05T04:45:00Z,1788583500000,MED2,FITZHUGH AVE SE / LAKE DR SE
police,09/05/2026 00:54,2026-09-05T04:54:00Z,1788584040000,SHOTS,200 LOUIS CAMPAU PROMENADE  NW
fire,09/05/2026 00:59,2026-09-05T04:59:00Z,1788584340000,MED1,900 DOUGLAS ST NW
police,09/05/2026 01:10,2026-09-05T05:10:00Z,1788585000000,STOP,BURTON ST SE / S DIVISION AVE
police,09/05/2026 01:11,2026-09-05T05:11:00Z,1788585060000,DISO,900 DOUGLAS ST NW
police,09/05/2026 01:15,2026-09-05T05:15:00Z,1788585300000,DISO,1900 S DIVISION AVE
police,09/05/2026 01:24,2026-09-05T05:24:00Z,1788585840000,DOM,1100 GARFIELD AVE NW
police,09/05/2026 01:27,2026-09-05T05:27:00Z,1788586020000,ALARM,700 MICHIGAN ST NE
police,09/05/2026 01:31,2026-09-05T05:31:00Z,1788586260000,ALARM,800 COTTAGE GROVE ST SE
police,09/05/2026 01:37,2026-09-05T05:37:00Z,1788586620000,SUSPICIOUS,1300 WORCESTER DR NE
police,09/05/2026 01:41,2026-09-05T05:41:00Z,1788586860000,DOM,800 WOOLSEY DR SW
police,09/05/2026 01:44,2026-09-05T05:44:00Z,1788587040000,STOP,LA GRAVE AVE SE / CHERRY ST SE
police,09/05/2026 01:52,2026-09-05T05:52:00Z,1788587520000,NOISE,800 EMERALD AVE NE
police,09/05/2026 02:04,2026-09-05T06:04:00Z,1788588240000,DOM,0 LOGAN ST SW
police,09/05/2026 02:09,2026-09-05T06:09:00Z,1788588540000,ASSIST,2000 32ND ST SE
fire,09/05/2026 02:12,2026-09-05T06:12:00Z,1788588720000,MED2,US-131 NB AT CHERRY
police,09/05/2026 02:12,2026-09-05T06:12:00Z,1788588720000,UNKACC,US-131 NB AT CHERRY
police,09/05/2026 02:14,2026-09-05T06:14:00Z,1788588840000,SUSPICIOUS,600 SHELDON AVE SE
police,09/05/2026 02:19,2026-09-05T06:19:00Z,1788589140000,STOP,MARKET AVE SW / US-131 FWY
police,09/05/2026 02:27,2026-09-05T06:27:00Z,1788589620000,ALARM,2600 29TH ST SE
police,09/05/2026 02:28,2026-09-05T06:28:00Z,1788589680000,STOP,500 EASTERN AVE SE
police,09/05/2026 02:29,2026-09-05T06:29:00Z,1788589740000,STOP,500 EASTERN AVE SE
fire,09/05/2026 02:37,2026-09-05T06:37:00Z,1788590220000,MED1,100 OTTAWA AVE NW
police,09/05/2026 02:42,2026-09-05T06:42:00Z,1788590520000,DISO,100 S DIVISION AVE
police,09/05/2026 02:44,2026-09-05T06:44:00Z,1788590640000,WELFARE,200 JEFFERSON AVE SE
police,09/05/2026 02:44,2026-09-05T06:44:00Z,1788590640000,STOP,S DIVISION AVE / EOLA ST SE
police,09/05/2026 02:54,2026-09-05T06:54:00Z,1788591240000,DOM,700 MONROE AVE NW
police,09/05/2026 02:54,2026-09-05T06:54:00Z,1788591240000,PDHR,MADISON AVE SE / 28TH ST SE
police,09/05/2026 02:57,2026-09-05T06:57:00Z,1788591420000,DISO,1900 HOUSEMAN AVE NE
police,09/05/2026 03:12,2026-09-05T07:12:00Z,1788592320000,UNKACC,W FULTON ST / MARION AVE NW
fire,09/05/2026 03:15,2026-09-05T07:15:00Z,1788592500000,MED1,4100 KALAMAZOO AVE SE
police,09/05/2026 03:17,2026-09-05T07:17:00Z,1788592620000,NOISE,2000 FRANCIS AVE SE
police,09/05/2026 03:18,2026-09-05T07:18:00Z,1788592680000,NOISE,0 DICKINSON ST SW
fire,09/05/2026 03:20,2026-09-05T07:20:00Z,1788592800000,MED1,300 S DIVISION AVE
police,09/05/2026 03:26,2026-09-05T07:26:00Z,1788593160000,911U,2000 BAYOU CT NE
fire,09/05/2026 03:28,2026-09-05T07:28:00Z,1788593280000,MED2,900 CAULFIELD AVE SW
police,09/05/2026 03:29,2026-09-05T07:29:00Z,1788593340000,UNKACC,900 CAULFIELD AVE SW
police,09/05/2026 03:30,2026-09-05T07:30:00Z,1788593400000,BURGC,1300 HILLCREST AVE NW
police,09/05/2026 03:34,2026-09-05T07:34:00Z,1788593640000,DOM,1200 PROSPECT AVE SE
police,09/05/2026 03:41,2026-09-05T07:41:00Z,1788594060000,911U,300 S DIVISION AVE
police,09/05/2026 03:43,2026-09-05T07:43:00Z,1788594180000,STOP,W FULTON ST / MARKET AVE SW
police,09/05/2026 04:04,2026-09-05T08:04:00Z,1788595440000,SUSPICIOUS,2100 LEONARD ST NE
police,09/05/2026 04:05,2026-09-05T08:05:00Z,1788595500000,911U,900 JEFFERSON AVE SE
police,09/05/2026 04:11,2026-09-05T08:11:00Z,1788595860000,STOP,LEONARD ST NE / PLAINFIELD AVE NE
police,09/05/2026 04:13,2026-09-05T08:13:00Z,1788595980000,STOP,FULLER AVE NE / EKHART ST NE
police,09/05/2026 04:17,2026-09-05T08:17:00Z,1788596220000,TRES,0 COMMERCE AVE SW-RAMP
police,09/05/2026 04:18,2026-09-05T08:18:00Z,1788596280000,ALARM,1600 ALPINE AVE NW
police,09/05/2026 04:35,2026-09-05T08:35:00Z,1788597300000,DOMA,3200 MARSHALL AVE SE
police,09/05/2026 04:41,2026-09-05T08:41:00Z,1788597660000,DOM,1400 NORTHFIELD DR NE
police,09/05/2026 04:52,2026-09-05T08:52:00Z,1788598320000,SUSPICIOUS,700 3RD ST NW
police,09/05/2026 05:09,2026-09-05T09:09:00Z,1788599340000,ALARM,1700 MICHIGAN ST NE
police,09/05/2026 05:16,2026-09-05T09:16:00Z,1788599760000,WELFARE,900 ALGER ST SE
fire,09/05/2026 05:22,2026-09-05T09:22:00Z,1788600120000,MED1,700 HAWTHORNE ST NE
fire,09/05/2026 05:37,2026-09-05T09:37:00Z,1788601020000,MED1,1000 BURTON ST SE
police,09/05/2026 05:37,2026-09-05T09:37:00Z,1788601020000,UNKACC,1000 BURTON ST SE
police,09/05/2026 05:55,2026-09-05T09:55:00Z,1788602100000,STOP,S DIVISION AVE / GOODRICH ST SE
police,09/05/2026 06:08,2026-09-05T10:08:00Z,1788602880000,WELFARE,1200 EAST BELTLINE AVE NE
police,09/05/2026 06:09,2026-09-05T10:09:00Z,1788602940000,DOM,900 CHATHAM ST NW
police,09/05/2026 06:36,2026-09-05T10:36:00Z,1788604560000,STOP,EASTERN AVE SE / WORDEN ST SE
police,09/05/2026 06:45,2026-09-05T10:45:00Z,1788605100000,DISO,600 PROSPECT AVE NE
police,09/05/2026 06:57,2026-09-05T10:57:00Z,1788605820000,STOP,BUCHANAN AVE SW / HALL ST SW
police,09/05/2026 07:19,2026-09-05T11:19:00Z,1788607140000,WELFARE,4300 CURWOOD AVE SE
police,09/05/2026 07:26,2026-09-05T11:26:00Z,1788607560000,SUSPICIOUS,CHARLES AVE SE / CHERRY ST SE
police,09/05/2026 07:36,2026-09-05T11:36:00Z,1788608160000,STOP,KALAMAZOO AVE SE / 44TH ST SE
police,09/05/2026 07:54,2026-09-05T11:54:00Z,1788609240000,STOP,1ST ST NW / FREMONT AVE NW
fire,09/05/2026 07:58,2026-09-05T11:58:00Z,1788609480000,MED1,300 JEFFERSON AVE SE
police,09/05/2026 08:02,2026-09-05T12:02:00Z,1788609720000,STOP,OAKHILL ST SE / EASTERN AVE SE
police,09/05/2026 08:08,2026-09-05T12:08:00Z,1788610080000,STOP,600 28TH ST SE
police,09/05/2026 08:08,2026-09-05T12:08:00Z,1788610080000,STOP,800 MARTIN LUTHER KING JR ST SE
police,09/05/2026 08:11,2026-09-05T12:11:00Z,1788610260000,STOP,KALAMAZOO AVE SE / OLD TOWN RD SE
fire,09/05/2026 08:12,2026-09-05T12:12:00Z,1788610320000,MED2,SEWARD AVE NW / (SO)11TH ST NW
police,09/05/2026 08:17,2026-09-05T12:17:00Z,1788610620000,STOP,BURTON ST SE / EASTERN AVE SE
fire,09/05/2026 08:24,2026-09-05T12:24:00Z,1788611040000,MED1,2800 FOSTER AVE NE
fire,09/05/2026 08:25,2026-09-05T12:25:00Z,1788611100000,MED1,2000 32ND ST SE
police,09/05/2026 08:25,2026-09-05T12:25:00Z,1788611100000,SUICIDETH,3200 PLAINFIELD AVE NE
fire,09/05/2026 08:29,2026-09-05T12:29:00Z,1788611340000,MED1,4300 BRETON AVE SE
police,09/05/2026 08:38,2026-09-05T12:38:00Z,1788611880000,DEER,BROOK TRL SE / (SO)32ND ST SE
police,09/05/2026 08:43,2026-09-05T12:43:00Z,1788612180000,ASSIST,2000 32ND ST SE
police,09/05/2026 08:56,2026-09-05T12:56:00Z,1788612960000,MDOP,1300 BURTON ST SE
police,09/05/2026 08:56,2026-09-05T12:56:00Z,1788612960000,STOP,N TAYLOR AVE / CALEDONIA ST NW
police,09/05/2026 09:00,2026-09-05T13:00:00Z,1788613200000,DISO,1000 NIAGARA AVE SE
police,09/05/2026 09:06,2026-09-05T13:06:00Z,1788613560000,DISO,PEARL ST NW / MOUNT VERNON AVE NW
fire,09/05/2026 09:11,2026-09-05T13:11:00Z,1788613860000,MED1,300 AUBURN AVE SE
police,09/05/2026 09:11,2026-09-05T13:11:00Z,1788613860000,ECHO,300 AUBURN AVE SE
police,09/05/2026 09:17,2026-09-05T13:17:00Z,1788614220000,ALARM,1000 WHITE AVE NW
police,09/05/2026 09:27,2026-09-05T13:27:00Z,1788614820000,STOP,MONROE AVE NW / DALE ST NW
fire,09/05/2026 09:29,2026-09-05T13:29:00Z,1788614940000,AOA,100 RANSOM AVE NE
fire,09/05/2026 09:32,2026-09-05T13:32:00Z,1788615120000,WIRE,1100 ARLINGTON ST NE
police,09/05/2026 09:40,2026-09-05T13:40:00Z,1788615600000,DOMA,400 MORE ST NE
police,09/05/2026 09:45,2026-09-05T13:45:00Z,1788615900000,ALARM,1600 LAKE DR SE
police,09/05/2026 09:54,2026-09-05T13:54:00Z,1788616440000,TRES,100 MONROE CENTER ST NW
police,09/05/2026 09:56,2026-09-05T13:56:00Z,1788616560000,STOP,EASTERN AVE SE / MAYHEW WOOD DR SE
fire,09/05/2026 09:59,2026-09-05T13:59:00Z,1788616740000,FIREALARM,500 MARSH RIDGE DR NW
police,09/05/2026 10:10,2026-09-05T14:10:00Z,1788617400000,STOP,ALGER ST SE / MARSHALL AVE SE
police,09/05/2026 10:11,2026-09-05T14:11:00Z,1788617460000,STOP,0 28TH ST SW
police,09/05/2026 10:25,2026-09-05T14:25:00Z,1788618300000,DOMA,1200 FISK ST SE
police,09/05/2026 10:29,2026-09-05T14:29:00Z,1788618540000,PEACE,500 MAYNARD AVE NW
police,09/05/2026 10:32,2026-09-05T14:32:00Z,1788618720000,THREAT,1100 S DIVISION AVE
police,09/05/2026 10:41,2026-09-05T14:41:00Z,1788619260000,STOP,MONROE AVE NW / LEONARD ST NW
fire,09/05/2026 10:51,2026-09-05T14:51:00Z,1788619860000,MED2,200 IONIA AVE SW
police,09/05/2026 10:59,2026-09-05T14:59:00Z,1788620340000,STOP,28TH ST SE / VINELAND AVE SE
police,09/05/2026 10:59,2026-09-05T14:59:00Z,1788620340000,STOP,LEONARD ST NE / HERON CT NE
police,09/05/2026 11:03,2026-09-05T15:03:00Z,1788620580000,LOSTFOUND,600 LEONARD ST NE
police,09/05/2026 11:06,2026-09-05T15:06:00Z,1788620760000,STOP,S DIVISION AVE / BANNER ST SW
police,09/05/2026 11:07,2026-09-05T15:07:00Z,1788620820000,STOP,DIAMOND AVE NE / CARRIER CREEK BLVD NE
police,09/05/2026 11:09,2026-09-05T15:09:00Z,1788620940000,DEER,BROOK TRAILS CT SE / BROOK TRL SE
fire,09/05/2026 11:12,2026-09-05T15:12:00Z,1788621120000,WIRE,800 SPRING AVE NE
police,09/05/2026 11:13,2026-09-05T15:13:00Z,1788621180000,ASLT,4200 NORMAN DR SE
police,09/05/2026 11:14,2026-09-05T15:14:00Z,1788621240000,PEACE,500 HOUSEMAN AVE NE
police,09/05/2026 11:15,2026-09-05T15:15:00Z,1788621300000,TRES,700 UNION AVE SE
fire,09/05/2026 11:23,2026-09-05T15:23:00Z,1788621780000,MED1,BURTON ST SE / CALVIN COLLEGE DR SE
police,09/05/2026 11:24,2026-09-05T15:24:00Z,1788621840000,PIHR,BURTON ST SE / CALVIN COLLEGE DR SE
police,09/05/2026 11:30,2026-09-05T15:30:00Z,1788622200000,TRES,0 PROSPECT AVE SE
police,09/05/2026 11:32,2026-09-05T15:32:00Z,1788622320000,STOP,1000 BRIDGE ST NW
police,09/05/2026 11:38,2026-09-05T15:38:00Z,1788622680000,STOP,LEONARD ST BRIDGE
fire,09/05/2026 11:41,2026-09-05T15:41:00Z,1788622860000,FIREALARM,200 MONROE AVE NW
police,09/05/2026 12:11,2026-09-05T16:11:00Z,1788624660000,DISO,0 SHELDON AVE NE
police,09/05/2026 12:13,2026-09-05T16:13:00Z,1788624780000,ALARM,2900 EASTERN AVE SE
police,09/05/2026 12:14,2026-09-05T16:14:00Z,1788624840000,CHILD,300 MARTIN LUTHER KING JR ST SE
police,09/05/2026 12:21,2026-09-05T16:21:00Z,1788625260000,SHOTS,KALAMAZOO AVE SE / OAKDALE ST SE
police,09/05/2026 12:36,2026-09-05T16:36:00Z,1788626160000,STOP,MONROE AVE NW / ANN ST NW
police,09/05/2026 12:37,2026-09-05T16:37:00Z,1788626220000,PDB,MICHIGAN ST NW / OTTAWA AVE NW
fire,09/05/2026 12:38,2026-09-05T16:38:00Z,1788626280000,MED1,1300 PROSPECT AVE SE
fire,09/05/2026 12:39,2026-09-05T16:39:00Z,1788626340000,MED1,800 CHERRY ST SE
police,09/05/2026 12:43,2026-09-05T16:43:00Z,1788626580000,STOP,MARYLAND AVE NE / PEACHWOOD DR NE
police,09/05/2026 12:47,2026-09-05T16:47:00Z,1788626820000,STOP,LEONARD ST NW / MONROE AVE NW
police,09/05/2026 12:50,2026-09-05T16:50:00Z,1788627000000,SUSPICIOUS,800 PRINCE ST SE
police,09/05/2026 12:51,2026-09-05T16:51:00Z,1788627060000,WELFARE,2100 LEONARD ST NE
fire,09/05/2026 12:53,2026-09-05T16:53:00Z,1788627180000,TECHRESCUE,1500 MICHIGAN ST NE
fire,09/05/2026 12:53,2026-09-05T16:53:00Z,1788627180000,MED2,2100 LEONARD ST NE
police,09/05/2026 12:54,2026-09-05T16:54:00Z,1788627240000,WELFARE,1900 BURTON ST SE
fire,09/05/2026 12:58,2026-09-05T16:58:00Z,1788627480000,MED1,2500 ORCHARD VIEW DR NE
police,09/05/2026 13:03,2026-09-05T17:03:00Z,1788627780000,TRFCH,ANN ST BRIDGE
police,09/05/2026 13:03,2026-09-05T17:03:00Z,1788627780000,PDHR,I-196 WB WO BUTTERWORTH
police,09/05/2026 13:09,2026-09-05T17:09:00Z,1788628140000,DOMA,100 STRAIGHT AVE NW
fire,09/05/2026 13:11,2026-09-05T17:11:00Z,1788628260000,MED1,I-96 EB AT PLAINFIELD
police,09/05/2026 13:11,2026-09-05T17:11:00Z,1788628260000,SUICIDEAT,800 BURTON ST SE
police,09/05/2026 13:11,2026-09-05T17:11:00Z,1788628260000,UNKACC,I-96 EB AT PLAINFIELD
fire,09/05/2026 13:31,2026-09-05T17:31:00Z,1788629460000,MED2,200 COMMERCE AVE SW
police,09/05/2026 13:42,2026-09-05T17:42:00Z,1788630120000,SUSPICIOUS,2200 S DIVISION AVE
police,09/05/2026 13:51,2026-09-05T17:51:00Z,1788630660000,ALARM,1600 MASON ST NE
police,09/05/2026 13:58,2026-09-05T17:58:00Z,1788631080000,TRES,600 BRIDGE ST NW
police,09/05/2026 13:59,2026-09-05T17:59:00Z,1788631140000,WELFARE,LEONARD ST NE / PLAINFIELD AVE NE
police,09/05/2026 14:01,2026-09-05T18:01:00Z,1788631260000,TRES,400 IONIA AVE SW
fire,09/05/2026 14:03,2026-09-05T18:03:00Z,1788631380000,FIREALARM,500 BRIAR LN NE
police,09/05/2026 14:07,2026-09-05T18:07:00Z,1788631620000,ASLT,100 SHELDON AVE SE
police,09/05/2026 14:07,2026-09-05T18:07:00Z,1788631620000,WELFARE,1000 ADAMS ST SE
police,09/05/2026 14:20,2026-09-05T18:20:00Z,1788632400000,DISO,600 CROFTON ST SW
police,09/05/2026 14:24,2026-09-05T18:24:00Z,1788632640000,TRES,800 MARYLAND AVE NE
police,09/05/2026 14:30,2026-09-05T18:30:00Z,1788633000000,ASSIST,US-131 SB SO WEALTHY
police,09/05/2026 14:31,2026-09-05T18:31:00Z,1788633060000,PARKING,500 EASTERN AVE SE
police,09/05/2026 14:32,2026-09-05T18:32:00Z,1788633120000,THREAT,2900 MARSHALL AVE SE
fire,09/05/2026 14:43,2026-09-05T18:43:00Z,1788633780000,MED1,0 WILLIAMS ST SW
police,09/05/2026 14:48,2026-09-05T18:48:00Z,1788634080000,TRES,400 CHERRY ST SE
police,09/05/2026 14:55,2026-09-05T18:55:00Z,1788634500000,SUICIDETH,1100 LINCOLN AVE NW
police,09/05/2026 14:55,2026-09-05T18:55:00Z,1788634500000,WELFARE,US-131 SB AT I-196
fire,09/05/2026 15:03,2026-09-05T19:03:00Z,1788634980000,MED1,900 PERKINS AVE NE
police,09/05/2026 15:06,2026-09-05T19:06:00Z,1788635160000,STOP,BURTON ST SE / WOODCLIFF AVE SE
police,09/05/2026 15:14,2026-09-05T19:14:00Z,1788635640000,PD,US-131 NB SO PEARL
police,09/05/2026 15:16,2026-09-05T19:16:00Z,1788635760000,TRES,1400 E FULTON ST
police,09/05/2026 15:16,2026-09-05T19:16:00Z,1788635760000,PEACE,800 LAFAYETTE AVE SE
fire,09/05/2026 15:18,2026-09-05T19:18:00Z,1788635880000,INVEST,300 LYON ST NE
fire,09/05/2026 15:24,2026-09-05T19:24:00Z,1788636240000,MED1,700 BILLANTAU ST SE
police,09/05/2026 15:32,2026-09-05T19:32:00Z,1788636720000,STOP,700 EASTERN AVE SE
police,09/05/2026 15:39,2026-09-05T19:39:00Z,1788637140000,MISC,1100 FULLER AVE NE
police,09/05/2026 15:47,2026-09-05T19:47:00Z,1788637620000,DISO,900 FRONT AVE NW
police,09/05/2026 15:48,2026-09-05T19:48:00Z,1788637680000,VCSA,100 COMMERCE AVE SW
police,09/05/2026 15:54,2026-09-05T19:54:00Z,1788638040000,PEACE,1300 MORGAN ST NW
fire,09/05/2026 16:09,2026-09-05T20:09:00Z,1788638940000,MED1,2100 RAYBROOK AVE SE
police,09/05/2026 16:10,2026-09-05T20:10:00Z,1788639000000,DOMA,1500 E FULTON ST
police,09/05/2026 16:20,2026-09-05T20:20:00Z,1788639600000,MDOP,300 S DIVISION AVE
police,09/05/2026 16:21,2026-09-05T20:21:00Z,1788639660000,PARKING,OTTAWA AVE NW / LOUIS ST NW
fire,09/05/2026 16:32,2026-09-05T20:32:00Z,1788640320000,MED2,0 RANSOM AVE NE
police,09/05/2026 16:34,2026-09-05T20:34:00Z,1788640440000,STOP,HALL ST SE / SHELDON AVE SE
police,09/05/2026 16:35,2026-09-05T20:35:00Z,1788640500000,TRANSP,10000 CHERRY VALLEY AVE SE
police,09/05/2026 16:36,2026-09-05T20:36:00Z,1788640560000,ALARM,1600 ALPINE AVE NW
police,09/05/2026 16:36,2026-09-05T20:36:00Z,1788640560000,DOMA,EASTERN AVE SE / BROOKVILLE PLZ SE
police,09/05/2026 16:52,2026-09-05T20:52:00Z,1788641520000,DOM,700 COATE CT SW
fire,09/05/2026 17:03,2026-09-05T21:03:00Z,1788642180000,MED1,200 JEFFERSON AVE SE
fire,09/05/2026 17:25,2026-09-05T21:25:00Z,1788643500000,MED2,900 MARYLAND AVE NE
fire,09/05/2026 17:26,2026-09-05T21:26:00Z,1788643560000,MED2,300 COMMERCE AVE SW
fire,09/05/2026 17:30,2026-09-05T21:30:00Z,1788643800000,MED1,200 COMMERCE AVE SW
police,09/05/2026 17:43,2026-09-05T21:43:00Z,1788644580000,OBSCENE,GOODRICH ST SW / IONIA AVE SW
police,09/05/2026 17:57,2026-09-05T21:57:00Z,1788645420000,DISO,1100 BATES ST SE
police,09/05/2026 18:02,2026-09-05T22:02:00Z,1788645720000,DOM,500 CEDAR ST NE
police,09/05/2026 18:04,2026-09-05T22:04:00Z,1788645840000,ALARM,1300 BOSTON ST SE
police,09/05/2026 18:07,2026-09-05T22:07:00Z,1788646020000,ASSIST,1000 HANCOCK ST SE
police,09/05/2026 18:10,2026-09-05T22:10:00Z,1788646200000,WELFARE,12TH ST NW / DAVIS AVE NW
police,09/05/2026 18:10,2026-09-05T22:10:00Z,1788646200000,BROADCAST,800 COURTNEY ST NW
fire,09/05/2026 18:15,2026-09-05T22:15:00Z,1788646500000,MED1,1400 WILCOX PARK DR SE
fire,09/05/2026 18:20,2026-09-05T22:20:00Z,1788646800000,CARBON,900 ELLIOTT ST SE
police,09/05/2026 18:26,2026-09-05T22:26:00Z,1788647160000,STOP,MICHIGAN ST NE / BALL AVE NE
police,09/05/2026 18:29,2026-09-05T22:29:00Z,1788647340000,BARK,500 NAYLOR ST SW
police,09/05/2026 18:34,2026-09-05T22:34:00Z,1788647640000,SHOTS,1500 EMERSON AVE NW
fire,09/05/2026 18:35,2026-09-05T22:35:00Z,1788647700000,MED2,300 LEXINGTON AVE NW
police,09/05/2026 18:35,2026-09-05T22:35:00Z,1788647700000,DOM,2600 29TH ST SE
police,09/05/2026 18:50,2026-09-05T22:50:00Z,1788648600000,DISO,W FULTON ST / OTTAWA AVE NW
police,09/05/2026 18:51,2026-09-05T22:51:00Z,1788648660000,DOM,1000 SHAWMUT CT NW
fire,09/05/2026 18:53,2026-09-05T22:53:00Z,1788648780000,MED1,900 DICKINSON ST SE
police,09/05/2026 18:56,2026-09-05T22:56:00Z,1788648960000,DISO,1100 PINE AVE NW
police,09/05/2026 18:59,2026-09-05T22:59:00Z,1788649140000,DOMA,2000 BAYOU CT NE
police,09/05/2026 19:06,2026-09-05T23:06:00Z,1788649560000,SUICIDETH,2000 RICHMOND ST NW
police,09/05/2026 19:09,2026-09-05T23:09:00Z,1788649740000,DOM,2200 SANDPIPER PT NE
police,09/05/2026 19:13,2026-09-05T23:13:00Z,1788649980000,ALARM,800 6TH ST NW
police,09/05/2026 19:16,2026-09-05T23:16:00Z,1788650160000,STOP,1000 S DIVISION AVE
police,09/05/2026 19:25,2026-09-05T23:25:00Z,1788650700000,STOP,S DIVISION AVE / MCCONNELL ST SW
police,09/05/2026 19:28,2026-09-05T23:28:00Z,1788650880000,STOP,100 HALL ST SW
police,09/05/2026 19:28,2026-09-05T23:28:00Z,1788650880000,OBSCENE,400 BARKER AVE NW
police,09/05/2026 19:30,2026-09-05T23:30:00Z,1788651000000,STOP,FULLER AVE SE / WATKINS ST SE
police,09/05/2026 19:34,2026-09-05T23:34:00Z,1788651240000,ASSIST,US-131 SB AT WEALTHY
police,09/05/2026 19:40,2026-09-05T23:40:00Z,1788651600000,DISO,1000 WEALTHY ST SE
police,09/05/2026 19:42,2026-09-05T23:42:00Z,1788651720000,STOP,BURTON ST SE / LAFAYETTE AVE SE
police,09/05/2026 19:45,2026-09-05T23:45:00Z,1788651900000,DOM,2500 NORMANDY DR SE
police,09/05/2026 19:54,2026-09-05T23:54:00Z,1788652440000,STOP,S DIVISION AVE / HIGHLAND ST SE
fire,09/05/2026 19:55,2026-09-05T23:55:00Z,1788652500000,FIREALARM,600 PARIS AVE SE
police,09/05/2026 19:57,2026-09-05T23:57:00Z,1788652620000,WELFARE,500 CLANCY AVE NE
police,09/05/2026 19:59,2026-09-05T23:59:00Z,1788652740000,DOM,900 GRIGGS ST SE
fire,09/05/2026 20:00,2026-09-06T00:00:00Z,1788652800000,FIREVEH,HALL OVER US-131
fire,09/05/2026 20:06,2026-09-06T00:06:00Z,1788653160000,MED1,MICHIGAN ST NW / MONROE AVE NW
fire,09/05/2026 20:08,2026-09-06T00:08:00Z,1788653280000,MED1,300 MONROE AVE NW
police,09/05/2026 20:08,2026-09-06T00:08:00Z,1788653280000,STOP,500 LEONARD ST NE
police,09/05/2026 20:08,2026-09-06T00:08:00Z,1788653280000,TRES,600 CESAR E CHAVEZ AVE SW
police,09/05/2026 20:09,2026-09-06T00:09:00Z,1788653340000,STOP,UNION AVE SE / (NO)WEALTHY ST SE
fire,09/05/2026 20:13,2026-09-06T00:13:00Z,1788653580000,MED1,1100 LEONARD ST NW
police,09/05/2026 20:13,2026-09-06T00:13:00Z,1788653580000,ASLT,600 MONROE AVE NW
fire,09/05/2026 20:14,2026-09-06T00:14:00Z,1788653640000,CARBON,1300 ATLANTIC ST NW
police,09/05/2026 20:16,2026-09-06T00:16:00Z,1788653760000,FIGHT,500 RUMSEY ST SW
police,09/05/2026 20:25,2026-09-06T00:25:00Z,1788654300000,STOP,CESAR E CHAVEZ AVE SW / CURVE ST SW
fire,09/05/2026 20:29,2026-09-06T00:29:00Z,1788654540000,FIREOTHER,1700 EDGEWOOD AVE SE
fire,09/05/2026 20:30,2026-09-06T00:30:00Z,1788654600000,MED1,1000 EDISON AVE NW
police,09/05/2026 20:30,2026-09-06T00:30:00Z,1788654600000,DOM,100 GARDEN ST SE
police,09/05/2026 20:33,2026-09-06T00:33:00Z,1788654780000,ASLT,100 MONROE CENTER ST NW
police,09/05/2026 20:42,2026-09-06T00:42:00Z,1788655320000,DISO,1500 MCDONALD ST NW
police,09/05/2026 20:47,2026-09-06T00:47:00Z,1788655620000,INJV,1100 DICK AVE NW
fire,09/05/2026 20:58,2026-09-06T00:58:00Z,1788656280000,MED1,1600 MARTIN LUTHER KING JR ST SE
fire,09/05/2026 20:58,2026-09-06T00:58:00Z,1788656280000,MED1,600 SHELDON AVE SE
police,09/05/2026 20:58,2026-09-06T00:58:00Z,1788656280000,TRES,400 SEWARD AVE NW
police,09/05/2026 20:59,2026-09-06T00:59:00Z,1788656340000,DOMA,1100 DICKINSON ST SE
police,09/05/2026 20:59,2026-09-06T00:59:00Z,1788656340000,TRES,700 STOCKING AVE NW
police,09/05/2026 21:11,2026-09-06T01:11:00Z,1788657060000,WELFARE,2300 VALLEYWOOD DR SE
police,09/05/2026 21:11,2026-09-06T01:11:00Z,1788657060000,STOP,LEONARD ST NE / PLAINFIELD AVE NE
police,09/05/2026 21:16,2026-09-06T01:16:00Z,1788657360000,STOP,LEONARD ST NE / N TAYLOR AVE
police,09/05/2026 21:18,2026-09-06T01:18:00Z,1788657480000,OBSCENE,500 LAFAYETTE AVE NE
police,09/05/2026 21:22,2026-09-06T01:22:00Z,1788657720000,STOP,BRIDGE ST NW / MOUNT VERNON AVE NW
police,09/05/2026 21:23,2026-09-06T01:23:00Z,1788657780000,SUSPICIOUS,DOLBEE AVE SE / THOMAS ST SE
police,09/05/2026 21:26,2026-09-06T01:26:00Z,1788657960000,MDOP,900 33RD ST SE
police,09/05/2026 21:34,2026-09-06T01:34:00Z,1788658440000,STOP,800 MARTIN LUTHER KING JR ST SE
police,09/05/2026 21:38,2026-09-06T01:38:00Z,1788658680000,STOP,3600 28TH ST SE
police,09/05/2026 21:38,2026-09-06T01:38:00Z,1788658680000,STOP,LEONARD ST NW / MONROE AVE NW
police,09/05/2026 21:46,2026-09-06T01:46:00Z,1788659160000,WELFARE,400 28TH ST SE
police,09/05/2026 21:48,2026-09-06T01:48:00Z,1788659280000,STOP,MONROE AVE NW / LYON ST NW
fire,09/05/2026 21:49,2026-09-06T01:49:00Z,1788659340000,MED1,E FULTON ST / LAFAYETTE AVE SE
police,09/05/2026 21:49,2026-09-06T01:49:00Z,1788659340000,PI,E FULTON ST / LAFAYETTE AVE SE
police,09/05/2026 21:57,2026-09-06T01:57:00Z,1788659820000,STOP,WEALTHY ST SE / LA GRAVE AVE SE
fire,09/05/2026 21:58,2026-09-06T01:58:00Z,1788659880000,MED2,400 28TH ST SE
police,09/05/2026 21:59,2026-09-06T01:59:00Z,1788659940000,STOP,S DIVISION AVE / WESTON ST SE
police,09/05/2026 22:01,2026-09-06T02:01:00Z,1788660060000,STOP,2000 MONROE AVE NE
police,09/05/2026 22:01,2026-09-06T02:01:00Z,1788660060000,STOP,800 MARTIN LUTHER KING JR ST SE
police,09/05/2026 22:02,2026-09-06T02:02:00Z,1788660120000,STOP,N DIVISION AVE / MICHIGAN ST NW
police,09/05/2026 22:13,2026-09-06T02:13:00Z,1788660780000,PI,COLLEGE AVE NE / HASTINGS ST NE
police,09/05/2026 22:15,2026-09-06T02:15:00Z,1788660900000,SUSPICIOUS,2100 RADCLIFF AVE SE
fire,09/05/2026 22:17,2026-09-06T02:17:00Z,1788661020000,MED1,400 SEWARD AVE NW
police,09/05/2026 22:17,2026-09-06T02:17:00Z,1788661020000,STOP,FULLER AVE NE / MALTA ST NE
police,09/05/2026 22:18,2026-09-06T02:18:00Z,1788661080000,STOP,LEONARD ST NE / PLAINFIELD AVE NE
police,09/05/2026 22:27,2026-09-06T02:27:00Z,1788661620000,STOP,W FULTON ST / OTTAWA AVE NW
police,09/05/2026 22:30,2026-09-06T02:30:00Z,1788661800000,DOM,800 THOMAS ST SE
police,09/05/2026 22:36,2026-09-06T02:36:00Z,1788662160000,WELFARE,600 BROADWAY AVE NW
police,09/05/2026 22:38,2026-09-06T02:38:00Z,1788662280000,STOP,EAST PARIS AVE SE / 28TH ST SE
police,09/05/2026 22:38,2026-09-06T02:38:00Z,1788662280000,ASSIST,US-131 SB NO LEONARD
police,09/05/2026 22:39,2026-09-06T02:39:00Z,1788662340000,STOP,LAKE EASTBROOK BLVD SE / 28TH ST SE
police,09/05/2026 22:44,2026-09-06T02:44:00Z,1788662640000,STOP,WEALTHY ST SE / LAFAYETTE AVE SE
fire,09/05/2026 22:54,2026-09-06T02:54:00Z,1788663240000,MED0,BURTON ST SW / CLYDE PARK AVE SW
police,09/05/2026 22:54,2026-09-06T02:54:00Z,1788663240000,PI,BURTON ST SW / CLYDE PARK AVE SW
police,09/05/2026 22:56,2026-09-06T02:56:00Z,1788663360000,ASSIST,1500 QUARRY AVE NW
police,09/05/2026 22:58,2026-09-06T02:58:00Z,1788663480000,STOP,FULLER AVE NE / EDMONTON ST NE
police,09/05/2026 23:04,2026-09-06T03:04:00Z,1788663840000,DOM,300 ROSEMARY ST SE
police,09/05/2026 23:04,2026-09-06T03:04:00Z,1788663840000,FIGHT,500 CEDAR ST NE
police,09/05/2026 23:05,2026-09-06T03:05:00Z,1788663900000,STOP,COLLEGE AVE NE / LYON ST NE
police,09/05/2026 23:06,2026-09-06T03:06:00Z,1788663960000,STOP,S DIVISION AVE / GOODRICH ST SE
fire,09/05/2026 23:15,2026-09-06T03:15:00Z,1788664500000,MED1,2300 TIMBERBROOK DR SE
police,09/05/2026 23:18,2026-09-06T03:18:00Z,1788664680000,911U,1300 ALPINE AVE NW
fire,09/05/2026 23:19,2026-09-06T03:19:00Z,1788664740000,MED1,700 DELAWARE ST SE
police,09/05/2026 23:22,2026-09-06T03:22:00Z,1788664920000,DISO,0 COLLEGE AVE SE
police,09/05/2026 23:28,2026-09-06T03:28:00Z,1788665280000,STOP,2200 S DIVISION AVE
police,09/05/2026 23:33,2026-09-06T03:33:00Z,1788665580000,DISO,100 SHELDON AVE SE
police,09/05/2026 23:33,2026-09-06T03:33:00Z,1788665580000,STOP,S DIVISION AVE / MCCONNELL ST SW
police,09/05/2026 23:34,2026-09-06T03:34:00Z,1788665640000,DISO,2800 LAKE MICHIGAN DR NW
police,09/05/2026 23:37,2026-09-06T03:37:00Z,1788665820000,NOISE,600 OAKDALE ST SE
police,09/05/2026 23:38,2026-09-06T03:38:00Z,1788665880000,WELFARE,100 SHELDON AVE SE
police,09/05/2026 23:41,2026-09-06T03:41:00Z,1788666060000,NOISE,1100 SIBLEY ST NW
police,09/05/2026 23:41,2026-09-06T03:41:00Z,1788666060000,STOP,FULLER AVE NE / COLDBROOK ST NE
police,09/05/2026 23:46,2026-09-06T03:46:00Z,1788666360000,STOP,800 FAIRVIEW AVE NE
police,09/05/2026 23:52,2026-09-06T03:52:00Z,1788666720000,STOP,MONROE AVE NW / MICHIGAN ST NW
police,09/05/2026 23:55,2026-09-06T03:55:00Z,1788666900000,NOISE,1900 DAWSON AVE NE
police,09/05/2026 23:59,2026-09-06T03:59:00Z,1788667140000,FRWKS,400 CHERRY ST SE
police,09/05/2026 23:59,2026-09-06T03:59:00Z,1788667140000,STOP,FULLER TO I-196 WB RAMP
police,09/06/2026 00:01,2026-09-06T04:01:00Z,1788667260000,NOISE,900 CESAR E CHAVEZ AVE SW
police,09/06/2026 00:02,2026-09-06T04:02:00Z,1788667320000,STOP,E FULTON ST / RANSOM AVE NE
police,09/06/2026 00:06,2026-09-06T04:06:00Z,1788667560000,STOP,BUCHANAN AVE SW / ELM ST SW
police,09/06/2026 00:09,2026-09-06T04:09:00Z,1788667740000,STOP,W FULTON ST / IONIA AVE NW
police,09/06/2026 00:17,2026-09-06T04:17:00Z,1788668220000,STOP,MARKET AVE SW / CHERRY ST SW
police,09/06/2026 00:18,2026-09-06T04:18:00Z,1788668280000,STOP,LEONARD ST NE / HOUSEMAN AVE NE
police,09/06/2026 00:24,2026-09-06T04:24:00Z,1788668640000,BROADCAST,1300 COLLEGE AVE NE
police,09/06/2026 00:28,2026-09-06T04:28:00Z,1788668880000,DISO,100 W FULTON ST
police,09/06/2026 00:30,2026-09-06T04:30:00Z,1788669000000,NOISE,100 S DIVISION AVE
police,09/06/2026 00:37,2026-09-06T04:37:00Z,1788669420000,STOP,WEALTHY ST SW / FRONT AVE SW
police,09/06/2026 00:45,2026-09-06T04:45:00Z,1788669900000,STOP,CLANCY AVE NE / LEONARD ST NE
police,09/06/2026 00:49,2026-09-06T04:49:00Z,1788670140000,NOISE,BARTH AVE SE / WEALTHY ST SE
police,09/06/2026 00:59,2026-09-06T04:59:00Z,1788670740000,OBSCENE,400 STOCKING AVE NW
fire,09/06/2026 01:01,2026-09-06T05:01:00Z,1788670860000,FIREALARM,4100 KALAMAZOO AVE SE
police,09/06/2026 01:01,2026-09-06T05:01:00Z,1788670860000,STOP,OTTAWA AVE NW / PEARL ST NW
police,09/06/2026 01:03,2026-09-06T05:03:00Z,1788670980000,SUSPICIOUS,2600 EAST BELTLINE AVE SE
fire,09/06/2026 01:04,2026-09-06T05:04:00Z,1788671040000,MED1,1400 LAFAYETTE AVE NE
police,09/06/2026 01:05,2026-09-06T05:05:00Z,1788671100000,LARC,400 S DIVISION AVE
police,09/06/2026 01:06,2026-09-06T05:06:00Z,1788671160000,WELFARE,MARKET AVE SW / FRONTAGE RD SW
police,09/06/2026 01:10,2026-09-06T05:10:00Z,1788671400000,NOISE,500 MAYNARD AVE NW
fire,09/06/2026 01:11,2026-09-06T05:11:00Z,1788671460000,MED2,N DIVISION AVE / FOUNTAIN ST NW
police,09/06/2026 01:19,2026-09-06T05:19:00Z,1788671940000,STOP,ELM ST SW / BUCHANAN AVE SW
police,09/06/2026 01:22,2026-09-06T05:22:00Z,1788672120000,ASSIST,N DIVISION AVE / FOUNTAIN ST NE
police,09/06/2026 01:24,2026-09-06T05:24:00Z,1788672240000,BROADCAST,FRONT AVE SW / BUTTERWORTH ST SW
police,09/06/2026 01:26,2026-09-06T05:26:00Z,1788672360000,SUSPICIOUS,200 CHARLES AVE SE
police,09/06/2026 01:28,2026-09-06T05:28:00Z,1788672480000,STOP,W FULTON ST / DELONEY AVE NW
police,09/06/2026 01:29,2026-09-06T05:29:00Z,1788672540000,WELFARE,BURTON ST SW / S DIVISION AVE
police,09/06/2026 01:31,2026-09-06T05:31:00Z,1788672660000,STOP,BUFFALO AVE NE / QUIMBY ST NE
police,09/06/2026 01:31,2026-09-06T05:31:00Z,1788672660000,RECOVERY,BUFFALO AVE NE / QUIMBY ST NE
police,09/06/2026 01:34,2026-09-06T05:34:00Z,1788672840000,STOP,LOUIS ST NW / OTTAWA AVE NW
police,09/06/2026 01:40,2026-09-06T05:40:00Z,1788673200000,MDOP,600 BRIDGE ST NW
police,09/06/2026 01:43,2026-09-06T05:43:00Z,1788673380000,WELFARE,1400 E FULTON ST
police,09/06/2026 01:44,2026-09-06T05:44:00Z,1788673440000,STOP,N TAYLOR AVE / LEONARD ST NE
police,09/06/2026 01:54,2026-09-06T05:54:00Z,1788674040000,SHOTS,KALAMAZOO AVE SE / BOSTON ST SE(AREA)
police,09/06/2026 01:57,2026-09-06T05:57:00Z,1788674220000,STOP,COLLEGE AVE NE / LYDIA ST NE
police,09/06/2026 02:03,2026-09-06T06:03:00Z,1788674580000,PD,800 5TH ST NW
fire,09/06/2026 02:05,2026-09-06T06:05:00Z,1788674700000,MED1,3300 SOFT WATER LAKE DR NE
police,09/06/2026 02:13,2026-09-06T06:13:00Z,1788675180000,STOP,E FULTON ST / JEFFERSON AVE SE
police,09/06/2026 02:15,2026-09-06T06:15:00Z,1788675300000,DOM,100 QUIGLEY BLVD SW
police,09/06/2026 02:17,2026-09-06T06:17:00Z,1788675420000,STOP,MARTIN LUTHER KING JR ST SE / MADISON AVE SE
police,09/06/2026 02:21,2026-09-06T06:21:00Z,1788675660000,SUSPICIOUS,1300 NORTHFIELD DR NE
police,09/06/2026 02:27,2026-09-06T06:27:00Z,1788676020000,SUSPICIOUS,1200 WEALTHY ST SE
police,09/06/2026 02:33,2026-09-06T06:33:00Z,1788676380000,DOM,1300 ALPINE AVE NW
police,09/06/2026 02:42,2026-09-06T06:42:00Z,1788676920000,WELFARE,2700 BIRCHCREST DR SE
police,09/06/2026 02:42,2026-09-06T06:42:00Z,1788676920000,WELFARE,WEALTHY ST SE / PROSPECT AVE SE
police,09/06/2026 02:43,2026-09-06T06:43:00Z,1788676980000,PD,ROSEMARY ST SE / S DIVISION AVE
police,09/06/2026 02:46,2026-09-06T06:46:00Z,1788677160000,STOP,RIVERSIDE PARK TRAIL_RIVERSIDE PARK DR NW
fire,09/06/2026 02:51,2026-09-06T06:51:00Z,1788677460000,MED1,100 OTTAWA AVE SW-RAMP
police,09/06/2026 02:53,2026-09-06T06:53:00Z,1788677580000,DOM,3300 SOFT WATER LAKE DR NE
police,09/06/2026 02:56,2026-09-06T06:56:00Z,1788677760000,DOM,300 MARION AVE SW
police,09/06/2026 02:56,2026-09-06T06:56:00Z,1788677760000,STOP,S DIVISION AVE / STEWART ST SW
police,09/06/2026 03:03,2026-09-06T07:03:00Z,1788678180000,DOMA,200 LANE AVE SW
police,09/06/2026 03:17,2026-09-06T07:17:00Z,1788679020000,ALARM,3200 DEPOSIT DR NE
police,09/06/2026 03:32,2026-09-06T07:32:00Z,1788679920000,SHOTS,4000 POINTE O WOODS ST SE
police,09/06/2026 03:34,2026-09-06T07:34:00Z,1788680040000,PDHR,2100 S DIVISION AVE
fire,09/06/2026 03:35,2026-09-06T07:35:00Z,1788680100000,MED2,1800 EVERGREEN ST SE
fire,09/06/2026 04:02,2026-09-06T08:02:00Z,1788681720000,MED2,600 THOMAS ST SE
police,09/06/2026 04:25,2026-09-06T08:25:00Z,1788683100000,ALARM,400 SEWARD AVE NW
police,09/06/2026 04:35,2026-09-06T08:35:00Z,1788683700000,PDHR,800 E FULTON ST
fire,09/06/2026 04:44,2026-09-06T08:44:00Z,1788684240000,MED1,2500 SINCLAIR AVE NE
fire,09/06/2026 04:54,2026-09-06T08:54:00Z,1788684840000,MED1,2000 32ND ST SE
police,09/06/2026 04:56,2026-09-06T08:56:00Z,1788684960000,MDOP,1000 MERRITT ST SE
police,09/06/2026 05:27,2026-09-06T09:27:00Z,1788686820000,NOISE,600 MARTHA ST SW
police,09/06/2026 06:02,2026-09-06T10:02:00Z,1788688920000,WELFARE,CHERRY UNDER US-131
police,09/06/2026 06:09,2026-09-06T10:09:00Z,1788689340000,SHOTS,1200 CESAR E CHAVEZ AVE SW
fire,09/06/2026 06:18,2026-09-06T10:18:00Z,1788689880000,INVEST,2800 MULFORD DR SE
police,09/06/2026 06:22,2026-09-06T10:22:00Z,1788690120000,DOM,200 QUIMBY ST NE
police,09/06/2026 06:23,2026-09-06T10:23:00Z,1788690180000,ASSIST,I-196 WB TO LAKE MICHIGAN WB RAMP
police,09/06/2026 06:31,2026-09-06T10:31:00Z,1788690660000,SHOTS,1300 PROSPECT AVE SE
police,09/06/2026 06:55,2026-09-06T10:55:00Z,1788692100000,STOP,S DIVISION AVE / BARTLETT ST SW
police,09/06/2026 07:00,2026-09-06T11:00:00Z,1788692400000,DISO,1900 LAFAYETTE AVE NE
police,09/06/2026 07:00,2026-09-06T11:00:00Z,1788692400000,DISO,2000 32ND ST SE
police,09/06/2026 07:39,2026-09-06T11:39:00Z,1788694740000,TRES,400 CARRIER ST NE
police,09/06/2026 08:03,2026-09-06T12:03:00Z,1788696180000,STOP,COIT AVE NE / (NO)MICHIGAN ST NE
police,09/06/2026 08:13,2026-09-06T12:13:00Z,1788696780000,PD,0 RICHARDS AVE NW
fire,09/06/2026 08:21,2026-09-06T12:21:00Z,1788697260000,AOA,1400 FULLER AVE SE
police,09/06/2026 09:04,2026-09-06T13:04:00Z,1788699840000,STOP,BARTLETT ST SW / COMMERCE AVE SW
police,09/06/2026 09:05,2026-09-06T13:05:00Z,1788699900000,STOP,DELAWARE ST SE / PROSPECT AVE SE
fire,09/06/2026 09:06,2026-09-06T13:06:00Z,1788699960000,MED2,2900 HAMPSHIRE BLVD SE
police,09/06/2026 09:07,2026-09-06T13:07:00Z,1788700020000,DISO,1300 LEONARD ST NE
police,09/06/2026 09:14,2026-09-06T13:14:00Z,1788700440000,DOM,2100 LEONARD ST NE
fire,09/06/2026 09:25,2026-09-06T13:25:00Z,1788701100000,MED1,1200 5TH ST NW
police,09/06/2026 09:25,2026-09-06T13:25:00Z,1788701100000,STOP,300 IONIA AVE SW
police,09/06/2026 09:33,2026-09-06T13:33:00Z,1788701580000,STOP,SYCAMORE ST SE / S DIVISION AVE
police,09/06/2026 09:35,2026-09-06T13:35:00Z,1788701700000,STOP,SYCAMORE ST SE / S DIVISION AVE
police,09/06/2026 09:44,2026-09-06T13:44:00Z,1788702240000,ALARM,2300 EAST BELTLINE AVE SE
police,09/06/2026 09:46,2026-09-06T13:46:00Z,1788702360000,ALARM,2200 LEONARD ST NW
police,09/06/2026 09:58,2026-09-06T13:58:00Z,1788703080000,WELFARE,300 COMMERCE AVE SW
fire,09/06/2026 10:10,2026-09-06T14:10:00Z,1788703800000,FIREALARM,600 PROSPECT AVE SE
police,09/06/2026 10:10,2026-09-06T14:10:00Z,1788703800000,WELFARE,600 S DIVISION AVE
fire,09/06/2026 10:28,2026-09-06T14:28:00Z,1788704880000,MED2,700 DAVIS AVE NW
police,09/06/2026 10:28,2026-09-06T14:28:00Z,1788704880000,STOP,LAKE MICHIGAN DR NW / COVELL AVE NW
fire,09/06/2026 10:44,2026-09-06T14:44:00Z,1788705840000,MED1,700 STOCKING AVE NW
police,09/06/2026 10:50,2026-09-06T14:50:00Z,1788706200000,ALARM,100 CESAR E CHAVEZ AVE SW
police,09/06/2026 10:52,2026-09-06T14:52:00Z,1788706320000,PEACE,200 LANE AVE SW
police,09/06/2026 10:55,2026-09-06T14:55:00Z,1788706500000,SUSPICIOUS,300 MONROE AVE NW
police,09/06/2026 11:01,2026-09-06T15:01:00Z,1788706860000,STOP,MASON ST NW / OTTAWA AVE NW
police,09/06/2026 11:06,2026-09-06T15:06:00Z,1788707160000,WELFARE,0 E  PARK  PL NE
police,09/06/2026 11:07,2026-09-06T15:07:00Z,1788707220000,THREAT,300 BURTON ST SW
police,09/06/2026 11:09,2026-09-06T15:09:00Z,1788707340000,DISO,1700 PLYMOUTH AVE SE
police,09/06/2026 11:10,2026-09-06T15:10:00Z,1788707400000,LOSTFOUND,2100 TALL MEADOW ST NE
police,09/06/2026 11:20,2026-09-06T15:20:00Z,1788708000000,STOP,ANN ST BRIDGE
police,09/06/2026 11:29,2026-09-06T15:29:00Z,1788708540000,TRANSM,0 OTTAWA AVE NW
police,09/06/2026 11:38,2026-09-06T15:38:00Z,1788709080000,TRES,2700 EAST BELTLINE AVE SE
police,09/06/2026 11:39,2026-09-06T15:39:00Z,1788709140000,TRES,400 BRIDGE ST NW
police,09/06/2026 11:45,2026-09-06T15:45:00Z,1788709500000,STOP,QUEEN AVE NE / SWEET ST NE
police,09/06/2026 11:49,2026-09-06T15:49:00Z,1788709740000,STOP,300 IONIA AVE SW
police,09/06/2026 11:49,2026-09-06T15:49:00Z,1788709740000,PDB,KALAMAZOO AVE SE / ELLIOTT ST SE
police,09/06/2026 11:51,2026-09-06T15:51:00Z,1788709860000,WELFARE,0 LEXINGTON AVE NW
police,09/06/2026 11:57,2026-09-06T15:57:00Z,1788710220000,STOP,ELLIOTT ST SE / WILLARD AVE SE
police,09/06/2026 11:58,2026-09-06T15:58:00Z,1788710280000,STOP,N TAYLOR AVE / COLFAX ST NE
police,09/06/2026 12:01,2026-09-06T16:01:00Z,1788710460000,DOMA,2300 CHARRING CROSS DR SE
police,09/06/2026 12:10,2026-09-06T16:10:00Z,1788711000000,WELFARE,1900 BRIDGE ST NW
fire,09/06/2026 12:13,2026-09-06T16:13:00Z,1788711180000,FIRESTRUC,1600 E FULTON ST
police,09/06/2026 12:13,2026-09-06T16:13:00Z,1788711180000,DOM,1800 TOWNER AVE SW
police,09/06/2026 12:17,2026-09-06T16:17:00Z,1788711420000,WPNB,1100 EASTERN AVE SE
police,09/06/2026 12:23,2026-09-06T16:23:00Z,1788711780000,SUSPICIOUS,NORTHFIELD DR NE / CURTIS ST NE
police,09/06/2026 12:25,2026-09-06T16:25:00Z,1788711900000,DISO,600 PROSPECT AVE NE
fire,09/06/2026 12:34,2026-09-06T16:34:00Z,1788712440000,MED2,PLAINFIELD AVE NE / LEONARD ST NE
police,09/06/2026 12:42,2026-09-06T16:42:00Z,1788712920000,WPNB,11TH ST NW / HAMILTON AVE NW
fire,09/06/2026 12:47,2026-09-06T16:47:00Z,1788713220000,MED2,PLYMOUTH AVE SE / ALGER ST SE
police,09/06/2026 12:53,2026-09-06T16:53:00Z,1788713580000,UNKACC,PLYMOUTH AVE SE / ALGER ST SE
fire,09/06/2026 12:58,2026-09-06T16:58:00Z,1788713880000,MED1,1900 KALAMAZOO AVE SE
police,09/06/2026 13:01,2026-09-06T17:01:00Z,1788714060000,STOP,S DIVISION AVE / PLEASANT ST SE
police,09/06/2026 13:04,2026-09-06T17:04:00Z,1788714240000,FIGHT,1900 KALAMAZOO AVE SE
police,09/06/2026 13:17,2026-09-06T17:17:00Z,1788715020000,ASSIST,FRONT AVE NW / LEONARD ST NW
fire,09/06/2026 13:18,2026-09-06T17:18:00Z,1788715080000,MED1,1300 ASHLAND AVE NE
police,09/06/2026 13:18,2026-09-06T17:18:00Z,1788715080000,ASSIST,1300 ASHLAND AVE NE
police,09/06/2026 13:19,2026-09-06T17:19:00Z,1788715140000,BROADCAST,CROSBY ST NW / MUSKEGON AVE NW
fire,09/06/2026 13:27,2026-09-06T17:27:00Z,1788715620000,MED1,0 HALL ST SE
police,09/06/2026 13:33,2026-09-06T17:33:00Z,1788715980000,STOP,LEONARD ST NE / COIT AVE NE
police,09/06/2026 13:36,2026-09-06T17:36:00Z,1788716160000,ASSIST,3300 BRIGGS BLVD NE
police,09/06/2026 13:46,2026-09-06T17:46:00Z,1788716760000,DOMA,0 WILLIAMS ST SW
fire,09/06/2026 13:57,2026-09-06T17:57:00Z,1788717420000,MED1,200 CORINNE ST SW
fire,09/06/2026 13:57,2026-09-06T17:57:00Z,1788717420000,MED1,900 KENSINGTON AVE SW
police,09/06/2026 13:57,2026-09-06T17:57:00Z,1788717420000,BROADCAST,900 KENSINGTON AVE SW
police,09/06/2026 13:57,2026-09-06T17:57:00Z,1788717420000,DOAU,900 KENSINGTON AVE SW
police,09/06/2026 14:00,2026-09-06T18:00:00Z,1788717600000,DOMA,1200 MAYFIELD AVE NE
fire,09/06/2026 14:15,2026-09-06T18:15:00Z,1788718500000,MED1,1500 E FULTON ST
police,09/06/2026 14:25,2026-09-06T18:25:00Z,1788719100000,STOP,GOLD AVE NW / (SO)CALIFORNIA ST NW
police,09/06/2026 14:26,2026-09-06T18:26:00Z,1788719160000,BURGN,300 VISSER PL SE
police,09/06/2026 14:47,2026-09-06T18:47:00Z,1788720420000,DOMA,2100 LEONARD ST NE
fire,09/06/2026 14:50,2026-09-06T18:50:00Z,1788720600000,MED2,0 STRAIGHT AVE SW
fire,09/06/2026 14:57,2026-09-06T18:57:00Z,1788721020000,MED1,TRAVIS ST NE / COIT AVE NE
fire,09/06/2026 15:01,2026-09-06T19:01:00Z,1788721260000,MED2,300 MONROE AVE NW
police,09/06/2026 15:07,2026-09-06T19:07:00Z,1788721620000,WELFARE,1000 FOUNTAIN ST NE
police,09/06/2026 15:18,2026-09-06T19:18:00Z,1788722280000,STOP,DIAMOND AVE SE / E FULTON ST
fire,09/06/2026 15:20,2026-09-06T19:20:00Z,1788722400000,CARBON,1300 CASS AVE SE
fire,09/06/2026 15:25,2026-09-06T19:25:00Z,1788722700000,FIREALARM,2400 BORGLUM AVE NE
police,09/06/2026 15:26,2026-09-06T19:26:00Z,1788722760000,WELFARE,1400 MORGAN ST NW
police,09/06/2026 15:26,2026-09-06T19:26:00Z,1788722760000,THREAT,1400 MORGAN ST NW
police,09/06/2026 15:27,2026-09-06T19:27:00Z,1788722820000,DOM,4000 WHISPERING WAY SE
police,09/06/2026 15:42,2026-09-06T19:42:00Z,1788723720000,DOM,300 ROSEMARY ST SE
fire,09/06/2026 15:44,2026-09-06T19:44:00Z,1788723840000,WIRE,200 CEDAR ST NE
police,09/06/2026 15:45,2026-09-06T19:45:00Z,1788723900000,STOP,FRONT AVE NW / 6TH ST NW
police,09/06/2026 15:56,2026-09-06T19:56:00Z,1788724560000,FIGHT,1900 KALAMAZOO AVE SE
police,09/06/2026 16:05,2026-09-06T20:05:00Z,1788725100000,911H,700 MONROE AVE NW
police,09/06/2026 16:08,2026-09-06T20:08:00Z,1788725280000,UNKACC,US-131 SB NO MARKET
fire,09/06/2026 16:09,2026-09-06T20:09:00Z,1788725340000,MED1,US-131 SB NO MARKET
fire,09/06/2026 16:12,2026-09-06T20:12:00Z,1788725520000,MED1,100 COLLINDALE AVE NW
police,09/06/2026 16:15,2026-09-06T20:15:00Z,1788725700000,ASLT,LAFAYETTE AVE NE / CEDAR ST NE
fire,09/06/2026 16:20,2026-09-06T20:20:00Z,1788726000000,MED1,400 BEACON ST SW
police,09/06/2026 16:20,2026-09-06T20:20:00Z,1788726000000,DOM,500 BRIAR LN NE
police,09/06/2026 16:24,2026-09-06T20:24:00Z,1788726240000,TRES,400 SEWARD AVE NW
police,09/06/2026 16:27,2026-09-06T20:27:00Z,1788726420000,VCSA,100 YOUELL AVE SE
fire,09/06/2026 16:30,2026-09-06T20:30:00Z,1788726600000,MED2,100 MONROE CENTER ST NW
police,09/06/2026 16:30,2026-09-06T20:30:00Z,1788726600000,DOMA,800 SHELDON AVE SE
police,09/06/2026 16:36,2026-09-06T20:36:00Z,1788726960000,ASLT,100 MICHIGAN ST NE
police,09/06/2026 16:37,2026-09-06T20:37:00Z,1788727020000,WELFARE,1800 3 MILE RD NE
fire,09/06/2026 16:39,2026-09-06T20:39:00Z,1788727140000,FIRESTRUC,4200 POINSETTIA AVE SE
police,09/06/2026 16:42,2026-09-06T20:42:00Z,1788727320000,LARC,100 MADISON AVE SE
police,09/06/2026 16:42,2026-09-06T20:42:00Z,1788727320000,911H,200 E FULTON ST
police,09/06/2026 16:46,2026-09-06T20:46:00Z,1788727560000,DOM,1300 NORTH AVE NE
fire,09/06/2026 16:49,2026-09-06T20:49:00Z,1788727740000,MED2,1400 PERKINS AVE NE
police,09/06/2026 17:00,2026-09-06T21:00:00Z,1788728400000,911H,100 EASTERN AVE NE
fire,09/06/2026 17:04,2026-09-06T21:04:00Z,1788728640000,MED2,1600 MARTIN LUTHER KING JR ST SE
fire,09/06/2026 17:15,2026-09-06T21:15:00Z,1788729300000,MED2,ADAMS ST SE / PHILADELPHIA AVE SE
fire,09/06/2026 17:30,2026-09-06T21:30:00Z,1788730200000,MED1,S DIVISION AVE / WILLIAMS ST SW
police,09/06/2026 17:35,2026-09-06T21:35:00Z,1788730500000,SUSPICIOUS,200 MONROE AVE NW
fire,09/06/2026 17:50,2026-09-06T21:50:00Z,1788731400000,MED1,0 QUIMBY ST NE
police,09/06/2026 17:56,2026-09-06T21:56:00Z,1788731760000,DOMA,2100 LEONARD ST NE
fire,09/06/2026 17:59,2026-09-06T21:59:00Z,1788731940000,CARBON,1300 BUTLER AVE SE
police,09/06/2026 18:10,2026-09-06T22:10:00Z,1788732600000,DOM,900 OAKHILL ST SE
police,09/06/2026 18:11,2026-09-06T22:11:00Z,1788732660000,DOM,SIGSBEE ST SE / DIAMOND AVE SE
police,09/06/2026 18:15,2026-09-06T22:15:00Z,1788732900000,DOM,200 MONTGOMERY ST SE
police,09/06/2026 18:16,2026-09-06T22:16:00Z,1788732960000,WARRANTA,0 MONROE CENTER ST NW
police,09/06/2026 18:17,2026-09-06T22:17:00Z,1788733020000,DISO,0 MONROE CENTER ST NW
police,09/06/2026 18:18,2026-09-06T22:18:00Z,1788733080000,ALARM,1000 EVERGREEN ST SE
police,09/06/2026 18:19,2026-09-06T22:19:00Z,1788733140000,ALARM,500 S DIVISION AVE
fire,09/06/2026 18:27,2026-09-06T22:27:00Z,1788733620000,MED1,1900 32ND ST SE
police,09/06/2026 18:43,2026-09-06T22:43:00Z,1788734580000,PDHR,400 LEONARD ST NW
police,09/06/2026 18:45,2026-09-06T22:45:00Z,1788734700000,WELFARE,1400 FULLER AVE SE
fire,09/06/2026 18:46,2026-09-06T22:46:00Z,1788734760000,MED1,1000 KENTWOOD ST NE
police,09/06/2026 18:47,2026-09-06T22:47:00Z,1788734820000,WELFARE,0 DELAWARE ST SW
police,09/06/2026 18:48,2026-09-06T22:48:00Z,1788734880000,SHOTS,900 DAYTON ST SW
police,09/06/2026 18:52,2026-09-06T22:52:00Z,1788735120000,WELFARE,1000 PROSPECT AVE SE
fire,09/06/2026 18:54,2026-09-06T22:54:00Z,1788735240000,MED1,700 STOCKING AVE NW
fire,09/06/2026 18:54,2026-09-06T22:54:00Z,1788735240000,MED2,GOLD AVE NW / BRIDGE ST NW
police,09/06/2026 18:56,2026-09-06T22:56:00Z,1788735360000,SUICIDETH,3700 CAMELOT DR SE
police,09/06/2026 18:59,2026-09-06T22:59:00Z,1788735540000,DOM,0 OTTAWA AVE NW
police,09/06/2026 19:00,2026-09-06T23:00:00Z,1788735600000,STOP,1200 PLAINFIELD AVE NE
police,09/06/2026 19:05,2026-09-06T23:05:00Z,1788735900000,DISO,100 STRAIGHT AVE NW
police,09/06/2026 19:06,2026-09-06T23:06:00Z,1788735960000,DOM,900 HAZEN ST SE
police,09/06/2026 19:09,2026-09-06T23:09:00Z,1788736140000,CSC,900 WORDEN ST SE
police,09/06/2026 19:11,2026-09-06T23:11:00Z,1788736260000,TRANSP,4300 32ND AVE
police,09/06/2026 19:13,2026-09-06T23:13:00Z,1788736380000,DISO,800 1ST ST NW
police,09/06/2026 19:16,2026-09-06T23:16:00Z,1788736560000,STOP,COLLEGE AVE NE / LEONARD ST NE
fire,09/06/2026 19:19,2026-09-06T23:19:00Z,1788736740000,MED1,4000 WHISPERING WAY SE
police,09/06/2026 19:26,2026-09-06T23:26:00Z,1788737160000,PDB,BURTON ST SE / EAST BELTLINE AVE SE
police,09/06/2026 19:35,2026-09-06T23:35:00Z,1788737700000,WELFARE,900 MUSKEGON AVE NW
fire,09/06/2026 19:37,2026-09-06T23:37:00Z,1788737820000,MED1,1200 MICHIGAN ST NE
fire,09/06/2026 19:40,2026-09-06T23:40:00Z,1788738000000,MED1,300 FRONT AVE SW
police,09/06/2026 19:41,2026-09-06T23:41:00Z,1788738060000,ALARM,1000 DICKINSON ST SE
police,09/06/2026 19:45,2026-09-06T23:45:00Z,1788738300000,ASLT,200 HOUSEMAN AVE NE
police,09/06/2026 19:47,2026-09-06T23:47:00Z,1788738420000,STOP,ANTOINE ST SW / S DIVISION AVE
police,09/06/2026 19:52,2026-09-06T23:52:00Z,1788738720000,ALARM,300 LEONARD ST NW
police,09/06/2026 19:55,2026-09-06T23:55:00Z,1788738900000,SUSPICIOUS,PINE AVE NW / 12TH ST NW
fire,09/06/2026 19:59,2026-09-06T23:59:00Z,1788739140000,AOA,3800 CAMELOT DR SE
police,09/06/2026 20:03,2026-09-07T00:03:00Z,1788739380000,SUICIDETH,1100 JACKSON ST NW
police,09/06/2026 20:03,2026-09-07T00:03:00Z,1788739380000,SUICIDETH,4300 FULLER AVE SE
police,09/06/2026 20:05,2026-09-07T00:05:00Z,1788739500000,DOM,0 PALMER ST NW
fire,09/06/2026 20:12,2026-09-07T00:12:00Z,1788739920000,MED2,1500 LEONARD ST NE
police,09/06/2026 20:13,2026-09-07T00:13:00Z,1788739980000,WELFARE,4200 NORMAN DR SE
police,09/06/2026 20:25,2026-09-07T00:25:00Z,1788740700000,ASLT,1200 PLAINFIELD AVE NE
police,09/06/2026 20:29,2026-09-07T00:29:00Z,1788740940000,PARKING,1200 BEMIS ST SE
police,09/06/2026 20:30,2026-09-07T00:30:00Z,1788741000000,NOISE,800 SHERMAN ST SE
fire,09/06/2026 20:33,2026-09-07T00:33:00Z,1788741180000,MED1,1400 MORGAN ST NW
police,09/06/2026 20:40,2026-09-07T00:40:00Z,1788741600000,TRFCH,S DIVISION AVE / WEALTHY ST SE
police,09/06/2026 20:42,2026-09-07T00:42:00Z,1788741720000,DOM,2100 SHANGRAI LA DR SE
police,09/06/2026 20:43,2026-09-07T00:43:00Z,1788741780000,STOP,33RD ST SE / EASTERN AVE SE
police,09/06/2026 21:02,2026-09-07T01:02:00Z,1788742920000,STOP,GRISWOLD ST SE / NELSON AVE SE
fire,09/06/2026 21:04,2026-09-07T01:04:00Z,1788743040000,MED2,900 FRONT AVE NW
police,09/06/2026 21:07,2026-09-07T01:07:00Z,1788743220000,ASSIST,900 FRONT AVE NW
police,09/06/2026 21:11,2026-09-07T01:11:00Z,1788743460000,SHOTS,900 SHERIDAN AVE SW
police,09/06/2026 21:17,2026-09-07T01:17:00Z,1788743820000,STOP,MARTIN LUTHER KING JR ST SE / UNION AVE SE
police,09/06/2026 21:22,2026-09-07T01:22:00Z,1788744120000,STOP,EASTERN AVE SE / EVERGREEN ST SE
police,09/06/2026 21:26,2026-09-07T01:26:00Z,1788744360000,STOP,300 IONIA AVE SW
police,09/06/2026 21:26,2026-09-07T01:26:00Z,1788744360000,WARRANTP,300 IONIA AVE SW
fire,09/06/2026 21:29,2026-09-07T01:29:00Z,1788744540000,MED0,LEONARD ST NE / FULLER AVE NE
police,09/06/2026 21:29,2026-09-07T01:29:00Z,1788744540000,PI,LEONARD ST NE / FULLER AVE NE
police,09/06/2026 21:37,2026-09-07T01:37:00Z,1788745020000,STOP,1500 28TH ST SE
police,09/06/2026 21:44,2026-09-07T01:44:00Z,1788745440000,ALARM,800 BOSTON ST SE
police,09/06/2026 21:57,2026-09-07T01:57:00Z,1788746220000,STOP,EASTERN AVE SE / ALEXANDER ST SE
police,09/06/2026 21:58,2026-09-07T01:58:00Z,1788746280000,THREAT,900 PROSPECT AVE NE
police,09/06/2026 22:03,2026-09-07T02:03:00Z,1788746580000,DOMA,1300 LEONARD ST NW
police,09/06/2026 22:04,2026-09-07T02:04:00Z,1788746640000,FRWKS,BUTTERWORTH ST SW / NATIONAL AVE SW
police,09/06/2026 22:11,2026-09-07T02:11:00Z,1788747060000,DOMA,200 S DIVISION AVE
police,09/06/2026 22:11,2026-09-07T02:11:00Z,1788747060000,DOM,200 S DIVISION AVE
police,09/06/2026 22:15,2026-09-07T02:15:00Z,1788747300000,SHOTS,DOUGLAS ST NW / LEXINGTON AVE NW
police,09/06/2026 22:25,2026-09-07T02:25:00Z,1788747900000,DOM,0 LOGAN ST SW
police,09/06/2026 22:41,2026-09-07T02:41:00Z,1788748860000,NOISE,800 BALL AVE NE
police,09/06/2026 22:44,2026-09-07T02:44:00Z,1788749040000,DISO,600 COIT AVE NE
police,09/06/2026 22:48,2026-09-07T02:48:00Z,1788749280000,STOP,HOYT ST SE / NELSON AVE SE
police,09/06/2026 22:58,2026-09-07T02:58:00Z,1788749880000,STOP,W FULTON ST / IONIA AVE NW
police,09/06/2026 23:01,2026-09-07T03:01:00Z,1788750060000,STOP,THOMAS ST SE / CHARLES AVE SE
police,09/06/2026 23:06,2026-09-07T03:06:00Z,1788750360000,STOP,KALAMAZOO AVE SE / 28TH ST SE
police,09/06/2026 23:07,2026-09-07T03:07:00Z,1788750420000,FIGHT,OAKES ST SW / OTTAWA AVE SW
police,09/06/2026 23:11,2026-09-07T03:11:00Z,1788750660000,DISO,300 PEARL ST NW
police,09/06/2026 23:12,2026-09-07T03:12:00Z,1788750720000,ASSIST,US-131 SB NO MARKET
police,09/06/2026 23:14,2026-09-07T03:14:00Z,1788750840000,DOM,600 EASTERN AVE SE
police,09/06/2026 23:16,2026-09-07T03:16:00Z,1788750960000,STOP,SAGINAW RD SE / BRETON RD SE
police,09/06/2026 23:20,2026-09-07T03:20:00Z,1788751200000,DOM,1900 BRADFORD ST NE
police,09/06/2026 23:21,2026-09-07T03:21:00Z,1788751260000,ASLT,LEONARD UNDER US-131
police,09/06/2026 23:22,2026-09-07T03:22:00Z,1788751320000,DISO,400 STOCKING AVE NW
police,09/06/2026 23:26,2026-09-07T03:26:00Z,1788751560000,STOP,2500 NORMANDY DR SE
police,09/06/2026 23:26,2026-09-07T03:26:00Z,1788751560000,STOP,2900 MARSHALL AVE SE
police,09/06/2026 23:31,2026-09-07T03:31:00Z,1788751860000,STOP,DALLAS AVE SE / HALL ST SE
police,09/06/2026 23:45,2026-09-07T03:45:00Z,1788752700000,UNKACC,400 PEARL ST NW
police,09/06/2026 23:45,2026-09-07T03:45:00Z,1788752700000,STOP,HALL ST SE / MADISON AVE SE
fire,09/06/2026 23:56,2026-09-07T03:56:00Z,1788753360000,FIREALARM,1000 MONROE AVE NW
police,09/07/2026 00:02,2026-09-07T04:02:00Z,1788753720000,DOM,2900 MARSHALL AVE SE
fire,09/07/2026 00:06,2026-09-07T04:06:00Z,1788753960000,MED1,800 PARKWAY DR NE
police,09/07/2026 00:06,2026-09-07T04:06:00Z,1788753960000,ASSIST,900 5TH ST NW
police,09/07/2026 00:07,2026-09-07T04:07:00Z,1788754020000,DOMA,0 WILLIAMS ST SW
police,09/07/2026 00:07,2026-09-07T04:07:00Z,1788754020000,SHOTS,3900 WHISPERING WAY SE
police,09/07/2026 00:09,2026-09-07T04:09:00Z,1788754140000,911U,4100 TANGLE CIRCLE DR SE
police,09/07/2026 00:12,2026-09-07T04:12:00Z,1788754320000,SUSPICIOUS,LEONARD ST NW / BROADWAY AVE NW
fire,09/07/2026 00:16,2026-09-07T04:16:00Z,1788754560000,CARBON,100 GUILD ST NE
police,09/07/2026 00:19,2026-09-07T04:19:00Z,1788754740000,DOM,100 MEERSE ST SE
fire,09/07/2026 00:23,2026-09-07T04:23:00Z,1788754980000,MED1,1100 W FULTON ST
police,09/07/2026 00:34,2026-09-07T04:34:00Z,1788755640000,FIGHT,STOCKING AVE NW / BRIDGE ST NW
fire,09/07/2026 00:57,2026-09-07T04:57:00Z,1788757020000,MED1,0 SHELDON AVE NE
police,09/07/2026 00:59,2026-09-07T04:59:00Z,1788757140000,STOP,CRESCENT ST NE / EASTERN AVE NE
police,09/07/2026 01:02,2026-09-07T05:02:00Z,1788757320000,DOM,100 MARTIN LUTHER KING JR ST SW
police,09/07/2026 01:11,2026-09-07T05:11:00Z,1788757860000,ASLT,100 JEFFERSON AVE SE
police,09/07/2026 01:11,2026-09-07T05:11:00Z,1788757860000,STOP,FULLER AVE NE / FOUNTAIN ST NE
police,09/07/2026 01:13,2026-09-07T05:13:00Z,1788757980000,SUSPICIOUS,1800 JEROME AVE SW
police,09/07/2026 01:23,2026-09-07T05:23:00Z,1788758580000,FIGHT,1400 PLAINFIELD AVE NE
fire,09/07/2026 01:25,2026-09-07T05:25:00Z,1788758700000,MED1,1800 JEROME AVE SW
fire,09/07/2026 01:30,2026-09-07T05:30:00Z,1788759000000,MED2,1000 SHERIDAN AVE SW
fire,09/07/2026 01:35,2026-09-07T05:35:00Z,1788759300000,MED1,700 LEONARD ST NW
police,09/07/2026 01:35,2026-09-07T05:35:00Z,1788759300000,DISO,300 PEARL ST NW
police,09/07/2026 01:40,2026-09-07T05:40:00Z,1788759600000,STOP,FULTON ST BRIDGE
police,09/07/2026 01:40,2026-09-07T05:40:00Z,1788759600000,STOP,W FULTON ST / IONIA AVE SW
police,09/07/2026 02:04,2026-09-07T06:04:00Z,1788761040000,NOISE,200 SPENCER ST NE
police,09/07/2026 02:12,2026-09-07T06:12:00Z,1788761520000,SUSPICIOUS,2100 E  WYNDHAM HILL  DR NE
fire,09/07/2026 02:19,2026-09-07T06:19:00Z,1788761940000,MED1,1100 W FULTON ST
police,09/07/2026 02:22,2026-09-07T06:22:00Z,1788762120000,STOP,COLLEGE AVE NE / BRENNER ST NE
police,09/07/2026 02:26,2026-09-07T06:26:00Z,1788762360000,STOP,LEONARD ST NW / ALPINE AVE NW
police,09/07/2026 02:31,2026-09-07T06:31:00Z,1788762660000,DOM,1800 PARIS AVE SE
police,09/07/2026 02:33,2026-09-07T06:33:00Z,1788762780000,WELFARE,FULTON ST BRIDGE(AREA)
police,09/07/2026 02:36,2026-09-07T06:36:00Z,1788762960000,SUSPICIOUS,TRAVIS ST NE / COIT AVE NE
police,09/07/2026 02:49,2026-09-07T06:49:00Z,1788763740000,DISO,900 EMERALD AVE NE
police,09/07/2026 02:56,2026-09-07T06:56:00Z,1788764160000,STOP,LEONARD ST NE / N TAYLOR AVE
police,09/07/2026 03:00,2026-09-07T07:00:00Z,1788764400000,STOP,6TH ST NW / DAVIS AVE NW
police,09/07/2026 03:01,2026-09-07T07:01:00Z,1788764460000,DOM,0 FAIR ST SE
police,09/07/2026 03:03,2026-09-07T07:03:00Z,1788764580000,STOP,100 E FULTON ST
police,09/07/2026 03:03,2026-09-07T07:03:00Z,1788764580000,FRWKS,WEALTHY ST SE / FULLER AVE SE
police,09/07/2026 03:10,2026-09-07T07:10:00Z,1788765000000,DISO,100 OAKES ST SE
police,09/07/2026 03:15,2026-09-07T07:15:00Z,1788765300000,LARC,2100 S DIVISION AVE
fire,09/07/2026 03:24,2026-09-07T07:24:00Z,1788765840000,MED1,700 FULLER AVE NE
police,09/07/2026 03:25,2026-09-07T07:25:00Z,1788765900000,STOP,BROADWAY AVE NW / 5TH ST NW
police,09/07/2026 03:25,2026-09-07T07:25:00Z,1788765900000,WARRANTP,BROADWAY AVE NW / 5TH ST NW
police,09/07/2026 03:27,2026-09-07T07:27:00Z,1788766020000,WELFARE,100 RANSOM AVE NE
fire,09/07/2026 03:42,2026-09-07T07:42:00Z,1788766920000,MED1,100 LA BELLE ST SW
police,09/07/2026 03:45,2026-09-07T07:45:00Z,1788767100000,SHOTS,500 CURTIS ST NE
police,09/07/2026 03:46,2026-09-07T07:46:00Z,1788767160000,STOLENV,400 DICKINSON ST SW
police,09/07/2026 03:54,2026-09-07T07:54:00Z,1788767640000,WARRANTP,100 CHERRY ST SE
fire,09/07/2026 03:58,2026-09-07T07:58:00Z,1788767880000,FIREALARM,200 CESAR E CHAVEZ AVE SW
fire,09/07/2026 04:02,2026-09-07T08:02:00Z,1788768120000,MED2,1400 KALAMAZOO AVE SE
police,09/07/2026 04:08,2026-09-07T08:08:00Z,1788768480000,ASSIST,1400 KALAMAZOO AVE SE
police,09/07/2026 04:09,2026-09-07T08:09:00Z,1788768540000,STOP,100 WEALTHY ST SE
police,09/07/2026 04:19,2026-09-07T08:19:00Z,1788769140000,STOP,MARTIN LUTHER KING JR ST SE / S DIVISION AVE
police,09/07/2026 04:25,2026-09-07T08:25:00Z,1788769500000,911U,1200 QUARRY AVE NW
police,09/07/2026 04:33,2026-09-07T08:33:00Z,1788769980000,ALARM,300 S DIVISION AVE
police,09/07/2026 04:35,2026-09-07T08:35:00Z,1788770100000,STOP,100 FAIR ST SE
police,09/07/2026 04:46,2026-09-07T08:46:00Z,1788770760000,DISO,300 PEARL ST NW
police,09/07/2026 05:01,2026-09-07T09:01:00Z,1788771660000,ALARM,1500 LEONARD ST NE
police,09/07/2026 05:03,2026-09-07T09:03:00Z,1788771780000,SUSPICIOUS,0 S DIVISION AVE
fire,09/07/2026 05:08,2026-09-07T09:08:00Z,1788772080000,MED1,100 SHELDON AVE SE
police,09/07/2026 05:12,2026-09-07T09:12:00Z,1788772320000,WELFARE,600 MONROE AVE NW
fire,09/07/2026 05:25,2026-09-07T09:25:00Z,1788773100000,MED1,2100 KEN ADE ST NE
police,09/07/2026 05:56,2026-09-07T09:56:00Z,1788774960000,911U,500 LANE AVE NW
police,09/07/2026 05:58,2026-09-07T09:58:00Z,1788775080000,DISO,200 JEFFERSON AVE SE
police,09/07/2026 06:09,2026-09-07T10:09:00Z,1788775740000,TRES,2900 MARSHALL AVE SE
police,09/07/2026 06:21,2026-09-07T10:21:00Z,1788776460000,SUSPICIOUS,1400 POWERS AVE NW
police,09/07/2026 06:23,2026-09-07T10:23:00Z,1788776580000,BURGN,700 MADISON AVE SE
police,09/07/2026 06:24,2026-09-07T10:24:00Z,1788776640000,PD,LINCOLN AVE NW / CORA ST NW
fire,09/07/2026 06:32,2026-09-07T10:32:00Z,1788777120000,MED1,E FULTON ST / MARYLAND AVE SE
police,09/07/2026 06:32,2026-09-07T10:32:00Z,1788777120000,UNKACC,E FULTON ST / MARYLAND AVE SE
police,09/07/2026 06:36,2026-09-07T10:36:00Z,1788777360000,DISO,BURTON ST SE / BLAINE AVE SE
police,09/07/2026 06:40,2026-09-07T10:40:00Z,1788777600000,NOISE,2200 NELSON AVE SE
police,09/07/2026 06:42,2026-09-07T10:42:00Z,1788777720000,STOP,100 MONROE CENTER ST NW
police,09/07/2026 06:45,2026-09-07T10:45:00Z,1788777900000,STOP,2500 KALAMAZOO AVE SE
police,09/07/2026 06:55,2026-09-07T10:55:00Z,1788778500000,DISO,700 STOCKING AVE NW
fire,09/07/2026 06:56,2026-09-07T10:56:00Z,1788778560000,MED1,100 MICHIGAN ST NE
police,09/07/2026 07:12,2026-09-07T11:12:00Z,1788779520000,DISO,900 WORDEN ST SE
police,09/07/2026 07:14,2026-09-07T11:14:00Z,1788779640000,SUICIDETH,300 COMMERCE AVE SW
police,09/07/2026 07:18,2026-09-07T11:18:00Z,1788779880000,DOM,400 GRIGGS ST SE
police,09/07/2026 07:22,2026-09-07T11:22:00Z,1788780120000,STOP,BARTLETT ST SW / S DIVISION AVE
police,09/07/2026 07:23,2026-09-07T11:23:00Z,1788780180000,TRES,100 FRONT AVE NW-RAMP
fire,09/07/2026 07:32,2026-09-07T11:32:00Z,1788780720000,MED1,4000 WHISPERING WAY SE
police,09/07/2026 07:42,2026-09-07T11:42:00Z,1788781320000,LARC,1300 CROSBY ST NW
police,09/07/2026 07:43,2026-09-07T11:43:00Z,1788781380000,ALARM,1000 MICHIGAN ST NE
police,09/07/2026 07:45,2026-09-07T11:45:00Z,1788781500000,STOP,SHELDON AVE SE / HIGHLAND ST SE
police,09/07/2026 07:50,2026-09-07T11:50:00Z,1788781800000,UNKACC,EAST BELTLINE AVE SE / BURTON ST SE
fire,09/07/2026 07:51,2026-09-07T11:51:00Z,1788781860000,MED2,EAST BELTLINE AVE SE / BURTON ST SE
police,09/07/2026 08:01,2026-09-07T12:01:00Z,1788782460000,STOP,S DIVISION AVE / HOME ST SW
fire,09/07/2026 08:03,2026-09-07T12:03:00Z,1788782580000,MED2,TURNER AVE NW / LEONARD ST NW
police,09/07/2026 08:03,2026-09-07T12:03:00Z,1788782580000,STOP,S DIVISION AVE / COTTAGE GROVE ST SE
police,09/07/2026 08:04,2026-09-07T12:04:00Z,1788782640000,UNKACC,TURNER AVE NW / LEONARD ST NW
police,09/07/2026 08:09,2026-09-07T12:09:00Z,1788782940000,STOP,SEWARD AVE NW / BRIDGE ALY NW
fire,09/07/2026 08:10,2026-09-07T12:10:00Z,1788783000000,MED1,0 DELAWARE ST SW
fire,09/07/2026 08:21,2026-09-07T12:21:00Z,1788783660000,MED1,400 LA GRAVE AVE SE
police,09/07/2026 08:22,2026-09-07T12:22:00Z,1788783720000,DOM,300 EDISON PARK AVE NW
police,09/07/2026 08:54,2026-09-07T12:54:00Z,1788785640000,ALARM,300 ANN ST NE
police,09/07/2026 08:54,2026-09-07T12:54:00Z,1788785640000,STOP,WILLIAMS ST SW / IONIA AVE SW
fire,09/07/2026 09:09,2026-09-07T13:09:00Z,1788786540000,MED1,2300 EAST BELTLINE AVE SE
fire,09/07/2026 09:11,2026-09-07T13:11:00Z,1788786660000,MED1,0 TRAVIS ST NW
police,09/07/2026 09:12,2026-09-07T13:12:00Z,1788786720000,TRES,3900 28TH ST SE
police,09/07/2026 09:18,2026-09-07T13:18:00Z,1788787080000,ORDINANCE,300 IONIA AVE SW
police,09/07/2026 09:23,2026-09-07T13:23:00Z,1788787380000,STOP,IONIA AVE SW / BARTLETT ST SW
police,09/07/2026 09:25,2026-09-07T13:25:00Z,1788787500000,ALARM,900 GIDDINGS AVE SE
fire,09/07/2026 09:33,2026-09-07T13:33:00Z,1788787980000,MED1,1600 HUTCHINSON AVE SE
police,09/07/2026 09:42,2026-09-07T13:42:00Z,1788788520000,STOP,WEALTHY ST SW / COMMERCE AVE SW
police,09/07/2026 09:44,2026-09-07T13:44:00Z,1788788640000,911U,1500 E FULTON ST
police,09/07/2026 09:49,2026-09-07T13:49:00Z,1788788940000,911U,100 MARTIN LUTHER KING JR ST SW
fire,09/07/2026 09:58,2026-09-07T13:58:00Z,1788789480000,MED1,200 WEALTHY ST SE
fire,09/07/2026 10:06,2026-09-07T14:06:00Z,1788789960000,FIREALARM,500 OTTAWA AVE NW
police,09/07/2026 10:11,2026-09-07T14:11:00Z,1788790260000,STOP,S DIVISION AVE / ANDRE ST SW
fire,09/07/2026 10:15,2026-09-07T14:15:00Z,1788790500000,MED3,900 OXFORD ST SW
police,09/07/2026 10:15,2026-09-07T14:15:00Z,1788790500000,SUICIDEAT,900 OXFORD ST SW
police,09/07/2026 10:18,2026-09-07T14:18:00Z,1788790680000,STOP,SPENCER ST NE / EASTERN PL NE
police,09/07/2026 10:21,2026-09-07T14:21:00Z,1788790860000,WPNB,2100 EASTCASTLE DR SE
fire,09/07/2026 10:30,2026-09-07T14:30:00Z,1788791400000,MED2,2200 EASTERN AVE NE
police,09/07/2026 10:33,2026-09-07T14:33:00Z,1788791580000,WELFARE,4200 KIMBALL AVE SE
police,09/07/2026 10:44,2026-09-07T14:44:00Z,1788792240000,SUICIDETH,300 COMMERCE AVE SW
police,09/07/2026 11:00,2026-09-07T15:00:00Z,1788793200000,STOP,DOUGLAS ST NW / SEWARD AVE NW
police,09/07/2026 11:05,2026-09-07T15:05:00Z,1788793500000,SUICIDETH,700 PROSPECT AVE SE
fire,09/07/2026 11:08,2026-09-07T15:08:00Z,1788793680000,MED2,700 PROSPECT AVE SE
fire,09/07/2026 11:17,2026-09-07T15:17:00Z,1788794220000,FIREVEH,1200 MONROE AVE NW
police,09/07/2026 11:18,2026-09-07T15:18:00Z,1788794280000,ALARM,800 BRIDGE ST NW
fire,09/07/2026 11:26,2026-09-07T15:26:00Z,1788794760000,MED1,400 SEWARD AVE NW
police,09/07/2026 11:39,2026-09-07T15:39:00Z,1788795540000,BURGN,0 GOLD AVE SW
police,09/07/2026 12:00,2026-09-07T16:00:00Z,1788796800000,ASLT,200 JEFFERSON AVE SE
police,09/07/2026 12:01,2026-09-07T16:01:00Z,1788796860000,SUSPICIOUS,2200 PLAINFIELD AVE NE
police,09/07/2026 12:04,2026-09-07T16:04:00Z,1788797040000,LOSTFOUND,1200 MONROE AVE NW
fire,09/07/2026 12:06,2026-09-07T16:06:00Z,1788797160000,MED1,1200 EKHART ST NE
fire,09/07/2026 12:11,2026-09-07T16:11:00Z,1788797460000,MED2,US-131 SB AT SIXTH
police,09/07/2026 12:11,2026-09-07T16:11:00Z,1788797460000,UNKACC,US-131 SB AT SIXTH
police,09/07/2026 12:14,2026-09-07T16:14:00Z,1788797640000,THREAT,3400 PLAINFIELD AVE NE
police,09/07/2026 12:20,2026-09-07T16:20:00Z,1788798000000,ASLT,100 MICHIGAN ST NE
police,09/07/2026 12:27,2026-09-07T16:27:00Z,1788798420000,STOP,LAKE MICHIGAN DR NW / SEWARD AVE NW
police,09/07/2026 12:34,2026-09-07T16:34:00Z,1788798840000,PEACE,600 LAFAYETTE AVE NE
police,09/07/2026 12:34,2026-09-07T16:34:00Z,1788798840000,DISO,600 LAFAYETTE AVE NE
police,09/07/2026 12:51,2026-09-07T16:51:00Z,1788799860000,ASLT,1900 BENJAMIN AVE NE
police,09/07/2026 12:54,2026-09-07T16:54:00Z,1788800040000,VCSA,600 FRONT AVE NW
police,09/07/2026 12:57,2026-09-07T16:57:00Z,1788800220000,SUICIDEAT,400 IONIA AVE SW
police,09/07/2026 13:00,2026-09-07T17:00:00Z,1788800400000,DOMA,1000 CRESTON PLZ DR NE
police,09/07/2026 13:07,2026-09-07T17:07:00Z,1788800820000,NOISE,1400 GIDDINGS AVE SE
police,09/07/2026 13:13,2026-09-07T17:13:00Z,1788801180000,ABAND,400 BEACON
police,09/07/2026 13:15,2026-09-07T17:15:00Z,1788801300000,STOP,LEONARD ST NE / FULLER AVE NE
police,09/07/2026 13:16,2026-09-07T17:16:00Z,1788801360000,STOP,ALPINE AVE NW / 12TH ST NW
police,09/07/2026 13:20,2026-09-07T17:20:00Z,1788801600000,SUSPICIOUS,500 BURTON ST SW
police,09/07/2026 13:23,2026-09-07T17:23:00Z,1788801780000,ASLT,0 HALL ST SW
police,09/07/2026 13:25,2026-09-07T17:25:00Z,1788801900000,WARRANTA,300 IONIA AVE SW
fire,09/07/2026 13:32,2026-09-07T17:32:00Z,1788802320000,MED2,200 FOX ST SW
police,09/07/2026 13:48,2026-09-07T17:48:00Z,1788803280000,ALARM,900 W FULTON ST
police,09/07/2026 13:49,2026-09-07T17:49:00Z,1788803340000,TRES,400 SEWARD AVE NW
police,09/07/2026 13:54,2026-09-07T17:54:00Z,1788803640000,TRES,100 ANTOINE ST SW
police,09/07/2026 14:10,2026-09-07T18:10:00Z,1788804600000,STOP,CHERRY ST SW / IONIA AVE SW
police,09/07/2026 14:13,2026-09-07T18:13:00Z,1788804780000,DISO,1400 PLAINFIELD AVE NE
fire,09/07/2026 14:14,2026-09-07T18:14:00Z,1788804840000,MED1,700 28TH ST SE
police,09/07/2026 14:15,2026-09-07T18:15:00Z,1788804900000,ALARM,300 PROSPECT AVE SE
police,09/07/2026 14:17,2026-09-07T18:17:00Z,1788805020000,WELFARE,2000 32ND ST SE
police,09/07/2026 14:23,2026-09-07T18:23:00Z,1788805380000,DOMA,200 MAYFIELD AVE NE
fire,09/07/2026 14:24,2026-09-07T18:24:00Z,1788805440000,MED1,2000 LEONARD ST NE
police,09/07/2026 14:25,2026-09-07T18:25:00Z,1788805500000,ORDINANCE,600 FRONT AVE NW
police,09/07/2026 14:37,2026-09-07T18:37:00Z,1788806220000,DISO,900 MICHIGAN ST NE
fire,09/07/2026 14:49,2026-09-07T18:49:00Z,1788806940000,MED2,900 FRONT AVE NW
police,09/07/2026 14:50,2026-09-07T18:50:00Z,1788807000000,ANIC,FULLER OVER I-196
fire,09/07/2026 14:51,2026-09-07T18:51:00Z,1788807060000,MED2,2600 INVERNESS RD SE
fire,09/07/2026 14:58,2026-09-07T18:58:00Z,1788807480000,FIREALARM,500 OTTAWA AVE NW
police,09/07/2026 15:01,2026-09-07T19:01:00Z,1788807660000,STOP,COLDBROOK ST NE / CRESTON PLZ DR NE
police,09/07/2026 15:01,2026-09-07T19:01:00Z,1788807660000,FIGHT,MICHIGAN ST NE / FULLER AVE NE
police,09/07/2026 15:11,2026-09-07T19:11:00Z,1788808260000,WARRANTA,1600 LEONARD ST NE
police,09/07/2026 15:17,2026-09-07T19:17:00Z,1788808620000,PDHR,28TH ST SE / KALAMAZOO AVE SE
police,09/07/2026 15:22,2026-09-07T19:22:00Z,1788808920000,ALARM,500 OTTAWA AVE NW
police,09/07/2026 15:23,2026-09-07T19:23:00Z,1788808980000,WARRANTP,100 MONROE CENTER ST NW
police,09/07/2026 15:30,2026-09-07T19:30:00Z,1788809400000,STOP,LEONARD UNDER US-131
fire,09/07/2026 15:40,2026-09-07T19:40:00Z,1788810000000,MED1,1100 TURNER AVE NW
police,09/07/2026 15:41,2026-09-07T19:41:00Z,1788810060000,ASSIST,1100 TURNER AVE NW
police,09/07/2026 15:55,2026-09-07T19:55:00Z,1788810900000,WELFARE,900 DAVIS AVE NW
police,09/07/2026 15:58,2026-09-07T19:58:00Z,1788811080000,WELFARE,100 OTTAWA AVE NW-RAMP
police,09/07/2026 16:02,2026-09-07T20:02:00Z,1788811320000,STOP,FOUNTAIN ST NE / COLLEGE AVE NE
fire,09/07/2026 16:03,2026-09-07T20:03:00Z,1788811380000,MED2,100 OTTAWA AVE NW-RAMP
police,09/07/2026 16:03,2026-09-07T20:03:00Z,1788811380000,WELFARE,600 BURTON ST SE
police,09/07/2026 16:10,2026-09-07T20:10:00Z,1788811800000,ALARM,2200 S DIVISION AVE
police,09/07/2026 16:24,2026-09-07T20:24:00Z,1788812640000,ALARM,1000 EVERGREEN ST SE
police,09/07/2026 16:33,2026-09-07T20:33:00Z,1788813180000,ALARM,1100 36TH ST SE
police,09/07/2026 16:42,2026-09-07T20:42:00Z,1788813720000,ASLT,PEARL ST NW / LAKE MICHIGAN DR NW
police,09/07/2026 16:45,2026-09-07T20:45:00Z,1788813900000,DOMA,800 BRIDGE ST NW
fire,09/07/2026 16:46,2026-09-07T20:46:00Z,1788813960000,MED1,800 BRIDGE ST NW
police,09/07/2026 16:46,2026-09-07T20:46:00Z,1788813960000,ASLT,2400 43RD ST SE
fire,09/07/2026 16:51,2026-09-07T20:51:00Z,1788814260000,FIREALARM,700 CLARK CROSSING DR SE
police,09/07/2026 17:00,2026-09-07T21:00:00Z,1788814800000,WELFARE,0 QUIMBY ST NE
police,09/07/2026 17:05,2026-09-07T21:05:00Z,1788815100000,DOM,1100 BATES ST SE
police,09/07/2026 17:17,2026-09-07T21:17:00Z,1788815820000,STOP,EASTCASTLE DR SE / 44TH ST SE
fire,09/07/2026 17:22,2026-09-07T21:22:00Z,1788816120000,FIREALARM,1900 RADCLIFF AVE SE
fire,09/07/2026 17:27,2026-09-07T21:27:00Z,1788816420000,MED1,2300 BURTON ST SE
fire,09/07/2026 17:37,2026-09-07T21:37:00Z,1788817020000,FIREALARM,500 MARSH RIDGE DR NW
fire,09/07/2026 17:52,2026-09-07T21:52:00Z,1788817920000,MED1,1100 THOMAS ST SE
police,09/07/2026 17:52,2026-09-07T21:52:00Z,1788817920000,VCSA,1000 S DIVISION AVE
fire,09/07/2026 18:02,2026-09-07T22:02:00Z,1788818520000,FIREALARM,500 OTTAWA AVE NW
police,09/07/2026 18:04,2026-09-07T22:04:00Z,1788818640000,ASSIST,200 COMMERCE AVE SW
police,09/07/2026 18:06,2026-09-07T22:06:00Z,1788818760000,DOM,200 PROSPECT AVE NE
police,09/07/2026 18:11,2026-09-07T22:11:00Z,1788819060000,DOM,3600 GREENVIEW CT SE
police,09/07/2026 18:15,2026-09-07T22:15:00Z,1788819300000,DISO,1400 UNION AVE NE
fire,09/07/2026 18:23,2026-09-07T22:23:00Z,1788819780000,INVEST,1900 CORNELIUS AVE SE
police,09/07/2026 18:27,2026-09-07T22:27:00Z,1788820020000,STOP,LINCOLN AVE NW / LEONARD ST NW
police,09/07/2026 18:27,2026-09-07T22:27:00Z,1788820020000,WELFARE,S DIVISION AVE / BURTON ST SE
fire,09/07/2026 18:35,2026-09-07T22:35:00Z,1788820500000,MED1,600 S DIVISION AVE
police,09/07/2026 18:36,2026-09-07T22:36:00Z,1788820560000,MDOP,400 PETTIBONE AVE NW
police,09/07/2026 18:39,2026-09-07T22:39:00Z,1788820740000,WELFARE,600 CROFTON ST SW
fire,09/07/2026 18:43,2026-09-07T22:43:00Z,1788820980000,FIREOTHER,900 BALLARD ST SE
police,09/07/2026 18:48,2026-09-07T22:48:00Z,1788821280000,STOP,400 LEONARD ST NW
police,09/07/2026 18:49,2026-09-07T22:49:00Z,1788821340000,DOM,1600 FORREST AVE NE
police,09/07/2026 18:59,2026-09-07T22:59:00Z,1788821940000,ASLT,0 ANTOINE ST SW
police,09/07/2026 19:06,2026-09-07T23:06:00Z,1788822360000,SUICIDETH,300 JEFFERSON AVE SE
police,09/07/2026 19:07,2026-09-07T23:07:00Z,1788822420000,DOMA,700 FAIRVIEW AVE NE
police,09/07/2026 19:08,2026-09-07T23:08:00Z,1788822480000,DOMA,1200 MORGAN ST NW
fire,09/07/2026 19:11,2026-09-07T23:11:00Z,1788822660000,MED1,400 IONIA AVE SW
police,09/07/2026 19:18,2026-09-07T23:18:00Z,1788823080000,STOP,1300 PLAINFIELD AVE NE
police,09/07/2026 19:23,2026-09-07T23:23:00Z,1788823380000,STOP,BRIDGE ST NW / MOUNT VERNON AVE NW
fire,09/07/2026 19:24,2026-09-07T23:24:00Z,1788823440000,FIREALARM,300 DIAMOND AVE SE
police,09/07/2026 19:27,2026-09-07T23:27:00Z,1788823620000,ASLT,300 LYON ST NW
police,09/07/2026 19:28,2026-09-07T23:28:00Z,1788823680000,STOP,EASTERN AVE SE / ALGER ST SE
police,09/07/2026 19:34,2026-09-07T23:34:00Z,1788824040000,STOP,PLEASANT ST SE / JEFFERSON AVE SE
fire,09/07/2026 19:35,2026-09-07T23:35:00Z,1788824100000,MED1,2900 MARSHALL AVE SE
police,09/07/2026 19:36,2026-09-07T23:36:00Z,1788824160000,STOP,S DIVISION AVE / HOME ST SE
fire,09/07/2026 19:44,2026-09-07T23:44:00Z,1788824640000,MED2,2400 MICHIGAN ST NE
police,09/07/2026 19:45,2026-09-07T23:45:00Z,1788824700000,NOISE,300 CALKINS AVE SE
police,09/07/2026 19:48,2026-09-07T23:48:00Z,1788824880000,STOP,FRANCIS AVE SE / BURTON ST SE
police,09/07/2026 19:49,2026-09-07T23:49:00Z,1788824940000,STOP,OTTAWA AVE NW / HASTINGS ST NW
police,09/07/2026 19:52,2026-09-07T23:52:00Z,1788825120000,PEACE,0 WILLIAMS ST SW
police,09/07/2026 19:52,2026-09-07T23:52:00Z,1788825120000,STOP,600 MONROE AVE NW
police,09/07/2026 19:52,2026-09-07T23:52:00Z,1788825120000,STOP,HALL ST SE / EASTERN AVE SE
police,09/07/2026 20:02,2026-09-08T00:02:00Z,1788825720000,DOM,500 11TH ST NW
police,09/07/2026 20:02,2026-09-08T00:02:00Z,1788825720000,STOP,ALGER ST SE / LINDEN AVE SE
police,09/07/2026 20:04,2026-09-08T00:04:00Z,1788825840000,DOM,1000 SHAWMUT CT NW
police,09/07/2026 20:04,2026-09-08T00:04:00Z,1788825840000,STOP,TULIP ST SW / CESAR E CHAVEZ AVE SW
police,09/07/2026 20:11,2026-09-08T00:11:00Z,1788826260000,STOP,W FULTON ST / MONROE AVE NW
police,09/07/2026 20:14,2026-09-08T00:14:00Z,1788826440000,WELFARE,300 MARTIN LUTHER KING JR ST SE
police,09/07/2026 20:14,2026-09-08T00:14:00Z,1788826440000,WELFARE,500 MAYNARD AVE NW
fire,09/07/2026 20:15,2026-09-08T00:15:00Z,1788826500000,FIREALARM,700 CLARK CROSSING DR SE
police,09/07/2026 20:18,2026-09-08T00:18:00Z,1788826680000,STOP,36TH ST SE / GIDDINGS AVE SE
police,09/07/2026 20:21,2026-09-08T00:21:00Z,1788826860000,WELFARE,2400 PLAINFIELD AVE NE
police,09/07/2026 20:21,2026-09-08T00:21:00Z,1788826860000,DOMA,3300 BRIGGS BLVD NE
police,09/07/2026 20:25,2026-09-08T00:25:00Z,1788827100000,STOP,LA GRAVE AVE SE / CHERRY ST SE
fire,09/07/2026 20:26,2026-09-08T00:26:00Z,1788827160000,MED2,1500 EAST BELTLINE AVE SE
police,09/07/2026 20:26,2026-09-08T00:26:00Z,1788827160000,STOP,KALAMAZOO AVE SE / DICKINSON ST SE
police,09/07/2026 20:28,2026-09-08T00:28:00Z,1788827280000,STOP,KEN O SHA IND PARK DR SE / EASTERN AVE SE
police,09/07/2026 20:33,2026-09-08T00:33:00Z,1788827580000,DOM,1300 PROSPECT AVE SE
police,09/07/2026 20:34,2026-09-08T00:34:00Z,1788827640000,DOMA,900 10TH ST NW
police,09/07/2026 20:38,2026-09-08T00:38:00Z,1788827880000,DOMA,2000 ALICE AVE SW
police,09/07/2026 20:41,2026-09-08T00:41:00Z,1788828060000,TRES,100 PEARL ST NW-RAMP
police,09/07/2026 20:45,2026-09-08T00:45:00Z,1788828300000,STOP,EASTERN AVE SE / ALEXANDER ST SE
fire,09/07/2026 20:46,2026-09-08T00:46:00Z,1788828360000,MED1,1600 COUNTRY CLUB DR NE
police,09/07/2026 20:53,2026-09-08T00:53:00Z,1788828780000,DOMA,1000 TOREN ST SE
police,09/07/2026 20:57,2026-09-08T00:57:00Z,1788829020000,STOP,2400 28TH ST SE
police,09/07/2026 20:59,2026-09-08T00:59:00Z,1788829140000,FRWKS,1100 RICHMOND ST NW
police,09/07/2026 21:00,2026-09-08T01:00:00Z,1788829200000,ASSIST,28TH ST SE / EAST BELTLINE AVE SE
police,09/07/2026 21:02,2026-09-08T01:02:00Z,1788829320000,SHOTS,FULLER AVE SE / BOSTON ST SE
fire,09/07/2026 21:06,2026-09-08T01:06:00Z,1788829560000,MED2,100 SHELDON AVE SE
police,09/07/2026 21:12,2026-09-08T01:12:00Z,1788829920000,ALARM,2300 FOSTER AVE NE
police,09/07/2026 21:18,2026-09-08T01:18:00Z,1788830280000,ASLT,1000 EVERGREEN ST SE
police,09/07/2026 21:18,2026-09-08T01:18:00Z,1788830280000,STOP,BURTON ST SE / EAST BELTLINE AVE SE
police,09/07/2026 21:21,2026-09-08T01:21:00Z,1788830460000,911U,500 EASTERN AVE SE
police,09/07/2026 21:29,2026-09-08T01:29:00Z,1788830940000,911U,3800 ROWLAND AVE SE
fire,09/07/2026 21:31,2026-09-08T01:31:00Z,1788831060000,MED1,600 LEONARD ST NW
police,09/07/2026 21:32,2026-09-08T01:32:00Z,1788831120000,ASSIST,600 LEONARD ST NW
police,09/07/2026 21:33,2026-09-08T01:33:00Z,1788831180000,SHOTS,BURTON ST SE / COLLINS AVE SE(AREA)
police,09/07/2026 21:36,2026-09-08T01:36:00Z,1788831360000,FIGHT,400 CARRIER ST NE
police,09/07/2026 21:45,2026-09-08T01:45:00Z,1788831900000,TRANSP,200 S KALAMAZOO ST
police,09/07/2026 21:54,2026-09-08T01:54:00Z,1788832440000,THREAT,700 FREMONT AVE NW
police,09/07/2026 21:57,2026-09-08T01:57:00Z,1788832620000,STOP,300 IONIA AVE SW
police,09/07/2026 22:03,2026-09-08T02:03:00Z,1788832980000,STOP,BURTON ST SE / FRANCIS AVE SE
police,09/07/2026 22:10,2026-09-08T02:10:00Z,1788833400000,STOP,800 NELAND AVE SE
fire,09/07/2026 22:11,2026-09-08T02:11:00Z,1788833460000,MED2,300 LYON ST NW
police,09/07/2026 22:13,2026-09-08T02:13:00Z,1788833580000,WELFARE,300 HIGHLAND ST SE
police,09/07/2026 22:17,2026-09-08T02:17:00Z,1788833820000,DISO,LEXINGTON AVE NW / W FULTON ST
police,09/07/2026 22:23,2026-09-08T02:23:00Z,1788834180000,DOM,3900 WHISPERING WAY SE
police,09/07/2026 22:23,2026-09-08T02:23:00Z,1788834180000,DOM,4000 WHISPERING WAY SE
police,09/07/2026 22:25,2026-09-08T02:25:00Z,1788834300000,STOP,1100 RICHMOND ST NW
police,09/07/2026 22:26,2026-09-08T02:26:00Z,1788834360000,FRWKS,1300 COLLEGE AVE NE
police,09/07/2026 22:38,2026-09-08T02:38:00Z,1788835080000,STOP,600 FRONT AVE NW
police,09/07/2026 22:40,2026-09-08T02:40:00Z,1788835200000,DOM,2500 NORMANDY DR SE
police,09/07/2026 22:40,2026-09-08T02:40:00Z,1788835200000,STOP,LEONARD ST NW / WALKER AVE NW
police,09/07/2026 22:41,2026-09-08T02:41:00Z,1788835260000,STOP,BURTON ST SE / FRANCIS AVE SE
police,09/07/2026 22:46,2026-09-08T02:46:00Z,1788835560000,STOP,HALL ST SW / IONIA AVE SW
police,09/07/2026 22:48,2026-09-08T02:48:00Z,1788835680000,STOP,S DIVISION AVE / BARTLETT ST SW
police,09/07/2026 22:51,2026-09-08T02:51:00Z,1788835860000,STOP,LEONARD ST NW / ELIZABETH AVE NW
police,09/07/2026 22:52,2026-09-08T02:52:00Z,1788835920000,STOP,FULLER AVE SE / ADAMS ST SE
police,09/07/2026 22:53,2026-09-08T02:53:00Z,1788835980000,DOM,3500 KALAMAZOO AVE SE
police,09/07/2026 22:56,2026-09-08T02:56:00Z,1788836160000,STOP,COURTNEY ST NW / WIDDICOMB AVE NW
police,09/07/2026 23:00,2026-09-08T03:00:00Z,1788836400000,STOP,BRADFORD ST NE / LAFAYETTE AVE NE
police,09/07/2026 23:06,2026-09-08T03:06:00Z,1788836760000,STOP,1200 HAMILTON AVE NW
police,09/07/2026 23:11,2026-09-08T03:11:00Z,1788837060000,STOP,CLANCY AVE NE / COLDBROOK ST NE
police,09/07/2026 23:12,2026-09-08T03:12:00Z,1788837120000,STOP,800 FAIRVIEW AVE NE
police,09/07/2026 23:22,2026-09-08T03:22:00Z,1788837720000,DISO,S DIVISION AVE / BARTLETT ST SW
fire,09/07/2026 23:32,2026-09-08T03:32:00Z,1788838320000,MED1,800 OAKHILL ST SE
police,09/07/2026 23:39,2026-09-08T03:39:00Z,1788838740000,STOP,WHITE AVE NW / (NO)WALKER AVE NW
police,09/07/2026 23:41,2026-09-08T03:41:00Z,1788838860000,STOP,WHITE AVE NW / (NO)WALKER AVE NW
police,09/07/2026 23:44,2026-09-08T03:44:00Z,1788839040000,ASSIST,2500 S DIVISION AVE
police,09/07/2026 23:46,2026-09-08T03:46:00Z,1788839160000,STOP,EASTERN AVE SE / ALEXANDER ST SE
fire,09/07/2026 23:52,2026-09-08T03:52:00Z,1788839520000,MED1,1000 BRIDGE ST NW
fire,09/07/2026 23:54,2026-09-08T03:54:00Z,1788839640000,MED1,1000 DORCHESTER AVE SW
police,09/07/2026 23:59,2026-09-08T03:59:00Z,1788839940000,STOP,EASTERN AVE SE / SHERMAN ST SE
police,09/08/2026 00:01,2026-09-08T04:01:00Z,1788840060000,TRES,1200 WALKER AVE NW
police,09/08/2026 00:11,2026-09-08T04:11:00Z,1788840660000,SHOTS,1100 PROSPECT AVE SE
police,09/08/2026 00:11,2026-09-08T04:11:00Z,1788840660000,STOP,PAGE ST NE / LAFAYETTE AVE NE
police,09/08/2026 00:22,2026-09-08T04:22:00Z,1788841320000,SUSPICIOUS,500 LINCOLN AVE NW
fire,09/08/2026 00:25,2026-09-08T04:25:00Z,1788841500000,FIREALARM,700 LAFAYETTE AVE SE
police,09/08/2026 00:42,2026-09-08T04:42:00Z,1788842520000,ASSIST,1400 AMBERLY DR SE
police,09/08/2026 00:44,2026-09-08T04:44:00Z,1788842640000,SUSPICIOUS,500 PROSPECT AVE SE
police,09/08/2026 00:44,2026-09-08T04:44:00Z,1788842640000,ASSIST,600 BYERS ST NE
police,09/08/2026 00:46,2026-09-08T04:46:00Z,1788842760000,DISO,PEARL ST NW / MONROE AVE NW
fire,09/08/2026 01:00,2026-09-08T05:00:00Z,1788843600000,MED1,900 S DIVISION AVE
fire,09/08/2026 01:03,2026-09-08T05:03:00Z,1788843780000,INVEST,1800 STILESGATE ST SE
police,09/08/2026 01:13,2026-09-08T05:13:00Z,1788844380000,SUSPICIOUS,1100 INNES ST NE
police,09/08/2026 01:20,2026-09-08T05:20:00Z,1788844800000,STOP,DALLAS AVE SE / MARTIN LUTHER KING JR ST SE
police,09/08/2026 01:22,2026-09-08T05:22:00Z,1788844920000,BARK,1200 BALL AVE NE
police,09/08/2026 01:30,2026-09-08T05:30:00Z,1788845400000,STOP,2200 S DIVISION AVE
fire,09/08/2026 01:37,2026-09-08T05:37:00Z,1788845820000,MED1,100 LAKESIDE DR NE
police,09/08/2026 01:44,2026-09-08T05:44:00Z,1788846240000,STOP,HALL ST SE / CASS AVE SE
police,09/08/2026 01:49,2026-09-08T05:49:00Z,1788846540000,STOP,MADISON AVE SE / ADAMS ST SE
police,09/08/2026 01:59,2026-09-08T05:59:00Z,1788847140000,SUSPICIOUS,800 HALL ST SE
police,09/08/2026 02:03,2026-09-08T06:03:00Z,1788847380000,STOP,MARTIN LUTHER KING JR ST SE / SHELDON AVE SE
police,09/08/2026 02:04,2026-09-08T06:04:00Z,1788847440000,STOP,500 MICHIGAN ST NE
police,09/08/2026 02:07,2026-09-08T06:07:00Z,1788847620000,STOP,BURTON ST SE / S DIVISION AVE
police,09/08/2026 02:07,2026-09-08T06:07:00Z,1788847620000,STOP,DAVIS AVE NW / 3RD ST NW
police,09/08/2026 02:10,2026-09-08T06:10:00Z,1788847800000,DISO,100 SHELDON AVE SE
police,09/08/2026 02:10,2026-09-08T06:10:00Z,1788847800000,DOM,EASTERN AVE SE / OAKDALE ST SE
police,09/08/2026 02:11,2026-09-08T06:11:00Z,1788847860000,STOP,S DIVISION AVE / WILLIAMS ST SW
police,09/08/2026 02:18,2026-09-08T06:18:00Z,1788848280000,STOP,GRIGGS ST SW / BUCHANAN AVE SW
police,09/08/2026 02:23,2026-09-08T06:23:00Z,1788848580000,STOP,COLLEGE AVE NE / MICHIGAN ST NE
police,09/08/2026 02:24,2026-09-08T06:24:00Z,1788848640000,STOP,ALPINE AVE NW / 11TH ST NW
police,09/08/2026 02:29,2026-09-08T06:29:00Z,1788848940000,SUSPICIOUS,900 FULLER AVE SE
police,09/08/2026 02:33,2026-09-08T06:33:00Z,1788849180000,STOP,KALAMAZOO AVE SE / HAZEN ST SE
police,09/08/2026 02:39,2026-09-08T06:39:00Z,1788849540000,STOP,1100 BRIDGE ST NW
police,09/08/2026 02:41,2026-09-08T06:41:00Z,1788849660000,DISO,800 PARK ST SW
police,09/08/2026 02:46,2026-09-08T06:46:00Z,1788849960000,DOM,400 HALL ST SE
fire,09/08/2026 02:48,2026-09-08T06:48:00Z,1788850080000,MED1,1300 LEONARD ST NE
police,09/08/2026 02:51,2026-09-08T06:51:00Z,1788850260000,STOP,E BLAINE AVE SE / N OTTILLIA ST SE
fire,09/08/2026 02:52,2026-09-08T06:52:00Z,1788850320000,MED1,2000 32ND ST SE
police,09/08/2026 03:11,2026-09-08T07:11:00Z,1788851460000,TRES,300 PEARL ST NW
police,09/08/2026 03:29,2026-09-08T07:29:00Z,1788852540000,STOP,LEONARD ST NE / COIT AVE NE
police,09/08/2026 03:42,2026-09-08T07:42:00Z,1788853320000,STOP,LEONARD ST NE / DIAMOND AVE NE
police,09/08/2026 03:48,2026-09-08T07:48:00Z,1788853680000,STOP,28TH ST SE / (EO)BRETON RD SE
police,09/08/2026 03:56,2026-09-08T07:56:00Z,1788854160000,DISO,100 S DIVISION AVE
police,09/08/2026 04:07,2026-09-08T08:07:00Z,1788854820000,WELFARE,500 MICHIGAN ST NE
fire,09/08/2026 04:11,2026-09-08T08:11:00Z,1788855060000,MED1,100 S DIVISION AVE
police,09/08/2026 04:15,2026-09-08T08:15:00Z,1788855300000,ALARM,3200 PEREGRINE DR NE
police,09/08/2026 04:34,2026-09-08T08:34:00Z,1788856440000,STOP,FULLER AVE NE / KNAPP ST NE
fire,09/08/2026 05:04,2026-09-08T09:04:00Z,1788858240000,MED1,GRAND RIVER WALKWAY (SEG G)_BRIDGE ST NW
police,09/08/2026 05:19,2026-09-08T09:19:00Z,1788859140000,DOMA,800 WORDEN ST SE
police,09/08/2026 06:03,2026-09-08T10:03:00Z,1788861780000,DOM,1600 LOTUS AVE SE
fire,09/08/2026 06:16,2026-09-08T10:16:00Z,1788862560000,INVEST,900 2ND ST NW
police,09/08/2026 06:24,2026-09-08T10:24:00Z,1788863040000,911H,600 LINCOLN AVE NW
police,09/08/2026 06:33,2026-09-08T10:33:00Z,1788863580000,DISO,S DIVISION AVE / BARTLETT ST SW
police,09/08/2026 06:52,2026-09-08T10:52:00Z,1788864720000,PD,US-131 NB NO HALL
fire,09/08/2026 07:05,2026-09-08T11:05:00Z,1788865500000,FIREALARM,1000 36TH ST SE
fire,09/08/2026 07:06,2026-09-08T11:06:00Z,1788865560000,MED1,900 PRINCE ST SE
police,09/08/2026 07:06,2026-09-08T11:06:00Z,1788865560000,ASSIST,KALAMAZOO AVE SE / ALGER ST SE
police,09/08/2026 07:10,2026-09-08T11:10:00Z,1788865800000,STOP,LEONARD ST NW / ELIZABETH AVE NW
police,09/08/2026 07:13,2026-09-08T11:13:00Z,1788865980000,FI,S DIVISION AVE / W FULTON ST
police,09/08/2026 07:29,2026-09-08T11:29:00Z,1788866940000,STOP,LEONARD ST NW / TURNER AVE NW
police,09/08/2026 07:32,2026-09-08T11:32:00Z,1788867120000,STOP,1000 CASS AVE SE
fire,09/08/2026 07:37,2026-09-08T11:37:00Z,1788867420000,MED2,LAKE MICHIGAN DR NW / OSWEGO ST NW
police,09/08/2026 07:38,2026-09-08T11:38:00Z,1788867480000,STOP,SEWARD AVE NW / LEONARD ST NW
fire,09/08/2026 07:40,2026-09-08T11:40:00Z,1788867600000,FIREALARM,1900 32ND ST SE
police,09/08/2026 07:48,2026-09-08T11:48:00Z,1788868080000,PD,US-131 SB IN S-CURVE
police,09/08/2026 07:49,2026-09-08T11:49:00Z,1788868140000,RECOVERY,3700 WEBBER PINES DR NE
police,09/08/2026 07:50,2026-09-08T11:50:00Z,1788868200000,PD,US-131 NB SO HALL
police,09/08/2026 07:51,2026-09-08T11:51:00Z,1788868260000,WARRANTP,0 MONROE CENTER ST NW
fire,09/08/2026 08:02,2026-09-08T12:02:00Z,1788868920000,MED2,I-96 EB EO LEONARD
police,09/08/2026 08:02,2026-09-08T12:02:00Z,1788868920000,UNKACC,I-96 EB WO LEONARD
police,09/08/2026 08:04,2026-09-08T12:04:00Z,1788869040000,FI,600 BRIDGE ST NW
fire,09/08/2026 08:15,2026-09-08T12:15:00Z,1788869700000,MED2,300 CESAR E CHAVEZ AVE SW
police,09/08/2026 08:16,2026-09-08T12:16:00Z,1788869760000,SUSPICIOUS,1100 PLYMOUTH AVE NE
police,09/08/2026 08:25,2026-09-08T12:25:00Z,1788870300000,STOP,1200 LEONARD ST NE
police,09/08/2026 08:25,2026-09-08T12:25:00Z,1788870300000,TRES,500 HENRY AVE SE
police,09/08/2026 08:31,2026-09-08T12:31:00Z,1788870660000,ASSIST,US-131 NB AT FULTON
police,09/08/2026 09:07,2026-09-08T13:07:00Z,1788872820000,ALARM,2000 S DIVISION AVE
fire,09/08/2026 09:11,2026-09-08T13:11:00Z,1788873060000,WIRE,1400 JEFFERSON AVE SE
police,09/08/2026 09:15,2026-09-08T13:15:00Z,1788873300000,STOP,4TH ST NW / SEWARD AVE NW
fire,09/08/2026 09:17,2026-09-08T13:17:00Z,1788873420000,WIRE,900 ARDMORE ST SE
police,09/08/2026 09:18,2026-09-08T13:18:00Z,1788873480000,FI,0 E  PARK  PL NE
police,09/08/2026 09:23,2026-09-08T13:23:00Z,1788873780000,STOP,WILLIAMS ST SW / COMMERCE AVE SW
police,09/08/2026 09:28,2026-09-08T13:28:00Z,1788874080000,STOP,WALKER AVE NW / WHITE AVE NW
police,09/08/2026 09:43,2026-09-08T13:43:00Z,1788874980000,STOP,3200 PLAINFIELD AVE NE
police,09/08/2026 09:55,2026-09-08T13:55:00Z,1788875700000,BROADCAST,1600 KALAMAZOO AVE SE
police,09/08/2026 09:56,2026-09-08T13:56:00Z,1788875760000,DOM,1200 TRAVIS ST NE
fire,09/08/2026 09:59,2026-09-08T13:59:00Z,1788875940000,MED2,800 LIVINGSTON AVE NE
fire,09/08/2026 10:00,2026-09-08T14:00:00Z,1788876000000,TECHRESCUE,1000 SHELDON AVE SE
police,09/08/2026 10:09,2026-09-08T14:09:00Z,1788876540000,FI,SYLVIA ST NW / FREMONT AVE NW
fire,09/08/2026 10:14,2026-09-08T14:14:00Z,1788876840000,FIREALARM,500 OTTAWA AVE NW
police,09/08/2026 10:14,2026-09-08T14:14:00Z,1788876840000,STOP,TURNER AVE NW / LEONARD ST NW
police,09/08/2026 10:23,2026-09-08T14:23:00Z,1788877380000,STOP,S DIVISION AVE / LOGAN ST SW
police,09/08/2026 10:28,2026-09-08T14:28:00Z,1788877680000,STOLENV,1500 HIDDEN CREEK CIRCLE DR NE
fire,09/08/2026 10:34,2026-09-08T14:34:00Z,1788878040000,MED1,1800 MAPLE KNOLL DR SE
police,09/08/2026 10:45,2026-09-08T14:45:00Z,1788878700000,WELFARE,1700 MADISON AVE SE
fire,09/08/2026 10:46,2026-09-08T14:46:00Z,1788878760000,FIREALARM,100 N DIVISION AVE
police,09/08/2026 10:59,2026-09-08T14:59:00Z,1788879540000,MDOP,800 HENRY AVE SE
fire,09/08/2026 11:05,2026-09-08T15:05:00Z,1788879900000,MED1,3400 COLLEGE AVE NE
fire,09/08/2026 11:07,2026-09-08T15:07:00Z,1788880020000,MED2,32ND ST SE / MAPLE CROSSING DR SE
police,09/08/2026 11:07,2026-09-08T15:07:00Z,1788880020000,PI,32ND ST SE / MAPLE CROSSING DR SE
police,09/08/2026 11:09,2026-09-08T15:09:00Z,1788880140000,TRES,300 S DIVISION AVE
police,09/08/2026 11:11,2026-09-08T15:11:00Z,1788880260000,FI,300 LYON ST NW
police,09/08/2026 11:25,2026-09-08T15:25:00Z,1788881100000,ASSIST,900 FULLER AVE NE
fire,09/08/2026 11:35,2026-09-08T15:35:00Z,1788881700000,FIREALARM,3600 28TH ST SE
police,09/08/2026 11:35,2026-09-08T15:35:00Z,1788881700000,MDOP,0 LOGAN ST SW
police,09/08/2026 11:36,2026-09-08T15:36:00Z,1788881760000,NOISE,1400 MASON ST NE
police,09/08/2026 11:48,2026-09-08T15:48:00Z,1788882480000,WARRANTA,1200 MADISON AVE SE
police,09/08/2026 11:58,2026-09-08T15:58:00Z,1788883080000,STOP,1300 CROSBY ST NW
police,09/08/2026 12:02,2026-09-08T16:02:00Z,1788883320000,STOP,LEONARD ST NE / PLAINFIELD AVE NE
fire,09/08/2026 12:04,2026-09-08T16:04:00Z,1788883440000,FIREALARM,2000 32ND ST SE
police,09/08/2026 12:15,2026-09-08T16:15:00Z,1788884100000,TAC,1500 HAMILTON AVE NW
police,09/08/2026 12:16,2026-09-08T16:16:00Z,1788884160000,PARKING,2700 MADISON AVE SE
fire,09/08/2026 12:17,2026-09-08T16:17:00Z,1788884220000,MED1,400 DUDLEY PL NE
police,09/08/2026 12:23,2026-09-08T16:23:00Z,1788884580000,TRES,400 DUDLEY PL NE
fire,09/08/2026 12:24,2026-09-08T16:24:00Z,1788884640000,MED1,100 MICHIGAN ST NE
police,09/08/2026 12:27,2026-09-08T16:27:00Z,1788884820000,STOP,2900 MARSHALL AVE SE
police,09/08/2026 12:28,2026-09-08T16:28:00Z,1788884880000,PD,LEONARD ST NW / TURNER AVE NW
fire,09/08/2026 12:35,2026-09-08T16:35:00Z,1788885300000,MED1,2500 BURTON ST SE
fire,09/08/2026 12:37,2026-09-08T16:37:00Z,1788885420000,MED1,300 MICHIGAN ST NE
fire,09/08/2026 12:40,2026-09-08T16:40:00Z,1788885600000,MED1,4000 WHISPERING WAY SE
fire,09/08/2026 12:43,2026-09-08T16:43:00Z,1788885780000,MED2,2000 SAGINAW RD SE
fire,09/08/2026 12:53,2026-09-08T16:53:00Z,1788886380000,MED2,LAFAYETTE UNDER I-196
police,09/08/2026 12:53,2026-09-08T16:53:00Z,1788886380000,DISO,600 CROFTON ST SW
police,09/08/2026 12:53,2026-09-08T16:53:00Z,1788886380000,NOISE,900 DOUGLAS ST NW
fire,09/08/2026 12:56,2026-09-08T16:56:00Z,1788886560000,MED1,1700 LEONARD ST NW
police,09/08/2026 12:57,2026-09-08T16:57:00Z,1788886620000,WELFARE,BALL AVE NE / LEONARD ST NE
police,09/08/2026 13:01,2026-09-08T17:01:00Z,1788886860000,BARK,MCDONALD ST NW / DICK AVE NW
fire,09/08/2026 13:11,2026-09-08T17:11:00Z,1788887460000,WIRE,1000 EVELYN ST NE
police,09/08/2026 13:23,2026-09-08T17:23:00Z,1788888180000,SUSPICIOUS,2900 GERALD AVE NE
fire,09/08/2026 13:26,2026-09-08T17:26:00Z,1788888360000,MED1,800 FULLER AVE NE
police,09/08/2026 13:26,2026-09-08T17:26:00Z,1788888360000,STOP,CUTLER ST SW / S DIVISION AVE
police,09/08/2026 13:29,2026-09-08T17:29:00Z,1788888540000,WELFARE,2700 BIRCHCREST DR SE
police,09/08/2026 13:31,2026-09-08T17:31:00Z,1788888660000,STOP,300 IONIA AVE SW
police,09/08/2026 13:37,2026-09-08T17:37:00Z,1788889020000,STOP,2200 OKEMOS DR SE
police,09/08/2026 13:40,2026-09-08T17:40:00Z,1788889200000,DOM,300 COMMERCE AVE SW
police,09/08/2026 13:53,2026-09-08T17:53:00Z,1788889980000,PARKING,800 TAMARACK AVE NW
police,09/08/2026 13:57,2026-09-08T17:57:00Z,1788890220000,TRES,700 28TH ST SE
police,09/08/2026 14:02,2026-09-08T18:02:00Z,1788890520000,SUICIDETH,1700 S DIVISION AVE
fire,09/08/2026 14:16,2026-09-08T18:16:00Z,1788891360000,MED2,I-196 WB TO OTTAWA RAMP
police,09/08/2026 14:16,2026-09-08T18:16:00Z,1788891360000,911U,0 ANTOINE ST SW
police,09/08/2026 14:17,2026-09-08T18:17:00Z,1788891420000,WARRANTA,0 MONROE CENTER ST NW
police,09/08/2026 14:17,2026-09-08T18:17:00Z,1788891420000,UNKACC,I-196 WB TO OTTAWA RAMP
police,09/08/2026 14:22,2026-09-08T18:22:00Z,1788891720000,STOP,ALPINE AVE NW / LEONARD ST NW
police,09/08/2026 14:30,2026-09-08T18:30:00Z,1788892200000,WARRANTA,3300 EASTERN AVE SE
fire,09/08/2026 14:36,2026-09-08T18:36:00Z,1788892560000,MED1,3000 KALAMAZOO AVE SE
fire,09/08/2026 14:38,2026-09-08T18:38:00Z,1788892680000,MED1,700 LEONARD ST NW
fire,09/08/2026 14:45,2026-09-08T18:45:00Z,1788893100000,MED1,800 FULLER AVE NE
police,09/08/2026 14:47,2026-09-08T18:47:00Z,1788893220000,PEACE,1200 MAYFIELD AVE NE
police,09/08/2026 14:56,2026-09-08T18:56:00Z,1788893760000,CSC,2000 EMERALD AVE NE
police,09/08/2026 15:00,2026-09-08T19:00:00Z,1788894000000,WELFARE,LAKE EASTBROOK BLVD SE / 28TH ST SE
police,09/08/2026 15:04,2026-09-08T19:04:00Z,1788894240000,SUICIDETH,400 PARIS AVE SE
police,09/08/2026 15:05,2026-09-08T19:05:00Z,1788894300000,PEACE,1300 KENDALL ST SE
fire,09/08/2026 15:12,2026-09-08T19:12:00Z,1788894720000,MED1,800 MADISON AVE SE
police,09/08/2026 15:13,2026-09-08T19:13:00Z,1788894780000,TRES,1000 LINCOLN AVE NW
police,09/08/2026 15:15,2026-09-08T19:15:00Z,1788894900000,DOM,700 COATE CT SW
police,09/08/2026 15:16,2026-09-08T19:16:00Z,1788894960000,PD,MARKET AVE SW / WEALTHY ST SW
police,09/08/2026 15:31,2026-09-08T19:31:00Z,1788895860000,DOM,0 LOGAN ST SW
fire,09/08/2026 15:41,2026-09-08T19:41:00Z,1788896460000,MED1,2700 LEONARD ST NE
police,09/08/2026 15:45,2026-09-08T19:45:00Z,1788896700000,DOMA,100 MADISON AVE SE
police,09/08/2026 15:49,2026-09-08T19:49:00Z,1788896940000,SUSPICIOUS,2100 LEONARD ST NE
fire,09/08/2026 15:51,2026-09-08T19:51:00Z,1788897060000,INVEST,4100 OAK PARK DR SE
fire,09/08/2026 15:53,2026-09-08T19:53:00Z,1788897180000,MED1,1600 LEONARD ST NE
police,09/08/2026 15:59,2026-09-08T19:59:00Z,1788897540000,MISSING,GUNNISON AVE SW / DAYTON ST SW
police,09/08/2026 16:00,2026-09-08T20:00:00Z,1788897600000,WELFARE,2000 EASTERN AVE SE
fire,09/08/2026 16:02,2026-09-08T20:02:00Z,1788897720000,MED1,600 BURTON ST SE
police,09/08/2026 16:07,2026-09-08T20:07:00Z,1788898020000,STOP,BURTON ST SW / PALACE AVE SW
fire,09/08/2026 16:12,2026-09-08T20:12:00Z,1788898320000,MED1,2000 32ND ST SE
police,09/08/2026 16:12,2026-09-08T20:12:00Z,1788898320000,ASSIST,3800 CAMELOT DR SE
police,09/08/2026 16:17,2026-09-08T20:17:00Z,1788898620000,TAC,0 SUTTON ST SW
fire,09/08/2026 16:19,2026-09-08T20:19:00Z,1788898740000,MED1,900 MONROE AVE NW
police,09/08/2026 16:22,2026-09-08T20:22:00Z,1788898920000,LARC,1600 KALAMAZOO AVE SE
fire,09/08/2026 16:26,2026-09-08T20:26:00Z,1788899160000,MED1,400 S DIVISION AVE
fire,09/08/2026 16:28,2026-09-08T20:28:00Z,1788899280000,AOA,1400 FULLER AVE SE
police,09/08/2026 16:39,2026-09-08T20:39:00Z,1788899940000,MISC,100 COLRAIN ST SE
police,09/08/2026 16:41,2026-09-08T20:41:00Z,1788900060000,ASSIST,I-196 EB WO BUTTERWORTH
police,09/08/2026 16:43,2026-09-08T20:43:00Z,1788900180000,STOP,ALGER ST SE / (WO)MADISON AVE SE
police,09/08/2026 16:44,2026-09-08T20:44:00Z,1788900240000,SUSPICIOUS,2500 RICHMOND ST NW
fire,09/08/2026 16:46,2026-09-08T20:46:00Z,1788900360000,MED1,1300 QUARRY AVE NW
police,09/08/2026 16:53,2026-09-08T20:53:00Z,1788900780000,STOP,DEAN LAKE AVE NE / KNAPP ST NE
police,09/08/2026 16:58,2026-09-08T20:58:00Z,1788901080000,MISC,400 STORRS ST SE
fire,09/08/2026 17:00,2026-09-08T21:00:00Z,1788901200000,FIRESTRUC,300 LAFAYETTE AVE NE
police,09/08/2026 17:08,2026-09-08T21:08:00Z,1788901680000,ORDINANCE,600 ETHEL AVE SE
fire,09/08/2026 17:22,2026-09-08T21:22:00Z,1788902520000,CARBON,1600 SOUTHAMPTON DR SE
police,09/08/2026 17:25,2026-09-08T21:25:00Z,1788902700000,SUSPICIOUS,300 COMMERCE AVE SW
fire,09/08/2026 17:27,2026-09-08T21:27:00Z,1788902820000,MED1,300 COMMERCE AVE SW
police,09/08/2026 17:35,2026-09-08T21:35:00Z,1788903300000,DISO,100 MONROE CENTER ST NW
police,09/08/2026 17:38,2026-09-08T21:38:00Z,1788903480000,ASSIST,MONROE AVE NW / W FULTON ST
police,09/08/2026 17:47,2026-09-08T21:47:00Z,1788904020000,WARRANTP,600 BRIDGE ST NW
police,09/08/2026 17:57,2026-09-08T21:57:00Z,1788904620000,WELFARE,1100 CASS AVE SE
police,09/08/2026 18:05,2026-09-08T22:05:00Z,1788905100000,PDB,US-131 NB TO I-196 EB RAMP
fire,09/08/2026 18:06,2026-09-08T22:06:00Z,1788905160000,FIRESTRUC,900 LAKE MICHIGAN DR NW
police,09/08/2026 18:10,2026-09-08T22:10:00Z,1788905400000,SUSPICIOUS,2000 43RD ST SE
fire,09/08/2026 18:13,2026-09-08T22:13:00Z,1788905580000,MED2,LEONARD ST NE / N HAMPTON DR NE
police,09/08/2026 18:17,2026-09-08T22:17:00Z,1788905820000,FIGHT,0 FOUNTAIN ST NE
police,09/08/2026 18:18,2026-09-08T22:18:00Z,1788905880000,PDB,2200 LEONARD ST NE
fire,09/08/2026 18:24,2026-09-08T22:24:00Z,1788906240000,MED1,400 W FULTON ST
police,09/08/2026 18:27,2026-09-08T22:27:00Z,1788906420000,DOM,CANTON ST SW / S DIVISION AVE
police,09/08/2026 18:34,2026-09-08T22:34:00Z,1788906840000,ASSIST,US-131 NB TO DOWNTOWN RAMP
fire,09/08/2026 18:38,2026-09-08T22:38:00Z,1788907080000,MED1,CHERRY ST SE / MORRIS AVE SE
police,09/08/2026 18:41,2026-09-08T22:41:00Z,1788907260000,BROADCAST,CHERRY ST SE / MORRIS AVE SE
police,09/08/2026 18:45,2026-09-08T22:45:00Z,1788907500000,STOP,1200 PLAINFIELD AVE NE
police,09/08/2026 18:48,2026-09-08T22:48:00Z,1788907680000,THREAT,1400 EASTERN AVE SE
fire,09/08/2026 18:54,2026-09-08T22:54:00Z,1788908040000,MED1,1200 LEONARD ST NE
police,09/08/2026 18:54,2026-09-08T22:54:00Z,1788908040000,DOMA,800 DORCHESTER AVE SW
police,09/08/2026 18:57,2026-09-08T22:57:00Z,1788908220000,VEHI,200 CALKINS AVE SE
fire,09/08/2026 18:58,2026-09-08T22:58:00Z,1788908280000,MED1,KIRTLAND ST SW / S DIVISION AVE
police,09/08/2026 18:59,2026-09-08T22:59:00Z,1788908340000,SUSPICIOUS,1000 MICHIGAN ST NE
police,09/08/2026 18:59,2026-09-08T22:59:00Z,1788908340000,911U,200 JEFFERSON AVE SE
fire,09/08/2026 19:00,2026-09-08T23:00:00Z,1788908400000,MED1,1000 MICHIGAN ST NE
police,09/08/2026 19:01,2026-09-08T23:01:00Z,1788908460000,WELFARE,100 SHELDON AVE SE
police,09/08/2026 19:04,2026-09-08T23:04:00Z,1788908640000,MDOP,ALGER ST SE / S DIVISION AVE
police,09/08/2026 19:07,2026-09-08T23:07:00Z,1788908820000,PEACE,2500 NORMANDY DR SE
police,09/08/2026 19:14,2026-09-08T23:14:00Z,1788909240000,TRES,1400 HAMILTON AVE NW
police,09/08/2026 19:15,2026-09-08T23:15:00Z,1788909300000,SUSPICIOUS,BATES ST SE / NELAND AVE SE
police,09/08/2026 19:26,2026-09-08T23:26:00Z,1788909960000,STOP,400 S DIVISION AVE
fire,09/08/2026 19:28,2026-09-08T23:28:00Z,1788910080000,MED2,900 VIRGINIA ST SE
police,09/08/2026 19:30,2026-09-08T23:30:00Z,1788910200000,WARRANTA,700 S DIVISION AVE
police,09/08/2026 19:31,2026-09-08T23:31:00Z,1788910260000,BARK,1100 CRESCENT ST NE
fire,09/08/2026 19:35,2026-09-08T23:35:00Z,1788910500000,FIREALARM,0 HOME ST SE
fire,09/08/2026 19:36,2026-09-08T23:36:00Z,1788910560000,MED1,1400 FULLER AVE SE
fire,09/08/2026 19:46,2026-09-08T23:46:00Z,1788911160000,MED2,1000 28TH ST SE
fire,09/08/2026 19:49,2026-09-08T23:49:00Z,1788911340000,MED1,1500 LINWOOD ST SE
police,09/08/2026 19:49,2026-09-08T23:49:00Z,1788911340000,STOP,LEONARD UNDER US-131
police,09/08/2026 19:50,2026-09-08T23:50:00Z,1788911400000,DISO,300 COMMERCE AVE SW
police,09/08/2026 19:56,2026-09-08T23:56:00Z,1788911760000,DISO,2400 NORMANDY DR SE
police,09/08/2026 20:24,2026-09-09T00:24:00Z,1788913440000,CHILD,KALAMAZOO AVE SE / TEMPLE ST SE
police,09/08/2026 20:26,2026-09-09T00:26:00Z,1788913560000,DOMA,1000 EASTERN AVE SE
police,09/08/2026 20:26,2026-09-09T00:26:00Z,1788913560000,FIGHT,MASON ST NE / BAYOU CT NE
police,09/08/2026 20:31,2026-09-09T00:31:00Z,1788913860000,ALARM,400 S DIVISION AVE
police,09/08/2026 20:48,2026-09-09T00:48:00Z,1788914880000,TRES,300 BRIDGE ST NW
police,09/08/2026 20:49,2026-09-09T00:49:00Z,1788914940000,WELFARE,300 S DIVISION AVE
fire,09/08/2026 20:53,2026-09-09T00:53:00Z,1788915180000,MED1,1000 EDISON AVE NW
police,09/08/2026 21:02,2026-09-09T01:02:00Z,1788915720000,SUICIDETH,300 COMMERCE AVE SW
police,09/08/2026 21:02,2026-09-09T01:02:00Z,1788915720000,DOM,800 RICHMOND ST NW
fire,09/08/2026 21:09,2026-09-09T01:09:00Z,1788916140000,AOA,0 DELAWARE ST SW
fire,09/08/2026 21:12,2026-09-09T01:12:00Z,1788916320000,MED1,600 CESAR E CHAVEZ AVE SW
fire,09/08/2026 21:13,2026-09-09T01:13:00Z,1788916380000,MED2,300 COMMERCE AVE SW
fire,09/08/2026 21:14,2026-09-09T01:14:00Z,1788916440000,MED1,500 EASTERN AVE SE
police,09/08/2026 21:15,2026-09-09T01:15:00Z,1788916500000,ASLTW,10TH ST NW / SCRIBNER AVE NW
police,09/08/2026 21:16,2026-09-09T01:16:00Z,1788916560000,SHOTS,900 FRONT AVE NW
fire,09/08/2026 21:20,2026-09-09T01:20:00Z,1788916800000,MED1,2100 NELSON AVE SE
fire,09/08/2026 21:23,2026-09-09T01:23:00Z,1788916980000,MED1,MICHIGAN ST NW / OTTAWA AVE NW
police,09/08/2026 21:25,2026-09-09T01:25:00Z,1788917100000,PD,I-196 WB EO OTTAWA
fire,09/08/2026 21:35,2026-09-09T01:35:00Z,1788917700000,MED1,900 BURTON ST SE
police,09/08/2026 21:38,2026-09-09T01:38:00Z,1788917880000,DOM,1700 MARTIN AVE SE
police,09/08/2026 21:47,2026-09-09T01:47:00Z,1788918420000,TRES,800 MARTIN LUTHER KING JR ST SE
fire,09/08/2026 21:50,2026-09-09T01:50:00Z,1788918600000,MED1,1400 BUTTERWORTH ST SW
police,09/08/2026 21:51,2026-09-09T01:51:00Z,1788918660000,NOISE,900 MUSKEGON AVE NW
police,09/08/2026 21:53,2026-09-09T01:53:00Z,1788918780000,PD,US-131 NB AT CHERRY
fire,09/08/2026 21:59,2026-09-09T01:59:00Z,1788919140000,MED2,I-96 WB EO LEONARD
police,09/08/2026 21:59,2026-09-09T01:59:00Z,1788919140000,UNKACC,I-96 WB EO LEONARD
fire,09/08/2026 22:05,2026-09-09T02:05:00Z,1788919500000,AOA,US-131 NB AT CHERRY
police,09/08/2026 22:15,2026-09-09T02:15:00Z,1788920100000,SUSPICIOUS,4300 WEYMOUTH DR SE
police,09/08/2026 22:25,2026-09-09T02:25:00Z,1788920700000,DOM,1000 DREXEL DR NE
police,09/08/2026 22:54,2026-09-09T02:54:00Z,1788922440000,SUSPICIOUS,400 SPENCER ST NE
fire,09/08/2026 22:55,2026-09-09T02:55:00Z,1788922500000,MED2,400 SPENCER ST NE
fire,09/08/2026 22:55,2026-09-09T02:55:00Z,1788922500000,CARBON,700 BATES ST SE
fire,09/08/2026 22:57,2026-09-09T02:57:00Z,1788922620000,MED2,LEONARD ST NE / PLAINFIELD AVE NE
police,09/08/2026 22:58,2026-09-09T02:58:00Z,1788922680000,UNKACC,LEONARD ST NE / PLAINFIELD AVE NE
fire,09/08/2026 23:00,2026-09-09T03:00:00Z,1788922800000,MED1,CHERRY ST SW / OTTAWA AVE SW
fire,09/08/2026 23:02,2026-09-09T03:02:00Z,1788922920000,MED2,700 LEONARD ST NW
police,09/08/2026 23:02,2026-09-09T03:02:00Z,1788922920000,DOMA,CENTURY AVE SW / GRAHAM ST SW
police,09/08/2026 23:03,2026-09-09T03:03:00Z,1788922980000,ASLTW,700 LEONARD ST NW
police,09/08/2026 23:09,2026-09-09T03:09:00Z,1788923340000,TRANSP,1000 E JAMES ST
police,09/08/2026 23:10,2026-09-09T03:10:00Z,1788923400000,TRES,0 JEFFERSON AVE SE
fire,09/08/2026 23:14,2026-09-09T03:14:00Z,1788923640000,MED2,0 DELAWARE ST SW
fire,09/08/2026 23:14,2026-09-09T03:14:00Z,1788923640000,MED1,100 SHELDON AVE SE
police,09/08/2026 23:40,2026-09-09T03:40:00Z,1788925200000,SUICIDETH,0 COLLEGE AVE SE
fire,09/08/2026 23:41,2026-09-09T03:41:00Z,1788925260000,MED1,500 HOUSEMAN AVE NE
fire,09/08/2026 23:43,2026-09-09T03:43:00Z,1788925380000,MED2,100 STRAIGHT AVE NW
police,09/08/2026 23:49,2026-09-09T03:49:00Z,1788925740000,ASSIST,100 STRAIGHT AVE NW
police,09/08/2026 23:54,2026-09-09T03:54:00Z,1788926040000,STOP,EDNA ST SE / EASTERN AVE SE
police,09/09/2026 00:00,2026-09-09T04:00:00Z,1788926400000,STOP,CADWELL AVE NW / BRIDGE ST NW
fire,09/09/2026 00:05,2026-09-09T04:05:00Z,1788926700000,MED1,2900 MARSHALL AVE SE
police,09/09/2026 00:09,2026-09-09T04:09:00Z,1788926940000,STOP,GRIGGS ST SE / FRANCIS AVE SE
police,09/09/2026 00:10,2026-09-09T04:10:00Z,1788927000000,STOP,2200 KALAMAZOO AVE SE
police,09/09/2026 00:13,2026-09-09T04:13:00Z,1788927180000,STOP,IONIA AVE SW / CHERRY ST SW
police,09/09/2026 00:14,2026-09-09T04:14:00Z,1788927240000,STOP,28TH ST SE / JEFFERSON DR SE
police,09/09/2026 00:23,2026-09-09T04:23:00Z,1788927780000,STOP,2500 S DIVISION AVE
police,09/09/2026 00:25,2026-09-09T04:25:00Z,1788927900000,STOP,800 WATSON ST SW
police,09/09/2026 00:36,2026-09-09T04:36:00Z,1788928560000,DISO,500 LAFAYETTE AVE NE
police,09/09/2026 00:38,2026-09-09T04:38:00Z,1788928680000,STOP,S DIVISION AVE / DETROIT ST SW
fire,09/09/2026 00:39,2026-09-09T04:39:00Z,1788928740000,WIRE,WHITE AVE NW / LEONARD ST NW
police,09/09/2026 00:39,2026-09-09T04:39:00Z,1788928740000,ASSIST,100 SHELDON AVE SE
police,09/09/2026 00:40,2026-09-09T04:40:00Z,1788928800000,DOM,800 LAFAYETTE AVE SE
police,09/09/2026 00:52,2026-09-09T04:52:00Z,1788929520000,911U,100 MEERSE ST SE
police,09/09/2026 00:53,2026-09-09T04:53:00Z,1788929580000,STOP,DORCHESTER AVE SW / CURVE ST SW
fire,09/09/2026 00:58,2026-09-09T04:58:00Z,1788929880000,MED1,1400 BECKWITH VIEW AVE NE
police,09/09/2026 00:58,2026-09-09T04:58:00Z,1788929880000,STOP,DORCHESTER AVE SW / CURVE ST SW
police,09/09/2026 01:01,2026-09-09T05:01:00Z,1788930060000,WARRANTA,1300 BALL AVE NE
police,09/09/2026 01:22,2026-09-09T05:22:00Z,1788931320000,STOP,MARSHALL AVE SE / LARAWAY PLZ SE
police,09/09/2026 01:23,2026-09-09T05:23:00Z,1788931380000,TRANSP,600 N CEDAR ST
police,09/09/2026 01:24,2026-09-09T05:24:00Z,1788931440000,TRANSP,100 68TH AVE
police,09/09/2026 01:28,2026-09-09T05:28:00Z,1788931680000,WELFARE,700 BURTON ST SE
police,09/09/2026 01:30,2026-09-09T05:30:00Z,1788931800000,STOP,MARSHALL AVE SE / LARAWAY PLZ SE
police,09/09/2026 01:52,2026-09-09T05:52:00Z,1788933120000,SUSPICIOUS,EASTERN AVE SE / HANCOCK ALY SE
police,09/09/2026 01:59,2026-09-09T05:59:00Z,1788933540000,STOP,IONIA AVE SW / LOGAN ST SW
police,09/09/2026 02:05,2026-09-09T06:05:00Z,1788933900000,PARKING,1500 KALAMAZOO AVE SE
police,09/09/2026 02:06,2026-09-09T06:06:00Z,1788933960000,NOISE,4300 NORMAN DR SE
fire,09/09/2026 02:10,2026-09-09T06:10:00Z,1788934200000,MED2,300 MARTIN LUTHER KING JR ST SE
police,09/09/2026 02:17,2026-09-09T06:17:00Z,1788934620000,STOP,FULLER AVE NE / SWEET ST NE
police,09/09/2026 02:24,2026-09-09T06:24:00Z,1788935040000,WELFARE,US-131 NB TO HALL RAMP
police,09/09/2026 02:33,2026-09-09T06:33:00Z,1788935580000,STOP,MARTIN LUTHER KING JR ST SE / EASTERN AVE SE
police,09/09/2026 02:42,2026-09-09T06:42:00Z,1788936120000,911U,800 LAFAYETTE AVE SE
police,09/09/2026 02:51,2026-09-09T06:51:00Z,1788936660000,STOP,FULLER AVE NE / SWEET ST NE
police,09/09/2026 03:01,2026-09-09T07:01:00Z,1788937260000,PARKING,200 (BLK) PALMER ST NE
police,09/09/2026 03:06,2026-09-09T07:06:00Z,1788937560000,HARASS,200 NATIONAL AVE SW
police,09/09/2026 03:07,2026-09-09T07:07:00Z,1788937620000,STOP,ALGER ST SE / FRANCIS AVE SE
police,09/09/2026 03:10,2026-09-09T07:10:00Z,1788937800000,ASSIST,LAFAYETTE AVE SE / WEALTHY ST SE
police,09/09/2026 03:12,2026-09-09T07:12:00Z,1788937920000,ALARM,2400 28TH ST SE
police,09/09/2026 03:21,2026-09-09T07:21:00Z,1788938460000,ALARM,2600 BURRITT ST NW
police,09/09/2026 03:22,2026-09-09T07:22:00Z,1788938520000,STOP,WEALTHY ST SE / PARIS AVE SE
police,09/09/2026 03:27,2026-09-09T07:27:00Z,1788938820000,STOP,FULLER AVE NE / I-196 FWY
police,09/09/2026 03:30,2026-09-09T07:30:00Z,1788939000000,WELFARE,900 CALIFORNIA ST NW
police,09/09/2026 03:46,2026-09-09T07:46:00Z,1788939960000,STOP,900 FAIRVIEW AVE NE
police,09/09/2026 03:51,2026-09-09T07:51:00Z,1788940260000,ALARM,1100 MICHIGAN ST NE
police,09/09/2026 03:59,2026-09-09T07:59:00Z,1788940740000,WARRANTA,E FULTON ST / COLLEGE AVE NE
fire,09/09/2026 04:04,2026-09-09T08:04:00Z,1788941040000,MED1,4200 NORMAN DR SE
police,09/09/2026 04:06,2026-09-09T08:06:00Z,1788941160000,STOP,DELAWARE ST SE / LAFAYETTE AVE SE
police,09/09/2026 04:09,2026-09-09T08:09:00Z,1788941340000,TRES,200 JEFFERSON AVE SE
police,09/09/2026 04:14,2026-09-09T08:14:00Z,1788941640000,DOM,0 OTTAWA AVE NW
police,09/09/2026 04:18,2026-09-09T08:18:00Z,1788941880000,ALARM,2100 ROSEWOOD AVE SE
fire,09/09/2026 04:54,2026-09-09T08:54:00Z,1788944040000,MED2,100 MARTIN LUTHER KING JR ST SW
fire,09/09/2026 05:22,2026-09-09T09:22:00Z,1788945720000,MED1,0 COMMERCE AVE SW-RAMP
fire,09/09/2026 05:41,2026-09-09T09:41:00Z,1788946860000,MED1,4100 OAK PARK DR SE
police,09/09/2026 05:50,2026-09-09T09:50:00Z,1788947400000,STOP,WEALTHY ST SW / US-131 FWY
police,09/09/2026 06:39,2026-09-09T10:39:00Z,1788950340000,MDOP,500 MAYNARD AVE NW
police,09/09/2026 06:40,2026-09-09T10:40:00Z,1788950400000,LARC,3100 PEREGRINE DR NE
police,09/09/2026 06:50,2026-09-09T10:50:00Z,1788951000000,PDHR,LEONARD OVER I-96
police,09/09/2026 06:55,2026-09-09T10:55:00Z,1788951300000,PD,I-196 EB WO LANE
fire,09/09/2026 07:00,2026-09-09T11:00:00Z,1788951600000,MED1,700 DELAWARE ST SE
police,09/09/2026 07:19,2026-09-09T11:19:00Z,1788952740000,DISO,1100 S DIVISION AVE
fire,09/09/2026 07:20,2026-09-09T11:20:00Z,1788952800000,MED2,1000 1ST ST NW
police,09/09/2026 07:20,2026-09-09T11:20:00Z,1788952800000,UNKACC,1000 1ST ST NW
fire,09/09/2026 07:22,2026-09-09T11:22:00Z,1788952920000,FIREALARM,900 BRISTOL AVE NW
fire,09/09/2026 07:58,2026-09-09T11:58:00Z,1788955080000,MED1,900 TAMARACK AVE NW
fire,09/09/2026 08:00,2026-09-09T12:00:00Z,1788955200000,FIREALARM,900 SIBLEY ST NW
police,09/09/2026 08:01,2026-09-09T12:01:00Z,1788955260000,ASLT,200 MONROE AVE NW
police,09/09/2026 08:10,2026-09-09T12:10:00Z,1788955800000,PD,ELLIOTT ST SE / BLAINE AVE SE
fire,09/09/2026 08:12,2026-09-09T12:12:00Z,1788955920000,AOA,2300 OAK INDUSTRIAL DR NE
fire,09/09/2026 08:16,2026-09-09T12:16:00Z,1788956160000,MED2,400 MICHIGAN ST NE
police,09/09/2026 08:16,2026-09-09T12:16:00Z,1788956160000,DOMA,400 MICHIGAN ST NE
police,09/09/2026 08:25,2026-09-09T12:25:00Z,1788956700000,TRES,300 S DIVISION AVE
police,09/09/2026 08:25,2026-09-09T12:25:00Z,1788956700000,PD,I-196 WB AT COLLEGE
police,09/09/2026 08:28,2026-09-09T12:28:00Z,1788956880000,STOP,KALAMAZOO AVE SE / JOHNSTON ST SE
police,09/09/2026 08:34,2026-09-09T12:34:00Z,1788957240000,TRES,1500 LAKE DR SE
police,09/09/2026 08:36,2026-09-09T12:36:00Z,1788957360000,MDOP,1000 EAST BELTLINE AVE NE
police,09/09/2026 08:37,2026-09-09T12:37:00Z,1788957420000,ASLT,SEWARD AVE NW / BRIDGE ST NW
police,09/09/2026 08:47,2026-09-09T12:47:00Z,1788958020000,ASLT,900 FRONT AVE NW
police,09/09/2026 08:49,2026-09-09T12:49:00Z,1788958140000,FIGHT,1200 MADISON AVE SE
police,09/09/2026 09:13,2026-09-09T13:13:00Z,1788959580000,PD,US-131 NB NO PEARL
police,09/09/2026 09:16,2026-09-09T13:16:00Z,1788959760000,VEHI,600 LEONARD ST NW
fire,09/09/2026 09:32,2026-09-09T13:32:00Z,1788960720000,FIREALARM,900 SIBLEY ST NW
police,09/09/2026 09:54,2026-09-09T13:54:00Z,1788962040000,TRES,1000 WEALTHY ST SE
fire,09/09/2026 09:55,2026-09-09T13:55:00Z,1788962100000,MED2,600 BRIDGE ST NW
police,09/09/2026 09:59,2026-09-09T13:59:00Z,1788962340000,PD,US-131 NB TO DOWNTOWN RAMP
police,09/09/2026 10:06,2026-09-09T14:06:00Z,1788962760000,PIHR,1100 CESAR E CHAVEZ AVE SW
police,09/09/2026 10:07,2026-09-09T14:07:00Z,1788962820000,PD,S DIVISION AVE / WEALTHY ST SW
police,09/09/2026 10:08,2026-09-09T14:08:00Z,1788962880000,WELFARE,1400 MORGAN ST NW
police,09/09/2026 10:08,2026-09-09T14:08:00Z,1788962880000,DOM,2100 SHANGRAI LA DR SE
fire,09/09/2026 10:11,2026-09-09T14:11:00Z,1788963060000,MED2,300 S DIVISION AVE
police,09/09/2026 10:16,2026-09-09T14:16:00Z,1788963360000,ASLT,S DIVISION AVE / MCCONNELL ST SW
police,09/09/2026 10:19,2026-09-09T14:19:00Z,1788963540000,ABAND,700 1ST ST NW
police,09/09/2026 10:28,2026-09-09T14:28:00Z,1788964080000,ASSIST,I-196 EB EO LAKE MICHIGAN
fire,09/09/2026 10:29,2026-09-09T14:29:00Z,1788964140000,MED1,200 IONIA AVE SW
police,09/09/2026 10:35,2026-09-09T14:35:00Z,1788964500000,MISC,900 UNION AVE SE
police,09/09/2026 10:41,2026-09-09T14:41:00Z,1788964860000,SUICIDETH,700 MADISON AVE SE
fire,09/09/2026 11:01,2026-09-09T15:01:00Z,1788966060000,MED1,300 COMMERCE AVE SW
police,09/09/2026 11:02,2026-09-09T15:02:00Z,1788966120000,STOP,100 LIBRARY ST NE
police,09/09/2026 11:10,2026-09-09T15:10:00Z,1788966600000,WELFARE,1000 EASTERN AVE SE
police,09/09/2026 11:10,2026-09-09T15:10:00Z,1788966600000,LARC,700 W FULTON ST
police,09/09/2026 11:14,2026-09-09T15:14:00Z,1788966840000,ABAND,0 QUIMBY ST NE
police,09/09/2026 11:14,2026-09-09T15:14:00Z,1788966840000,DOM,2000 28TH ST SE
fire,09/09/2026 11:15,2026-09-09T15:15:00Z,1788966900000,MED1,800 7TH ST NW
fire,09/09/2026 11:21,2026-09-09T15:21:00Z,1788967260000,MED1,1500 E FULTON ST
fire,09/09/2026 11:24,2026-09-09T15:24:00Z,1788967440000,MED2,700 PARKWOOD ST NE
police,09/09/2026 11:25,2026-09-09T15:25:00Z,1788967500000,TRES,0 MONROE CENTER ST NW
police,09/09/2026 11:29,2026-09-09T15:29:00Z,1788967740000,DOMA,500 MAYNARD AVE NW
police,09/09/2026 11:31,2026-09-09T15:31:00Z,1788967860000,PD,RADCLIFF AVE SE / 28TH ST SE
police,09/09/2026 11:43,2026-09-09T15:43:00Z,1788968580000,STOP,2200 GORDON ST NW
police,09/09/2026 11:44,2026-09-09T15:44:00Z,1788968640000,STOP,PLAINFIELD AVE NE / LEONARD ST NE
police,09/09/2026 11:45,2026-09-09T15:45:00Z,1788968700000,STOP,FOUNTAIN ST NW / IONIA AVE NW
police,09/09/2026 11:46,2026-09-09T15:46:00Z,1788968760000,ABAND,900 WOOLSEY DR SW
police,09/09/2026 12:03,2026-09-09T16:03:00Z,1788969780000,RECOVERY,COIT AVE NE / COLFAX ST NE
police,09/09/2026 12:04,2026-09-09T16:04:00Z,1788969840000,TRES,3200 SOFT WATER LAKE DR NE
police,09/09/2026 12:07,2026-09-09T16:07:00Z,1788970020000,RECOVERY,COIT AVE NE / COLFAX ST NE
police,09/09/2026 12:11,2026-09-09T16:11:00Z,1788970260000,TRES,700 28TH ST SE
police,09/09/2026 12:16,2026-09-09T16:16:00Z,1788970560000,DOM,3200 PLAINFIELD AVE NE
police,09/09/2026 12:21,2026-09-09T16:21:00Z,1788970860000,DISO,1900 BRIDGE ST NW
fire,09/09/2026 12:27,2026-09-09T16:27:00Z,1788971220000,MED2,100 JEFFERSON AVE SE
police,09/09/2026 12:32,2026-09-09T16:32:00Z,1788971520000,STOP,TURNER AVE NW / LEONARD ST NW
police,09/09/2026 12:41,2026-09-09T16:41:00Z,1788972060000,PDB,EAST BELTLINE AVE SE / BURTON ST SE
fire,09/09/2026 12:45,2026-09-09T16:45:00Z,1788972300000,MED1,900 11TH ST NW
police,09/09/2026 12:49,2026-09-09T16:49:00Z,1788972540000,DISO,400 CHERRY ST SE
police,09/09/2026 12:50,2026-09-09T16:50:00Z,1788972600000,ASSIST,I-196 WB TO COLLEGE RAMP
police,09/09/2026 12:57,2026-09-09T16:57:00Z,1788973020000,WELFARE,200 CESAR E CHAVEZ AVE SW
fire,09/09/2026 13:08,2026-09-09T17:08:00Z,1788973680000,FIRESTRUC,1000 LEFFINGWELL AVE NE
police,09/09/2026 13:10,2026-09-09T17:10:00Z,1788973800000,ROBAP,300 IONIA AVE SW
police,09/09/2026 13:11,2026-09-09T17:11:00Z,1788973860000,DISO,400 LEONARD ST NW
fire,09/09/2026 13:16,2026-09-09T17:16:00Z,1788974160000,FIREALARM,1700 PLAINFIELD AVE NE
police,09/09/2026 13:20,2026-09-09T17:20:00Z,1788974400000,FI,2900 MARSHALL AVE SE
police,09/09/2026 13:22,2026-09-09T17:22:00Z,1788974520000,PD,US-131 NB AT PEARL
police,09/09/2026 13:31,2026-09-09T17:31:00Z,1788975060000,PD,3100 PLAINFIELD AVE NE
police,09/09/2026 13:32,2026-09-09T17:32:00Z,1788975120000,DISO,200 BURR OAK ST NE
police,09/09/2026 13:33,2026-09-09T17:33:00Z,1788975180000,DISO,1400 FULLER AVE SE
police,09/09/2026 13:35,2026-09-09T17:35:00Z,1788975300000,DOM,300 PROSPECT AVE SE
police,09/09/2026 13:43,2026-09-09T17:43:00Z,1788975780000,WELFARE,600 CROFTON ST SW
police,09/09/2026 13:45,2026-09-09T17:45:00Z,1788975900000,STOP,800 28TH ST SE
police,09/09/2026 13:46,2026-09-09T17:46:00Z,1788975960000,WELFARE,10TH ST NW / TAMARACK AVE NW
police,09/09/2026 13:56,2026-09-09T17:56:00Z,1788976560000,TRES,400 IONIA AVE SW
fire,09/09/2026 14:02,2026-09-09T18:02:00Z,1788976920000,MED0,28TH ST SE / CHAMBERLAIN AVE SE
police,09/09/2026 14:02,2026-09-09T18:02:00Z,1788976920000,PI,28TH ST SE / CHAMBERLAIN AVE SE
fire,09/09/2026 14:15,2026-09-09T18:15:00Z,1788977700000,MED1,1700 LEONARD ST NE
police,09/09/2026 14:20,2026-09-09T18:20:00Z,1788978000000,LOSTFOUND,200 W FULTON ST
police,09/09/2026 14:24,2026-09-09T18:24:00Z,1788978240000,DISO,2000 EAST BELTLINE AVE NE
police,09/09/2026 14:28,2026-09-09T18:28:00Z,1788978480000,SHOTS,700 OAKDALE ST SE
fire,09/09/2026 14:40,2026-09-09T18:40:00Z,1788979200000,AOA,200 DALE ST NE
police,09/09/2026 14:47,2026-09-09T18:47:00Z,1788979620000,DOM,1200 MUSKEGON AVE NW
fire,09/09/2026 14:52,2026-09-09T18:52:00Z,1788979920000,MED1,1900 KALAMAZOO AVE SE
fire,09/09/2026 14:57,2026-09-09T18:57:00Z,1788980220000,MED1,500 HOUSEMAN AVE NE
police,09/09/2026 15:07,2026-09-09T19:07:00Z,1788980820000,DISO,1400 FULLER AVE SE
police,09/09/2026 15:08,2026-09-09T19:08:00Z,1788980880000,WARRANTP,28TH ST SE / EASTERN AVE SE
police,09/09/2026 15:14,2026-09-09T19:14:00Z,1788981240000,TRES,1800 BRADFORD ST NE
police,09/09/2026 15:24,2026-09-09T19:24:00Z,1788981840000,WELFARE,100 OTTAWA AVE NW-RAMP
fire,09/09/2026 15:29,2026-09-09T19:29:00Z,1788982140000,MED2,E FULTON ST / LOWELL AVE NE
fire,09/09/2026 15:34,2026-09-09T19:34:00Z,1788982440000,MED1,1600 MARTIN LUTHER KING JR ST SE
police,09/09/2026 15:35,2026-09-09T19:35:00Z,1788982500000,PDP,1500 28TH ST SE
police,09/09/2026 15:40,2026-09-09T19:40:00Z,1788982800000,MISSING,200 BARNETT ST NE
fire,09/09/2026 15:44,2026-09-09T19:44:00Z,1788983040000,MED2,US-131 NB TO I-196 EB RAMP
police,09/09/2026 15:44,2026-09-09T19:44:00Z,1788983040000,UNKACC,US-131 NB NO PEARL
police,09/09/2026 15:52,2026-09-09T19:52:00Z,1788983520000,CSC,0 MONROE CENTER ST NW
police,09/09/2026 15:53,2026-09-09T19:53:00Z,1788983580000,PD,2200 LEONARD ST NW
police,09/09/2026 16:01,2026-09-09T20:01:00Z,1788984060000,THREAT,1000 MCREYNOLDS AVE NW
fire,09/09/2026 16:03,2026-09-09T20:03:00Z,1788984180000,MED1,OAKLAND AVE SW / RUMSEY ST SW
fire,09/09/2026 16:07,2026-09-09T20:07:00Z,1788984420000,LOCKIN,2900 FULLER AVE NE
police,09/09/2026 16:10,2026-09-09T20:10:00Z,1788984600000,DISO,800 WOOLSEY DR SW
police,09/09/2026 16:11,2026-09-09T20:11:00Z,1788984660000,ASLT,1400 FULLER AVE SE
fire,09/09/2026 16:21,2026-09-09T20:21:00Z,1788985260000,MED1,400 WORDEN ST SE
fire,09/09/2026 16:25,2026-09-09T20:25:00Z,1788985500000,MED1,1200 WEALTHY ST SE
fire,09/09/2026 16:47,2026-09-09T20:47:00Z,1788986820000,WIRE,1200 COURTNEY ST NW
fire,09/09/2026 16:51,2026-09-09T20:51:00Z,1788987060000,FIREALARM,500 BOND AVE NW
police,09/09/2026 16:52,2026-09-09T20:52:00Z,1788987120000,DISO,MARKET AVE SW / FRONTAGE RD SW
fire,09/09/2026 16:55,2026-09-09T20:55:00Z,1788987300000,WIRE,0 GRIGGS ST SW
police,09/09/2026 16:59,2026-09-09T20:59:00Z,1788987540000,TAC,700 DELAWARE ST SE
police,09/09/2026 17:04,2026-09-09T21:04:00Z,1788987840000,ALARM,0 DIAMOND AVE SE
police,09/09/2026 17:08,2026-09-09T21:08:00Z,1788988080000,PD,US-131 SB AT MARKET
police,09/09/2026 17:12,2026-09-09T21:12:00Z,1788988320000,STOP,300 MONROE AVE NW
police,09/09/2026 17:18,2026-09-09T21:18:00Z,1788988680000,911U,100 COLLEGE AVE SE
police,09/09/2026 17:24,2026-09-09T21:24:00Z,1788989040000,FIGHT,1100 LEONARD ST NW
fire,09/09/2026 17:26,2026-09-09T21:26:00Z,1788989160000,AOA,500 MARSH RIDGE DR NW
police,09/09/2026 17:44,2026-09-09T21:44:00Z,1788990240000,STOP,500 GRAND AVE NE
fire,09/09/2026 17:48,2026-09-09T21:48:00Z,1788990480000,CARBON,400 GRACELAND ST NE
police,09/09/2026 17:57,2026-09-09T21:57:00Z,1788991020000,NOISE,900 MUSKEGON AVE NW
police,09/09/2026 18:00,2026-09-09T22:00:00Z,1788991200000,WELFARE,900 DAVIS AVE NW
police,09/09/2026 18:01,2026-09-09T22:01:00Z,1788991260000,911U,0 GROVE ST NE
fire,09/09/2026 18:04,2026-09-09T22:04:00Z,1788991440000,FIREALARM,1400 BRIDGE ST NW
police,09/09/2026 18:10,2026-09-09T22:10:00Z,1788991800000,ASSIST,700 LINCOLN AVE NW
police,09/09/2026 18:13,2026-09-09T22:13:00Z,1788991980000,BURGC,300 S DIVISION AVE
fire,09/09/2026 18:22,2026-09-09T22:22:00Z,1788992520000,CARBON,1600 MCDONALD ST NW
police,09/09/2026 18:22,2026-09-09T22:22:00Z,1788992520000,ROBAP,300 IONIA AVE SW
police,09/09/2026 18:26,2026-09-09T22:26:00Z,1788992760000,DOM,1000 SHELDON AVE SE
police,09/09/2026 18:27,2026-09-09T22:27:00Z,1788992820000,DOM,200 ELMWOOD ST NE
fire,09/09/2026 18:44,2026-09-09T22:44:00Z,1788993840000,FIREALARM,1300 CARMAN AVE NE
fire,09/09/2026 18:46,2026-09-09T22:46:00Z,1788993960000,MED1,1400 JEFFERSON AVE SE
police,09/09/2026 18:50,2026-09-09T22:50:00Z,1788994200000,DOMA,400 LA GRAVE AVE SE
fire,09/09/2026 18:52,2026-09-09T22:52:00Z,1788994320000,MED1,0 SUTTON ST SW
police,09/09/2026 18:53,2026-09-09T22:53:00Z,1788994380000,MDOP,US-131 NB AT ANN ST NW
police,09/09/2026 18:59,2026-09-09T22:59:00Z,1788994740000,STOP,1ST ST NW / STOCKING AVE NW
police,09/09/2026 19:02,2026-09-09T23:02:00Z,1788994920000,STOP,STOCKING AVE NW / 1ST ST NW
police,09/09/2026 19:05,2026-09-09T23:05:00Z,1788995100000,DOM,1700 OAKLEIGH WOODS DR NW
police,09/09/2026 19:07,2026-09-09T23:07:00Z,1788995220000,WELFARE,1400 KNAPP ST NE
police,09/09/2026 19:14,2026-09-09T23:14:00Z,1788995640000,DOM,400 LOGAN ST SE
fire,09/09/2026 19:17,2026-09-09T23:17:00Z,1788995820000,MED2,N TAYLOR AVE / SWEET ST NE
police,09/09/2026 19:20,2026-09-09T23:20:00Z,1788996000000,WELFARE,3900 WHISPERING WAY SE
police,09/09/2026 19:29,2026-09-09T23:29:00Z,1788996540000,DISO,100 MONROE CENTER ST NW
fire,09/09/2026 19:32,2026-09-09T23:32:00Z,1788996720000,INVEST,200 GARFIELD AVE NW
police,09/09/2026 19:33,2026-09-09T23:33:00Z,1788996780000,DISO,400 CHERRY ST SE
police,09/09/2026 19:35,2026-09-09T23:35:00Z,1788996900000,ASLT,1500 E FULTON ST
police,09/09/2026 19:37,2026-09-09T23:37:00Z,1788997020000,STOP,LYON ST NW / MONROE AVE NW
police,09/09/2026 19:38,2026-09-09T23:38:00Z,1788997080000,DOMA,1700 COLLEGE AVE SE
police,09/09/2026 19:42,2026-09-09T23:42:00Z,1788997320000,MISSING,100 MONROE CENTER ST NW
police,09/09/2026 19:54,2026-09-09T23:54:00Z,1788998040000,STOP,200 HALL ST SE
police,09/09/2026 19:57,2026-09-09T23:57:00Z,1788998220000,ASLTW,100 MICHIGAN ST NE
police,09/09/2026 19:58,2026-09-09T23:58:00Z,1788998280000,DOM,300 KRAKOW PL SW
police,09/09/2026 19:59,2026-09-09T23:59:00Z,1788998340000,DISO,300 FOUNTAIN ST NE
police,09/09/2026 20:04,2026-09-10T00:04:00Z,1788998640000,STOP,EASTERN AVE SE / (SO)36TH ST SE
police,09/09/2026 20:06,2026-09-10T00:06:00Z,1788998760000,SUICIDETH,0 GROVE ST NE
police,09/09/2026 20:08,2026-09-10T00:08:00Z,1788998880000,WARRANTA,0 MONROE CENTER ST NW
police,09/09/2026 20:11,2026-09-10T00:11:00Z,1788999060000,ALARM,1000 EVERGREEN ST SE
police,09/09/2026 20:15,2026-09-10T00:15:00Z,1788999300000,ANIL,1300 LAKE MICHIGAN DR NW
police,09/09/2026 20:41,2026-09-10T00:41:00Z,1789000860000,WELFARE,200 JEFFERSON AVE SE
police,09/09/2026 20:44,2026-09-10T00:44:00Z,1789001040000,STOP,1500 28TH ST SE
police,09/09/2026 20:47,2026-09-10T00:47:00Z,1789001220000,STOP,LA BELLE ST SE / VILAS ST SE
fire,09/09/2026 20:51,2026-09-10T00:51:00Z,1789001460000,MED2,1900 32ND ST SE
police,09/09/2026 20:53,2026-09-10T00:53:00Z,1789001580000,SUICIDETH,100 MONROE CENTER ST NW
police,09/09/2026 20:54,2026-09-10T00:54:00Z,1789001640000,STOP,S DIVISION AVE / CORINNE ST SW
police,09/09/2026 20:57,2026-09-10T00:57:00Z,1789001820000,STOP,COMMERCE AVE SW / BARTLETT ST SW
police,09/09/2026 21:02,2026-09-10T01:02:00Z,1789002120000,LARC,1100 PLYMOUTH AVE NE
fire,09/09/2026 21:04,2026-09-10T01:04:00Z,1789002240000,MED1,300 S DIVISION AVE
police,09/09/2026 21:08,2026-09-10T01:08:00Z,1789002480000,STOP,FRANCIS AVE SE / WITHEY ST SE
police,09/09/2026 21:10,2026-09-10T01:10:00Z,1789002600000,DOMA,1500 CARLTON AVE NE
police,09/09/2026 21:12,2026-09-10T01:12:00Z,1789002720000,DOMA,200 PROSPECT AVE NE
police,09/09/2026 21:12,2026-09-10T01:12:00Z,1789002720000,STOP,S DIVISION AVE / WILLIAMS ST SW
police,09/09/2026 21:13,2026-09-10T01:13:00Z,1789002780000,MISSING,1100 UNDERWOOD AVE SE
police,09/09/2026 21:17,2026-09-10T01:17:00Z,1789003020000,STOP,200 S DIVISION AVE
fire,09/09/2026 21:20,2026-09-10T01:20:00Z,1789003200000,MED1,BURTON OVER US-131
police,09/09/2026 21:20,2026-09-10T01:20:00Z,1789003200000,SUSPICIOUS,900 PRINCE ST SE
police,09/09/2026 21:21,2026-09-10T01:21:00Z,1789003260000,STOP,COMMERCE AVE SW / WILLIAMS ST SW
police,09/09/2026 21:27,2026-09-10T01:27:00Z,1789003620000,STOP,1000 28TH ST SE
police,09/09/2026 21:36,2026-09-10T01:36:00Z,1789004160000,STOP,EASTERN AVE SE / 32ND ST SE
police,09/09/2026 21:42,2026-09-10T01:42:00Z,1789004520000,STOP,S DIVISION AVE / LOGAN ST SE
police,09/09/2026 21:47,2026-09-10T01:47:00Z,1789004820000,SUSPICIOUS,2100 PROSPECT AVE NE
police,09/09/2026 21:51,2026-09-10T01:51:00Z,1789005060000,SUSPICIOUS,1300 BROOKVIEW DR NE
police,09/09/2026 21:54,2026-09-10T01:54:00Z,1789005240000,ALARM,3400 CLAYSTONE ST SE
police,09/09/2026 21:55,2026-09-10T01:55:00Z,1789005300000,ALARM,1700 SILVER AVE SE
police,09/09/2026 22:02,2026-09-10T02:02:00Z,1789005720000,SUSPICIOUS,900 MCREYNOLDS AVE NW
police,09/09/2026 22:03,2026-09-10T02:03:00Z,1789005780000,STOP,MADISON AVE SE / BURTON ST SE
police,09/09/2026 22:05,2026-09-10T02:05:00Z,1789005900000,HARASS,1500 E FULTON ST
police,09/09/2026 22:07,2026-09-10T02:07:00Z,1789006020000,DISO,200 LOUIS CAMPAU PROMENADE  NW
fire,09/09/2026 22:17,2026-09-10T02:17:00Z,1789006620000,MED1,1300 PLAINFIELD AVE NE
police,09/09/2026 22:22,2026-09-10T02:22:00Z,1789006920000,LARC,1800 CLYDE PARK AVE SW
fire,09/09/2026 22:24,2026-09-10T02:24:00Z,1789007040000,MED1,2300 EAST BELTLINE AVE SE
police,09/09/2026 22:26,2026-09-10T02:26:00Z,1789007160000,STOP,100 E FULTON ST
police,09/09/2026 22:34,2026-09-10T02:34:00Z,1789007640000,STOP,100 MONROE CENTER ST NW
police,09/09/2026 22:35,2026-09-10T02:35:00Z,1789007700000,ASSIST,500 BRIDGE ST NW
fire,09/09/2026 22:40,2026-09-10T02:40:00Z,1789008000000,MED0,800 LIBERTY ST SW
police,09/09/2026 22:41,2026-09-10T02:41:00Z,1789008060000,SHOTS,3200 SOFT WATER LAKE DR NE
fire,09/09/2026 22:42,2026-09-10T02:42:00Z,1789008120000,MED1,2400 43RD ST SE
police,09/09/2026 22:42,2026-09-10T02:42:00Z,1789008120000,ASSIST,800 LIBERTY ST SW
police,09/09/2026 22:48,2026-09-10T02:48:00Z,1789008480000,ASSIST,KNAPP ST NE / PLAINFIELD AVE NE
police,09/09/2026 22:51,2026-09-10T02:51:00Z,1789008660000,STOP,100 MONROE CENTER ST NW
police,09/09/2026 22:51,2026-09-10T02:51:00Z,1789008660000,STOP,WEALTHY OVER US-131
police,09/09/2026 22:54,2026-09-10T02:54:00Z,1789008840000,STOP,28TH ST SE / MADISON AVE SE
police,09/09/2026 23:02,2026-09-10T03:02:00Z,1789009320000,SUSPICIOUS,400 LEONARD ST NW
police,09/09/2026 23:12,2026-09-10T03:12:00Z,1789009920000,DISO,600 BRIDGE ST NW
police,09/09/2026 23:15,2026-09-10T03:15:00Z,1789010100000,ALARM,600 CHERRY ST SE
police,09/09/2026 23:17,2026-09-10T03:17:00Z,1789010220000,STOP,MADISON AVE SE / OAKDALE ST SE
police,09/09/2026 23:21,2026-09-10T03:21:00Z,1789010460000,STOP,EASTERN AVE SE / 33RD ST SE
police,09/09/2026 23:27,2026-09-10T03:27:00Z,1789010820000,TRES,100 WEALTHY ST SE
police,09/09/2026 23:31,2026-09-10T03:31:00Z,1789011060000,MISC,1100 W FULTON ST
fire,09/09/2026 23:33,2026-09-10T03:33:00Z,1789011180000,MED1,500 ADAMS ST SE
police,09/09/2026 23:35,2026-09-10T03:35:00Z,1789011300000,DOMA,3300 EASTERN AVE SE
police,09/09/2026 23:42,2026-09-10T03:42:00Z,1789011720000,STOP,W FULTON ST / IONIA AVE SW
police,09/09/2026 23:45,2026-09-10T03:45:00Z,1789011900000,STOP,400 MICHIGAN ST NE
police,09/09/2026 23:48,2026-09-10T03:48:00Z,1789012080000,STOP,S DIVISION AVE / HALL ST SE
police,09/09/2026 23:51,2026-09-10T03:51:00Z,1789012260000,STOP,LEONARD ST NE / EMERALD AVE NE
police,09/09/2026 23:53,2026-09-10T03:53:00Z,1789012380000,STOP,LA GRAVE AVE SE / OAKES ST SE
police,09/09/2026 23:57,2026-09-10T03:57:00Z,1789012620000,STOP,ALGER ST SE / MADISON AVE SE
police,09/10/2026 00:02,2026-09-10T04:02:00Z,1789012920000,STOP,DIAMOND AVE NE / HELEN ST NE
police,09/10/2026 00:04,2026-09-10T04:04:00Z,1789013040000,DOM,900 COURTNEY ST NW
police,09/10/2026 00:06,2026-09-10T04:06:00Z,1789013160000,MDOP,0 JEFFERSON AVE SE
police,09/10/2026 00:07,2026-09-10T04:07:00Z,1789013220000,ALARM,500 S DIVISION AVE
police,09/10/2026 00:27,2026-09-10T04:27:00Z,1789014420000,STOP,MARTIN LUTHER KING JR ST SE / DALLAS AVE SE
police,09/10/2026 00:30,2026-09-10T04:30:00Z,1789014600000,WELFARE,900 FRONT AVE NW
fire,09/10/2026 00:32,2026-09-10T04:32:00Z,1789014720000,MED2,1400 BRIDGE ST NW
police,09/10/2026 00:32,2026-09-10T04:32:00Z,1789014720000,UNKACC,1400 BRIDGE ST NW
police,09/10/2026 00:34,2026-09-10T04:34:00Z,1789014840000,STOP,SHELBY ST SW / S DIVISION AVE
police,09/10/2026 00:50,2026-09-10T04:50:00Z,1789015800000,STOP,BURTON ST SE / NELSON AVE SE
police,09/10/2026 00:59,2026-09-10T04:59:00Z,1789016340000,DISO,1200 MAYFIELD AVE NE
police,09/10/2026 01:00,2026-09-10T05:00:00Z,1789016400000,STOP,BURTON ST SE / NELSON AVE SE
police,09/10/2026 01:02,2026-09-10T05:02:00Z,1789016520000,STOP,MARTIN LUTHER KING JR ST SE / JEFFERSON AVE SE
police,09/10/2026 01:14,2026-09-10T05:14:00Z,1789017240000,STOP,200 GRIGGS ST SE
police,09/10/2026 01:18,2026-09-10T05:18:00Z,1789017480000,STOP,300 IONIA AVE SW
police,09/10/2026 01:27,2026-09-10T05:27:00Z,1789018020000,MDOP,1400 ARDMORE ST SE
police,09/10/2026 01:29,2026-09-10T05:29:00Z,1789018140000,STOP,MARKET AVE SW / OAKES ST SW
police,09/10/2026 01:37,2026-09-10T05:37:00Z,1789018620000,WELFARE,900 LEONARD ST NW
police,09/10/2026 01:38,2026-09-10T05:38:00Z,1789018680000,WELFARE,1200 GRIGGS ST SE
police,09/10/2026 01:38,2026-09-10T05:38:00Z,1789018680000,PD,1400 LOGAN ST SE
police,09/10/2026 01:38,2026-09-10T05:38:00Z,1789018680000,ALARM,1600 LAKE DR SE
police,09/10/2026 01:44,2026-09-10T05:44:00Z,1789019040000,STOP,MONROE AVE NE / GUILD ST NE
police,09/10/2026 01:51,2026-09-10T05:51:00Z,1789019460000,SUSPICIOUS,800 33RD ST SE
police,09/10/2026 02:06,2026-09-10T06:06:00Z,1789020360000,DOM,1100 LEONARD ST NW
police,09/10/2026 02:08,2026-09-10T06:08:00Z,1789020480000,STOP,200 GRIGGS ST SE
police,09/10/2026 02:17,2026-09-10T06:17:00Z,1789021020000,STOP,MARKET AVE SW / W FULTON ST
police,09/10/2026 02:29,2026-09-10T06:29:00Z,1789021740000,STOP,LEONARD ST NE / NORTHFIELD DR NE
police,09/10/2026 02:34,2026-09-10T06:34:00Z,1789022040000,DOMA,1900 MASON ST NE
police,09/10/2026 02:42,2026-09-10T06:42:00Z,1789022520000,DOMA,0 INDIANA AVE SW
police,09/10/2026 02:48,2026-09-10T06:48:00Z,1789022880000,STOP,EASTERN AVE SE / (NO)36TH ST SE
police,09/10/2026 02:50,2026-09-10T06:50:00Z,1789023000000,STOP,KALAMAZOO AVE SE / ALGER ST SE
police,09/10/2026 02:53,2026-09-10T06:53:00Z,1789023180000,ASSIST,600 EASTERN AVE SE
police,09/10/2026 03:03,2026-09-10T07:03:00Z,1789023780000,FI,200 S DIVISION AVE
police,09/10/2026 03:05,2026-09-10T07:05:00Z,1789023900000,DOMA,1900 KALAMAZOO AVE SE
police,09/10/2026 03:18,2026-09-10T07:18:00Z,1789024680000,STOP,BRIDGE ST NW / SEWARD AVE NW
police,09/10/2026 03:27,2026-09-10T07:27:00Z,1789025220000,DISO,300 PEARL ST NW
police,09/10/2026 03:29,2026-09-10T07:29:00Z,1789025340000,STOP,KIRTLAND ST SW / PALACE AVE SW
police,09/10/2026 03:39,2026-09-10T07:39:00Z,1789025940000,SUSPICIOUS,HASTINGS ST NE / COIT AVE NE
police,09/10/2026 03:41,2026-09-10T07:41:00Z,1789026060000,STOP,E FULTON ST / LAFAYETTE AVE NE
fire,09/10/2026 04:33,2026-09-10T08:33:00Z,1789029180000,MED2,400 S DIVISION AVE
police,09/10/2026 04:33,2026-09-10T08:33:00Z,1789029180000,STOP,E FULTON ST / N DIVISION AVE
fire,09/10/2026 04:45,2026-09-10T08:45:00Z,1789029900000,MED1,1400 BURKE AVE NE
