objectid,event_time_utc,event_time_epoch_ms,city_twp,display_address,incident_type,agency_type,agency_name,latitude,longitude
1,2026-09-01T00:06:00Z,1788221160000,CASCADE TWP,5700 BLOCK OF 28TH ST SE,MEDICAL EMERGENCY,Fire,CASCADE TWP FIRE,,
2,2026-09-01T00:08:00Z,1788221280000,KENTWOOD,4000 BLOCK OF WOODLAND CREEK DR SE,GENERAL ASSIST,Police,KENTWOOD POLICE,,
1,2026-09-01T00:11:00Z,1788221460000,WYOMING,2500 BLOCK OF 36TH ST SW,MEDICAL EMERGENCY,Fire,WYOMING FIRE,,
1,2026-09-01T00:11:00Z,1788221460000,WYOMING,2500 BLOCK OF 36TH ST SW,GENERAL ASSIST,Police,WYOMING POLICE,,
2,2026-09-01T00:19:00Z,1788221940000,GAINES TWP,300 BLOCK OF 100TH ST SE,CARBON MONOXIDE INVESTIGATION,Fire,GAINES TWP FIRE,,
1,2026-09-01T00:21:00Z,1788222060000,KENTWOOD,200 BLOCK OF 52ND ST SE,GENERAL ASSIST,Police,KENTWOOD POLICE,,
1,2026-09-01T00:23:00Z,1788222180000,GRAND RAPIDS TWP,4400 BLOCK OF LEONARD ST NE,MISC FIRE,Fire,GRAND RAPIDS TWP FIRE,,
1,2026-09-01T00:32:00Z,1788222720000,KENTWOOD,3300 BLOCK OF 36TH ST SE,LARCENY,Police,KENTWOOD POLICE,,
3,2026-09-01T00:36:00Z,1788222960000,WYOMING,3500 BLOCK OF BIRCHWOOD AVE SW,MEDICAL EMERGENCY,Fire,WYOMING FIRE,,
1,2026-09-01T00:37:00Z,1788223020000,CASCADE TWP,5500 BLOCK OF 33RD ST SE,MEDICAL EMERGENCY,Fire,CASCADE TWP FIRE,,
2,2026-09-01T00:37:00Z,1788223020000,WYOMING,5300 BLOCK OF WILSON AVE SW,MEDICAL EMERGENCY,Fire,WYOMING FIRE,,
2,2026-09-01T00:42:00Z,1788223320000,CEDAR SPRINGS,13300 BLOCK OF JEANETTE WAY NE,SUSPICIOUS INCIDENT,Police,KENT CO SHERIFF,,
1,2026-09-01T00:43:00Z,1788223380000,WYOMING,4900 BLOCK OF WILSON AVE SW,WELFARE CHECK,Police,WYOMING POLICE,,
1,2026-09-01T00:44:00Z,1788223440000,WYOMING,4900 BLOCK OF WILSON AVE SW,MEDICAL EMERGENCY,Fire,WYOMING FIRE,,
4,2026-09-01T00:51:00Z,1788223860000,SPARTA TWP,1400 BLOCK OF COUNTRY VIEW CT NW,MEDICAL EMERGENCY,Fire,SPARTA FIRE,,
1,2026-09-01T00:56:00Z,1788224160000,KENTWOOD,5400 BLOCK OF BLAINE AVE SE,MEDICAL EMERGENCY,Fire,KENTWOOD FIRE,,
2,2026-09-01T01:00:00Z,1788224400000,WALKER,300 BLOCK OF WILSON AVE NW,WELFARE CHECK,Police,WALKER POLICE,,
1,2026-09-01T01:04:00Z,1788224640000,PLAINFIELD TWP,5600 BLOCK OF NORTH GOLDFINCH DR NE,FIRE ALARM,Fire,PLAINFIELD TWP FIRE,,
1,2026-09-01T01:05:00Z,1788224700000,KENTWOOD,4500 BLOCK OF BOWEN BLVD SE,DISORDERLY PERSON,Police,KENTWOOD POLICE,,
1,2026-09-01T01:16:00Z,1788225360000,BYRON TWP,2100 BLOCK OF 84TH ST SW,MEDICAL EMERGENCY,Fire,BYRON TWP FIRE,,
3,2026-09-01T01:19:00Z,1788225540000,BYRON TWP,300 BLOCK OF SABER ST SW,PAROLE VIOLATION,Police,KENT CO SHERIFF,,
4,2026-09-01T01:20:00Z,1788225600000,PLAINFIELD TWP,5100 BLOCK OF PLAINFIELD AVE NE,LOITERING,Police,KENT CO SHERIFF,,
2,2026-09-01T01:26:00Z,1788225960000,GRANDVILLE,3100 BLOCK OF 44TH ST SW,WELFARE CHECK,Police,GRANDVILLE POLICE,,
2,2026-09-01T01:29:00Z,1788226140000,LOWELL TWP,11800 BLOCK OF E FULTON ST SE,WELFARE CHECK,Police,KENT CO SHERIFF,,
1,2026-09-01T01:30:00Z,1788226200000,ROCKFORD,100 BLOCK OF S FREMONT ST NE,ORDINANCE VIOLATION,Police,ROCKFORD POLICE,,
1,2026-09-01T01:43:00Z,1788226980000,BYRON TWP,8500 BLOCK OF WOODHAVEN DR SW,MEDICAL EMERGENCY,Fire,BYRON TWP FIRE,,
2,2026-09-01T01:46:00Z,1788227160000,BOWNE TWP,BAKER AVE SE / 108TH ST SE,VEHICLE CRASH,Police,KENT CO SHERIFF,,
1,2026-09-01T01:49:00Z,1788227340000,CEDAR SPRINGS,14100 BLOCK OF WHITE CREEK AVE NE,DISORDERLY PERSON,Police,KENT CO SHERIFF,,
4,2026-09-01T02:01:00Z,1788228060000,CASCADE TWP,6500 BLOCK OF 28TH ST SE,ASSAULT,Police,KENT CO SHERIFF,,
1,2026-09-01T02:09:00Z,1788228540000,WYOMING,3600 BLOCK OF MICHAEL AVE SW,GENERAL ASSIST,Police,WYOMING POLICE,,
2,2026-09-01T02:14:00Z,1788228840000,PLAINFIELD TWP,3300 BLOCK OF CLEAR VISTA CT NE,FIRE ALARM,Fire,PLAINFIELD TWP FIRE,,
1,2026-09-01T02:15:00Z,1788228900000,ADA TWP,500 BLOCK OF EDGEWORTHE DR SE,GENERAL ASSIST,Police,KENT CO SHERIFF,,
1,2026-09-01T02:21:00Z,1788229260000,PLAINFIELD TWP,3800 BLOCK OF ALGANSEE DR NE,SUSPICIOUS INCIDENT,Police,KENT CO SHERIFF,,
1,2026-09-01T02:25:00Z,1788229500000,WALKER,4500 BLOCK OF LAKE MICHIGAN DR NW,LARCENY,Police,WALKER POLICE,,
1,2026-09-01T02:32:00Z,1788229920000,CASCADE TWP,4900 BLOCK OF TOWN CENTER DR SE,DISORDERLY PERSON,Police,KENT CO SHERIFF,,
4,2026-09-01T03:10:00Z,1788232200000,WYOMING,1800 BLOCK OF FARRAGUT ST SW,MEDICAL EMERGENCY,Fire,WYOMING FIRE,,
2,2026-09-01T03:13:00Z,1788232380000,KENTWOOD,44TH ST SE / POTTER AVE SE,VEHICLE CRASH,Police,KENTWOOD POLICE,,
3,2026-09-01T03:13:00Z,1788232380000,WALKER,2600 BLOCK OF NOLAN AVE NW,LOUD NOISE,Police,WALKER POLICE,,
1,2026-09-01T03:14:00Z,1788232440000,CASCADE TWP,2900 BLOCK OF HAYWARD DR SE,FIRE INVESTIGATION,Fire,CASCADE TWP FIRE,,
3,2026-09-01T03:17:00Z,1788232620000,EAST GRAND RAPIDS,2700 BLOCK OF BEECHWOOD DR SE,LOUD NOISE,Police,EAST GRAND RAPIDS POLICE,,
2,2026-09-01T03:22:00Z,1788232920000,WYOMING,3700 BLOCK OF DUNBAR AVE SW,SUSPICIOUS INCIDENT,Police,WYOMING POLICE,,
2,2026-09-01T03:23:00Z,1788232980000,LOWELL TWP,1600 BLOCK OF CUMBERLAND AVE SE,WELFARE CHECK,Police,KENT CO SHERIFF,,
1,2026-09-01T03:26:00Z,1788233160000,WYOMING,1200 BLOCK OF ROYAL OAK ST SW,911 HANG UP,Police,WYOMING POLICE,,
1,2026-09-01T03:38:00Z,1788233880000,WALKER,4200 BLOCK OF LAKE MICHIGAN DR NW,SUSPICIOUS INCIDENT,Police,WALKER POLICE,,
2,2026-09-01T03:43:00Z,1788234180000,WYOMING,800 BLOCK OF CANTERBURY ST SW,MISSING PERSON,Police,WYOMING POLICE,,
1,2026-09-01T03:49:00Z,1788234540000,KENTWOOD,3100 BLOCK OF LAKE EASTBROOK BLVD SE,LARCENY,Police,KENTWOOD POLICE,,
3,2026-09-01T04:00:00Z,1788235200000,TYRONE TWP,300 BLOCK OF WAINWRIGHT ST NW,MEDICAL EMERGENCY,Fire,KENT CITY FIRE,,
2,2026-09-01T04:09:00Z,1788235740000,CALEDONIA TWP,10000 BLOCK OF CROSSROADS CT SE,FIRE ALARM,Fire,CALEDONIA TWP FIRE,,
1,2026-09-01T04:11:00Z,1788235860000,PLAINFIELD TWP,3300 BLOCK OF CLEAR VISTA CT NE,FIRE ALARM,Fire,PLAINFIELD TWP FIRE,,
1,2026-09-01T04:12:00Z,1788235920000,WYOMING,600 BLOCK OF FERNCREEK LN SW,SUSPICIOUS INCIDENT,Police,WYOMING POLICE,,
1,2026-09-01T04:13:00Z,1788235980000,PLAINFIELD TWP,3900 BLOCK OF MAYFIELD AVE NE,BURGLAR ALARM,Police,KENT CO SHERIFF,,
1,2026-09-01T04:20:00Z,1788236400000,GRANDVILLE,4500 BLOCK OF KENOWA AVE SW,FIRE ALARM,Fire,GRANDVILLE FIRE,,
1,2026-09-01T04:39:00Z,1788237540000,BOWNE TWP,ALDEN NASH AVE SE / 64TH ST SE,VEHICLE CRASH,Police,ALTO AREA FIRE,,
1,2026-09-01T04:39:00Z,1788237540000,GRANDVILLE,4300 BLOCK OF KENOWA AVE SW,FIRE ALARM,Fire,GRANDVILLE FIRE,,
2,2026-09-01T04:39:00Z,1788237540000,GRANDVILLE,4300 BLOCK OF KENOWA AVE SW,BROADCAST,Police,GRANDVILLE POLICE,,
3,2026-09-01T04:39:00Z,1788237540000,BOWNE TWP,6600 BLOCK OF ALDEN NASH AVE SE,VEHICLE CRASH,Police,KENT CO SHERIFF,,
2,2026-09-01T04:39:00Z,1788237540000,WYOMING,800 BLOCK OF 28TH ST SW,FRAUD,Police,WYOMING POLICE,,
1,2026-09-01T04:46:00Z,1788237960000,WALKER,1100 BLOCK OF ALLISON AVE NW,FIRE ALARM,Fire,WALKER FIRE,,
2,2026-09-01T05:07:00Z,1788239220000,KENTWOOD,2100 BLOCK OF EAST PARIS AVE SE,FIRE ALARM,Fire,KENTWOOD FIRE,,
1,2026-09-01T05:08:00Z,1788239280000,KENTWOOD,4000 BLOCK OF N ROSEBUD CT SE,SUSPICIOUS INCIDENT,Police,KENTWOOD POLICE,,
1,2026-09-01T05:16:00Z,1788239760000,COURTLAND TWP,12500 BLOCK OF RAMSDELL DR NE,MEDICAL EMERGENCY,Fire,COURTLAND TWP FIRE,,
2,2026-09-01T05:30:00Z,1788240600000,WYOMING,1600 BLOCK OF HAVANA AVE SW,MEDICAL EMERGENCY,Fire,WYOMING FIRE,,
1,2026-09-01T05:31:00Z,1788240660000,WALKER,3300 BLOCK OF WALKER VIEW DR NW,BURGLAR ALARM,Police,WALKER POLICE,,
2,2026-09-01T05:46:00Z,1788241560000,BYRON TWP,1000 BLOCK OF 74TH ST SW,SUSPICIOUS INCIDENT,Police,KENT CO SHERIFF,,
1,2026-09-01T05:52:00Z,1788241920000,WYOMING,3400 BLOCK OF BURR AVE SW,ANIMAL INCIDENT,Police,WYOMING POLICE,,
2,2026-09-01T06:06:00Z,1788242760000,BYRON TWP,1000 BLOCK OF 74TH ST SW,MEDICAL EMERGENCY,Fire,BYRON TWP FIRE,,
1,2026-09-01T06:09:00Z,1788242940000,WYOMING,200 BLOCK OF 28TH ST SW,WELFARE CHECK,Police,WYOMING POLICE,,
2,2026-09-01T06:52:00Z,1788245520000,BYRON TWP,8200 BLOCK OF BYRON CENTER AVE SW,BURGLAR ALARM,Police,KENT CO SHERIFF,,
1,2026-09-01T07:01:00Z,1788246060000,CASCADE TWP,5200 BLOCK OF 28TH ST SE,MEDICAL EMERGENCY,Fire,CASCADE TWP FIRE,,
3,2026-09-01T07:29:00Z,1788247740000,VERGENNES TWP,13400 BLOCK OF FOREST RIVER DR SE,MEDICAL EMERGENCY,Fire,LOWELL AREA FIRE,,
2,2026-09-01T07:32:00Z,1788247920000,CALEDONIA TWP,6900 BLOCK OF CHERRY VALLEY AVE SE,BURGLARY,Police,KENT CO SHERIFF,,
1,2026-09-01T07:38:00Z,1788248280000,KENTWOOD,3300 BLOCK OF 36TH ST SE,MISC FIRE,Fire,KENTWOOD FIRE,,
2,2026-09-01T07:50:00Z,1788249000000,WALKER,600 BLOCK OF CENTER DR NW,BURGLAR ALARM,Police,WALKER POLICE,,
1,2026-09-01T07:51:00Z,1788249060000,WYOMING,600 BLOCK OF 36TH ST SW,CARBON MONOXIDE INVESTIGATION,Fire,WYOMING FIRE,,
1,2026-09-01T08:03:00Z,1788249780000,ROCKFORD,E BRIDGE ST NE / S MAIN ST NE,FOUND PROPERTY,Police,ROCKFORD POLICE,,
1,2026-09-01T08:17:00Z,1788250620000,KENTWOOD,4700 BLOCK OF N BRETON CT SE,911 HANG UP,Police,KENTWOOD POLICE,,
1,2026-09-01T08:27:00Z,1788251220000,WYOMING,1400 BLOCK OF 42ND ST SW,DISORDERLY PERSON,Police,WYOMING POLICE,,
1,2026-09-01T08:45:00Z,1788252300000,WYOMING,BUCHANAN AVE SW / 32ND ST SW,VEHICLE CRASH,Police,WYOMING POLICE,,
1,2026-09-01T08:48:00Z,1788252480000,CANNON TWP,6900 BLOCK OF PINEHURST LN NE,MEDICAL EMERGENCY,Fire,CANNON TWP FIRE,,
1,2026-09-01T08:52:00Z,1788252720000,WYOMING,1400 BLOCK OF MARQUETTE ST SW,FIRE ALARM,Fire,WYOMING FIRE,,
2,2026-09-01T09:05:00Z,1788253500000,WYOMING,BYRON CENTER AVE SW / 28TH ST SW,VEHICLE CRASH,Police,WYOMING POLICE,,
1,2026-09-01T09:06:00Z,1788253560000,WYOMING,200 BLOCK OF 28TH ST SW,FRAUD,Police,WYOMING POLICE,,
2,2026-09-01T09:09:00Z,1788253740000,BYRON TWP,1900 BLOCK OF 100TH ST SW,FIRE ALARM,Fire,BYRON TWP FIRE,,
1,2026-09-01T09:19:00Z,1788254340000,WYOMING,1800 BLOCK OF PORTER ST SW,SUSPICIOUS INCIDENT,Police,WYOMING POLICE,,
1,2026-09-01T09:20:00Z,1788254400000,KENTWOOD,200 BLOCK OF 52ND ST SE,911 HANG UP,Police,KENTWOOD POLICE,,
1,2026-09-01T09:43:00Z,1788255780000,KENTWOOD,EAST PARIS AVE SE / BARDEN DR SE,VEHICLE CRASH,Police,KENTWOOD FIRE,,
1,2026-09-01T09:43:00Z,1788255780000,KENTWOOD,EAST PARIS AVE SE / N GREENBROOKE DR SE,VEHICLE CRASH,Police,KENTWOOD FIRE,,
2,2026-09-01T09:43:00Z,1788255780000,KENTWOOD,EAST PARIS AVE SE / BARDEN DR SE,VEHICLE CRASH,Police,KENTWOOD POLICE,,
2,2026-09-01T09:43:00Z,1788255780000,KENTWOOD,EAST PARIS AVE SE / N GREENBROOKE DR SE,VEHICLE CRASH,Police,KENTWOOD POLICE,,
1,2026-09-01T09:48:00Z,1788256080000,GAINES TWP,7100 BLOCK OF GLENCREEK DR SE,FIRE ALARM,Fire,GAINES TWP FIRE,,
1,2026-09-01T09:50:00Z,1788256200000,BYRON TWP,100TH ST SW / BYRON CENTER AVE SW,VEHICLE CRASH,Police,KENT CO SHERIFF,,
4,2026-09-01T09:52:00Z,1788256320000,KENTWOOD,2900 BLOCK OF RADCLIFF AVE SE,SUSPICIOUS INCIDENT,Police,KENTWOOD POLICE,,
1,2026-09-01T10:24:00Z,1788258240000,CALEDONIA TWP,5200 BLOCK OF NORTH TROTTER TRL SE,MEDICAL EMERGENCY,Fire,CALEDONIA TWP FIRE,,
2,2026-09-01T10:36:00Z,1788258960000,SPARTA TWP,2600 BLOCK OF 15 MILE RD NW,MEDICAL EMERGENCY,Fire,SPARTA FIRE,,
1,2026-09-01T10:42:00Z,1788259320000,KENTWOOD,3800 BLOCK OF EAST PARIS AVE SE,FIRE ALARM,Fire,KENTWOOD FIRE,,
3,2026-09-01T10:48:00Z,1788259680000,WALKER,900 BLOCK OF 4 MILE RD NW,LARCENY,Police,WALKER POLICE,,
2,2026-09-01T10:56:00Z,1788260160000,KENTWOOD,EAST PARIS AVE SE / N GREENBROOKE DR SE,MEDICAL EMERGENCY,Fire,KENTWOOD FIRE,,
1,2026-09-01T11:01:00Z,1788260460000,GRANDVILLE,4000 BLOCK OF 44TH ST SW,MEDICAL EMERGENCY,Fire,GRANDVILLE FIRE,,
1,2026-09-01T11:01:00Z,1788260460000,PLAINFIELD TWP,3700 BLOCK OF IVY DR NE,MEDICAL EMERGENCY,Fire,PLAINFIELD TWP FIRE,,
6,2026-09-01T11:03:00Z,1788260580000,PLAINFIELD TWP,US-131 NB SO WEST RIVER,VEHICLE CRASH,Police,KENT CO SHERIFF,43.03898665,-85.66115501
4,2026-09-01T11:12:00Z,1788261120000,GRAND RAPIDS,700 BLOCK OF FULLER AVE NE,ANIMAL INCIDENT,Police,ANIMAL CONTROL,,
2,2026-09-01T11:15:00Z,1788261300000,PLAINFIELD TWP,NORTHLAND DR NE / 7 MILE RD NE,VEHICLE CRASH,Police,KENT CO SHERIFF,,
3,2026-09-01T11:15:00Z,1788261300000,PLAINFIELD TWP,NORTHLAND DR NE / 7 MILE RD NE,VEHICLE CRASH,Police,PLAINFIELD TWP FIRE,,
3,2026-09-01T11:17:00Z,1788261420000,KENTWOOD,1900 BLOCK OF MIDDLEGROUND DR SE,ANIMAL INCIDENT,Police,ANIMAL CONTROL,,
1,2026-09-01T11:18:00Z,1788261480000,BYRON TWP,6600 BLOCK OF WILSON AVE SW,GENERAL ASSIST,Police,KENT CO SHERIFF,,
2,2026-09-01T11:25:00Z,1788261900000,GAINES TWP,6700 BLOCK OF KALAMAZOO AVE SE,FIRE ALARM,Fire,GAINES TWP FIRE,,
1,2026-09-01T11:27:00Z,1788262020000,GRANDVILLE,4100 BLOCK OF SINGEL DR SW,MEDICAL EMERGENCY,Fire,GRANDVILLE FIRE,,
7,2026-09-01T11:35:00Z,1788262500000,GRANDVILLE,BALDWIN TO I-196 EB RAMP,VEHICLE CRASH,Police,GRANDVILLE POLICE,42.90737088,-85.77624932
1,2026-09-01T11:43:00Z,1788262980000,PLAINFIELD TWP,1300 BLOCK OF NORTH MAIZE DR NE,MEDICAL EMERGENCY,Fire,PLAINFIELD TWP FIRE,,
3,2026-09-01T11:47:00Z,1788263220000,SPARTA,500 BLOCK OF DONNA DR NW,SUSPICIOUS INCIDENT,Police,SPARTA POLICE,,
2,2026-09-01T11:55:00Z,1788263700000,GRANDVILLE,3400 BLOCK OF WILSON AVE SW,MEDICAL EMERGENCY,Fire,GRANDVILLE FIRE,,
1,2026-09-01T11:55:00Z,1788263700000,GRANDVILLE,3400 BLOCK OF WILSON AVE SW,GENERAL ASSIST,Police,GRANDVILLE POLICE,,
3,2026-09-01T12:02:00Z,1788264120000,GAINES TWP,92ND ST SE / HANNA LAKE AVE SE,TRAFFIC HAZARD,Police,KENT CO SHERIFF,,
2,2026-09-01T12:03:00Z,1788264180000,WALKER,800 BLOCK OF CLOVERDALE AVE NW,WELFARE CHECK,Police,WALKER POLICE,,
1,2026-09-01T12:05:00Z,1788264300000,GRANDVILLE,3000 BLOCK OF SANGRA AVE SW,LARCENY,Police,GRANDVILLE POLICE,,
1,2026-09-01T12:15:00Z,1788264900000,WALKER,3100 BLOCK OF 3 MILE RD NW,MEDICAL EMERGENCY,Fire,WALKER FIRE,,
9,2026-09-01T12:18:00Z,1788265080000,KENTWOOD,1100 BLOCK OF SLUYTER ST SE,ANIMAL INCIDENT,Police,ANIMAL CONTROL,,
1,2026-09-01T12:20:00Z,1788265200000,GRAND RAPIDS,2100 BLOCK OF BUCHANAN AVE SW,ANIMAL INCIDENT,Police,ANIMAL CONTROL,,
1,2026-09-01T12:20:00Z,1788265200000,KENTWOOD,2300 BLOCK OF STOWEVALLEY DR SE,FIRE INVESTIGATION,Fire,KENTWOOD FIRE,,
1,2026-09-01T12:21:00Z,1788265260000,WYOMING,4600 BLOCK OF HALIFAX AVE SW,MEDICAL EMERGENCY,Fire,WYOMING FIRE,,
6,2026-09-01T12:39:00Z,1788266340000,LOWELL TWP,11400 BLOCK OF GRAND RIVER DR SE,SUSPICIOUS INCIDENT,Police,KENT CO SHERIFF,,
1,2026-09-01T12:43:00Z,1788266580000,CEDAR SPRINGS,14200 BLOCK OF WHITE CREEK AVE NE,MEDICAL EMERGENCY,Fire,CEDAR SPRINGS FIRE,,
2,2026-09-01T12:58:00Z,1788267480000,WALKER,1900 BLOCK OF BRISTOL AVE NW,TRESPASSING,Police,WALKER POLICE,,
2,2026-09-01T12:59:00Z,1788267540000,GRANDVILLE,28TH ST SW / IVANREST AVE SW,VEHICLE CRASH,Police,GRANDVILLE POLICE,,
1,2026-09-01T12:59:00Z,1788267540000,WALKER,700 BLOCK OF CUMMINGS AVE NW,WELFARE CHECK,Police,WALKER POLICE,,
1,2026-09-01T13:06:00Z,1788267960000,WYOMING,36TH ST SE / JEFFERSON AVE SE,VEHICLE CRASH,Police,WYOMING POLICE,,
2,2026-09-01T13:12:00Z,1788268320000,CALEDONIA TWP,6100 BLOCK OF EGAN AVE SE,HARASSMENT,Police,KENT CO SHERIFF,,
1,2026-09-01T13:12:00Z,1788268320000,WALKER,4300 BLOCK OF REMEMBRANCE RD NW,FOUND PROPERTY,Police,WALKER POLICE,,
1,2026-09-01T13:20:00Z,1788268800000,WYOMING,3300 BLOCK OF WOODWARD AVE SW,MEDICAL EMERGENCY,Fire,WYOMING FIRE,,
3,2026-09-01T13:22:00Z,1788268920000,OAKFIELD TWP,ANGEL POND DR NE / WABASIS AVE NE,RECKLESS DRIVER,Police,KENT CO SHERIFF,,
2,2026-09-01T13:26:00Z,1788269160000,WALKER,3 MILE RD NW / ALPINE AVE NW,WELFARE CHECK,Police,WALKER POLICE,,
4,2026-09-01T13:28:00Z,1788269280000,BYRON TWP,EXPRESSWAY DR SW / EXPRESSWAY CT SW,WELFARE CHECK,Police,KENT CO SHERIFF,,
1,2026-09-01T13:28:00Z,1788269280000,WYOMING,4200 BLOCK OF DEL-MAR VILLAGE DR SW,MEDICAL EMERGENCY,Fire,WYOMING FIRE,,
4,2026-09-01T13:33:00Z,1788269580000,PLAINFIELD TWP,3100 BLOCK OF RIVERWOODS DR NE,MEDICAL EMERGENCY,Fire,PLAINFIELD TWP FIRE,,
1,2026-09-01T13:39:00Z,1788269940000,CASCADE TWP,BOLT DR SE / BUTTRICK AVE SE,VEHICLE CRASH,Police,CASCADE TWP FIRE,,
3,2026-09-01T13:39:00Z,1788269940000,CASCADE TWP,BOLT DR SE / BUTTRICK AVE SE,VEHICLE CRASH,Police,KENT CO SHERIFF,,
2,2026-09-01T13:42:00Z,1788270120000,GRAND RAPIDS,29TH ST SE / BRETON RD SE,MISC FIRE,Fire,KENTWOOD FIRE,,
1,2026-09-01T13:43:00Z,1788270180000,KENTWOOD,1200 BLOCK OF 52ND ST SE,GENERAL ASSIST,Police,KENTWOOD POLICE,,
3,2026-09-01T13:47:00Z,1788270420000,ADA TWP,6300 BLOCK OF SCARBOROUGH DR SE,VEHICLE CRASH,Police,KENT CO SHERIFF,,
5,2026-09-01T13:49:00Z,1788270540000,ALGOMA TWP,400 BLOCK OF HULL ST NE,WELFARE CHECK,Police,KENT CO SHERIFF,,
1,2026-09-01T13:49:00Z,1788270540000,WYOMING,5900 BLOCK OF BYRON CENTER AVE SW,FIRE ALARM,Fire,WYOMING FIRE,,
2,2026-09-01T13:53:00Z,1788270780000,ROCKFORD,600 BLOCK OF HILLVIEW PL NE,GENERAL ASSIST,Police,ROCKFORD POLICE,,
1,2026-09-01T13:55:00Z,1788270900000,WYOMING,1600 BLOCK OF 28TH ST SW,DISORDERLY PERSON,Police,WYOMING POLICE,,
9,2026-09-01T13:57:00Z,1788271020000,ROCKFORD,100 BLOCK OF COURTLAND ST NE,SUSPICIOUS INCIDENT,Police,ROCKFORD POLICE,,
3,2026-09-01T14:04:00Z,1788271440000,CASCADE TWP,6100 BLOCK OF CHARLEVOIX WOODS CT SE,MEDICAL EMERGENCY,Fire,CASCADE TWP FIRE,,
1,2026-09-01T14:06:00Z,1788271560000,WALKER,2700 BLOCK OF WALKER AVE NW,MEDICAL EMERGENCY,Fire,WALKER FIRE,,
1,2026-09-01T14:08:00Z,1788271680000,BYRON TWP,8300 BLOCK OF BURLINGAME AVE SW,MEDICAL EMERGENCY,Fire,BYRON TWP FIRE,,
1,2026-09-01T14:20:00Z,1788272400000,CASCADE TWP,I-96 FWY,GENERAL ASSIST,Police,MICHIGAN STATE POLICE,,
1,2026-09-01T14:22:00Z,1788272520000,GAINES TWP,1200 BLOCK OF 60TH ST SE,ASSAULT,Police,KENT CO SHERIFF,,
2,2026-09-01T14:22:00Z,1788272520000,CASCADE TWP,5100 BLOCK OF 28TH ST SE,WELFARE CHECK,Police,KENT CO SHERIFF,,
7,2026-09-01T14:32:00Z,1788273120000,ADA TWP,500 BLOCK OF ROUNDTREE DR NE,HARASSMENT,Police,KENT CO SHERIFF,,
1,2026-09-01T14:35:00Z,1788273300000,KENTWOOD,5500 BLOCK OF GREENBORO DR SE,GENERAL ASSIST,Police,KENTWOOD POLICE,,
1,2026-09-01T14:37:00Z,1788273420000,ALPINE TWP,3900 BLOCK OF YORKLAND DR NW,MISSING PERSON,Police,KENT CO SHERIFF,,
2,2026-09-01T14:42:00Z,1788273720000,KENTWOOD,600 BLOCK OF 48TH ST SE,WELFARE CHECK,Police,KENTWOOD POLICE,,
3,2026-09-01T14:42:00Z,1788273720000,WALKER,3600 BLOCK OF REMEMBRANCE RD NW,MEDICAL EMERGENCY,Fire,WALKER FIRE,,
6,2026-09-01T14:44:00Z,1788273840000,KENTWOOD,5400 BLOCK OF S DIVISION AVE,FRAUD,Police,KENTWOOD POLICE,,
2,2026-09-01T14:46:00Z,1788273960000,BYRON TWP,7100 BLOCK OF WILSON AVE SW,MEDICAL EMERGENCY,Fire,BYRON TWP FIRE,,
1,2026-09-01T14:46:00Z,1788273960000,WYOMING,0 BLOCK OF 50TH ST SW,WELFARE CHECK,Police,WYOMING POLICE,,
1,2026-09-01T14:47:00Z,1788274020000,PLAINFIELD TWP,BALSAM AVE NE / 4 MILE RD NE,WIRE DOWN,Fire,PLAINFIELD TWP FIRE,,
2,2026-09-01T14:48:00Z,1788274080000,ROCKFORD,0 BLOCK OF S MONROE ST NE,VEHICLE INSPECTION,Police,ROCKFORD POLICE,,
1,2026-09-01T14:50:00Z,1788274200000,WALKER,4200 BLOCK OF LAKE MICHIGAN DR NW,WELFARE CHECK,Police,WALKER POLICE,,
7,2026-09-01T14:54:00Z,1788274440000,WYOMING,4900 BLOCK OF WALTON AVE SW,PARKING VIOLATION,Police,WYOMING POLICE,,
15,2026-09-01T14:55:00Z,1788274500000,LOWELL TWP,1700 BLOCK OF RHODA ST SE,HARASSMENT,Police,KENT CO SHERIFF,,
2,2026-09-01T15:01:00Z,1788274860000,WALKER,3500 BLOCK OF LEONARD ST NW,MEDICAL EMERGENCY,Fire,WALKER FIRE,,
1,2026-09-01T15:01:00Z,1788274860000,WALKER,3500 BLOCK OF LEONARD ST NW,BROADCAST,Police,WALKER POLICE,,
1,2026-09-01T15:03:00Z,1788274980000,ROCKFORD,600 BLOCK OF HILLVIEW PL NE,GENERAL ASSIST,Police,ROCKFORD POLICE,,
3,2026-09-01T15:13:00Z,1788275580000,WYOMING,400 BLOCK OF 36TH ST SE,BURGLAR ALARM,Police,WYOMING POLICE,,
2,2026-09-01T15:15:00Z,1788275700000,GAINES TWP,KALAMAZOO AVE SE / 60TH ST SE,GENERAL ASSIST,Police,KENT CO SHERIFF,,
11,2026-09-01T15:16:00Z,1788275760000,CASCADE TWP,KRAFT AVE SE / MEIJER DR SE,VEHICLE CRASH,Police,KENT CO SHERIFF,,
1,2026-09-01T15:19:00Z,1788275940000,ALPINE TWP,4000 BLOCK OF LELAND AVE NW,ORDINANCE VIOLATION,Police,KENT CO SHERIFF,,
3,2026-09-01T15:21:00Z,1788276060000,WALKER,1300 BLOCK OF SIERRA AVE NW,FIRE ALARM,Fire,WALKER FIRE,,
2,2026-09-01T15:24:00Z,1788276240000,KENTWOOD,300 BLOCK OF 56TH ST SE,SUSPICIOUS INCIDENT,Police,KENTWOOD POLICE,,
5,2026-09-01T15:25:00Z,1788276300000,WYOMING,3700 BLOCK OF MICHAEL AVE SW,ANIMAL INCIDENT,Police,ANIMAL CONTROL,,
1,2026-09-01T15:28:00Z,1788276480000,ALPINE TWP,3800 BLOCK OF YORKLAND DR NW,ANIMAL INCIDENT,Police,ANIMAL CONTROL,,
4,2026-09-01T15:28:00Z,1788276480000,SPARTA,100 BLOCK OF IDA RED AVE NW,MEDICAL EMERGENCY,Fire,SPARTA FIRE,,
7,2026-09-01T15:30:00Z,1788276600000,BYRON TWP,2300 BLOCK OF 64TH ST SW,FRAUD,Police,KENT CO SHERIFF,,
2,2026-09-01T15:31:00Z,1788276660000,GAINES TWP,100 BLOCK OF GAINES ST SE,MEDICAL EMERGENCY,Fire,GAINES TWP FIRE,,
1,2026-09-01T15:33:00Z,1788276780000,GAINES TWP,9300 BLOCK OF EASTERN AVE SE,ANIMAL INCIDENT,Police,ANIMAL CONTROL,,
5,2026-09-01T15:33:00Z,1788276780000,GRAND RAPIDS,MARTIN LUTHER KING JR ST SE / BENJAMIN AVE SE,ANIMAL INCIDENT,Police,ANIMAL CONTROL,,
5,2026-09-01T15:34:00Z,1788276840000,PLAINFIELD TWP,4700 BLOCK OF WEST RIVER DR NE,HARASSMENT,Police,KENT CO SHERIFF,,
1,2026-09-01T15:43:00Z,1788277380000,ROCKFORD,W DIVISION ST NE / OAK ST NE,SUSPICIOUS INCIDENT,Police,ROCKFORD POLICE,,
1,2026-09-01T15:45:00Z,1788277500000,GAINES TWP,1200 BLOCK OF WOODFIELD EAST DR SE,DISORDERLY PERSON,Police,KENT CO SHERIFF,,
2,2026-09-01T15:45:00Z,1788277500000,WYOMING,100 BLOCK OF 28TH ST SW,GENERAL ASSIST,Police,WYOMING POLICE,,
3,2026-09-01T15:45:00Z,1788277500000,WYOMING,1500 BLOCK OF CHICAGO DR SW,DISORDERLY PERSON,Police,WYOMING POLICE,,
4,2026-09-01T15:50:00Z,1788277800000,WYOMING,1500 BLOCK OF 44TH ST SW,MEDICAL EMERGENCY,Fire,WYOMING FIRE,,
1,2026-09-01T15:52:00Z,1788277920000,WALKER,2400 BLOCK OF ALPINE AVE NW,GENERAL ASSIST,Police,WALKER POLICE,,
2,2026-09-01T15:54:00Z,1788278040000,WALKER,2400 BLOCK OF ALPINE AVE NW,MEDICAL EMERGENCY,Fire,WALKER FIRE,,
1,2026-09-01T15:56:00Z,1788278160000,GRAND RAPIDS,100 BLOCK OF PROSPECT AVE NE,ANIMAL INCIDENT,Police,ANIMAL CONTROL,,
10,2026-09-01T15:56:00Z,1788278160000,SPARTA,100 BLOCK OF PROSPECT ST NW,ANIMAL INCIDENT,Police,ANIMAL CONTROL,,
11,2026-09-01T16:02:00Z,1788278520000,BYRON TWP,700 BLOCK OF 68TH ST SW,SUSPICIOUS INCIDENT,Police,KENT CO SHERIFF,,
2,2026-09-01T16:03:00Z,1788278580000,SPENCER TWP,12700 BLOCK OF BIG ISLAND DR NE,HARASSMENT,Police,KENT CO SHERIFF,,
1,2026-09-01T16:07:00Z,1788278820000,COURTLAND TWP,9700 BLOCK OF YOUNG AVE NE,ANIMAL INCIDENT,Police,ANIMAL CONTROL,,
11,2026-09-01T16:11:00Z,1788279060000,WYOMING,2700 BLOCK OF DONCASTER AVE SW,GENERAL ASSIST,Police,WYOMING POLICE,,
5,2026-09-01T16:13:00Z,1788279180000,ADA TWP,CONSERVATION ST NE / HONEY CREEK AVE NE,WIRE DOWN,Fire,ADA TWP FIRE,,
2,2026-09-01T16:15:00Z,1788279300000,GAINES TWP,68TH ST SE / S DIVISION AVE,SUSPICIOUS INCIDENT,Police,KENT CO SHERIFF,,
2,2026-09-01T16:21:00Z,1788279660000,CASCADE TWP,1200 BLOCK OF SPAULDING AVE SE,MEDICAL EMERGENCY,Fire,CASCADE TWP FIRE,,
1,2026-09-01T16:21:00Z,1788279660000,WYOMING,1700 BLOCK OF MULLIGAN DR SW,STOLEN VEHICLE,Police,WYOMING POLICE,,
9,2026-09-01T16:23:00Z,1788279780000,ADA TWP,800 BLOCK OF ALTA DALE AVE SE,GENERAL ASSIST,Police,KENT CO SHERIFF,,
1,2026-09-01T16:31:00Z,1788280260000,EAST GRAND RAPIDS,500 BLOCK OF LOVETT AVE SE,ANIMAL INCIDENT,Police,ANIMAL CONTROL,,
4,2026-09-01T16:31:00Z,1788280260000,GRANDVILLE,2900 BLOCK OF 44TH ST SW,VEHICLE CRASH,Police,GRANDVILLE POLICE,,
2,2026-09-01T16:32:00Z,1788280320000,BYRON TWP,6700 BLOCK OF SUNFIELD DR SW,MEDICAL EMERGENCY,Fire,BYRON TWP FIRE,,
1,2026-09-01T16:34:00Z,1788280440000,WALKER,1100 BLOCK OF WILSON AVE NW,MEDICAL EMERGENCY,Fire,WALKER FIRE,,
5,2026-09-01T16:36:00Z,1788280560000,GRAND RAPIDS TWP,4500 BLOCK OF WINGED FOOT DR SE,GENERAL ASSIST,Police,KENT CO SHERIFF,,
11,2026-09-01T16:40:00Z,1788280800000,OAKFIELD TWP,9300 BLOCK OF ASHLEY AVE NE,WELFARE CHECK,Police,KENT CO SHERIFF,,
1,2026-09-01T16:43:00Z,1788280980000,ALGOMA TWP,2200 BLOCK OF 14 MILE RD NE,TRESPASSING,Police,KENT CO SHERIFF,,
4,2026-09-01T16:44:00Z,1788281040000,PLAINFIELD TWP,3700 BLOCK OF VISTA SPRINGS AVE NE,FIRE ALARM,Fire,PLAINFIELD TWP FIRE,,
13,2026-09-01T16:45:00Z,1788281100000,WYOMING,5300 BLOCK OF QUEST DR SW,ANIMAL INCIDENT,Police,ANIMAL CONTROL,,
1,2026-09-01T16:47:00Z,1788281220000,SPARTA,0 BLOCK OF E DIVISION ST NW,GENERAL ASSIST,Police,SPARTA POLICE,,
4,2026-09-01T16:47:00Z,1788281220000,WALKER,4400 BLOCK OF LAKE MICHIGAN DR NW,WELFARE CHECK,Police,WALKER POLICE,,
10,2026-09-01T16:48:00Z,1788281280000,CANNON TWP,5900 BLOCK OF PICKEREL DR NE,VEHICLE CRASH,Police,KENT CO SHERIFF,,
2,2026-09-01T16:50:00Z,1788281400000,CALEDONIA TWP,8600 BLOCK OF S JASONVILLE CT SE,MEDICAL EMERGENCY,Fire,CALEDONIA TWP FIRE,,
8,2026-09-01T16:51:00Z,1788281460000,WYOMING,4100 BLOCK OF CROOKED TREE RD SW,WELFARE CHECK,Police,WYOMING POLICE,,
2,2026-09-01T16:52:00Z,1788281520000,WYOMING,28TH ST SW / BYRON CENTER AVE SW,GENERAL ASSIST,Police,WYOMING POLICE,,
8,2026-09-01T16:53:00Z,1788281580000,SPARTA,500 BLOCK OF APPLEJACK CT NW,FRAUD,Police,SPARTA POLICE,,
1,2026-09-01T16:53:00Z,1788281580000,WYOMING,1300 BLOCK OF LEE ST SW,ASSAULT,Police,WYOMING POLICE,,
2,2026-09-01T17:01:00Z,1788282060000,CALEDONIA TWP,8600 BLOCK OF S JASONVILLE CT SE,GENERAL ASSIST,Police,KENT CO SHERIFF,,
1,2026-09-01T17:10:00Z,1788282600000,SPARTA,300 BLOCK OF W DIVISION ST NW,SUSPICIOUS INCIDENT,Police,SPARTA POLICE,,
5,2026-09-01T17:11:00Z,1788282660000,GAINES TWP,MARKETPLACE DR SE / KALAMAZOO AVE SE,VEHICLE CRASH,Police,KENT CO SHERIFF,,
3,2026-09-01T17:14:00Z,1788282840000,OAKFIELD TWP,9800 BLOCK OF SWEM ST NE,MEDICAL EMERGENCY,Fire,OAKFIELD TWP FIRE,,
1,2026-09-01T17:14:00Z,1788282840000,WALKER,MCCARTY ST NW / CORNELIA AVE NW,MISC FIRE,Fire,WALKER FIRE,,
7,2026-09-01T17:22:00Z,1788283320000,WYOMING,2100 BLOCK OF LEE ST SW,ANIMAL INCIDENT,Police,ANIMAL CONTROL,,
2,2026-09-01T17:25:00Z,1788283500000,WYOMING,600 BLOCK OF 36TH ST SW,MEDICAL EMERGENCY,Fire,WYOMING FIRE,,
12,2026-09-01T17:27:00Z,1788283620000,GRAND RAPIDS,1200 BLOCK OF LAFAYETTE AVE SE,ANIMAL INCIDENT,Police,ANIMAL CONTROL,,
1,2026-09-01T17:30:00Z,1788283800000,PLAINFIELD TWP,COIT AVE NE / WOODWORTH ST NE,GENERAL ASSIST,Police,KENT CO SHERIFF,,
2,2026-09-01T17:30:00Z,1788283800000,KENTWOOD,4600 BLOCK OF N BRETON CT SE,MEDICAL EMERGENCY,Fire,KENTWOOD FIRE,,
1,2026-09-01T17:31:00Z,1788283860000,GRANDVILLE,3900 BLOCK OF 28TH ST SW,SUSPICIOUS INCIDENT,Police,GRANDVILLE POLICE,,
8,2026-09-01T17:35:00Z,1788284100000,WYOMING,1900 BLOCK OF MARTINDALE AVE SW,WELFARE CHECK,Police,WYOMING POLICE,,
2,2026-09-01T17:36:00Z,1788284160000,GRAND RAPIDS TWP,4800 BLOCK OF CASCADE RD SE,FRAUD,Police,KENT CO SHERIFF,,
1,2026-09-01T17:37:00Z,1788284220000,GRANDVILLE,4700 BLOCK OF CANAL AVE SW,SUSPICIOUS INCIDENT,Police,GRANDVILLE POLICE,,
10,2026-09-01T17:38:00Z,1788284280000,CASCADE TWP,5100 BLOCK OF 28TH ST SE,HARASSMENT,Police,KENT CO SHERIFF,,
2,2026-09-01T17:40:00Z,1788284400000,WYOMING,4700 BLOCK OF VANCOUVER AVE SW,MEDICAL EMERGENCY,Fire,WYOMING FIRE,,
4,2026-09-01T17:44:00Z,1788284640000,CANNON TWP,6900 BLOCK OF KREUTER RD NE,MEDICAL EMERGENCY,Fire,CANNON TWP FIRE,,
9,2026-09-01T17:46:00Z,1788284760000,BYRON TWP,8000 BLOCK OF BYRON STATION CT SW,ANIMAL INCIDENT,Police,ANIMAL CONTROL,,
1,2026-09-01T17:49:00Z,1788284940000,ALGOMA TWP,4500 BLOCK OF ZANDY WAY NE,ANIMAL INCIDENT,Police,ANIMAL CONTROL,,
3,2026-09-01T17:49:00Z,1788284940000,KENTWOOD,4600 BLOCK OF 60TH ST SE,BURGLAR ALARM,Police,KENTWOOD POLICE,,
3,2026-09-01T17:49:00Z,1788284940000,PLAINFIELD TWP,1400 BLOCK OF POST DR NE,MEDICAL EMERGENCY,Fire,PLAINFIELD TWP FIRE,,
8,2026-09-01T17:51:00Z,1788285060000,GRAND RAPIDS,DALLAS AVE SE / WATKINS ST SE,ANIMAL INCIDENT,Police,ANIMAL CONTROL,,
1,2026-09-01T17:51:00Z,1788285060000,ALGOMA TWP,4500 BLOCK OF PORTER HOLLOW DR NE,WELFARE CHECK,Police,KENT CO SHERIFF,,
1,2026-09-01T17:52:00Z,1788285120000,SOLON TWP,3700 BLOCK OF 17 MILE RD NE,WELFARE CHECK,Police,KENT CO SHERIFF,,
2,2026-09-01T17:56:00Z,1788285360000,ADA TWP,6700 BLOCK OF ADARIDGE DR SE,MEDICAL EMERGENCY,Fire,ADA TWP FIRE,,
1,2026-09-01T17:58:00Z,1788285480000,GRANDVILLE,3000 BLOCK OF 44TH ST SW,BURGLAR ALARM,Police,GRANDVILLE POLICE,,
1,2026-09-01T17:58:00Z,1788285480000,SPENCER TWP,16100 BLOCK OF MEDDLER AVE NE,SUSPICIOUS INCIDENT,Police,KENT CO SHERIFF,,
1,2026-09-01T17:59:00Z,1788285540000,WALKER,700 BLOCK OF NORTH CENTER DR NW,MISSING PERSON,Police,WALKER POLICE,,
11,2026-09-01T18:04:00Z,1788285840000,VERGENNES TWP,10700 BLOCK OF BAILEY DR NE,LARCENY,Police,KENT CO SHERIFF,,
1,2026-09-01T18:08:00Z,1788286080000,EAST GRAND RAPIDS,1100 BLOCK OF PINECREST AVE SE,DISORDERLY PERSON,Police,EAST GRAND RAPIDS POLICE,,
2,2026-09-01T18:21:00Z,1788286860000,KENTWOOD,2700 BLOCK OF EAST BELTLINE AVE SE,SUSPICIOUS INCIDENT,Police,KENTWOOD POLICE,,
6,2026-09-01T18:21:00Z,1788286860000,LOWELL,2600 BLOCK OF W MAIN ST SE,FRAUD,Police,LOWELL POLICE,,
1,2026-09-01T18:28:00Z,1788287280000,CASCADE TWP,5600 BLOCK OF CASCADE RD SE,MEDICAL EMERGENCY,Fire,CASCADE TWP FIRE,,
3,2026-09-01T18:29:00Z,1788287340000,WYOMING,3600 BLOCK OF COPPER RIVER AVE SW,MEDICAL EMERGENCY,Fire,WYOMING FIRE,,
17,2026-09-01T18:32:00Z,1788287520000,CASCADE TWP,I-96 EB AT WHITNEYVILLE,MEDICAL EMERGENCY,Fire,CASCADE TWP FIRE,42.87806008,-85.46351494
2,2026-09-01T18:32:00Z,1788287520000,GRANDVILLE,4600 BLOCK OF CANAL AVE SW,MEDICAL EMERGENCY,Fire,GRANDVILLE FIRE,,
5,2026-09-01T18:32:00Z,1788287520000,GRANDVILLE,4400 BLOCK OF WIMBLEDON DR SW,MISSING PERSON,Police,GRANDVILLE POLICE,,
1,2026-09-01T18:32:00Z,1788287520000,GRANDVILLE,4600 BLOCK OF CANAL AVE SW,GENERAL ASSIST,Police,GRANDVILLE POLICE,,
7,2026-09-01T18:33:00Z,1788287580000,KENTWOOD,900 BLOCK OF DIANE ST SE,DAMAGE TO PROPERTY,Police,KENTWOOD POLICE,,
2,2026-09-01T18:35:00Z,1788287700000,GAINES TWP,60TH ST SE / VALLEY LANE DR SE,VEHICLE CRASH,Police,KENTWOOD POLICE,,
1,2026-09-01T18:36:00Z,1788287760000,KENTWOOD,60TH ST SE / VALLEY LANE DR SE,VEHICLE CRASH,Police,KENTWOOD FIRE,,
1,2026-09-01T18:44:00Z,1788288240000,EAST GRAND RAPIDS,WOODLAWN DR SE / ELMWOOD DR SE,FIGHT,Police,EAST GRAND RAPIDS POLICE,,
2,2026-09-01T18:52:00Z,1788288720000,ADA TWP,9000 BLOCK OF CONSERVANCY DR NE,MEDICAL EMERGENCY,Fire,ADA TWP FIRE,,
7,2026-09-01T18:55:00Z,1788288900000,GRAND RAPIDS,700 BLOCK OF WEALTHY ST SE,ANIMAL INCIDENT,Police,ANIMAL CONTROL,,
4,2026-09-01T18:58:00Z,1788289080000,ALPINE TWP,ALPINE AVE NW / 4 MILE RD NW,VEHICLE CRASH,Police,KENT CO SHERIFF,,
1,2026-09-01T19:00:00Z,1788289200000,ALPINE TWP,5500 BLOCK OF N DIVISION AVE,TRAFFIC HAZARD,Police,KENT CO SHERIFF,,
3,2026-09-01T19:02:00Z,1788289320000,GRAND RAPIDS TWP,2400 BLOCK OF 4 MILE RD NE,FIRE INVESTIGATION,Fire,GRAND RAPIDS TWP FIRE,,
1,2026-09-01T19:04:00Z,1788289440000,GAINES TWP,4500 BLOCK OF 68TH ST SE,MEDICAL EMERGENCY,Fire,GAINES TWP FIRE,,
4,2026-09-01T19:08:00Z,1788289680000,ROCKFORD,0 BLOCK OF S MONROE ST NE,FOUND PROPERTY,Police,ROCKFORD POLICE,,
1,2026-09-01T19:12:00Z,1788289920000,PLAINFIELD TWP,4600 BLOCK OF ABRIGADOR TRL NE,GENERAL ASSIST,Police,KENT CO SHERIFF,,
13,2026-09-01T19:13:00Z,1788289980000,CASCADE TWP,PATTERSON AVE SE / 28TH ST SE,VEHICLE CRASH,Police,KENT CO SHERIFF,,
1,2026-09-01T19:14:00Z,1788290040000,WALKER,2600 BLOCK OF WALKER AVE NW,VEHICLE CRASH,Police,WALKER POLICE,,
1,2026-09-01T19:20:00Z,1788290400000,PLAINFIELD TWP,4100 BLOCK OF COIT AVE NE,GENERAL ASSIST,Police,KENT CO SHERIFF,,
3,2026-09-01T19:20:00Z,1788290400000,LOWELL TWP,E FULTON ST / BOWES RD SE,VEHICLE CRASH,Police,LOWELL AREA FIRE,,
2,2026-09-01T19:24:00Z,1788290640000,GRANDVILLE,4600 BLOCK OF 36TH ST SW,SUSPICIOUS INCIDENT,Police,GRANDVILLE POLICE,,
2,2026-09-01T19:26:00Z,1788290760000,GRANDVILLE,3500 BLOCK OF RIVERTOWN POINT CT SW,MEDICAL EMERGENCY,Fire,GRANDVILLE FIRE,,
1,2026-09-01T19:28:00Z,1788290880000,KENTWOOD,2100 BLOCK OF N SHORE DR SE,ANIMAL INCIDENT,Police,ANIMAL CONTROL,,
2,2026-09-01T19:30:00Z,1788291000000,KENTWOOD,EASTERN AVE SE / 60TH ST SE,VEHICLE CRASH,Police,KENTWOOD POLICE,,
1,2026-09-01T19:34:00Z,1788291240000,KENTWOOD,3200 BLOCK OF 28TH ST SE,SUSPICIOUS INCIDENT,Police,KENTWOOD POLICE,,
11,2026-09-01T19:36:00Z,1788291360000,CALEDONIA TWP,10000 BLOCK OF ALASKA CT SE,FRAUD,Police,KENT CO SHERIFF,,
5,2026-09-01T19:36:00Z,1788291360000,WALKER,1300 BLOCK OF WILSON AVE SW,SUSPICIOUS INCIDENT,Police,WALKER POLICE,,
10,2026-09-01T19:38:00Z,1788291480000,CALEDONIA TWP,KRAFT AVE SE / 68TH ST SE,VEHICLE CRASH,Police,KENT CO SHERIFF,,
5,2026-09-01T19:40:00Z,1788291600000,CALEDONIA TWP,7300 BLOCK OF PACER PL SE,MEDICAL EMERGENCY,Fire,CALEDONIA TWP FIRE,,
4,2026-09-01T19:40:00Z,1788291600000,CALEDONIA TWP,7300 BLOCK OF PACER PL SE,GENERAL ASSIST,Police,KENT CO SHERIFF,,
2,2026-09-01T19:42:00Z,1788291720000,CEDAR SPRINGS,100 BLOCK OF S MAIN ST NE,DAMAGE TO PROPERTY,Police,KENT CO SHERIFF,,
1,2026-09-01T19:46:00Z,1788291960000,GRANDVILLE,2900 BLOCK OF LOCKE AVE SW,WELFARE CHECK,Police,GRANDVILLE POLICE,,
1,2026-09-01T19:48:00Z,1788292080000,KENTWOOD,4500 BLOCK OF 28TH ST SE,MEDICAL EMERGENCY,Fire,KENTWOOD FIRE,,
6,2026-09-01T19:50:00Z,1788292200000,SPARTA,2100 BLOCK OF 12 MILE RD NW,ANIMAL INCIDENT,Police,ANIMAL CONTROL,,
1,2026-09-01T19:57:00Z,1788292620000,GAINES TWP,8600 BLOCK OF KALAMAZOO AVE SE,VEHICLE INSPECTION,Police,KENT CO SHERIFF,,
1,2026-09-01T20:03:00Z,1788292980000,GRAND RAPIDS,3200 BLOCK OF PLAINFIELD AVE NE,GENERAL ASSIST,Police,KENT CO SHERIFF,,
8,2026-09-01T20:04:00Z,1788293040000,BYRON TWP,6100 BLOCK OF BLENHEIM DR SW,ANIMAL INCIDENT,Police,ANIMAL CONTROL,,
1,2026-09-01T20:04:00Z,1788293040000,WALKER,3400 BLOCK OF ALPINE AVE NW,LARCENY,Police,WALKER POLICE,,
2,2026-09-01T20:12:00Z,1788293520000,KENTWOOD,29TH ST SE / EAST PARIS AVE SE,VEHICLE CRASH,Police,KENTWOOD FIRE,,
3,2026-09-01T20:12:00Z,1788293520000,KENTWOOD,29TH ST SE / EAST PARIS AVE SE,VEHICLE CRASH,Police,KENTWOOD POLICE,,
4,2026-09-01T20:12:00Z,1788293520000,WALKER,300 BLOCK OF WILSON AVE NW,FRAUD,Police,WALKER POLICE,,
3,2026-09-01T20:13:00Z,1788293580000,ALPINE TWP,1200 BLOCK OF 10 MILE RD NW,911 HANG UP,Police,KENT CO SHERIFF,,
2,2026-09-01T20:13:00Z,1788293580000,WALKER,1100 BLOCK OF ALLISON AVE NW,FIRE ALARM,Fire,WALKER FIRE,,
1,2026-09-01T20:15:00Z,1788293700000,GRANDVILLE,3800 BLOCK OF RIVERTOWN PKWY SW,FRAUD,Police,GRANDVILLE POLICE,,
9,2026-09-01T20:19:00Z,1788293940000,LOWELL,800 BLOCK OF N JEFFERSON ST SE,GENERAL ASSIST,Police,LOWELL POLICE,,
1,2026-09-01T20:21:00Z,1788294060000,LOWELL,300 BLOCK OF N WASHINGTON ST SE,MEDICAL EMERGENCY,Fire,LOWELL AREA FIRE,,
1,2026-09-01T20:24:00Z,1788294240000,BYRON TWP,DIVISION ST / 108TH ST SW,TRAFFIC VIOLATION,Police,KENT CO SHERIFF,,
5,2026-09-01T20:28:00Z,1788294480000,GRANDVILLE,4600 BLOCK OF CANAL AVE SW,FRAUD,Police,GRANDVILLE POLICE,,
3,2026-09-01T20:30:00Z,1788294600000,GRAND RAPIDS TWP,2900 BLOCK OF CASCADE RD SE,FIRE INVESTIGATION,Fire,GRAND RAPIDS TWP FIRE,,
4,2026-09-01T20:30:00Z,1788294600000,KENTWOOD,5400 BLOCK OF S DIVISION AVE,DISORDERLY PERSON,Police,KENTWOOD POLICE,,
2,2026-09-01T20:31:00Z,1788294660000,PLAINFIELD TWP,7100 BLOCK OF COURTLAND DR NE,WELFARE CHECK,Police,KENT CO SHERIFF,,
1,2026-09-01T20:32:00Z,1788294720000,GRANDVILLE,2900 BLOCK OF LOCKE AVE SW,MEDICAL EMERGENCY,Fire,GRANDVILLE FIRE,,
5,2026-09-01T20:38:00Z,1788295080000,GRAND RAPIDS,1100 BLOCK OF HOUSEMAN AVE NE,ANIMAL INCIDENT,Police,ANIMAL CONTROL,,
3,2026-09-01T20:44:00Z,1788295440000,BYRON TWP,8300 BLOCK OF RIDGESTONE DR SW,MEDICAL EMERGENCY,Fire,BYRON TWP FIRE,,
9,2026-09-01T20:44:00Z,1788295440000,PLAINFIELD TWP,4600 BLOCK OF WEST RIVER DR NE,HARASSMENT,Police,KENT CO SHERIFF,,
4,2026-09-01T20:44:00Z,1788295440000,WYOMING,2300 BLOCK OF DE HOOP AVE SW,GENERAL ASSIST,Police,WYOMING POLICE,,
1,2026-09-01T20:45:00Z,1788295500000,GRANDVILLE,3100 BLOCK OF PINEDALE DR SW,WIRE DOWN,Fire,GRANDVILLE FIRE,,
1,2026-09-01T20:45:00Z,1788295500000,GRANDVILLE,PINEDALE DR SW / IVANREST AVE SW,WIRE DOWN,Fire,GRANDVILLE FIRE,,
2,2026-09-01T20:45:00Z,1788295500000,KENTWOOD,EAST PARIS AVE SE / 32ND ST SE,VEHICLE CRASH,Police,KENTWOOD FIRE,,
2,2026-09-01T20:45:00Z,1788295500000,KENTWOOD,3200 BLOCK OF 36TH ST SE,ASSAULT,Police,KENTWOOD POLICE,,
3,2026-09-01T20:45:00Z,1788295500000,KENTWOOD,EAST PARIS AVE SE / 32ND ST SE,VEHICLE CRASH,Police,KENTWOOD POLICE,,
7,2026-09-01T21:06:00Z,1788296760000,WYOMING,200 BLOCK OF 28TH ST SW,LARCENY,Police,WYOMING POLICE,,
1,2026-09-01T21:06:00Z,1788296760000,WYOMING,28TH ST SW / BYRON CENTER AVE SW,VEHICLE CRASH,Police,WYOMING POLICE,,
2,2026-09-01T21:13:00Z,1788297180000,SPARTA,100 BLOCK OF CENTENNIAL AVE NW,SUSPICIOUS INCIDENT,Police,SPARTA POLICE,,
1,2026-09-01T21:17:00Z,1788297420000,GRAND RAPIDS TWP,CRAHEN AVE NE / MICHIGAN ST NE,VEHICLE CRASH,Police,KENT CO SHERIFF,,
1,2026-09-01T21:17:00Z,1788297420000,GRANDVILLE,CHICAGO DR TO I-196 WB RAMP / I-196 FWY,BROADCAST,Police,MICHIGAN STATE POLICE,,
6,2026-09-01T21:18:00Z,1788297480000,GRAND RAPIDS,2900 BLOCK OF MARSHALL AVE SE,ANIMAL INCIDENT,Police,ANIMAL CONTROL,,
7,2026-09-01T21:19:00Z,1788297540000,SPENCER TWP,16800 BLOCK OF SHAWANO DR NE,WELFARE CHECK,Police,KENT CO SHERIFF,,
9,2026-09-01T21:19:00Z,1788297540000,KENT CITY,W MUSKEGON ST NW / S MAIN ST NW,VEHICLE CRASH,Police,KENT CO SHERIFF,,
4,2026-09-01T21:20:00Z,1788297600000,GAINES TWP,6200 BLOCK OF WOODFIELD PL SE,911 HANG UP,Police,KENT CO SHERIFF,,
8,2026-09-01T21:24:00Z,1788297840000,CASCADE TWP,5000 BLOCK OF VERDURE PKWY SE,WELFARE CHECK,Police,KENT CO SHERIFF,,
3,2026-09-01T21:26:00Z,1788297960000,WALKER,3200 BLOCK OF FRUIT RIDGE AVE NW,FIRE ALARM,Fire,WALKER FIRE,,
3,2026-09-01T21:27:00Z,1788298020000,WALKER,CENTER DR NW / ALPINE AVE NW,VEHICLE CRASH,Police,WALKER POLICE,,
2,2026-09-01T21:27:00Z,1788298020000,WYOMING,3600 BLOCK OF COPPER RIVER AVE SW,TECH RESCUE,Fire,WYOMING FIRE,,
4,2026-09-01T21:29:00Z,1788298140000,PLAINFIELD TWP,1100 BLOCK OF 10 MILE RD NE,VEHICLE CRASH,Police,KENT CO SHERIFF,,
1,2026-09-01T21:32:00Z,1788298320000,WYOMING,3600 BLOCK OF MICHAEL AVE SW,FIRE ALARM,Fire,WYOMING FIRE,,
4,2026-09-01T21:36:00Z,1788298560000,CALEDONIA TWP,7800 BLOCK OF GOLF MEADOWS DR SE,ANIMAL INCIDENT,Police,ANIMAL CONTROL,,
3,2026-09-01T21:40:00Z,1788298800000,WYOMING,4000 BLOCK OF OAK VALLEY AVE SW,MEDICAL EMERGENCY,Fire,WYOMING FIRE,,
2,2026-09-01T21:43:00Z,1788298980000,WYOMING,2700 BLOCK OF 44TH ST SW,MEDICAL EMERGENCY,Fire,WYOMING FIRE,,
1,2026-09-01T21:45:00Z,1788299100000,WYOMING,US-131 FWY / 32ND ST SW,GENERAL ASSIST,Police,MICHIGAN STATE POLICE,,
1,2026-09-01T21:50:00Z,1788299400000,CASCADE TWP,6000 BLOCK OF BURTON ST SE,VEHICLE CRASH,Police,KENT CO SHERIFF,,
1,2026-09-01T21:54:00Z,1788299640000,SPARTA,200 BLOCK OF BLOSSOM DR NW,MEDICAL EMERGENCY,Fire,SPARTA FIRE,,
3,2026-09-01T21:59:00Z,1788299940000,KENTWOOD,0 BLOCK OF DANIEL ST SE,SUSPICIOUS INCIDENT,Police,KENTWOOD POLICE,,
1,2026-09-01T22:02:00Z,1788300120000,SPARTA,100 BLOCK OF AMELIA ST NW,GENERAL ASSIST,Police,SPARTA POLICE,,
4,2026-09-01T22:09:00Z,1788300540000,PLAINFIELD TWP,10 MILE RD NE / WOLVEN AVE NE,GENERAL ASSIST,Police,KENT CO SHERIFF,,
8,2026-09-01T22:09:00Z,1788300540000,KENTWOOD,5500 BLOCK OF DISCOVERY DR SE,ANIMAL INCIDENT,Police,KENTWOOD POLICE,,
6,2026-09-01T22:12:00Z,1788300720000,ADA TWP,6200 BLOCK OF SCARBOROUGH DR SE,HARASSMENT,Police,KENT CO SHERIFF,,
10,2026-09-01T22:12:00Z,1788300720000,KENTWOOD,4500 BLOCK OF BOWEN BLVD SE,WELFARE CHECK,Police,KENTWOOD POLICE,,
2,2026-09-01T22:13:00Z,1788300780000,GRANDVILLE,4000 BLOCK OF 44TH ST SW,LARCENY,Police,GRANDVILLE POLICE,,
1,2026-09-01T22:15:00Z,1788300900000,WYOMING,2500 BLOCK OF 36TH ST SW,MEDICAL EMERGENCY,Fire,WYOMING FIRE,,
5,2026-09-01T22:20:00Z,1788301200000,LOWELL,1100 BLOCK OF N HUDSON ST SE,GENERAL ASSIST,Police,LOWELL POLICE,,
6,2026-09-01T22:21:00Z,1788301260000,CANNON TWP,6200 BLOCK OF CANNONSBURG RD NE,WELFARE CHECK,Police,KENT CO SHERIFF,,
1,2026-09-01T22:25:00Z,1788301500000,CANNON TWP,9400 BLOCK OF KREUTER RD NE,CARBON MONOXIDE INVESTIGATION,Fire,CANNON TWP FIRE,,
3,2026-09-01T22:26:00Z,1788301560000,CEDAR SPRINGS,100 BLOCK OF N MAIN ST NE,WELFARE CHECK,Police,KENT CO SHERIFF,,
2,2026-09-01T22:28:00Z,1788301680000,ALPINE TWP,10 MILE RD NW / M-37,VEHICLE CRASH,Police,ALPINE TWP FIRE,,
4,2026-09-01T22:28:00Z,1788301680000,ALPINE TWP,10 MILE RD NW / M-37,VEHICLE CRASH,Police,KENT CO SHERIFF,,
1,2026-09-01T22:31:00Z,1788301860000,WYOMING,200 BLOCK OF 54TH ST SW,VEHICLE CRASH,Police,WYOMING POLICE,,
1,2026-09-01T22:34:00Z,1788302040000,SPARTA,100 BLOCK OF IDA RED AVE NW,MEDICAL EMERGENCY,Fire,SPARTA FIRE,,
1,2026-09-01T22:40:00Z,1788302400000,GAINES TWP,3400 BLOCK OF MISTYWOOD ST SE,MEDICAL EMERGENCY,Fire,GAINES TWP FIRE,,
7,2026-09-01T22:42:00Z,1788302520000,WYOMING,800 BLOCK OF 28TH ST SW,ANIMAL INCIDENT,Police,WYOMING POLICE,,
5,2026-09-01T22:47:00Z,1788302820000,GAINES TWP,4100 BLOCK OF 100TH ST SE,WELFARE CHECK,Police,KENT CO SHERIFF,,
2,2026-09-01T22:52:00Z,1788303120000,GRANDVILLE,4600 BLOCK OF WYATT ST SW,ABANDONED VEHICLE,Police,GRANDVILLE POLICE,,
6,2026-09-01T22:52:00Z,1788303120000,KENTWOOD,5400 BLOCK OF PINEBROOK AVE SE,GENERAL ASSIST,Police,KENTWOOD POLICE,,
4,2026-09-01T22:57:00Z,1788303420000,KENTWOOD,58TH ST SE / S DIVISION AVE,VEHICLE CRASH,Police,KENTWOOD POLICE,,
1,2026-09-01T22:58:00Z,1788303480000,WYOMING,1600 BLOCK OF 28TH ST SW,WELFARE CHECK,Police,WYOMING POLICE,,
3,2026-09-01T22:59:00Z,1788303540000,PLAINFIELD TWP,3700 BLOCK OF IVY DR NE,SUSPICIOUS INCIDENT,Police,KENT CO SHERIFF,,
1,2026-09-01T23:00:00Z,1788303600000,WALKER,2500 BLOCK OF ALPINE AVE NW,WELFARE CHECK,Police,WALKER POLICE,,
2,2026-09-01T23:04:00Z,1788303840000,GRANDVILLE,3100 BLOCK OF WREN SPIKE DR SW,FIRE ALARM,Fire,GRANDVILLE FIRE,,
1,2026-09-01T23:07:00Z,1788304020000,GAINES TWP,7200 BLOCK OF LODGEPOLE DR SE,HARASSMENT,Police,KENT CO SHERIFF,,
1,2026-09-01T23:10:00Z,1788304200000,KENTWOOD,3200 BLOCK OF 28TH ST SE,911 HANG UP,Police,KENTWOOD POLICE,,
2,2026-09-01T23:11:00Z,1788304260000,LOWELL,200 BLOCK OF S CENTER ST SE,FRAUD,Police,LOWELL POLICE,,
1,2026-09-01T23:16:00Z,1788304560000,WYOMING,100 BLOCK OF WILBUR ST SE,HARASSMENT,Police,WYOMING POLICE,,
2,2026-09-01T23:24:00Z,1788305040000,KENTWOOD,S DIVISION AVE / 44TH ST SE,VEHICLE CRASH,Police,KENTWOOD POLICE,,
3,2026-09-01T23:30:00Z,1788305400000,GRANDVILLE,3800 BLOCK OF 28TH ST SW,MISC FIRE,Fire,GRANDVILLE FIRE,,
1,2026-09-01T23:30:00Z,1788305400000,GRANDVILLE,3800 BLOCK OF 28TH ST SW,BROADCAST,Police,GRANDVILLE POLICE,,
1,2026-09-01T23:38:00Z,1788305880000,LOWELL TWP,1700 BLOCK OF RHODA ST SE,GENERAL ASSIST,Police,KENT CO SHERIFF,,
1,2026-09-01T23:40:00Z,1788306000000,GRANDVILLE,4600 BLOCK OF IVANREST AVE SW,WELFARE CHECK,Police,GRANDVILLE POLICE,,
1,2026-09-01T23:46:00Z,1788306360000,KENTWOOD,EAST PARIS AVE SE / S GREENBROOKE DR SE,VEHICLE CRASH,Police,KENTWOOD FIRE,,
2,2026-09-01T23:46:00Z,1788306360000,KENTWOOD,EAST PARIS AVE SE / S GREENBROOKE DR SE,VEHICLE CRASH,Police,KENTWOOD POLICE,,
1,2026-09-01T23:49:00Z,1788306540000,WYOMING,900 BLOCK OF BELLEVUE ST SW,MEDICAL EMERGENCY,Fire,WYOMING FIRE,,
7,2026-09-01T23:52:00Z,1788306720000,SOLON TWP,1500 BLOCK OF 17 MILE RD NE,911 HANG UP,Police,KENT CO SHERIFF,,
3,2026-09-01T23:57:00Z,1788307020000,WYOMING,300 BLOCK OF 28TH ST SW,MEDICAL EMERGENCY,Fire,WYOMING FIRE,,
2,2026-09-01T23:59:00Z,1788307140000,GRANDVILLE,4700 BLOCK OF CANAL AVE SW,MEDICAL EMERGENCY,Fire,GRANDVILLE FIRE,,
1,2026-09-01T23:59:00Z,1788307140000,GRANDVILLE,4700 BLOCK OF CANAL AVE SW,GENERAL ASSIST,Police,GRANDVILLE POLICE,,
6,2026-09-01T23:59:00Z,1788307140000,CANNON TWP,8600 BLOCK OF 10 MILE RD NE,BROADCAST,Police,KENT CO SHERIFF,,
1,2026-09-02T00:02:00Z,1788307320000,PLAINFIELD TWP,5800 BLOCK OF JUPITER AVE NE,GENERAL ASSIST,Police,KENT CO SHERIFF,,
2,2026-09-02T00:06:00Z,1788307560000,GAINES TWP,KALAMAZOO AVE SE / EASTPORT DR SE,VEHICLE CRASH,Police,KENT CO SHERIFF,,
5,2026-09-02T00:08:00Z,1788307680000,SPENCER TWP,15300 BLOCK OF BUCK HOLLOW DR NE,OBSCENITY,Police,KENT CO SHERIFF,,
3,2026-09-02T00:11:00Z,1788307860000,GRANDVILLE,3400 BLOCK OF WALLACE CT SW,MEDICAL EMERGENCY,Fire,GRANDVILLE FIRE,,
1,2026-09-02T00:11:00Z,1788307860000,GRANDVILLE,3400 BLOCK OF WALLACE CT SW,GENERAL ASSIST,Police,GRANDVILLE POLICE,,
2,2026-09-02T00:12:00Z,1788307920000,KENTWOOD,4200 BLOCK OF 28TH ST SE,911 HANG UP,Police,KENTWOOD POLICE,,
1,2026-09-02T00:17:00Z,1788308220000,ROCKFORD,0 BLOCK OF N MAIN ST NE,WELFARE CHECK,Police,ROCKFORD POLICE,,
3,2026-09-02T00:26:00Z,1788308760000,EAST GRAND RAPIDS,2100 BLOCK OF HALL ST SE,WELFARE CHECK,Police,EAST GRAND RAPIDS POLICE,,
5,2026-09-02T00:28:00Z,1788308880000,KENTWOOD,2700 BLOCK OF MARINER DR SE,SUSPICIOUS INCIDENT,Police,KENTWOOD POLICE,,
2,2026-09-02T00:31:00Z,1788309060000,PLAINFIELD TWP,1500 BLOCK OF WOODWORTH ST NE,MEDICAL EMERGENCY,Fire,PLAINFIELD TWP FIRE,,
3,2026-09-02T00:32:00Z,1788309120000,ALPINE TWP,3700 BLOCK OF PEACH RIDGE AVE NW,WELFARE CHECK,Police,KENT CO SHERIFF,,
1,2026-09-02T00:33:00Z,1788309180000,GRANDVILLE,28TH ST SW / OTTAWA AVE SW,GENERAL ASSIST,Police,GRANDVILLE POLICE,,
1,2026-09-02T00:34:00Z,1788309240000,GAINES TWP,3400 BLOCK OF MISTYWOOD ST SE,MEDICAL EMERGENCY,Fire,GAINES TWP FIRE,,
1,2026-09-02T00:42:00Z,1788309720000,GAINES TWP,800 BLOCK OF 68TH ST SE,GENERAL ASSIST,Police,KENT CO SHERIFF,,
4,2026-09-02T00:46:00Z,1788309960000,SOLON TWP,3600 BLOCK OF HOLLYFIELD DR NE,MEDICAL EMERGENCY,Fire,SOLON TWP FIRE,,
1,2026-09-02T00:56:00Z,1788310560000,WYOMING,300 BLOCK OF 28TH ST SW,SUSPICIOUS INCIDENT,Police,WYOMING POLICE,,
3,2026-09-02T00:58:00Z,1788310680000,COURTLAND TWP,12800 BLOCK OF REDMOND AVE NE,ANIMAL INCIDENT,Police,KENT CO SHERIFF,,
3,2026-09-02T00:58:00Z,1788310680000,KENTWOOD,KALAMAZOO AVE SE / PICKETT ST SE,VEHICLE CRASH,Police,KENTWOOD POLICE,,
2,2026-09-02T00:59:00Z,1788310740000,LOWELL,200 BLOCK OF S JEFFERSON ST SE,MEDICAL EMERGENCY,Fire,LOWELL AREA FIRE,,
1,2026-09-02T01:01:00Z,1788310860000,KENTWOOD,3800 BLOCK OF BLAZING STAR ST SE,CARBON MONOXIDE INVESTIGATION,Fire,KENTWOOD FIRE,,
1,2026-09-02T01:03:00Z,1788310980000,WALKER,TEXAS ST NW / BRISTOL AVE NW,SUSPICIOUS INCIDENT,Police,WALKER POLICE,,
3,2026-09-02T01:08:00Z,1788311280000,CALEDONIA TWP,5700 BLOCK OF STAUFFERS COVE CT SE,HARASSMENT,Police,KENT CO SHERIFF,,
6,2026-09-02T01:09:00Z,1788311340000,ALGOMA TWP,200 BLOCK OF FONGER ST NE,WELFARE CHECK,Police,KENT CO SHERIFF,,
2,2026-09-02T01:12:00Z,1788311520000,KENTWOOD,4800 BLOCK OF STAUFFER AVE SE,TECH RESCUE,Fire,KENTWOOD FIRE,,
1,2026-09-02T01:12:00Z,1788311520000,KENTWOOD,4800 BLOCK OF STAUFFER AVE SE,GENERAL ASSIST,Police,KENTWOOD POLICE,,
1,2026-09-02T01:23:00Z,1788312180000,WALKER,3400 BLOCK OF JUNIPER DR NW,HARASSMENT,Police,WALKER POLICE,,
1,2026-09-02T01:35:00Z,1788312900000,GRANDVILLE,36TH ST SW / FAIRLANES AVE SW,SUSPICIOUS INCIDENT,Police,GRANDVILLE POLICE,,
3,2026-09-02T01:38:00Z,1788313080000,WALKER,2100 BLOCK OF TURNER AVE NW,STRUCTURE FIRE,Fire,WALKER FIRE,,
2,2026-09-02T01:40:00Z,1788313200000,LOWELL,2400 BLOCK OF W MAIN ST SE,VEHICLE FIRE,Fire,LOWELL AREA FIRE,,
1,2026-09-02T01:40:00Z,1788313200000,LOWELL,2400 BLOCK OF W MAIN ST SE,BROADCAST,Police,LOWELL POLICE,,
3,2026-09-02T01:41:00Z,1788313260000,ALPINE TWP,4200 BLOCK OF CHASSERAL DR NW,MEDICAL EMERGENCY,Fire,ALPINE TWP FIRE,,
2,2026-09-02T01:47:00Z,1788313620000,WYOMING,600 BLOCK OF 36TH ST SW,MEDICAL EMERGENCY,Fire,WYOMING FIRE,,
1,2026-09-02T01:49:00Z,1788313740000,WYOMING,3200 BLOCK OF WOODWARD AVE SW,SUSPICIOUS INCIDENT,Police,WYOMING POLICE,,
5,2026-09-02T01:53:00Z,1788313980000,WYOMING,3400 BLOCK OF CIMMARON RIVER CT SW,MISSING PERSON,Police,WYOMING POLICE,,
4,2026-09-02T01:56:00Z,1788314160000,PLAINFIELD TWP,1100 BLOCK OF WOODWORTH ST NE,LOUD NOISE,Police,KENT CO SHERIFF,,
3,2026-09-02T01:58:00Z,1788314280000,GRAND RAPIDS TWP,1100 BLOCK OF MEDICAL PARK DR SE,GENERAL ASSIST,Police,KENT CO SHERIFF,,
2,2026-09-02T02:00:00Z,1788314400000,GAINES TWP,800 BLOCK OF 68TH ST SE,FOUND PROPERTY,Police,KENT CO SHERIFF,,
1,2026-09-02T02:01:00Z,1788314460000,KENTWOOD,3700 BLOCK OF 32ND ST SE,BURGLAR ALARM,Police,KENTWOOD POLICE,,
6,2026-09-02T02:05:00Z,1788314700000,BYRON TWP,6600 BLOCK OF CREEKSTONE LN SW,911 HANG UP,Police,KENT CO SHERIFF,,
4,2026-09-02T02:05:00Z,1788314700000,BYRON TWP,6600 BLOCK OF CREEKSTONE LN SW,WELFARE CHECK,Police,KENT CO SHERIFF,,
6,2026-09-02T02:06:00Z,1788314760000,WALKER,1300 BLOCK OF WALKER VILLAGE DR NW,GENERAL ASSIST,Police,WALKER POLICE,,
1,2026-09-02T02:07:00Z,1788314820000,WYOMING,1800 BLOCK OF BLANCHARD CT SW,SUSPICIOUS INCIDENT,Police,WYOMING POLICE,,
4,2026-09-02T02:13:00Z,1788315180000,WYOMING,1100 BLOCK OF ALGER ST SW,SUSPICIOUS INCIDENT,Police,WYOMING POLICE,,
5,2026-09-02T02:13:00Z,1788315180000,WYOMING,500 BLOCK OF 28TH ST SW,SUSPICIOUS INCIDENT,Police,WYOMING POLICE,,
2,2026-09-02T02:14:00Z,1788315240000,ALPINE TWP,3900 BLOCK OF YORKLAND DR NW,MEDICAL EMERGENCY,Fire,ALPINE TWP FIRE,,
1,2026-09-02T02:14:00Z,1788315240000,ALPINE TWP,3900 BLOCK OF YORKLAND DR NW,GENERAL ASSIST,Police,KENT CO SHERIFF,,
3,2026-09-02T02:14:00Z,1788315240000,WYOMING,3300 BLOCK OF WOODWARD AVE SW,MEDICAL EMERGENCY,Fire,WYOMING FIRE,,
2,2026-09-02T02:35:00Z,1788316500000,WALKER,4600 BLOCK OF SHIAWASSE CT NW,MEDICAL EMERGENCY,Fire,WALKER FIRE,,
1,2026-09-02T02:40:00Z,1788316800000,ROCKFORD,NORTHLAND DR NE / SHAW ESTATES DR NE,FIELD INVESTIGATION,Police,ROCKFORD POLICE,,
2,2026-09-02T02:48:00Z,1788317280000,PLAINFIELD TWP,5500 BLOCK OF RIVERLOOK DR NE,MEDICAL EMERGENCY,Fire,PLAINFIELD TWP FIRE,,
1,2026-09-02T02:49:00Z,1788317340000,WYOMING,3700 BLOCK OF JEFFERSON AVE SE,BURGLAR ALARM,Police,WYOMING POLICE,,
1,2026-09-02T02:56:00Z,1788317760000,CASCADE TWP,5000 BLOCK OF 28TH ST SE,MEDICAL EMERGENCY,Fire,CASCADE TWP FIRE,,
1,2026-09-02T02:59:00Z,1788317940000,CASCADE TWP,3200 BLOCK OF E GATEHOUSE DR SE,MEDICAL EMERGENCY,Fire,CASCADE TWP FIRE,,
2,2026-09-02T03:01:00Z,1788318060000,WYOMING,4700 BLOCK OF WALTON AVE SW,SUSPICIOUS INCIDENT,Police,WYOMING POLICE,,
1,2026-09-02T03:06:00Z,1788318360000,GRANDVILLE,IVANREST AVE SW / PRAIRIE ST SW,RECKLESS DRIVER,Police,GRANDVILLE POLICE,,
2,2026-09-02T03:12:00Z,1788318720000,PLAINFIELD TWP,3700 BLOCK OF IVY DR NE,WELFARE CHECK,Police,KENT CO SHERIFF,,
1,2026-09-02T03:16:00Z,1788318960000,CANNON TWP,6900 BLOCK OF KREUTER RD NE,MEDICAL EMERGENCY,Fire,CANNON TWP FIRE,,
2,2026-09-02T03:26:00Z,1788319560000,WALKER,3500 BLOCK OF ALPINE AVE NW,WEAPONS VIOLATION,Police,WALKER POLICE,,
1,2026-09-02T03:34:00Z,1788320040000,WYOMING,3000 BLOCK OF WATERCHASE WAY SW,ROBBERY,Police,WYOMING POLICE,,
6,2026-09-02T03:43:00Z,1788320580000,PLAINFIELD TWP,US-131 SB SO 10 MILE,WELFARE CHECK,Police,KENT CO SHERIFF,43.11573066,-85.60755647
1,2026-09-02T03:47:00Z,1788320820000,WYOMING,1000 BLOCK OF BLANCHARD ST SW,MEDICAL EMERGENCY,Fire,WYOMING FIRE,,
1,2026-09-02T03:48:00Z,1788320880000,GRAND RAPIDS TWP,3400 BLOCK OF PLAINFIELD AVE NE,WELFARE CHECK,Police,KENT CO SHERIFF,,
1,2026-09-02T04:09:00Z,1788322140000,BYRON TWP,8500 BLOCK OF SKYLINE ST SW,MEDICAL EMERGENCY,Fire,BYRON TWP FIRE,,
1,2026-09-02T04:14:00Z,1788322440000,GRAND RAPIDS TWP,3300 BLOCK OF EAST BELTLINE AVE NE,FIRE ALARM,Fire,GRAND RAPIDS TWP FIRE,,
1,2026-09-02T04:26:00Z,1788323160000,GAINES TWP,6200 BLOCK OF VICARAGE RD SE,DISORDERLY PERSON,Police,KENT CO SHERIFF,,
1,2026-09-02T04:51:00Z,1788324660000,GAINES TWP,300 BLOCK OF 68TH ST SE,GENERAL ASSIST,Police,KENT CO SHERIFF,,
1,2026-09-02T05:43:00Z,1788327780000,KENTWOOD,2500 BLOCK OF FOREST HILL AVE SE,MEDICAL EMERGENCY,Fire,KENTWOOD FIRE,,
1,2026-09-02T05:45:00Z,1788327900000,CASCADE TWP,5100 BLOCK OF 28TH ST SE,DISORDERLY PERSON,Police,KENT CO SHERIFF,,
1,2026-09-02T06:19:00Z,1788329940000,WYOMING,2600 BLOCK OF JENKINS AVE SW,OBSCENITY,Police,WYOMING POLICE,,
2,2026-09-02T06:29:00Z,1788330540000,ALPINE TWP,3800 BLOCK OF YORKLAND DR NW,SUSPICIOUS INCIDENT,Police,KENT CO SHERIFF,,
2,2026-09-02T06:34:00Z,1788330840000,ROCKFORD,300 BLOCK OF MARCELL DR NE,MEDICAL EMERGENCY,Fire,ROCKFORD FIRE,,
1,2026-09-02T06:34:00Z,1788330840000,ROCKFORD,300 BLOCK OF MARCELL DR NE,GENERAL ASSIST,Police,ROCKFORD POLICE,,
2,2026-09-02T07:18:00Z,1788333480000,PLAINFIELD TWP,4100 BLOCK OF BOULDER MEADOW DR NE,MEDICAL EMERGENCY,Fire,PLAINFIELD TWP FIRE,,
1,2026-09-02T07:24:00Z,1788333840000,WYOMING,DEN HERTOG ST SW / WOODWARD AVE SW,WELFARE CHECK,Police,WYOMING POLICE,,
2,2026-09-02T07:37:00Z,1788334620000,TYRONE TWP,1800 BLOCK OF DAISY LN NW,MEDICAL EMERGENCY,Fire,KENT CITY FIRE,,
1,2026-09-02T07:47:00Z,1788335220000,WYOMING,1400 BLOCK OF PRAIRIE PKWY SW,WELFARE CHECK,Police,WYOMING POLICE,,
1,2026-09-02T07:54:00Z,1788335640000,WALKER,1000 BLOCK OF WHITE PINE DR SW,MEDICAL EMERGENCY,Fire,WALKER FIRE,,
1,2026-09-02T08:26:00Z,1788337560000,CALEDONIA,6000 BLOCK OF HANOVER WOODS DR SE,FIRE ALARM,Fire,CALEDONIA TWP FIRE,,
2,2026-09-02T08:49:00Z,1788338940000,ALGOMA TWP,8800 BLOCK OF LAPHAM DR NE,FIRE ALARM,Fire,ALGOMA TWP FIRE,,
1,2026-09-02T08:55:00Z,1788339300000,GAINES TWP,300 BLOCK OF 68TH ST SE,FIRE ALARM,Fire,GAINES TWP FIRE,,
2,2026-09-02T09:02:00Z,1788339720000,SPARTA,300 BLOCK OF S UNION ST NW,FIRE ALARM,Fire,SPARTA FIRE,,
1,2026-09-02T09:07:00Z,1788340020000,SPARTA,300 BLOCK OF S UNION ST NW,GENERAL ASSIST,Police,SPARTA POLICE,,
1,2026-09-02T09:15:00Z,1788340500000,KENTWOOD,700 BLOCK OF ANDOVER ST SE,MEDICAL EMERGENCY,Fire,KENTWOOD FIRE,,
1,2026-09-02T09:32:00Z,1788341520000,KENTWOOD,5900 BLOCK OF FREETON DR SE,MEDICAL EMERGENCY,Fire,KENTWOOD FIRE,,
1,2026-09-02T09:41:00Z,1788342060000,WYOMING,1800 BLOCK OF CHATEAU RIDGE DR SW,SUSPICIOUS INCIDENT,Police,WYOMING POLICE,,
3,2026-09-02T09:53:00Z,1788342780000,WYOMING,PLASTER CREEK BLVD SW / S DIVISION AVE,DEER PERMIT,Police,WYOMING POLICE,,
1,2026-09-02T10:09:00Z,1788343740000,BYRON TWP,10100 BLOCK OF SEDROC INDUSTRIAL DR SW,BURGLAR ALARM,Police,KENT CO SHERIFF,,
2,2026-09-02T10:19:00Z,1788344340000,WYOMING,700 BLOCK OF 44TH ST SW,MEDICAL EMERGENCY,Fire,WYOMING FIRE,,
1,2026-09-02T10:19:00Z,1788344340000,WYOMING,700 BLOCK OF 44TH ST SW,GENERAL ASSIST,Police,WYOMING POLICE,,
1,2026-09-02T10:26:00Z,1788344760000,GAINES TWP,6500 BLOCK OF HANNA LAKE AVE SE,FIRE ALARM,Fire,GAINES TWP FIRE,,
2,2026-09-02T10:34:00Z,1788345240000,CANNON TWP,MYERS LAKE AVE NE / 10 MILE RD NE,DEER PERMIT,Police,KENT CO SHERIFF,,
7,2026-09-02T10:42:00Z,1788345720000,SPARTA TWP,FRUIT RIDGE AVE NW / 14 MILE RD NW,ABANDONED VEHICLE,Police,KENT CO SHERIFF,,
7,2026-09-02T10:47:00Z,1788346020000,BYRON TWP,2600 BLOCK OF RIDGE TOP DR SW,ANIMAL INCIDENT,Police,ANIMAL CONTROL,,
1,2026-09-02T10:47:00Z,1788346020000,CEDAR SPRINGS,100 BLOCK OF CEDAR ST NE,LOITERING,Police,KENT CO SHERIFF,,
1,2026-09-02T10:47:00Z,1788346020000,CALEDONIA TWP,9700 BLOCK OF KRAFT AVE SE,GENERAL ASSIST,Police,KENT CO SHERIFF,,
1,2026-09-02T11:07:00Z,1788347220000,CASCADE TWP,5100 BLOCK OF 28TH ST SE,WELFARE CHECK,Police,KENT CO SHERIFF,,
1,2026-09-02T11:07:00Z,1788347220000,WALKER,4300 BLOCK OF REMEMBRANCE RD NW,VEHICLE CRASH,Police,WALKER POLICE,,
1,2026-09-02T11:09:00Z,1788347340000,WYOMING,2700 BLOCK OF AVON AVE SW,MEDICAL EMERGENCY,Fire,WYOMING FIRE,,
3,2026-09-02T11:10:00Z,1788347400000,KENTWOOD,3100 BLOCK OF LAKE EASTBROOK BLVD SE,SUSPICIOUS INCIDENT,Police,KENTWOOD POLICE,,
1,2026-09-02T11:13:00Z,1788347580000,ROCKFORD,300 BLOCK OF E BRIDGE ST NE,CARBON MONOXIDE INVESTIGATION,Fire,ROCKFORD FIRE,,
2,2026-09-02T11:13:00Z,1788347580000,ROCKFORD,300 BLOCK OF E BRIDGE ST NE,GENERAL ASSIST,Police,ROCKFORD POLICE,,
8,2026-09-02T11:33:00Z,1788348780000,KENTWOOD,44TH ST SE / BROADMOOR AVE SE,VEHICLE CRASH,Police,KENTWOOD POLICE,,
1,2026-09-02T11:36:00Z,1788348960000,WYOMING,6000 BLOCK OF S DIVISION AVE,BURGLAR ALARM,Police,WYOMING POLICE,,
8,2026-09-02T11:38:00Z,1788349080000,LOWELL TWP,5000 BLOCK OF ALDEN NASH AVE SE,VEHICLE CRASH,Police,KENT CO SHERIFF,,
5,2026-09-02T11:40:00Z,1788349200000,GAINES TWP,1600 BLOCK OF 60TH ST SE,WELFARE CHECK,Police,KENT CO SHERIFF,,
4,2026-09-02T11:41:00Z,1788349260000,GAINES TWP,1600 BLOCK OF 60TH ST SE,MEDICAL EMERGENCY,Fire,GAINES TWP FIRE,,
3,2026-09-02T11:43:00Z,1788349380000,KENTWOOD,2500 BLOCK OF BRETON WOODS DR SE,MEDICAL EMERGENCY,Fire,KENTWOOD FIRE,,
1,2026-09-02T11:46:00Z,1788349560000,CASCADE TWP,5200 BLOCK OF 28TH ST SE,MEDICAL EMERGENCY,Fire,CASCADE TWP FIRE,,
2,2026-09-02T11:46:00Z,1788349560000,WALKER,1800 BLOCK OF 3 MILE RD NW,VEHICLE CRASH,Police,WALKER POLICE,,
2,2026-09-02T11:48:00Z,1788349680000,EAST GRAND RAPIDS,LAKESIDE DR SE / WEALTHY ST SE,VEHICLE CRASH,Police,EAST GRAND RAPIDS POLICE,,
1,2026-09-02T11:52:00Z,1788349920000,KENTWOOD,52ND ST SE / BAILEYS GROVE DR SE,TRAFFIC HAZARD,Police,KENTWOOD POLICE,,
3,2026-09-02T11:55:00Z,1788350100000,GRANDVILLE,3400 BLOCK OF CENTURY CENTER ST SW,LARCENY,Police,GRANDVILLE POLICE,,
1,2026-09-02T11:57:00Z,1788350220000,CASCADE TWP,6000 BLOCK OF CASCADE RIDGE SE,BURGLAR ALARM,Police,KENT CO SHERIFF,,
3,2026-09-02T12:00:00Z,1788350400000,GRAND RAPIDS,SUTTON ST SW / BUCHANAN AVE SW,ANIMAL INCIDENT,Police,ANIMAL CONTROL,,
3,2026-09-02T12:06:00Z,1788350760000,PLAINFIELD TWP,3800 BLOCK OF BENJAMIN AVE NE,WIRE DOWN,Fire,PLAINFIELD TWP FIRE,,
1,2026-09-02T12:09:00Z,1788350940000,KENTWOOD,1400 BLOCK OF CARRIAGE HILL DR SE,PARKING VIOLATION,Police,KENTWOOD POLICE,,
1,2026-09-02T12:09:00Z,1788350940000,PLAINFIELD TWP,3700 BLOCK OF IVY DR NE,MEDICAL EMERGENCY,Fire,PLAINFIELD TWP FIRE,,
4,2026-09-02T12:19:00Z,1788351540000,WYOMING,US-131 NB NO 44TH,ASSAULT,Police,WYOMING POLICE,42.88539755,-85.68026829
3,2026-09-02T12:21:00Z,1788351660000,PLAINFIELD TWP,4300 BLOCK OF PINE RIDGE PKWY NE,DISORDERLY PERSON,Police,KENT CO SHERIFF,,
5,2026-09-02T12:25:00Z,1788351900000,PLAINFIELD TWP,3800 BLOCK OF PLAINFIELD AVE NE,ANIMAL INCIDENT,Police,KENT CO SHERIFF,,
2,2026-09-02T12:25:00Z,1788351900000,CASCADE TWP,6800 BLOCK OF 60TH ST SE,VEHICLE CRASH,Police,KENT CO SHERIFF,,
1,2026-09-02T12:25:00Z,1788351900000,KENTWOOD,4600 BLOCK OF 28TH ST SE,WELFARE CHECK,Police,KENTWOOD POLICE,,
1,2026-09-02T12:27:00Z,1788352020000,WYOMING,2000 BLOCK OF GODFREY AVE SW,LARCENY,Police,WYOMING POLICE,,
1,2026-09-02T12:43:00Z,1788352980000,CASCADE TWP,28TH ST SE / PATTERSON AVE SE,TRAFFIC VIOLATION,Police,KENT CO SHERIFF,,
1,2026-09-02T13:00:00Z,1788354000000,CASCADE TWP,3000 BLOCK OF THORNAPPLE RIVER DR SE,MEDICAL EMERGENCY,Fire,CASCADE TWP FIRE,,
7,2026-09-02T13:13:00Z,1788354780000,GRAND RAPIDS,900 BLOCK OF DOROTHY ST NW,ANIMAL INCIDENT,Police,ANIMAL CONTROL,,
5,2026-09-02T13:17:00Z,1788355020000,CASCADE TWP,1200 BLOCK OF SPAULDING AVE SE,FRAUD,Police,KENT CO SHERIFF,,
5,2026-09-02T13:25:00Z,1788355500000,BYRON TWP,1800 BLOCK OF WESTMINSTER CT SW,WELFARE CHECK,Police,KENT CO SHERIFF,,
4,2026-09-02T13:26:00Z,1788355560000,GRANDVILLE,2900 BLOCK OF GABLE ST SW,MEDICAL EMERGENCY,Fire,GRANDVILLE FIRE,,
1,2026-09-02T13:26:00Z,1788355560000,GRANDVILLE,2900 BLOCK OF GABLE ST SW,GENERAL ASSIST,Police,GRANDVILLE POLICE,,
2,2026-09-02T13:30:00Z,1788355800000,CALEDONIA TWP,5300 BLOCK OF 68TH ST SE,VEHICLE INSPECTION,Police,KENT CO SHERIFF,,
1,2026-09-02T13:31:00Z,1788355860000,CASCADE TWP,5100 BLOCK OF 28TH ST SE,MEDICAL EMERGENCY,Fire,CASCADE TWP FIRE,,
1,2026-09-02T13:44:00Z,1788356640000,PLAINFIELD TWP,600 BLOCK OF 7 MILE RD NE,LARCENY,Police,KENT CO SHERIFF,,
4,2026-09-02T13:49:00Z,1788356940000,PLAINFIELD TWP,3800 BLOCK OF PLAINFIELD AVE NE,LARCENY,Police,KENT CO SHERIFF,,
3,2026-09-02T13:50:00Z,1788357000000,WYOMING,3200 BLOCK OF S DIVISION AVE,911 HANG UP,Police,WYOMING POLICE,,
2,2026-09-02T13:52:00Z,1788357120000,WALKER,2400 BLOCK OF ALPINE AVE NW,ABANDONED VEHICLE,Police,WALKER POLICE,,
1,2026-09-02T13:53:00Z,1788357180000,PLAINFIELD TWP,6100 BLOCK OF WEST RIVER DR NE,MEDICAL EMERGENCY,Fire,PLAINFIELD TWP FIRE,,
3,2026-09-02T14:07:00Z,1788358020000,WYOMING,900 BLOCK OF 36TH ST SW,MEDICAL EMERGENCY,Fire,WYOMING FIRE,,
2,2026-09-02T14:08:00Z,1788358080000,WYOMING,2500 BLOCK OF PORTER ST SW,WELFARE CHECK,Police,WYOMING POLICE,,
10,2026-09-02T14:11:00Z,1788358260000,WYOMING,3700 BLOCK OF JEFFERSON AVE SE,PARKING VIOLATION,Police,WYOMING POLICE,,
13,2026-09-02T14:13:00Z,1788358380000,GRAND RAPIDS,1100 BLOCK OF HOUSEMAN AVE NE,ANIMAL INCIDENT,Police,ANIMAL CONTROL,,
1,2026-09-02T14:15:00Z,1788358500000,WYOMING,2100 BLOCK OF OREGON AVE SW,ANIMAL INCIDENT,Police,ANIMAL CONTROL,,
5,2026-09-02T14:24:00Z,1788359040000,WYOMING,1400 BLOCK OF RATHBONE ST SW,STRUCTURE FIRE,Fire,WYOMING FIRE,,
2,2026-09-02T14:24:00Z,1788359040000,WYOMING,1400 BLOCK OF RATHBONE ST SW,BROADCAST,Police,WYOMING POLICE,,
3,2026-09-02T14:26:00Z,1788359160000,GRANDVILLE,WILSON AVE SW / 28TH ST SW,VEHICLE CRASH,Police,GRANDVILLE POLICE,,
2,2026-09-02T14:27:00Z,1788359220000,PLAINFIELD TWP,5100 BLOCK OF PLAINFIELD AVE NE,MEDICAL EMERGENCY,Fire,PLAINFIELD TWP FIRE,,
1,2026-09-02T14:29:00Z,1788359340000,PLAINFIELD TWP,2600 BLOCK OF ROGUE RIVER RD NE,WELFARE CHECK,Police,KENT CO SHERIFF,,
10,2026-09-02T14:30:00Z,1788359400000,WYOMING,1500 BLOCK OF 60TH ST SW,LARCENY,Police,WYOMING POLICE,,
2,2026-09-02T14:33:00Z,1788359580000,PLAINFIELD TWP,3700 BLOCK OF HILLTOP CT NE,MEDICAL EMERGENCY,Fire,PLAINFIELD TWP FIRE,,
1,2026-09-02T14:34:00Z,1788359640000,CALEDONIA TWP,6700 BLOCK OF EGAN AVE SE,WIRE DOWN,Fire,CALEDONIA TWP FIRE,,
5,2026-09-02T14:37:00Z,1788359820000,SPARTA TWP,1400 BLOCK OF COUNTRY VIEW CT NW,MISSING PERSON,Police,KENT CO SHERIFF,,
4,2026-09-02T14:40:00Z,1788360000000,KENTWOOD,3100 BLOCK OF CREEK DR SE,INJUNCTIVE VIOLATION,Police,KENTWOOD POLICE,,
3,2026-09-02T14:44:00Z,1788360240000,WYOMING,2500 BLOCK OF BLANCHARD ST SW,MEDICAL EMERGENCY,Fire,WYOMING FIRE,,
2,2026-09-02T14:45:00Z,1788360300000,ROCKFORD,0 BLOCK OF S SQUIRES ST NE,VEHICLE CRASH,Police,ROCKFORD POLICE,,
7,2026-09-02T14:45:00Z,1788360300000,WYOMING,2400 BLOCK OF S DIVISION AVE,LOITERING,Police,WYOMING POLICE,,
1,2026-09-02T14:47:00Z,1788360420000,KENT CITY,400 BLOCK OF W MUSKEGON ST NW,MEDICAL EMERGENCY,Fire,KENT CITY FIRE,,
4,2026-09-02T14:54:00Z,1788360840000,CALEDONIA TWP,10000 BLOCK OF CROSSROADS CT SE,MEDICAL EMERGENCY,Fire,CALEDONIA TWP FIRE,,
3,2026-09-02T14:55:00Z,1788360900000,CALEDONIA TWP,8900 BLOCK OF KRAFT AVE SE,MEDICAL EMERGENCY,Fire,CALEDONIA TWP FIRE,,
4,2026-09-02T14:55:00Z,1788360900000,GRANDVILLE,I-196 WB TO 28TH ST RAMP / 28TH ST SW,VEHICLE CRASH,Police,GRANDVILLE POLICE,,
2,2026-09-02T15:00:00Z,1788361200000,WYOMING,2400 BLOCK OF S DIVISION AVE,MEDICAL EMERGENCY,Fire,WYOMING FIRE,,
1,2026-09-02T15:02:00Z,1788361320000,PLAINFIELD TWP,3800 BLOCK OF PLAINFIELD AVE NE,MEDICAL EMERGENCY,Fire,PLAINFIELD TWP FIRE,,
6,2026-09-02T15:05:00Z,1788361500000,GRAND RAPIDS TWP,EAST BELTLINE AVE NE / E FULTON ST,VEHICLE CRASH,Police,KENT CO SHERIFF,,
2,2026-09-02T15:16:00Z,1788362160000,KENTWOOD,BROADMOOR AVE SE / 28TH ST SE,VEHICLE CRASH,Police,KENTWOOD POLICE,,
12,2026-09-02T15:18:00Z,1788362280000,WALKER,I-96 EB WO ALPINE,VEHICLE CRASH,Police,WALKER FIRE,43.0162288,-85.69171586
11,2026-09-02T15:18:00Z,1788362280000,WALKER,I-96 EB WO ALPINE,VEHICLE CRASH,Police,WALKER POLICE,43.0162288,-85.69171586
1,2026-09-02T15:21:00Z,1788362460000,WYOMING,4300 BLOCK OF CLYDE PARK AVE SW,GENERAL ASSIST,Police,WYOMING POLICE,,
4,2026-09-02T15:28:00Z,1788362880000,EAST GRAND RAPIDS,3000 BLOCK OF BONNELL AVE SE,TRAFFIC HAZARD,Police,EAST GRAND RAPIDS POLICE,,
2,2026-09-02T15:30:00Z,1788363000000,GAINES TWP,6300 BLOCK OF KALAMAZOO AVE SE,SUSPICIOUS INCIDENT,Police,KENT CO SHERIFF,,
1,2026-09-02T15:31:00Z,1788363060000,GRANDVILLE,3300 BLOCK OF CHICAGO DR SW,FIRE ALARM,Fire,GRANDVILLE FIRE,,
3,2026-09-02T15:32:00Z,1788363120000,GAINES TWP,300 BLOCK OF 68TH ST SE,GENERAL ASSIST,Police,KENT CO SHERIFF,,
7,2026-09-02T15:33:00Z,1788363180000,SOLON TWP,3700 BLOCK OF 17 MILE RD NE,ANIMAL INCIDENT,Police,ANIMAL CONTROL,,
6,2026-09-02T15:35:00Z,1788363300000,WYOMING,0 BLOCK OF FLOYD ST SW,WELFARE CHECK,Police,WYOMING POLICE,,
6,2026-09-02T15:35:00Z,1788363300000,WYOMING,3500 BLOCK OF S DIVISION AVE,GENERAL ASSIST,Police,WYOMING POLICE,,
2,2026-09-02T15:36:00Z,1788363360000,WYOMING,2700 BLOCK OF MEYER AVE SW,MEDICAL EMERGENCY,Fire,WYOMING FIRE,,
7,2026-09-02T15:42:00Z,1788363720000,WYOMING,4100 BLOCK OF CROOKED TREE RD SW,LARCENY,Police,WYOMING POLICE,,
6,2026-09-02T15:43:00Z,1788363780000,LOWELL TWP,11600 BLOCK OF E FULTON ST,VEHICLE CRASH,Police,KENT CO SHERIFF,,
4,2026-09-02T15:45:00Z,1788363900000,ALPINE TWP,4700 BLOCK OF ALPINE AVE NW,VEHICLE FIRE,Fire,ALPINE TWP FIRE,,
3,2026-09-02T15:45:00Z,1788363900000,GRANDVILLE,3900 BLOCK OF 28TH ST SW,VEHICLE CRASH,Police,GRANDVILLE POLICE,,
2,2026-09-02T15:46:00Z,1788363960000,ALPINE TWP,ALPINE CHURCH ST NW / BRISTOL AVE NW,VEHICLE CRASH,Police,KENT CO SHERIFF,,
1,2026-09-02T15:46:00Z,1788363960000,WYOMING,2000 BLOCK OF JOHANNA AVE SW,ANIMAL INCIDENT,Police,WYOMING POLICE,,
1,2026-09-02T15:47:00Z,1788364020000,ALPINE TWP,ALPINE CHURCH ST NW / BRISTOL AVE NW,VEHICLE CRASH,Police,ALPINE TWP FIRE,,
3,2026-09-02T15:49:00Z,1788364140000,GAINES TWP,200 BLOCK OF 60TH ST SE,VEHICLE CRASH,Police,KENT CO SHERIFF,,
1,2026-09-02T15:49:00Z,1788364140000,CALEDONIA TWP,68TH ST SE / BROADMOOR AVE SE,VEHICLE CRASH,Police,KENT CO SHERIFF,,
2,2026-09-02T15:49:00Z,1788364140000,CALEDONIA TWP,BROADMOOR AVE SE / 68TH ST SE,VEHICLE CRASH,Police,KENT CO SHERIFF,,
1,2026-09-02T15:57:00Z,1788364620000,KENTWOOD,3800 BLOCK OF WEST DE BLAAY CT SE,MEDICAL EMERGENCY,Fire,KENTWOOD FIRE,,
4,2026-09-02T16:01:00Z,1788364860000,GRAND RAPIDS,800 BLOCK OF S DIVISION AVE,ANIMAL INCIDENT,Police,ANIMAL CONTROL,,
1,2026-09-02T16:04:00Z,1788365040000,KENTWOOD,1500 BLOCK OF FOREST HILL AVE SE,MEDICAL EMERGENCY,Fire,KENTWOOD FIRE,,
6,2026-09-02T16:09:00Z,1788365340000,GRAND RAPIDS TWP,E FULTON ST / ROBINSON RD SE,WELFARE CHECK,Police,KENT CO SHERIFF,,
10,2026-09-02T16:10:00Z,1788365400000,CASCADE TWP,36TH AT I-96,VEHICLE CRASH,Police,KENT CO SHERIFF,42.89804851,-85.5212297
3,2026-09-02T16:13:00Z,1788365580000,WYOMING,56TH ST SW / CLYDE PARK AVE SW,VEHICLE CRASH,Police,WYOMING POLICE,,
1,2026-09-02T16:19:00Z,1788365940000,WYOMING,3500 BLOCK OF WOODWARD AVE SW,FOUND PROPERTY,Police,WYOMING POLICE,,
4,2026-09-02T16:23:00Z,1788366180000,PLAINFIELD TWP,6500 BLOCK OF THIMBLEWEED LN NE,SUSPICIOUS INCIDENT,Police,KENT CO SHERIFF,,
3,2026-09-02T16:24:00Z,1788366240000,WYOMING,BURTON ST SW / FEDERAL AVE SW,MEDICAL EMERGENCY,Fire,WYOMING FIRE,,
3,2026-09-02T16:25:00Z,1788366300000,SOLON TWP,SIMMONS AVE NE / WIERSMA ST NE,VEHICLE CRASH,Police,KENT CO SHERIFF,,
2,2026-09-02T16:29:00Z,1788366540000,GRANDVILLE,4000 BLOCK OF GRANDVIEW TERRACE DR SW,MEDICAL EMERGENCY,Fire,GRANDVILLE FIRE,,
1,2026-09-02T16:29:00Z,1788366540000,GRANDVILLE,4000 BLOCK OF GRANDVIEW TERRACE DR SW,GENERAL ASSIST,Police,GRANDVILLE POLICE,,
1,2026-09-02T16:35:00Z,1788366900000,BYRON TWP,6000 BLOCK OF SKIPTON DR SW,CARBON MONOXIDE INVESTIGATION,Fire,BYRON TWP FIRE,,
6,2026-09-02T16:36:00Z,1788366960000,WYOMING,2400 BLOCK OF LOLA ST SW,GENERAL ASSIST,Police,WYOMING POLICE,,
1,2026-09-02T16:39:00Z,1788367140000,WYOMING,4400 BLOCK OF IDLEWOOD DR SW,MEDICAL EMERGENCY,Fire,WYOMING FIRE,,
7,2026-09-02T16:39:00Z,1788367140000,WYOMING,2600 BLOCK OF FOX RUN RD SW,LARCENY,Police,WYOMING POLICE,,
1,2026-09-02T17:04:00Z,1788368640000,CASCADE TWP,3200 BLOCK OF E GATEHOUSE DR SE,MEDICAL EMERGENCY,Fire,CASCADE TWP FIRE,,
1,2026-09-02T17:11:00Z,1788369060000,CASCADE TWP,3000 BLOCK OF CHARLEVOIX DR SE,MEDICAL EMERGENCY,Fire,CASCADE TWP FIRE,,
2,2026-09-02T17:11:00Z,1788369060000,GAINES TWP,6200 BLOCK OF VALLEY LANE DR SE,GENERAL ASSIST,Police,KENT CO SHERIFF,,
2,2026-09-02T17:16:00Z,1788369360000,GAINES TWP,6500 BLOCK OF WOOD DORA DR SE,FRAUD,Police,KENT CO SHERIFF,,
4,2026-09-02T17:22:00Z,1788369720000,GAINES TWP,300 BLOCK OF 68TH ST SE,GENERAL ASSIST,Police,KENT CO SHERIFF,,
1,2026-09-02T17:29:00Z,1788370140000,CASCADE TWP,3200 BLOCK OF CHARLEVOIX DR SE,WELFARE CHECK,Police,KENT CO SHERIFF,,
2,2026-09-02T17:31:00Z,1788370260000,LOWELL TWP,11200 BLOCK OF ANN ST SE,MEDICAL EMERGENCY,Fire,LOWELL AREA FIRE,,
1,2026-09-02T17:32:00Z,1788370320000,LOWELL,12700 BLOCK OF FOREMAN ST SE,FIRE ALARM,Fire,LOWELL AREA FIRE,,
1,2026-09-02T17:33:00Z,1788370380000,PLAINFIELD TWP,3800 BLOCK OF PLAINFIELD AVE NE,MEDICAL EMERGENCY,Fire,PLAINFIELD TWP FIRE,,
1,2026-09-02T17:37:00Z,1788370620000,KENTWOOD,4700 BLOCK OF BRETON AVE SE,WELFARE CHECK,Police,KENTWOOD POLICE,,
11,2026-09-02T17:39:00Z,1788370740000,WALKER,ALPINE AT I-96,VEHICLE CRASH,Police,WALKER POLICE,43.01647542,-85.68889947
4,2026-09-02T17:46:00Z,1788371160000,WYOMING,900 BLOCK OF 36TH ST SW,LARCENY,Police,WYOMING POLICE,,
3,2026-09-02T17:48:00Z,1788371280000,GRANDVILLE,2800 BLOCK OF WALLACE AVE SW,MEDICAL EMERGENCY,Fire,GRANDVILLE FIRE,,
1,2026-09-02T17:48:00Z,1788371280000,GRANDVILLE,2800 BLOCK OF WALLACE AVE SW,GENERAL ASSIST,Police,GRANDVILLE POLICE,,
1,2026-09-02T17:56:00Z,1788371760000,KENTWOOD,2400 BLOCK OF EAST BELTLINE AVE SE,MEDICAL EMERGENCY,Fire,KENTWOOD FIRE,,
1,2026-09-02T18:07:00Z,1788372420000,WYOMING,4800 BLOCK OF S DIVISION AVE,GENERAL ASSIST,Police,WYOMING POLICE,,
1,2026-09-02T18:08:00Z,1788372480000,WALKER,1500 BLOCK OF KINNEY AVE NW,MEDICAL EMERGENCY,Fire,WALKER FIRE,,
1,2026-09-02T18:11:00Z,1788372660000,KENTWOOD,5900 BLOCK OF FREETON DR SE,MEDICAL EMERGENCY,Fire,KENTWOOD FIRE,,
3,2026-09-02T18:13:00Z,1788372780000,WYOMING,1100 BLOCK OF WHITING ST SW,WEAPONS VIOLATION,Police,WYOMING POLICE,,
13,2026-09-02T18:18:00Z,1788373080000,WYOMING,3400 BLOCK OF BYRON CENTER AVE SW,STOLEN VEHICLE,Police,WYOMING POLICE,,
2,2026-09-02T18:25:00Z,1788373500000,GRAND RAPIDS,100 BLOCK OF JEFFERSON AVE SE,GENERAL ASSIST,Police,KENT CO SHERIFF,,
2,2026-09-02T18:26:00Z,1788373560000,WYOMING,2800 BLOCK OF CLYDE PARK AVE SW,DISORDERLY PERSON,Police,WYOMING POLICE,,
2,2026-09-02T18:35:00Z,1788374100000,KENTWOOD,4300 BLOCK OF KALAMAZOO AVE SE,MEDICAL EMERGENCY,Fire,KENTWOOD FIRE,,
1,2026-09-02T18:35:00Z,1788374100000,WYOMING,800 BLOCK OF 28TH ST SW,VEHICLE CRASH,Police,WYOMING POLICE,,
1,2026-09-02T18:45:00Z,1788374700000,WYOMING,800 BLOCK OF 28TH ST SW,VEHICLE CRASH,Police,WYOMING POLICE,,
1,2026-09-02T18:51:00Z,1788375060000,BYRON TWP,0 BLOCK OF 68TH ST SW,GENERAL ASSIST,Police,KENT CO SHERIFF,,
2,2026-09-02T18:51:00Z,1788375060000,CASCADE TWP,36TH ST SE / THORNAPPLE RIVER DR SE,WELFARE CHECK,Police,KENT CO SHERIFF,,
4,2026-09-02T18:59:00Z,1788375540000,GRANDVILLE,BUSCH DR SW / IVANREST AVE SW,VEHICLE INSPECTION,Police,GRANDVILLE POLICE,,
2,2026-09-02T18:59:00Z,1788375540000,GAINES TWP,6800 BLOCK OF TERRA COTTA AVE SE,FRAUD,Police,KENT CO SHERIFF,,
5,2026-09-02T19:01:00Z,1788375660000,SOLON TWP,17 MILE TO US-131 SB RAMP,WELFARE CHECK,Police,KENT CO SHERIFF,43.21821124,-85.5773156
4,2026-09-02T19:03:00Z,1788375780000,SOLON TWP,17 MILE TO US-131 SB RAMP,MEDICAL EMERGENCY,Fire,SOLON TWP FIRE,43.21821124,-85.5773156
1,2026-09-02T19:07:00Z,1788376020000,GRANDVILLE,3400 BLOCK OF WILSON AVE SW,MEDICAL EMERGENCY,Fire,GRANDVILLE FIRE,,
1,2026-09-02T19:09:00Z,1788376140000,CASCADE TWP,5000 BLOCK OF CORPORATE EXCHANGE BLVD SE,MEDICAL EMERGENCY,Fire,CASCADE TWP FIRE,,
1,2026-09-02T19:17:00Z,1788376620000,WALKER,1000 BLOCK OF 4 MILE RD NW,FIRE INVESTIGATION,Fire,WALKER FIRE,,
4,2026-09-02T19:20:00Z,1788376800000,WYOMING,1500 BLOCK OF GODFREY AVE SW,GENERAL ASSIST,Police,WYOMING POLICE,,
8,2026-09-02T19:20:00Z,1788376800000,WYOMING,1500 BLOCK OF GODFREY AVE SW,ASSAULT,Police,WYOMING POLICE,,
2,2026-09-02T19:21:00Z,1788376860000,CANNON TWP,7800 BLOCK OF CANNONSBURG RD NE,PARKING VIOLATION,Police,KENT CO SHERIFF,,
1,2026-09-02T19:30:00Z,1788377400000,WYOMING,4000 BLOCK OF GROVELAND AVE SW,STOLEN VEHICLE,Police,WYOMING POLICE,,
2,2026-09-02T19:32:00Z,1788377520000,WYOMING,1200 BLOCK OF MULLIGAN CT SW,INJUNCTIVE VIOLATION,Police,WYOMING POLICE,,
1,2026-09-02T19:33:00Z,1788377580000,CASCADE TWP,5800 BLOCK OF FOREMOST DR SE,MEDICAL EMERGENCY,Fire,CASCADE TWP FIRE,,
6,2026-09-02T19:44:00Z,1788378240000,KENTWOOD,3300 BLOCK OF 52ND ST SE,ANIMAL INCIDENT,Police,ANIMAL CONTROL,,
3,2026-09-02T19:47:00Z,1788378420000,CASCADE TWP,5000 BLOCK OF KRAFT AVE SE,BURGLAR ALARM,Police,KENT CO SHERIFF,,
8,2026-09-02T19:49:00Z,1788378540000,WYOMING,NILE DR SW / SAGE RIVER CT SW,PARKING VIOLATION,Police,WYOMING POLICE,,
2,2026-09-02T19:50:00Z,1788378600000,KENTWOOD,4600 BLOCK OF BRETON AVE SE,MEDICAL EMERGENCY,Fire,KENTWOOD FIRE,,
4,2026-09-02T19:52:00Z,1788378720000,GRANDVILLE,3400 BLOCK OF CENTURY CENTER ST SW,FRAUD,Police,GRANDVILLE POLICE,,
9,2026-09-02T19:53:00Z,1788378780000,BYRON TWP,84TH AT US-131,VEHICLE CRASH,Police,KENT CO SHERIFF,42.81171768,-85.66882719
1,2026-09-02T19:53:00Z,1788378780000,WALKER,2600 BLOCK OF NOLAN AVE NW,OBSCENITY,Police,WALKER POLICE,,
1,2026-09-02T19:55:00Z,1788378900000,WYOMING,3600 BLOCK OF CLYDE PARK AVE SW,LARCENY,Police,WYOMING POLICE,,
4,2026-09-02T20:06:00Z,1788379560000,GRANDVILLE,WILSON AVE SW / MAPLE ST SW,VEHICLE CRASH,Police,GRANDVILLE POLICE,,
1,2026-09-02T20:09:00Z,1788379740000,BYRON TWP,9800 BLOCK OF WILSON AVE SW,VEHICLE CRASH,Police,BYRON TWP FIRE,,
1,2026-09-02T20:13:00Z,1788379980000,GRANDVILLE,3100 BLOCK OF BROADWAY AVE SW,FIRE ALARM,Fire,GRANDVILLE FIRE,,
2,2026-09-02T20:16:00Z,1788380160000,SPARTA,0 BLOCK OF IDA RED AVE NW,MEDICAL EMERGENCY,Fire,SPARTA FIRE,,
1,2026-09-02T20:20:00Z,1788380400000,ALPINE TWP,4300 BLOCK OF ALPENHORN DR NW,VEHICLE CRASH,Police,KENT CO SHERIFF,,
5,2026-09-02T20:20:00Z,1788380400000,CANNON TWP,6500 BLOCK OF BELLA VISTA DR NE,GENERAL ASSIST,Police,KENT CO SHERIFF,,
1,2026-09-02T20:21:00Z,1788380460000,ROCKFORD,300 BLOCK OF ROCKFORD PARK DR NE,GENERAL ASSIST,Police,ROCKFORD POLICE,,
2,2026-09-02T20:24:00Z,1788380640000,WYOMING,2300 BLOCK OF DE HOOP AVE SW,GENERAL ASSIST,Police,WYOMING POLICE,,
2,2026-09-02T20:28:00Z,1788380880000,WYOMING,2500 BLOCK OF OAKVIEW DR SW,WELFARE CHECK,Police,WYOMING POLICE,,
1,2026-09-02T20:29:00Z,1788380940000,WALKER,2600 BLOCK OF WEST RIVER DR NW,911 HANG UP,Police,WALKER POLICE,,
9,2026-09-02T20:31:00Z,1788381060000,PLAINFIELD TWP,4200 BLOCK OF SHADOWLAWN CT NE,ANIMAL INCIDENT,Police,ANIMAL CONTROL,,
1,2026-09-02T20:31:00Z,1788381060000,EAST GRAND RAPIDS,900 BLOCK OF BELLCLAIRE AVE SE,GENERAL ASSIST,Police,EAST GRAND RAPIDS POLICE,,
1,2026-09-02T20:35:00Z,1788381300000,WYOMING,1100 BLOCK OF RATHBONE ST SW,ABANDONED VEHICLE,Police,WYOMING POLICE,,
3,2026-09-02T20:46:00Z,1788381960000,KENTWOOD,3100 BLOCK OF WOODLAND DR SE,FRAUD,Police,KENTWOOD POLICE,,
2,2026-09-02T20:50:00Z,1788382200000,LOWELL,400 BLOCK OF N CENTER ST SE,MEDICAL EMERGENCY,Fire,LOWELL AREA FIRE,,
1,2026-09-02T20:52:00Z,1788382320000,SPARTA,200 BLOCK OF E SPARTAN DR NW,MEDICAL EMERGENCY,Fire,SPARTA FIRE,,
7,2026-09-02T20:53:00Z,1788382380000,OAKFIELD TWP,14 MILE RD NE / LINCOLN LAKE AVE NE,VEHICLE CRASH,Police,KENT CO SHERIFF,,
3,2026-09-02T20:53:00Z,1788382380000,BYRON TWP,400 BLOCK OF GORDON INDUSTRIAL CT SW,FOUND PROPERTY,Police,KENT CO SHERIFF,,
3,2026-09-02T21:00:00Z,1788382800000,GAINES TWP,1200 BLOCK OF 60TH ST SE,OBSCENITY,Police,KENT CO SHERIFF,,
2,2026-09-02T21:00:00Z,1788382800000,CASCADE TWP,5100 BLOCK OF 28TH ST SE,FRAUD,Police,KENT CO SHERIFF,,
3,2026-09-02T21:02:00Z,1788382920000,GRANDVILLE,3800 BLOCK OF 28TH ST SW,ANIMAL INCIDENT,Police,ANIMAL CONTROL,,
1,2026-09-02T21:02:00Z,1788382920000,WYOMING,3800 BLOCK OF S DIVISION AVE,WELFARE CHECK,Police,WYOMING POLICE,,
2,2026-09-02T21:05:00Z,1788383100000,PLAINFIELD TWP,3700 BLOCK OF VISTA SPRINGS AVE NE,DISORDERLY PERSON,Police,KENT CO SHERIFF,,
1,2026-09-02T21:14:00Z,1788383640000,GRAND RAPIDS TWP,1900 BLOCK OF 3 MILE RD NE,MISC FIRE,Fire,GRAND RAPIDS TWP FIRE,,
14,2026-09-02T21:19:00Z,1788383940000,WYOMING,I-196 WB EO CHICAGO DR-MM 72-WY,WELFARE CHECK,Police,WYOMING POLICE,42.9325182,-85.7317567
1,2026-09-02T21:23:00Z,1788384180000,KENTWOOD,1200 BLOCK OF PICKETT ST SE,MEDICAL EMERGENCY,Fire,KENTWOOD FIRE,,
11,2026-09-02T21:27:00Z,1788384420000,KENTWOOD,5000 BLOCK OF BRETON AVE SE,FOUND PROPERTY,Police,KENTWOOD POLICE,,
11,2026-09-02T21:28:00Z,1788384480000,KENT CITY,100 BLOCK OF SWEET MEADOW DR NW,FRAUD,Police,KENT CO SHERIFF,,
3,2026-09-02T21:34:00Z,1788384840000,WYOMING,3500 BLOCK OF S DIVISION AVE,WELFARE CHECK,Police,WYOMING POLICE,,
1,2026-09-02T21:39:00Z,1788385140000,KENTWOOD,2400 BLOCK OF FOREST HILL AVE SE,FIRE ALARM,Fire,KENTWOOD FIRE,,
9,2026-09-02T21:43:00Z,1788385380000,KENTWOOD,500 BLOCK OF GARLAND ST SE,MISSING PERSON,Police,KENTWOOD POLICE,,
4,2026-09-02T21:43:00Z,1788385380000,WALKER,4500 BLOCK OF RUSSET CT NW,DAMAGE TO PROPERTY,Police,WALKER POLICE,,
2,2026-09-02T21:49:00Z,1788385740000,SPARTA,200 BLOCK OF E SPARTAN DR NW,DISORDERLY PERSON,Police,SPARTA POLICE,,
1,2026-09-02T21:50:00Z,1788385800000,GRAND RAPIDS,700 BLOCK OF BALL AVE NE,VEHICLE INSPECTION,Police,KENT CO SHERIFF,,
1,2026-09-02T22:01:00Z,1788386460000,ALPINE TWP,700 BLOCK OF YORK CREEK DR NW,MEDICAL EMERGENCY,Fire,ALPINE TWP FIRE,,
1,2026-09-02T22:02:00Z,1788386520000,WYOMING,2400 BLOCK OF BANNER DR SW,SHOOTING,Police,WYOMING POLICE,,
1,2026-09-02T22:03:00Z,1788386580000,KENTWOOD,1700 BLOCK OF 44TH ST SE,FIGHT,Police,KENTWOOD POLICE,,
12,2026-09-02T22:13:00Z,1788387180000,WYOMING,US-131 NB SO 36TH,VEHICLE CRASH,Police,WYOMING POLICE,42.89818782,-85.67784616
4,2026-09-02T22:14:00Z,1788387240000,WYOMING,400 BLOCK OF 54TH ST SW,LARCENY,Police,WYOMING POLICE,,
3,2026-09-02T22:18:00Z,1788387480000,BYRON TWP,700 BLOCK OF 68TH ST SW,VEHICLE CRASH,Police,KENT CO SHERIFF,,
2,2026-09-02T22:21:00Z,1788387660000,WALKER,2600 BLOCK OF HILLSIDE DR NW,SUSPICIOUS INCIDENT,Police,WALKER POLICE,,
1,2026-09-02T22:24:00Z,1788387840000,WYOMING,3400 BLOCK OF COLLINGWOOD AVE SW,MEDICAL EMERGENCY,Fire,WYOMING FIRE,,
5,2026-09-02T22:32:00Z,1788388320000,GRAND RAPIDS TWP,4400 BLOCK OF 4 MILE RD NE,BURGLARY,Police,KENT CO SHERIFF,,
6,2026-09-02T22:32:00Z,1788388320000,LOWELL,1300 BLOCK OF LAURIE GAIL DR SE,DISORDERLY PERSON,Police,LOWELL POLICE,,
4,2026-09-02T22:35:00Z,1788388500000,GRANDVILLE,4800 BLOCK OF RAVENSWOOD DR SW,LARCENY,Police,GRANDVILLE POLICE,,
8,2026-09-02T22:35:00Z,1788388500000,WYOMING,3700 BLOCK OF JEFFERSON AVE SE,BURGLAR ALARM,Police,WYOMING POLICE,,
3,2026-09-02T22:37:00Z,1788388620000,SAND LAKE,17900 BLOCK OF RITCHIE AVE NE,MEDICAL EMERGENCY,Fire,SAND LAKE FIRE,,
2,2026-09-02T22:40:00Z,1788388800000,WALKER,3200 BLOCK OF ALPINE AVE NW,FIRE ALARM,Fire,WALKER FIRE,,
4,2026-09-02T22:41:00Z,1788388860000,GAINES TWP,3400 BLOCK OF MISTYWOOD ST SE,MEDICAL EMERGENCY,Fire,GAINES TWP FIRE,,
3,2026-09-02T22:42:00Z,1788388920000,GRANDVILLE,WILSON AVE SW / 28TH ST SW,VEHICLE CRASH,Police,GRANDVILLE POLICE,,
1,2026-09-02T22:43:00Z,1788388980000,BYRON TWP,7100 BLOCK OF INDEPENDENCE LN SW,MEDICAL EMERGENCY,Fire,BYRON TWP FIRE,,
6,2026-09-02T22:43:00Z,1788388980000,SPENCER TWP,13000 BLOCK OF 19 MILE RD NE,FRAUD,Police,KENT CO SHERIFF,,
1,2026-09-02T22:43:00Z,1788388980000,WYOMING,2800 BLOCK OF CLYDE PARK AVE SW,SUSPICIOUS INCIDENT,Police,WYOMING POLICE,,
1,2026-09-02T22:44:00Z,1788389040000,WALKER,1500 BLOCK OF MARLIN AVE NW,ANIMAL INCIDENT,Police,WALKER POLICE,,
1,2026-09-02T22:51:00Z,1788389460000,BYRON TWP,400 BLOCK OF 100TH ST SW,BURGLAR ALARM,Police,KENT CO SHERIFF,,
9,2026-09-02T23:02:00Z,1788390120000,WYOMING,28TH AT US-131,VEHICLE CRASH,Police,WYOMING POLICE,42.91324858,-85.67755701
3,2026-09-02T23:03:00Z,1788390180000,GAINES TWP,300 BLOCK OF 68TH ST SE,GENERAL ASSIST,Police,KENT CO SHERIFF,,
2,2026-09-02T23:04:00Z,1788390240000,PLAINFIELD TWP,3700 BLOCK OF IVY DR NE,WELFARE CHECK,Police,KENT CO SHERIFF,,
2,2026-09-02T23:07:00Z,1788390420000,WYOMING,3800 BLOCK OF ILLINOIS AVE SW,FIRE INVESTIGATION,Fire,WYOMING FIRE,,
1,2026-09-02T23:10:00Z,1788390600000,BYRON TWP,8000 BLOCK OF BYRON CENTER AVE SW,MEDICAL EMERGENCY,Fire,BYRON TWP FIRE,,
6,2026-09-02T23:11:00Z,1788390660000,PLAINFIELD TWP,3300 BLOCK OF ROGUE RIVER RD NE,VEHICLE CRASH,Police,KENT CO SHERIFF,,
6,2026-09-02T23:15:00Z,1788390900000,GAINES TWP,CANARY GRASS DR SE / SAWGRASS DR SE,RECKLESS DRIVER,Police,KENT CO SHERIFF,,
2,2026-09-02T23:23:00Z,1788391380000,WYOMING,4900 BLOCK OF CLAY AVE SW,MEDICAL EMERGENCY,Fire,WYOMING FIRE,,
2,2026-09-02T23:24:00Z,1788391440000,EAST GRAND RAPIDS,2400 BLOCK OF LAKE DR SE,PARKING VIOLATION,Police,EAST GRAND RAPIDS POLICE,,
1,2026-09-02T23:26:00Z,1788391560000,KENTWOOD,2800 BLOCK OF RUM CREEK DR SE,MISC FIRE,Fire,KENTWOOD FIRE,,
4,2026-09-02T23:27:00Z,1788391620000,ALPINE TWP,LAMOREAUX DR NW / ALPINE AVE NW,WELFARE CHECK,Police,KENT CO SHERIFF,,
1,2026-09-02T23:30:00Z,1788391800000,GAINES TWP,200 BLOCK OF PIEDMONT DR SE,GENERAL ASSIST,Police,KENT CO SHERIFF,,
1,2026-09-02T23:35:00Z,1788392100000,GAINES TWP,100 BLOCK OF 92ND ST SE,CARBON MONOXIDE INVESTIGATION,Fire,GAINES TWP FIRE,,
4,2026-09-02T23:35:00Z,1788392100000,KENTWOOD,2900 BLOCK OF NORWAY PINE DR SE,BARKING DOG,Police,KENTWOOD POLICE,,
2,2026-09-02T23:40:00Z,1788392400000,WYOMING,5000 BLOCK OF TANANA RIVER AVE SW,GENERAL ASSIST,Police,WYOMING POLICE,,
1,2026-09-02T23:47:00Z,1788392820000,KENTWOOD,1900 BLOCK OF MIDDLEGROUND DR SE,FOUND PROPERTY,Police,KENTWOOD POLICE,,
1,2026-09-02T23:51:00Z,1788393060000,KENTWOOD,RIVIERA DR SE / RIVIERA CT SE,WELFARE CHECK,Police,KENTWOOD POLICE,,
2,2026-09-02T23:57:00Z,1788393420000,KENTWOOD,1300 BLOCK OF BROOKMARK ST SE,MEDICAL EMERGENCY,Fire,KENTWOOD FIRE,,
3,2026-09-02T23:58:00Z,1788393480000,COURTLAND TWP,11700 BLOCK OF TOWNSQUARE BLVD NE,MISC FIRE,Fire,COURTLAND TWP FIRE,,
1,2026-09-03T00:00:00Z,1788393600000,GAINES TWP,7500 BLOCK OF S DIVISION AVE,BURGLAR ALARM,Police,KENT CO SHERIFF,,
2,2026-09-03T00:01:00Z,1788393660000,WYOMING,2900 BLOCK OF BURLINGAME AVE SW,FRAUD,Police,WYOMING POLICE,,
1,2026-09-03T00:03:00Z,1788393780000,GRAND RAPIDS TWP,LEONARD ST NE / EAGLECREST DR NE,WELFARE CHECK,Police,KENT CO SHERIFF,,
3,2026-09-03T00:06:00Z,1788393960000,LOWELL TWP,1300 BLOCK OF PINE GROVE TRL SE,ANIMAL INCIDENT,Police,KENT CO SHERIFF,,
1,2026-09-03T00:12:00Z,1788394320000,KENTWOOD,5500 BLOCK OF DISCOVERY DR SE,INJUNCTIVE VIOLATION,Police,KENTWOOD POLICE,,
2,2026-09-03T00:32:00Z,1788395520000,WYOMING,2500 BLOCK OF MC KEE AVE SW,DISORDERLY PERSON,Police,WYOMING POLICE,,
1,2026-09-03T00:36:00Z,1788395760000,BYRON TWP,S DIVISION AVE / 68TH ST SE,BROADCAST,Police,KENT CO SHERIFF,,
1,2026-09-03T00:42:00Z,1788396120000,GAINES TWP,6200 BLOCK OF KALAMAZOO AVE SE,FIRE ALARM,Fire,GAINES TWP FIRE,,
1,2026-09-03T00:53:00Z,1788396780000,SPARTA,KINGS BLVD NW / PINE ST NW,WIRE DOWN,Fire,SPARTA FIRE,,
2,2026-09-03T00:55:00Z,1788396900000,WYOMING,1900 BLOCK OF MARTINDALE AVE SW,GENERAL ASSIST,Police,WYOMING POLICE,,
7,2026-09-03T00:56:00Z,1788396960000,ALGOMA TWP,US-131 NB AT 12 MILE,TRAFFIC HAZARD,Police,KENT CO SHERIFF,43.14626982,-85.58760533
4,2026-09-03T01:01:00Z,1788397260000,OAKFIELD TWP,9600 BLOCK OF BREWSTER LN NE,DISORDERLY PERSON,Police,KENT CO SHERIFF,,
1,2026-09-03T01:04:00Z,1788397440000,PLAINFIELD TWP,3600 BLOCK OF UPPER WOOD DR NE,911 HANG UP,Police,KENT CO SHERIFF,,
3,2026-09-03T01:09:00Z,1788397740000,BOWNE TWP,7100 BLOCK OF SNOW AVE SE,WELFARE CHECK,Police,KENT CO SHERIFF,,
1,2026-09-03T01:11:00Z,1788397860000,GRANDVILLE,40TH ST SW / SHOREWOOD CT SW,SUSPICIOUS INCIDENT,Police,GRANDVILLE POLICE,,
2,2026-09-03T01:11:00Z,1788397860000,OAKFIELD TWP,12400 BLOCK OF HEINTZELMAN AVE NE,911 HANG UP,Police,KENT CO SHERIFF,,
2,2026-09-03T01:20:00Z,1788398400000,GAINES TWP,1800 BLOCK OF MARKETPLACE DR SE,WELFARE CHECK,Police,KENT CO SHERIFF,,
1,2026-09-03T01:22:00Z,1788398520000,COURTLAND TWP,8800 BLOCK OF BENTHAM CT NE,MEDICAL EMERGENCY,Fire,COURTLAND TWP FIRE,,
2,2026-09-03T01:27:00Z,1788398820000,SOLON TWP,16300 BLOCK OF OUTBACK DR NE,SUSPICIOUS INCIDENT,Police,KENT CO SHERIFF,,
1,2026-09-03T01:37:00Z,1788399420000,WYOMING,2900 BLOCK OF BURLINGAME AVE SW,ASSAULT,Police,WYOMING POLICE,,
3,2026-09-03T01:52:00Z,1788400320000,LOWELL,1200 BLOCK OF VALLEY VISTA DR SE,WELFARE CHECK,Police,LOWELL POLICE,,
3,2026-09-03T01:56:00Z,1788400560000,GAINES TWP,68TH ST SE / HANNA LAKE AVE SE,WELFARE CHECK,Police,KENT CO SHERIFF,,
1,2026-09-03T01:59:00Z,1788400740000,WYOMING,3300 BLOCK OF BUCHANAN AVE SW,911 HANG UP,Police,WYOMING POLICE,,
1,2026-09-03T02:00:00Z,1788400800000,BYRON TWP,500 BLOCK OF 76TH ST SW,WELFARE CHECK,Police,KENT CO SHERIFF,,
1,2026-09-03T02:03:00Z,1788400980000,GRANDVILLE,4600 BLOCK OF IVANREST AVE SW,WELFARE CHECK,Police,GRANDVILLE POLICE,,
5,2026-09-03T02:10:00Z,1788401400000,GRANDVILLE,4100 BLOCK OF PINE CREEK RD SW,911 HANG UP,Police,GRANDVILLE POLICE,,
6,2026-09-03T02:10:00Z,1788401400000,WALKER,3100 BLOCK OF ALPINE AVE NW,GENERAL ASSIST,Police,WALKER POLICE,,
1,2026-09-03T02:11:00Z,1788401460000,GRANDVILLE,4000 BLOCK OF 44TH ST SW,GENERAL ASSIST,Police,GRANDVILLE POLICE,,
3,2026-09-03T02:22:00Z,1788402120000,CASCADE TWP,5000 BLOCK OF 37TH ST SE,TECH RESCUE,Fire,CASCADE TWP FIRE,,
2,2026-09-03T02:22:00Z,1788402120000,CASCADE TWP,5000 BLOCK OF 37TH ST SE,INDUSTRIAL ACCIDENT,Police,KENT CO SHERIFF,,
1,2026-09-03T02:26:00Z,1788402360000,KENTWOOD,4600 BLOCK OF 28TH ST SE,911 HANG UP,Police,KENTWOOD POLICE,,
1,2026-09-03T02:46:00Z,1788403560000,WYOMING,2400 BLOCK OF 28TH ST SW,FIRE ALARM,Fire,WYOMING FIRE,,
2,2026-09-03T02:52:00Z,1788403920000,CASCADE TWP,1400 BLOCK OF BALLYBUNION CT SE,MEDICAL EMERGENCY,Fire,CASCADE TWP FIRE,,
1,2026-09-03T02:54:00Z,1788404040000,WALKER,200 BLOCK OF MANZANA CT NW,MEDICAL EMERGENCY,Fire,WALKER FIRE,,
1,2026-09-03T03:11:00Z,1788405060000,WALKER,2400 BLOCK OF ALPINE AVE NW,FRAUD,Police,WALKER POLICE,,
1,2026-09-03T03:33:00Z,1788406380000,KENTWOOD,3800 BLOCK OF 28TH ST SE,BURGLAR ALARM,Police,KENTWOOD POLICE,,
1,2026-09-03T03:33:00Z,1788406380000,WALKER,700 BLOCK OF NORTH CENTER CT NW,OPEN DOOR,Police,WALKER POLICE,,
1,2026-09-03T03:44:00Z,1788407040000,KENTWOOD,5500 BLOCK OF BIRCHVIEW DR SE,FIRE INVESTIGATION,Fire,KENTWOOD FIRE,,
9,2026-09-03T11:01:00Z,1788433260000,CASCADE TWP,5000 BLOCK OF 28TH ST SE,ASSAULT,Police,KENT CO SHERIFF,,
8,2026-09-03T11:52:00Z,1788436320000,WYOMING,4200 BLOCK OF STONEBRIDGE RD SW,LARCENY,Police,WYOMING POLICE,,
6,2026-09-03T12:06:00Z,1788437160000,NELSON TWP,SHANER AVE NE / 16 MILE RD NE,VEHICLE CRASH,Police,CEDAR SPRINGS FIRE,,
7,2026-09-03T12:06:00Z,1788437160000,NELSON TWP,SHANER AVE NE / 16 MILE RD NE,VEHICLE CRASH,Police,KENT CO SHERIFF,,
11,2026-09-03T12:08:00Z,1788437280000,WYOMING,US-131 NB SO 44TH,RECKLESS DRIVER,Police,WYOMING POLICE,42.88315068,-85.68092751
5,2026-09-03T12:13:00Z,1788437580000,KENTWOOD,4500 BLOCK OF 44TH ST SE,MEDICAL EMERGENCY,Fire,KENTWOOD FIRE,,
4,2026-09-03T12:13:00Z,1788437580000,KENTWOOD,4500 BLOCK OF 44TH ST SE,INDUSTRIAL ACCIDENT,Police,KENTWOOD POLICE,,
10,2026-09-03T12:22:00Z,1788438120000,WYOMING,US-131 NB AT 44TH,VEHICLE CRASH,Police,WYOMING POLICE,42.88454901,-85.6805176
3,2026-09-03T12:23:00Z,1788438180000,GRANDVILLE,3100 BLOCK OF 28TH ST SW,LARCENY,Police,GRANDVILLE POLICE,,
2,2026-09-03T12:25:00Z,1788438300000,KENTWOOD,4000 BLOCK OF N ROSEBUD CT SE,MEDICAL EMERGENCY,Fire,KENTWOOD FIRE,,
1,2026-09-03T12:26:00Z,1788438360000,WYOMING,600 BLOCK OF 36TH ST SW,GENERAL ASSIST,Police,WYOMING POLICE,,
12,2026-09-03T12:37:00Z,1788439020000,WYOMING,1700 BLOCK OF JUDD AVE SW,ANIMAL INCIDENT,Police,ANIMAL CONTROL,,
7,2026-09-03T12:37:00Z,1788439020000,LOWELL TWP,ALDEN NASH AT I-96,VEHICLE CRASH,Police,KENT CO SHERIFF,42.87872288,-85.37098073
2,2026-09-03T12:40:00Z,1788439200000,WYOMING,FARNHAM ST SE / S DIVISION AVE,WELFARE CHECK,Police,WYOMING POLICE,,
1,2026-09-03T12:46:00Z,1788439560000,ROCKFORD,600 BLOCK OF HILLVIEW PL NE,GENERAL ASSIST,Police,ROCKFORD POLICE,,
1,2026-09-03T12:54:00Z,1788440040000,PLAINFIELD TWP,3200 BLOCK OF ROGUE RIVER RD NE,FIRE INVESTIGATION,Fire,PLAINFIELD TWP FIRE,,
2,2026-09-03T13:02:00Z,1788440520000,ALPINE TWP,6300 BLOCK OF ALPINE AVE NW,WELFARE CHECK,Police,KENT CO SHERIFF,,
11,2026-09-03T13:02:00Z,1788440520000,COURTLAND TWP,9300 BLOCK OF PARMETER AVE NE,HARASSMENT,Police,KENT CO SHERIFF,,
1,2026-09-03T13:03:00Z,1788440580000,EAST GRAND RAPIDS,2100 BLOCK OF HALL ST SE,FRAUD,Police,EAST GRAND RAPIDS POLICE,,
1,2026-09-03T13:11:00Z,1788441060000,KENTWOOD,100 BLOCK OF TRAVERSE DR SE,SUSPICIOUS INCIDENT,Police,KENTWOOD POLICE,,
5,2026-09-03T13:14:00Z,1788441240000,GAINES TWP,7200 BLOCK OF MARTIN AVE SE,GENERAL ASSIST,Police,KENT CO SHERIFF,,
3,2026-09-03T13:20:00Z,1788441600000,WYOMING,5500 BLOCK OF CLYDE PARK AVE SW,DISORDERLY PERSON,Police,WYOMING POLICE,,
2,2026-09-03T13:23:00Z,1788441780000,BYRON TWP,2100 BLOCK OF CENTER GRANGE DR SW,STRUCTURE FIRE,Fire,BYRON TWP FIRE,,
6,2026-09-03T13:24:00Z,1788441840000,BYRON TWP,2100 BLOCK OF CENTER GRANGE DR SW,BROADCAST,Police,KENT CO SHERIFF,,
1,2026-09-03T13:29:00Z,1788442140000,WYOMING,1900 BLOCK OF I-196 FWY,ABANDONED VEHICLE,Police,MICHIGAN STATE POLICE,,
2,2026-09-03T13:30:00Z,1788442200000,WALKER,2300 BLOCK OF ALPINE AVE NW,STOLEN VEHICLE,Police,WALKER POLICE,,
5,2026-09-03T13:32:00Z,1788442320000,PLAINFIELD TWP,3200 BLOCK OF ROGUE RIVER RD NE,GENERAL ASSIST,Police,KENT CO SHERIFF,,
11,2026-09-03T13:38:00Z,1788442680000,LOWELL,100 BLOCK OF N MONROE ST SE,HARASSMENT,Police,LOWELL POLICE,,
1,2026-09-03T13:39:00Z,1788442740000,ROCKFORD,S FREMONT ST NE / NORTHLAND DR NE,GENERAL ASSIST,Police,ROCKFORD POLICE,,
2,2026-09-03T13:41:00Z,1788442860000,GRAND RAPIDS TWP,3400 BLOCK OF DEVON DR NE,GENERAL ASSIST,Police,KENT CO SHERIFF,,
2,2026-09-03T13:49:00Z,1788443340000,CASCADE TWP,1200 BLOCK OF SPAULDING AVE SE,MEDICAL EMERGENCY,Fire,CASCADE TWP FIRE,,
12,2026-09-03T13:49:00Z,1788443340000,WALKER,I-96 EB WO ALPINE,VEHICLE CRASH,Police,WALKER POLICE,43.0162288,-85.69171586
13,2026-09-03T13:50:00Z,1788443400000,CANNON TWP,7500 BLOCK OF RAINBOW LN NE,ANIMAL INCIDENT,Police,ANIMAL CONTROL,,
2,2026-09-03T13:50:00Z,1788443400000,WYOMING,400 BLOCK OF 28TH ST SE,SUSPICIOUS INCIDENT,Police,WYOMING POLICE,,
1,2026-09-03T13:50:00Z,1788443400000,GRAND RAPIDS,600 BLOCK OF BATES ST SE,WELFARE CHECK,Police,WYOMING POLICE,,
4,2026-09-03T13:52:00Z,1788443520000,ADA TWP,1200 BLOCK OF BUTTRICK AVE SE,WELFARE CHECK,Police,KENT CO SHERIFF,,
2,2026-09-03T13:56:00Z,1788443760000,LOWELL TWP,14100 BLOCK OF 52ND ST SE,MEDICAL EMERGENCY,Fire,ALTO AREA FIRE,,
1,2026-09-03T13:59:00Z,1788443940000,KENT CITY,100 BLOCK OF S MAIN ST NW,FIRE INVESTIGATION,Fire,KENT CITY FIRE,,
1,2026-09-03T14:10:00Z,1788444600000,PLAINFIELD TWP,100 BLOCK OF BETTY ST NE,OBSCENITY,Police,KENT CO SHERIFF,,
2,2026-09-03T14:14:00Z,1788444840000,WYOMING,1300 BLOCK OF BURTON ST SW,FRAUD,Police,WYOMING POLICE,,
1,2026-09-03T14:15:00Z,1788444900000,CASCADE TWP,5300 BLOCK OF BURTON CT SE,MEDICAL EMERGENCY,Fire,CASCADE TWP FIRE,,
5,2026-09-03T14:18:00Z,1788445080000,CANNON TWP,7200 BLOCK OF BLAKELY DR NE,BURGLAR ALARM,Police,KENT CO SHERIFF,,
2,2026-09-03T14:19:00Z,1788445140000,WYOMING,3300 BLOCK OF HILLCROFT AVE SW,MEDICAL EMERGENCY,Fire,WYOMING FIRE,,
3,2026-09-03T14:21:00Z,1788445260000,WYOMING,300 BLOCK OF 28TH ST SW,DISORDERLY PERSON,Police,WYOMING POLICE,,
1,2026-09-03T14:23:00Z,1788445380000,KENTWOOD,52ND ST SE / EASTERN AVE SE,SUSPICIOUS INCIDENT,Police,KENTWOOD POLICE,,
5,2026-09-03T14:25:00Z,1788445500000,WYOMING,4300 BLOCK OF HANSEN AVE SW,MEDICAL EMERGENCY,Fire,WYOMING FIRE,,
4,2026-09-03T14:27:00Z,1788445620000,GRANDVILLE,3400 BLOCK OF CENTURY CENTER ST SW,FRAUD,Police,GRANDVILLE POLICE,,
3,2026-09-03T14:28:00Z,1788445680000,GRAND RAPIDS TWP,EAST BELTLINE AVE NE / BRADFORD ST NE,VEHICLE CRASH,Police,KENT CO SHERIFF,,
1,2026-09-03T14:29:00Z,1788445740000,EAST GRAND RAPIDS,2000 BLOCK OF SHERMAN ST SE,PARKING VIOLATION,Police,EAST GRAND RAPIDS POLICE,,
2,2026-09-03T14:29:00Z,1788445740000,EAST GRAND RAPIDS,400 BLOCK OF MANHATTAN RD SE,SUSPICIOUS INCIDENT,Police,EAST GRAND RAPIDS POLICE,,
4,2026-09-03T14:33:00Z,1788445980000,GRANDVILLE,WILSON AVE SW / CHICAGO DR SW,VEHICLE CRASH,Police,GRANDVILLE POLICE,,
7,2026-09-03T14:48:00Z,1788446880000,GRANDVILLE,3400 BLOCK OF WILSON AVE SW,ANIMAL INCIDENT,Police,ANIMAL CONTROL,,
4,2026-09-03T14:51:00Z,1788447060000,CANNON TWP,6200 BLOCK OF RAMSDELL DR NE,FRAUD,Police,KENT CO SHERIFF,,
3,2026-09-03T14:55:00Z,1788447300000,CEDAR SPRINGS,200 BLOCK OF E MUSKEGON ST NE,BROADCAST,Police,KENT CO SHERIFF,,
8,2026-09-03T14:56:00Z,1788447360000,ALPINE TWP,5500 BLOCK OF ALPINE AVE NW,WELFARE CHECK,Police,KENT CO SHERIFF,,
1,2026-09-03T14:59:00Z,1788447540000,BYRON TWP,2500 BLOCK OF 87TH ST SW,ORDINANCE VIOLATION,Police,KENT CO SHERIFF,,
4,2026-09-03T14:59:00Z,1788447540000,SOLON TWP,WHITE CREEK AVE NE / SOLON ST NE,PARKING VIOLATION,Police,KENT CO SHERIFF,,
2,2026-09-03T14:59:00Z,1788447540000,KENTWOOD,4400 BLOCK OF BRETON AVE SE,GENERAL ASSIST,Police,KENTWOOD POLICE,,
4,2026-09-03T15:02:00Z,1788447720000,BYRON TWP,100 BLOCK OF INCA DR SW,DISORDERLY PERSON,Police,KENT CO SHERIFF,,
2,2026-09-03T15:04:00Z,1788447840000,ALPINE TWP,7100 BLOCK OF M-37,MEDICAL EMERGENCY,Fire,ALPINE TWP FIRE,,
1,2026-09-03T15:04:00Z,1788447840000,CEDAR SPRINGS,400 BLOCK OF E MUSKEGON ST NE,MEDICAL EMERGENCY,Fire,CEDAR SPRINGS FIRE,,
1,2026-09-03T15:08:00Z,1788448080000,CANNON TWP,7300 BLOCK OF CUESTA WAY NE,FIRE INVESTIGATION,Fire,CANNON TWP FIRE,,
3,2026-09-03T15:12:00Z,1788448320000,WYOMING,2300 BLOCK OF BYRON CENTER AVE SW,FIRE ALARM,Fire,WYOMING FIRE,,
2,2026-09-03T15:17:00Z,1788448620000,WYOMING,5300 BLOCK OF CLYDE PARK AVE SW,ABANDONED VEHICLE,Police,WYOMING POLICE,,
1,2026-09-03T15:18:00Z,1788448680000,WALKER,2200 BLOCK OF HOLTON CT NW,FOUND PROPERTY,Police,WALKER POLICE,,
6,2026-09-03T15:18:00Z,1788448680000,WYOMING,2400 BLOCK OF PRAIRIE PKWY SW,MEDICAL EMERGENCY,Fire,WYOMING FIRE,,
5,2026-09-03T15:18:00Z,1788448680000,WYOMING,4300 BLOCK OF BURLINGAME AVE SW,SUSPICIOUS INCIDENT,Police,WYOMING POLICE,,
3,2026-09-03T15:20:00Z,1788448800000,WYOMING,1400 BLOCK OF 44TH ST SW,MEDICAL EMERGENCY,Fire,WYOMING FIRE,,
2,2026-09-03T15:22:00Z,1788448920000,BYRON TWP,2100 BLOCK OF 76TH ST SW,GENERAL ASSIST,Police,KENT CO SHERIFF,,
1,2026-09-03T15:23:00Z,1788448980000,KENTWOOD,52ND ST SE / EASTERN AVE SE,VEHICLE CRASH,Police,KENTWOOD FIRE,,
1,2026-09-03T15:24:00Z,1788449040000,KENTWOOD,52ND ST SE / EASTERN AVE SE,VEHICLE CRASH,Police,KENTWOOD POLICE,,
2,2026-09-03T15:25:00Z,1788449100000,KENTWOOD,4600 BLOCK OF 28TH ST SE,FRAUD,Police,KENTWOOD POLICE,,
3,2026-09-03T15:30:00Z,1788449400000,KENTWOOD,3100 BLOCK OF WINGATE DR SE,SUSPICIOUS INCIDENT,Police,KENTWOOD POLICE,,
3,2026-09-03T15:34:00Z,1788449640000,KENTWOOD,4200 BLOCK OF 28TH ST SE,MEDICAL EMERGENCY,Fire,KENTWOOD FIRE,,
1,2026-09-03T15:35:00Z,1788449700000,GRANDVILLE,3200 BLOCK OF WILSON AVE SW,FOUND PROPERTY,Police,GRANDVILLE POLICE,,
2,2026-09-03T15:35:00Z,1788449700000,WALKER,3500 BLOCK OF ALPINE AVE NW,OBSCENITY,Police,WALKER POLICE,,
3,2026-09-03T15:36:00Z,1788449760000,WYOMING,2800 BLOCK OF S DIVISION AVE,FIRE ALARM,Fire,WYOMING FIRE,,
2,2026-09-03T15:37:00Z,1788449820000,SOLON TWP,800 BLOCK OF KIMBERLY DR NE,MEDICAL EMERGENCY,Fire,SOLON TWP FIRE,,
1,2026-09-03T15:40:00Z,1788450000000,ALPINE TWP,ALPINE AVE NW / ALPINE CHURCH ST NW,MEDICAL EMERGENCY,Fire,ALPINE TWP FIRE,,
4,2026-09-03T15:59:00Z,1788451140000,GRAND RAPIDS,800 BLOCK OF 12TH ST NW,ANIMAL INCIDENT,Police,ANIMAL CONTROL,,
10,2026-09-03T16:00:00Z,1788451200000,BYRON TWP,US-131 SB SO 76TH,VEHICLE CRASH,Police,BYRON TWP FIRE,42.8257468,-85.6718151
11,2026-09-03T16:00:00Z,1788451200000,BYRON TWP,US-131 SB SO 76TH,VEHICLE CRASH,Police,KENT CO SHERIFF,42.8257468,-85.6718151
1,2026-09-03T16:02:00Z,1788451320000,WYOMING,1000 BLOCK OF ROGERS PLAZA SW,FIGHT,Police,WYOMING POLICE,,
8,2026-09-03T16:05:00Z,1788451500000,GAINES TWP,1700 BLOCK OF CRESCENT POINTE SE,WELFARE CHECK,Police,KENT CO SHERIFF,,
2,2026-09-03T16:09:00Z,1788451740000,KENTWOOD,200 BLOCK OF 43RD ST SE,CARBON MONOXIDE INVESTIGATION,Fire,KENTWOOD FIRE,,
1,2026-09-03T16:14:00Z,1788452040000,LOWELL,400 BLOCK OF N CENTER ST SE,MEDICAL EMERGENCY,Fire,LOWELL AREA FIRE,,
3,2026-09-03T16:18:00Z,1788452280000,NEWAYGO ENSLEY TWP,7900 BLOCK OF E 96TH ST,MEDICAL EMERGENCY,Fire,SAND LAKE FIRE,,
2,2026-09-03T16:22:00Z,1788452520000,CEDAR SPRINGS,WHITE CREEK AVE NE / 17 MILE RD NE,VEHICLE CRASH,Police,KENT CO SHERIFF,,
1,2026-09-03T16:24:00Z,1788452640000,KENTWOOD,4500 BLOCK OF 28TH ST SE,FIRE ALARM,Fire,KENTWOOD FIRE,,
7,2026-09-03T16:26:00Z,1788452760000,WYOMING,2600 BLOCK OF 28TH ST SW,VEHICLE CRASH,Police,WYOMING POLICE,,
5,2026-09-03T16:35:00Z,1788453300000,PLAINFIELD TWP,3900 BLOCK OF MAYFIELD AVE NE,HARASSMENT,Police,KENT CO SHERIFF,,
2,2026-09-03T16:36:00Z,1788453360000,ALGOMA TWP,1500 BLOCK OF 13 MILE RD NE,MEDICAL EMERGENCY,Fire,ALGOMA TWP FIRE,,
3,2026-09-03T16:37:00Z,1788453420000,KENTWOOD,NANCY ST SE / S DIVISION AVE,VEHICLE CRASH,Police,KENTWOOD POLICE,,
7,2026-09-03T16:41:00Z,1788453660000,GRAND RAPIDS,1200 BLOCK OF MAYFIELD AVE NE,ANIMAL INCIDENT,Police,ANIMAL CONTROL,,
1,2026-09-03T16:42:00Z,1788453720000,WYOMING,4500 BLOCK OF BUCHANAN AVE SW,SUSPICIOUS INCIDENT,Police,WYOMING POLICE,,
1,2026-09-03T16:46:00Z,1788453960000,BYRON TWP,CLYDE PARK AVE SW / 84TH ST SW,VEHICLE CRASH,Police,BYRON TWP FIRE,,
6,2026-09-03T16:46:00Z,1788453960000,GAINES TWP,6800 BLOCK OF BENT GRASS DR SE,WELFARE CHECK,Police,KENT CO SHERIFF,,
2,2026-09-03T16:46:00Z,1788453960000,BYRON TWP,CLYDE PARK AVE SW / 84TH ST SW,VEHICLE CRASH,Police,KENT CO SHERIFF,,
3,2026-09-03T16:47:00Z,1788454020000,CASCADE TWP,28TH ST SE / KRAFT AVE SE,VEHICLE CRASH,Police,KENT CO SHERIFF,,
7,2026-09-03T16:47:00Z,1788454020000,CASCADE TWP,28TH ST SE / MEIJER DR SE,VEHICLE CRASH,Police,KENT CO SHERIFF,,
1,2026-09-03T16:47:00Z,1788454020000,KENTWOOD,3200 BLOCK OF 28TH ST SE,MEDICAL EMERGENCY,Fire,KENTWOOD FIRE,,
16,2026-09-03T16:55:00Z,1788454500000,BYRON TWP,US-131 SB NO 76TH,VEHICLE CRASH,Police,KENT CO SHERIFF,42.82648321,-85.67220583
1,2026-09-03T16:56:00Z,1788454560000,ALPINE TWP,3800 BLOCK OF YORKLAND DR NW,GENERAL ASSIST,Police,KENT CO SHERIFF,,
1,2026-09-03T17:05:00Z,1788455100000,CASCADE TWP,2900 BLOCK OF THORNHILLS AVE SE,FIRE INVESTIGATION,Fire,CASCADE TWP FIRE,,
1,2026-09-03T17:05:00Z,1788455100000,CALEDONIA TWP,6200 BLOCK OF ROYALTON DR SE,VEHICLE CRASH,Police,KENT CO SHERIFF,,
1,2026-09-03T17:08:00Z,1788455280000,WYOMING,HAVANA AVE SW / LEE ST SW,VEHICLE CRASH,Police,WYOMING POLICE,,
2,2026-09-03T17:14:00Z,1788455640000,LOWELL TWP,14000 BLOCK OF 28TH ST SE,FIRE INVESTIGATION,Fire,LOWELL AREA FIRE,,
4,2026-09-03T17:15:00Z,1788455700000,CASCADE TWP,7900 BLOCK OF SHADYBROOK DR SE,MEDICAL EMERGENCY,Fire,CASCADE TWP FIRE,,
1,2026-09-03T17:19:00Z,1788455940000,LOWELL TWP,11400 BLOCK OF BOULDER DR SE,MEDICAL EMERGENCY,Fire,LOWELL AREA FIRE,,
2,2026-09-03T17:20:00Z,1788456000000,BYRON TWP,200 BLOCK OF INCA DR SW,MEDICAL EMERGENCY,Fire,BYRON TWP FIRE,,
4,2026-09-03T17:21:00Z,1788456060000,GRAND RAPIDS,500 BLOCK OF GRAND AVE NE,ANIMAL INCIDENT,Police,ANIMAL CONTROL,,
11,2026-09-03T17:24:00Z,1788456240000,GRAND RAPIDS,3300 BLOCK OF PLAINFIELD AVE NE,ANIMAL INCIDENT,Police,ANIMAL CONTROL,,
1,2026-09-03T17:24:00Z,1788456240000,ALGOMA TWP,10 MILE RD NE / THRIFTY DR NE,VEHICLE CRASH,Police,KENT CO SHERIFF,,
6,2026-09-03T17:26:00Z,1788456360000,WYOMING,4400 BLOCK OF BUCHANAN AVE SW,ANIMAL INCIDENT,Police,ANIMAL CONTROL,,
2,2026-09-03T17:32:00Z,1788456720000,PLAINFIELD TWP,3400 BLOCK OF TAMARACK CT NE,MEDICAL EMERGENCY,Fire,PLAINFIELD TWP FIRE,,
2,2026-09-03T17:34:00Z,1788456840000,CEDAR SPRINGS,PEAR ST NE / S 5TH ST NE,RECKLESS DRIVER,Police,KENT CO SHERIFF,,
1,2026-09-03T17:35:00Z,1788456900000,BYRON TWP,400 BLOCK OF 84TH ST SW,MEDICAL EMERGENCY,Fire,BYRON TWP FIRE,,
1,2026-09-03T17:48:00Z,1788457680000,CASCADE TWP,1400 BLOCK OF BRIARCLIFF DR SE,ANIMAL INCIDENT,Police,ANIMAL CONTROL,,
2,2026-09-03T17:49:00Z,1788457740000,LOWELL TWP,1600 BLOCK OF CUMBERLAND AVE SE,STOLEN VEHICLE,Police,KENT CO SHERIFF,,
3,2026-09-03T17:49:00Z,1788457740000,WYOMING,400 BLOCK OF 36TH ST SE,BURGLAR ALARM,Police,WYOMING POLICE,,
1,2026-09-03T17:51:00Z,1788457860000,ROCKFORD,0 BLOCK OF N MAIN ST NE,FOUND PROPERTY,Police,ROCKFORD POLICE,,
4,2026-09-03T17:51:00Z,1788457860000,WALKER,WILSON AVE SW / OBRIEN ST SW,TRAFFIC HAZARD,Police,WALKER POLICE,,
3,2026-09-03T17:56:00Z,1788458160000,EAST GRAND RAPIDS,800 BLOCK OF LAKESIDE DR SE,VEHICLE INSPECTION,Police,EAST GRAND RAPIDS POLICE,,
3,2026-09-03T17:58:00Z,1788458280000,BYRON TWP,6600 BLOCK OF CLAY AVE SW,FRAUD,Police,KENT CO SHERIFF,,
2,2026-09-03T17:58:00Z,1788458280000,KENTWOOD,1300 BLOCK OF KATRINA DR SE,MEDICAL EMERGENCY,Fire,KENTWOOD FIRE,,
1,2026-09-03T18:00:00Z,1788458400000,PLAINFIELD TWP,100 BLOCK OF BETTY ST NE,OBSCENITY,Police,KENT CO SHERIFF,,
2,2026-09-03T18:00:00Z,1788458400000,BYRON TWP,300 BLOCK OF S SWORD ST SW,WELFARE CHECK,Police,KENT CO SHERIFF,,
1,2026-09-03T18:06:00Z,1788458760000,WALKER,3900 BLOCK OF 3 MILE RD NW,FIRE ALARM,Fire,WALKER FIRE,,
10,2026-09-03T18:06:00Z,1788458760000,WYOMING,I-196 EB EO CHICAGO DR-MM 72-WY,VEHICLE CRASH,Police,WYOMING POLICE,42.93148829,-85.73123037
2,2026-09-03T18:14:00Z,1788459240000,WYOMING,900 BLOCK OF TARPON ST SW,WELFARE CHECK,Police,WYOMING POLICE,,
3,2026-09-03T18:16:00Z,1788459360000,GAINES TWP,6400 BLOCK OF S DIVISION AVE,FRAUD,Police,KENT CO SHERIFF,,
9,2026-09-03T18:16:00Z,1788459360000,WYOMING,US-131 SB NO 36TH,VEHICLE CRASH,Police,WYOMING POLICE,42.89940631,-85.67789472
11,2026-09-03T18:19:00Z,1788459540000,GRAND RAPIDS TWP,I-96 WB WO FULTON,VEHICLE CRASH,Police,KENT CO SHERIFF,42.96370853,-85.57988399
1,2026-09-03T18:19:00Z,1788459540000,WALKER,1400 BLOCK OF MAYNARD AVE SW,RECKLESS DRIVER,Police,WALKER POLICE,,
6,2026-09-03T18:22:00Z,1788459720000,CALEDONIA TWP,6700 BLOCK OF BROADMOOR AVE SE,VEHICLE CRASH,Police,KENT CO SHERIFF,,
10,2026-09-03T18:24:00Z,1788459840000,WYOMING,800 BLOCK OF 36TH ST SW,LARCENY,Police,WYOMING POLICE,,
5,2026-09-03T18:32:00Z,1788460320000,CALEDONIA TWP,9800 BLOCK OF CHERRY VALLEY AVE SE,TRESPASSING,Police,KENT CO SHERIFF,,
3,2026-09-03T18:33:00Z,1788460380000,WYOMING,400 BLOCK OF 54TH ST SW,FRAUD,Police,WYOMING POLICE,,
2,2026-09-03T18:36:00Z,1788460560000,KENTWOOD,4000 BLOCK OF PARK EAST CT SE,FIRE ALARM,Fire,KENTWOOD FIRE,,
1,2026-09-03T18:38:00Z,1788460680000,GRANDVILLE,3200 BLOCK OF GABLE ST SW,ROBBERY,Police,GRANDVILLE POLICE,,
2,2026-09-03T18:40:00Z,1788460800000,GRANDVILLE,4300 BLOCK OF PIUTE DR SW,PARKING VIOLATION,Police,GRANDVILLE POLICE,,
1,2026-09-03T18:49:00Z,1788461340000,CEDAR SPRINGS,WHITE CREEK AVE NE / 17 MILE RD NE,VEHICLE CRASH,Police,CEDAR SPRINGS FIRE,,
1,2026-09-03T18:49:00Z,1788461340000,CEDAR SPRINGS,WHITE CREEK AVE NE / 17 MILE RD NE,VEHICLE CRASH,Police,KENT CO SHERIFF,,
3,2026-09-03T18:49:00Z,1788461340000,WYOMING,EASTERN AVE SE / 36TH ST SE,WEAPONS VIOLATION,Police,WYOMING POLICE,,
1,2026-09-03T18:52:00Z,1788461520000,BYRON TWP,200 BLOCK OF 84TH ST SW,BURGLAR ALARM,Police,KENT CO SHERIFF,,
1,2026-09-03T18:56:00Z,1788461760000,SPENCER TWP,12800 BLOCK OF GREGWARE DR NE,MEDICAL EMERGENCY,Fire,SPENCER TWP FIRE,,
5,2026-09-03T19:11:00Z,1788462660000,GRANDVILLE,3600 BLOCK OF IVANREST AVE SW,SUSPICIOUS INCIDENT,Police,GRANDVILLE POLICE,,
4,2026-09-03T19:12:00Z,1788462720000,COURTLAND TWP,5300 BLOCK OF BONASA DR NE,GENERAL ASSIST,Police,KENT CO SHERIFF,,
6,2026-09-03T19:12:00Z,1788462720000,WYOMING,2200 BLOCK OF 29TH ST SW,GENERAL ASSIST,Police,WYOMING POLICE,,
2,2026-09-03T19:16:00Z,1788462960000,KENTWOOD,4300 BLOCK OF 28TH ST SE,911 HANG UP,Police,KENTWOOD POLICE,,
2,2026-09-03T19:16:00Z,1788462960000,WYOMING,2700 BLOCK OF 28TH ST SW,DISORDERLY PERSON,Police,WYOMING POLICE,,
11,2026-09-03T19:18:00Z,1788463080000,WYOMING,LEE ST SW / PARKDALE AVE SW,SUSPICIOUS INCIDENT,Police,WYOMING POLICE,,
1,2026-09-03T19:19:00Z,1788463140000,WYOMING,500 BLOCK OF 36TH ST SW,GENERAL ASSIST,Police,WYOMING POLICE,,
3,2026-09-03T19:31:00Z,1788463860000,PLAINFIELD TWP,4300 BLOCK OF PLAINFIELD AVE NE,SUSPICIOUS INCIDENT,Police,KENT CO SHERIFF,,
3,2026-09-03T19:33:00Z,1788463980000,COURTLAND TWP,8400 BLOCK OF MYERS LAKE AVE NE,GENERAL ASSIST,Police,KENT CO SHERIFF,,
1,2026-09-03T19:35:00Z,1788464100000,GAINES TWP,KALAMAZOO AVE SE / 60TH ST SE,GENERAL ASSIST,Police,KENT CO SHERIFF,,
8,2026-09-03T19:39:00Z,1788464340000,ALGOMA TWP,14 MILE AT US-131,RECKLESS DRIVER,Police,KENT CO SHERIFF,43.17562456,-85.57549355
1,2026-09-03T19:41:00Z,1788464460000,ALPINE TWP,3800 BLOCK OF FRUIT RIDGE AVE NW,TRESPASSING,Police,KENT CO SHERIFF,,
4,2026-09-03T20:05:00Z,1788465900000,GRAND RAPIDS TWP,700 BLOCK OF GREENBRIER DR SE,WIRE DOWN,Fire,GRAND RAPIDS TWP FIRE,,
2,2026-09-03T20:09:00Z,1788466140000,WYOMING,1300 BLOCK OF 28TH ST SW,MEDICAL EMERGENCY,Fire,WYOMING FIRE,,
3,2026-09-03T20:09:00Z,1788466140000,WYOMING,2300 BLOCK OF NEWSTEAD AVE SW,LOUD NOISE,Police,WYOMING POLICE,,
5,2026-09-03T20:10:00Z,1788466200000,WYOMING,200 BLOCK OF 41ST ST SW,LARCENY,Police,WYOMING POLICE,,
1,2026-09-03T20:11:00Z,1788466260000,KENTWOOD,52ND ST SE / EAST PARIS AVE SE,VEHICLE CRASH,Police,KENTWOOD FIRE,,
1,2026-09-03T20:11:00Z,1788466260000,KENTWOOD,52ND ST SE / EAST PARIS AVE SE,VEHICLE CRASH,Police,KENTWOOD POLICE,,
12,2026-09-03T20:11:00Z,1788466260000,WALKER,US-131 SB TO I-96 WB RAMP,GENERAL ASSIST,Police,WALKER POLICE,43.02261194,-85.66932443
10,2026-09-03T20:18:00Z,1788466680000,SPARTA TWP,1400 BLOCK OF WOODPARK DR NW,WELFARE CHECK,Police,KENT CO SHERIFF,,
3,2026-09-03T20:19:00Z,1788466740000,CEDAR SPRINGS,400 BLOCK OF SARAH ST NE,WELFARE CHECK,Police,KENT CO SHERIFF,,
2,2026-09-03T20:19:00Z,1788466740000,PLAINFIELD TWP,8400 BLOCK OF HERRINGTON AVE NE,WELFARE CHECK,Police,KENT CO SHERIFF,,
1,2026-09-03T20:24:00Z,1788467040000,CASCADE TWP,6500 BLOCK OF 28TH ST SE,MEDICAL EMERGENCY,Fire,CASCADE TWP FIRE,,
14,2026-09-03T20:28:00Z,1788467280000,BYRON TWP,84TH AT US-131,VEHICLE CRASH,Police,KENT CO SHERIFF,42.81171768,-85.66882719
1,2026-09-03T20:33:00Z,1788467580000,WALKER,4400 BLOCK OF RIVERBEND DR SW,FRAUD,Police,WALKER POLICE,,
3,2026-09-03T20:33:00Z,1788467580000,WYOMING,400 BLOCK OF MAE-THY ST SE,RECKLESS DRIVER,Police,WYOMING POLICE,,
7,2026-09-03T20:42:00Z,1788468120000,GAINES TWP,1000 BLOCK OF WOODFIELD EAST DR SE,VEHICLE CRASH,Police,KENT CO SHERIFF,,
3,2026-09-03T20:44:00Z,1788468240000,PLAINFIELD TWP,6000 BLOCK OF CHAUNCEY DR NE,FRAUD,Police,KENT CO SHERIFF,,
1,2026-09-03T20:45:00Z,1788468300000,ALPINE TWP,5100 BLOCK OF STRAWBERRY PINES AVE NW,MEDICAL EMERGENCY,Fire,ALPINE TWP FIRE,,
13,2026-09-03T20:49:00Z,1788468540000,OAKFIELD TWP,9300 BLOCK OF ASHLEY AVE NE,WELFARE CHECK,Police,KENT CO SHERIFF,,
4,2026-09-03T20:50:00Z,1788468600000,WYOMING,0 BLOCK OF FRONTENAC ST SE,ANIMAL INCIDENT,Police,ANIMAL CONTROL,,
1,2026-09-03T20:50:00Z,1788468600000,EAST GRAND RAPIDS,600 BLOCK OF MANHATTAN RD SE,FRAUD,Police,EAST GRAND RAPIDS POLICE,,
12,2026-09-03T20:51:00Z,1788468660000,LOWELL,100 BLOCK OF VALLEY VISTA DR SE,HARASSMENT,Police,LOWELL POLICE,,
2,2026-09-03T20:54:00Z,1788468840000,WYOMING,1600 BLOCK OF 36TH ST SW,LARCENY,Police,WYOMING POLICE,,
2,2026-09-03T20:57:00Z,1788469020000,WALKER,3400 BLOCK OF ALPINE AVE NW,FRAUD,Police,WALKER POLICE,,
1,2026-09-03T21:01:00Z,1788469260000,GAINES TWP,KALAMAZOO AVE SE / 68TH ST SE,VEHICLE CRASH,Police,KENT CO SHERIFF,,
1,2026-09-03T21:05:00Z,1788469500000,WYOMING,3200 BLOCK OF S DIVISION AVE,911 HANG UP,Police,WYOMING POLICE,,
12,2026-09-03T21:11:00Z,1788469860000,SOLON TWP,13800 BLOCK OF PRIMROSE LN NE,INJUNCTIVE VIOLATION,Police,KENT CO SHERIFF,,
4,2026-09-03T21:17:00Z,1788470220000,BYRON TWP,7100 BLOCK OF LAKE VISTA DR SW,MEDICAL EMERGENCY,Fire,BYRON TWP FIRE,,
1,2026-09-03T21:19:00Z,1788470340000,SPARTA,200 BLOCK OF E GARDNER ST NW,SUSPICIOUS INCIDENT,Police,SPARTA POLICE,,
3,2026-09-03T21:19:00Z,1788470340000,WYOMING,TAFT AVE SW / 30TH ST SW,WIRE DOWN,Fire,WYOMING FIRE,,
1,2026-09-03T21:22:00Z,1788470520000,KENTWOOD,4000 BLOCK OF BROADMOOR AVE SE,BURGLAR ALARM,Police,KENTWOOD POLICE,,
6,2026-09-03T21:23:00Z,1788470580000,KENTWOOD,2400 BLOCK OF BROOK DR SE,WELFARE CHECK,Police,KENTWOOD POLICE,,
13,2026-09-03T21:25:00Z,1788470700000,KENTWOOD,I-96 WB AT FOREST HILL,VEHICLE CRASH,Police,KENTWOOD POLICE,42.92911366,-85.55972756
5,2026-09-03T21:35:00Z,1788471300000,GAINES TWP,100 BLOCK OF 68TH ST SE,WELFARE CHECK,Police,KENT CO SHERIFF,,
11,2026-09-03T21:35:00Z,1788471300000,BYRON TWP,2200 BLOCK OF 84TH ST SW,LARCENY,Police,KENT CO SHERIFF,,
3,2026-09-03T21:37:00Z,1788471420000,GRAND RAPIDS TWP,700 BLOCK OF FOREST HILL AVE SE,FIRE ALARM,Fire,GRAND RAPIDS TWP FIRE,,
1,2026-09-03T21:37:00Z,1788471420000,GRANDVILLE,3400 BLOCK OF WILSON AVE SW,DISORDERLY PERSON,Police,GRANDVILLE POLICE,,
2,2026-09-03T21:40:00Z,1788471600000,GRAND RAPIDS TWP,700 BLOCK OF FOREST HILL AVE SE,GENERAL ASSIST,Police,KENT CO SHERIFF,,
5,2026-09-03T21:42:00Z,1788471720000,PLAINFIELD TWP,JUPITER AVE NE / WEST RIVER DR NE,VEHICLE CRASH,Police,KENT CO SHERIFF,,
4,2026-09-03T21:42:00Z,1788471720000,WYOMING,5300 BLOCK OF WILSON AVE SW,MEDICAL EMERGENCY,Fire,WYOMING FIRE,,
2,2026-09-03T21:45:00Z,1788471900000,KENTWOOD,4300 BLOCK OF BROCKTON DR SE,BURGLAR ALARM,Police,KENTWOOD POLICE,,
4,2026-09-03T21:46:00Z,1788471960000,KENTWOOD,4300 BLOCK OF WALNUT HILLS DR SE,WELFARE CHECK,Police,KENTWOOD POLICE,,
1,2026-09-03T21:50:00Z,1788472200000,EAST GRAND RAPIDS,2800 BLOCK OF PIONEER CLUB RD SE,TRAFFIC HAZARD,Police,EAST GRAND RAPIDS POLICE,,
3,2026-09-03T21:52:00Z,1788472320000,ALGOMA TWP,14 MILE RD NE / WHITE CREEK AVE NE,VEHICLE CRASH,Police,KENT CO SHERIFF,,
2,2026-09-03T21:53:00Z,1788472380000,WYOMING,32ND ST SW / BUCHANAN AVE SW,VEHICLE CRASH,Police,WYOMING POLICE,,
4,2026-09-03T21:54:00Z,1788472440000,GRAND RAPIDS TWP,2100 BLOCK OF CELADON DR NE,CARBON MONOXIDE INVESTIGATION,Fire,GRAND RAPIDS TWP FIRE,,
1,2026-09-03T21:55:00Z,1788472500000,KENTWOOD,4900 BLOCK OF MILDRED AVE SE,MEDICAL EMERGENCY,Fire,KENTWOOD FIRE,,
1,2026-09-03T21:57:00Z,1788472620000,KENTWOOD,2500 BLOCK OF BRETON WOODS DR SE,MEDICAL EMERGENCY,Fire,KENTWOOD FIRE,,
2,2026-09-03T21:57:00Z,1788472620000,WYOMING,32ND ST SW / BUCHANAN AVE SW,MEDICAL EMERGENCY,Fire,WYOMING FIRE,,
9,2026-09-03T21:59:00Z,1788472740000,WYOMING,300 BLOCK OF HOLLY ST SW,WELFARE CHECK,Police,WYOMING POLICE,,
6,2026-09-03T22:07:00Z,1788473220000,WYOMING,400 BLOCK OF 54TH ST SW,DISORDERLY PERSON,Police,WYOMING POLICE,,
1,2026-09-03T22:09:00Z,1788473340000,GRANDVILLE,44TH ST / KENOWA AVE SW,WELFARE CHECK,Police,GRANDVILLE POLICE,,
16,2026-09-03T22:14:00Z,1788473640000,GAINES TWP,M-6 EB EO KALAMAZOO,VEHICLE CRASH,Police,KENT CO SHERIFF,42.8470121,-85.62349606
5,2026-09-03T22:17:00Z,1788473820000,GAINES TWP,EDGEKNOLL DR SE / KALAMAZOO AVE SE,VEHICLE CRASH,Police,KENT CO SHERIFF,,
1,2026-09-03T22:18:00Z,1788473880000,ADA TWP,6900 BLOCK OF RIX ST SE,MEDICAL EMERGENCY,Fire,ADA TWP FIRE,,
7,2026-09-03T22:19:00Z,1788473940000,WYOMING,5900 BLOCK OF BYRON CENTER AVE SW,LARCENY,Police,WYOMING POLICE,,
2,2026-09-03T22:22:00Z,1788474120000,BYRON TWP,7900 BLOCK OF CLYDE PARK AVE SW,MEDICAL EMERGENCY,Fire,BYRON TWP FIRE,,
3,2026-09-03T22:22:00Z,1788474120000,KENTWOOD,4300 BLOCK OF WALNUT HILLS DR SE,MEDICAL EMERGENCY,Fire,KENTWOOD FIRE,,
3,2026-09-03T22:24:00Z,1788474240000,GAINES TWP,1200 BLOCK OF COBB DR SE,SUSPICIOUS INCIDENT,Police,KENT CO SHERIFF,,
1,2026-09-03T22:27:00Z,1788474420000,KENTWOOD,4700 BLOCK OF WRIGHTWIND DR SE,MISC FIRE,Fire,KENTWOOD FIRE,,
17,2026-09-03T22:29:00Z,1788474540000,WALKER,I-96 WB TO ALPINE NB RAMP,VEHICLE CRASH,Police,WALKER POLICE,43.01743863,-85.68643142
1,2026-09-03T22:30:00Z,1788474600000,WALKER,3200 BLOCK OF ALPINE AVE NW,FIRE ALARM,Fire,WALKER FIRE,,
7,2026-09-03T22:33:00Z,1788474780000,WALKER,3900 BLOCK OF RIVERBEND DR SW,OBSCENITY,Police,WALKER POLICE,,
4,2026-09-03T22:34:00Z,1788474840000,WYOMING,1100 BLOCK OF WHEELER ST SW,LOUD NOISE,Police,WYOMING POLICE,,
5,2026-09-03T22:34:00Z,1788474840000,WYOMING,4500 BLOCK OF HALIFAX AVE SW,DISORDERLY PERSON,Police,WYOMING POLICE,,
2,2026-09-03T22:36:00Z,1788474960000,GRANDVILLE,3300 BLOCK OF 28TH ST SW,DISORDERLY PERSON,Police,GRANDVILLE POLICE,,
5,2026-09-03T22:37:00Z,1788475020000,KENTWOOD,4600 BLOCK OF 28TH ST SE,ASSAULT,Police,KENTWOOD POLICE,,
1,2026-09-03T22:37:00Z,1788475020000,VERGENNES TWP,11700 BLOCK OF FOREMAN ST SE,MEDICAL EMERGENCY,Fire,LOWELL AREA FIRE,,
1,2026-09-03T22:41:00Z,1788475260000,WYOMING,3000 BLOCK OF PERRY AVE SW,MEDICAL EMERGENCY,Fire,WYOMING FIRE,,
3,2026-09-03T22:48:00Z,1788475680000,KENTWOOD,4400 BLOCK OF EASTERN AVE SE,LOITERING,Police,KENTWOOD POLICE,,
6,2026-09-03T22:49:00Z,1788475740000,ALPINE TWP,10 MILE RD NW / FRUIT RIDGE AVE NW,VEHICLE CRASH,Police,KENT CO SHERIFF,,
7,2026-09-03T22:50:00Z,1788475800000,ALPINE TWP,4800 BLOCK OF HAYES ST NW,GENERAL ASSIST,Police,KENT CO SHERIFF,,
1,2026-09-03T22:53:00Z,1788475980000,ROCKFORD,300 BLOCK OF LEWIS ST NE,FIRE INVESTIGATION,Fire,ROCKFORD FIRE,,
2,2026-09-03T22:53:00Z,1788475980000,ROCKFORD,300 BLOCK OF LEWIS ST NE,GENERAL ASSIST,Police,ROCKFORD POLICE,,
1,2026-09-03T22:56:00Z,1788476160000,KENTWOOD,PATTERSON AVE SE / 44TH ST SE,WELFARE CHECK,Police,KENTWOOD POLICE,,
3,2026-09-03T22:56:00Z,1788476160000,KENTWOOD,PATTERSON AVE SE / 44TH ST SE,GENERAL ASSIST,Police,KENTWOOD POLICE,,
1,2026-09-03T23:03:00Z,1788476580000,CALEDONIA TWP,7800 BLOCK OF THORNRIDGE LN SE,MEDICAL EMERGENCY,Fire,CALEDONIA TWP FIRE,,
2,2026-09-03T23:03:00Z,1788476580000,WALKER,300 BLOCK OF WILSON AVE NW,FRAUD,Police,WALKER POLICE,,
2,2026-09-03T23:13:00Z,1788477180000,PLAINFIELD TWP,1800 BLOCK OF HOUSE ST NE,FRAUD,Police,KENT CO SHERIFF,,
1,2026-09-03T23:16:00Z,1788477360000,GRAND RAPIDS TWP,700 BLOCK OF FOREST HILL AVE SE,FIRE ALARM,Fire,GRAND RAPIDS TWP FIRE,,
1,2026-09-03T23:19:00Z,1788477540000,PLAINFIELD TWP,4200 BLOCK OF 7 MILE RD NE,GENERAL ASSIST,Police,KENT CO SHERIFF,,
15,2026-09-03T23:25:00Z,1788477900000,WYOMING,US-131 SB TO 44TH RAMP,VEHICLE CRASH,Police,WYOMING POLICE,42.88525113,-85.6808387
1,2026-09-03T23:35:00Z,1788478500000,PLAINFIELD TWP,4300 BLOCK OF MILLPOND DR NE,MEDICAL EMERGENCY,Fire,PLAINFIELD TWP FIRE,,
3,2026-09-03T23:40:00Z,1788478800000,CANNON TWP,6200 BLOCK OF CANNONSBURG RD NE,WELFARE CHECK,Police,KENT CO SHERIFF,,
3,2026-09-03T23:45:00Z,1788479100000,GRAND RAPIDS TWP,DEAN LAKE AVE NE / JUPITER AVE NE,DEER PERMIT,Police,KENT CO SHERIFF,,
1,2026-09-03T23:46:00Z,1788479160000,KENTWOOD,52ND ST SE / BRETON AVE SE,VEHICLE CRASH,Police,KENTWOOD FIRE,,
2,2026-09-03T23:46:00Z,1788479160000,KENTWOOD,52ND ST SE / BRETON AVE SE,VEHICLE CRASH,Police,KENTWOOD POLICE,,
2,2026-09-03T23:50:00Z,1788479400000,WYOMING,600 BLOCK OF 36TH ST SE,BURGLAR ALARM,Police,WYOMING POLICE,,
1,2026-09-03T23:53:00Z,1788479580000,KENTWOOD,3300 BLOCK OF NATURE VIEW DR SE,FIRE ALARM,Fire,KENTWOOD FIRE,,
4,2026-09-03T23:59:00Z,1788479940000,KENTWOOD,3300 BLOCK OF 36TH ST SE,ASSAULT,Police,KENTWOOD POLICE,,
5,2026-09-04T00:24:00Z,1788481440000,KENTWOOD,3100 BLOCK OF WOODBRIDGE DR SE,BARKING DOG,Police,KENTWOOD POLICE,,
2,2026-09-04T00:25:00Z,1788481500000,WYOMING,5600 BLOCK OF CLYDE PARK AVE SW,FRAUD,Police,WYOMING POLICE,,
1,2026-09-04T00:27:00Z,1788481620000,WYOMING,28TH ST SW / CLYDE PARK AVE SW,GENERAL ASSIST,Police,WYOMING POLICE,,
1,2026-09-04T00:28:00Z,1788481680000,KENTWOOD,4400 BLOCK OF KALAMAZOO AVE SE,WEAPONS VIOLATION,Police,KENTWOOD POLICE,,
2,2026-09-04T00:30:00Z,1788481800000,KENTWOOD,1700 BLOCK OF 44TH ST SE,DISORDERLY PERSON,Police,KENTWOOD POLICE,,
2,2026-09-04T00:41:00Z,1788482460000,BYRON TWP,BELVEDERE ST SW / MAPLE CREEK LN SW,WEAPONS VIOLATION,Police,KENT CO SHERIFF,,
1,2026-09-04T00:46:00Z,1788482760000,ROCKFORD,100 BLOCK OF S FREMONT ST NE,SUSPICIOUS INCIDENT,Police,ROCKFORD POLICE,,
1,2026-09-04T00:48:00Z,1788482880000,GAINES TWP,300 BLOCK OF S KENBROOK ST SE,MEDICAL EMERGENCY,Fire,GAINES TWP FIRE,,
1,2026-09-04T01:04:00Z,1788483840000,WYOMING,0 BLOCK OF EXCHANGE ST SE,SUSPICIOUS INCIDENT,Police,WYOMING POLICE,,
1,2026-09-04T01:16:00Z,1788484560000,WALKER,2400 BLOCK OF ALPINE AVE NW,DISORDERLY PERSON,Police,WALKER POLICE,,
3,2026-09-04T01:18:00Z,1788484680000,LOWELL,400 BLOCK OF N CENTER ST SE,LARCENY,Police,LOWELL POLICE,,
1,2026-09-04T01:19:00Z,1788484740000,KENTWOOD,5800 BLOCK OF RIDGEBROOK AVE SE,FIRE INVESTIGATION,Fire,KENTWOOD FIRE,,
6,2026-09-04T01:23:00Z,1788484980000,CASCADE TWP,I-96 EB WO M-6,VEHICLE CRASH,Police,KENT CO SHERIFF,42.888862,-85.49500055
1,2026-09-04T01:27:00Z,1788485220000,PLAINFIELD TWP,6800 BLOCK OF SAMRICK AVE NE,FOUND PROPERTY,Police,KENT CO SHERIFF,,
1,2026-09-04T01:34:00Z,1788485640000,KENTWOOD,300 BLOCK OF 58TH ST SE,MEDICAL EMERGENCY,Fire,KENTWOOD FIRE,,
1,2026-09-04T01:40:00Z,1788486000000,EAST GRAND RAPIDS,2200 BLOCK OF LAKE DR SE,GENERAL ASSIST,Police,EAST GRAND RAPIDS POLICE,,
2,2026-09-04T01:49:00Z,1788486540000,WALKER,400 BLOCK OF ROLLING GREENE DR NW,WELFARE CHECK,Police,WALKER POLICE,,
1,2026-09-04T01:51:00Z,1788486660000,BYRON TWP,300 BLOCK OF N HAREWOOD DR SW,MISSING PERSON,Police,KENT CO SHERIFF,,
1,2026-09-04T01:51:00Z,1788486660000,KENT CITY,400 BLOCK OF N MAIN ST NW,VEHICLE CRASH,Police,KENT CO SHERIFF,,
5,2026-09-04T01:51:00Z,1788486660000,WALKER,2200 BLOCK OF OBRIEN ST SW,SUSPICIOUS INCIDENT,Police,WALKER POLICE,,
9,2026-09-04T01:59:00Z,1788487140000,WALKER,WALKER AVE NW / 4 MILE RD NW,VEHICLE CRASH,Police,WALKER POLICE,,
2,2026-09-04T02:02:00Z,1788487320000,CEDAR SPRINGS,400 BLOCK OF S MAIN ST NE,MEDICAL EMERGENCY,Fire,CEDAR SPRINGS FIRE,,
2,2026-09-04T02:02:00Z,1788487320000,ADA TWP,1000 BLOCK OF AUTUMNRIDGE DR NE,BURGLAR ALARM,Police,KENT CO SHERIFF,,
1,2026-09-04T02:05:00Z,1788487500000,BYRON TWP,8000 BLOCK OF BYRON CENTER AVE SW,MEDICAL EMERGENCY,Fire,BYRON TWP FIRE,,
1,2026-09-04T02:09:00Z,1788487740000,BYRON TWP,300 BLOCK OF 100TH ST SW,GENERAL ASSIST,Police,KENT CO SHERIFF,,
2,2026-09-04T02:14:00Z,1788488040000,GRANDVILLE,3900 BLOCK OF OAKES ST SW,VEHICLE CRASH,Police,GRANDVILLE POLICE,,
1,2026-09-04T02:16:00Z,1788488160000,EAST GRAND RAPIDS,800 BLOCK OF LAKESIDE DR SE,PROPERTY CHECK,Police,EAST GRAND RAPIDS POLICE,,
5,2026-09-04T02:17:00Z,1788488220000,WALKER,4600 BLOCK OF LAKE MICHIGAN DR NW,BURGLAR ALARM,Police,WALKER POLICE,,
1,2026-09-04T02:19:00Z,1788488340000,CANNON TWP,9500 BLOCK OF BELDING RD NE,MEDICAL EMERGENCY,Fire,CANNON TWP FIRE,,
4,2026-09-04T02:19:00Z,1788488340000,GAINES TWP,6100 BLOCK OF KALAMAZOO AVE SE,SUSPICIOUS INCIDENT,Police,KENT CO SHERIFF,,
4,2026-09-04T02:19:00Z,1788488340000,WYOMING,2000 BLOCK OF PRAIRIE PKWY SW,911 HANG UP,Police,WYOMING POLICE,,
4,2026-09-04T02:19:00Z,1788488340000,WYOMING,PRAIRIE PKWY ACCESS,911 HANG UP,Police,WYOMING POLICE,,
2,2026-09-04T02:23:00Z,1788488580000,KENTWOOD,600 BLOCK OF 56TH ST SE,FIRE INVESTIGATION,Fire,KENTWOOD FIRE,,
9,2026-09-04T02:25:00Z,1788488700000,WYOMING,4000 BLOCK OF PIER LIGHT DR SW,LOUD NOISE,Police,WYOMING POLICE,,
1,2026-09-04T02:26:00Z,1788488760000,WYOMING,3600 BLOCK OF OAK VALLEY AVE SW,MEDICAL EMERGENCY,Fire,WYOMING FIRE,,
1,2026-09-04T02:28:00Z,1788488880000,PLAINFIELD TWP,6900 BLOCK OF RAVENWOOD LN NE,MEDICAL EMERGENCY,Fire,PLAINFIELD TWP FIRE,,
1,2026-09-04T02:33:00Z,1788489180000,WYOMING,2300 BLOCK OF BYRON CENTER AVE SW,BURGLAR ALARM,Police,WYOMING POLICE,,
1,2026-09-04T02:43:00Z,1788489780000,ALPINE TWP,4000 BLOCK OF CHILDS AVE NW,BURGLARY,Police,KENT CO SHERIFF,,
5,2026-09-04T02:50:00Z,1788490200000,EAST GRAND RAPIDS,900 BLOCK OF ORCHARD AVE SE,LOUD NOISE,Police,EAST GRAND RAPIDS POLICE,,
3,2026-09-04T02:53:00Z,1788490380000,BYRON TWP,200 BLOCK OF CARRIAGE LN SW,MEDICAL EMERGENCY,Fire,BYRON TWP FIRE,,
4,2026-09-04T02:53:00Z,1788490380000,KENTWOOD,4400 BLOCK OF FOREST WAY DR SE,MEDICAL EMERGENCY,Fire,KENTWOOD FIRE,,
2,2026-09-04T02:55:00Z,1788490500000,BYRON TWP,2100 BLOCK OF 84TH ST SW,MEDICAL EMERGENCY,Fire,BYRON TWP FIRE,,
2,2026-09-04T02:57:00Z,1788490620000,GRANDVILLE,4600 BLOCK OF WILSON AVE SW,RECKLESS DRIVER,Police,GRANDVILLE POLICE,,
1,2026-09-04T02:58:00Z,1788490680000,WALKER,3400 BLOCK OF 3 MILE RD NW,BURGLAR ALARM,Police,WALKER POLICE,,
1,2026-09-04T03:00:00Z,1788490800000,WYOMING,3700 BLOCK OF 52ND ST SW,GENERAL ASSIST,Police,WYOMING POLICE,,
1,2026-09-04T03:03:00Z,1788490980000,WYOMING,300 BLOCK OF 36TH ST SW,FIRE ALARM,Fire,WYOMING FIRE,,
4,2026-09-04T03:06:00Z,1788491160000,PLAINFIELD TWP,3900 BLOCK OF WEST RIVER DR NE,WELFARE CHECK,Police,KENT CO SHERIFF,,
3,2026-09-04T03:07:00Z,1788491220000,SOLON TWP,3600 BLOCK OF 17 MILE RD NE,MEDICAL EMERGENCY,Fire,SOLON TWP FIRE,,
6,2026-09-04T03:09:00Z,1788491340000,LOWELL,1500 BLOCK OF CAROL LYNNE DR SE,SUSPICIOUS INCIDENT,Police,LOWELL POLICE,,
2,2026-09-04T03:15:00Z,1788491700000,WYOMING,4100 BLOCK OF MADISON AVE SE,MEDICAL EMERGENCY,Fire,WYOMING FIRE,,
1,2026-09-04T03:17:00Z,1788491820000,WYOMING,HUBAL AVE SW / 36TH ST SW,SUSPICIOUS INCIDENT,Police,WYOMING POLICE,,
2,2026-09-04T03:20:00Z,1788492000000,WYOMING,3000 BLOCK OF BURLINGAME AVE SW,WELFARE CHECK,Police,WYOMING POLICE,,
1,2026-09-04T03:22:00Z,1788492120000,GAINES TWP,100 BLOCK OF NORTHBROOK ST SE,MISSING PERSON,Police,KENT CO SHERIFF,,
1,2026-09-04T03:22:00Z,1788492120000,WYOMING,2100 BLOCK OF BURLINGAME AVE SW,MEDICAL EMERGENCY,Fire,WYOMING FIRE,,
3,2026-09-04T03:22:00Z,1788492120000,WYOMING,3000 BLOCK OF BURLINGAME AVE SW,MEDICAL EMERGENCY,Fire,WYOMING FIRE,,
1,2026-09-04T03:27:00Z,1788492420000,EAST GRAND RAPIDS,1400 BLOCK OF PINECREST AVE SE,MEDICAL EMERGENCY,Fire,EAST GRAND RAPIDS FIRE,,
1,2026-09-04T03:30:00Z,1788492600000,GRANDVILLE,3500 BLOCK OF 40TH ST SW,CARBON MONOXIDE INVESTIGATION,Fire,GRANDVILLE FIRE,,
1,2026-09-04T03:37:00Z,1788493020000,GAINES TWP,300 BLOCK OF 68TH ST SE,GENERAL ASSIST,Police,KENT CO SHERIFF,,
1,2026-09-04T03:46:00Z,1788493560000,GRANDVILLE,3800 BLOCK OF RIVERTOWN PKWY SW,BURGLAR ALARM,Police,GRANDVILLE POLICE,,
2,2026-09-04T04:10:00Z,1788495000000,GRANDVILLE,4500 BLOCK OF IVANREST AVE SW,BURGLAR ALARM,Police,GRANDVILLE POLICE,,
3,2026-09-04T04:12:00Z,1788495120000,GRANDVILLE,4300 BLOCK OF INDIAN SPRING DR SW,GENERAL ASSIST,Police,GRANDVILLE POLICE,,
1,2026-09-04T04:13:00Z,1788495180000,KENTWOOD,4700 BLOCK OF N BRETON CT SE,911 HANG UP,Police,KENTWOOD POLICE,,
1,2026-09-04T04:20:00Z,1788495600000,WYOMING,0 BLOCK OF 28TH ST SW,MEDICAL EMERGENCY,Fire,WYOMING FIRE,,
1,2026-09-04T04:20:00Z,1788495600000,WYOMING,1200 BLOCK OF OAKCREST ST SW,MEDICAL EMERGENCY,Fire,WYOMING FIRE,,
6,2026-09-04T04:22:00Z,1788495720000,BYRON TWP,M-6 WB EO BYRON CENTER,VEHICLE CRASH,Police,BYRON TWP FIRE,42.85303769,-85.72057353
3,2026-09-04T04:31:00Z,1788496260000,PLAINFIELD TWP,5700 BLOCK OF BEYHILL DR NE,FIRE ALARM,Fire,PLAINFIELD TWP FIRE,,
2,2026-09-04T04:34:00Z,1788496440000,ALPINE TWP,LAMOREAUX DR NW / ALPENHORN DR NW,TRAFFIC VIOLATION,Police,KENT CO SHERIFF,,
2,2026-09-04T04:38:00Z,1788496680000,ROCKFORD,300 BLOCK OF INDUSTRIAL DR NE,MEDICAL EMERGENCY,Fire,ROCKFORD FIRE,,
1,2026-09-04T04:39:00Z,1788496740000,ROCKFORD,300 BLOCK OF INDUSTRIAL DR NE,GENERAL ASSIST,Police,ROCKFORD POLICE,,
1,2026-09-04T04:43:00Z,1788496980000,KENTWOOD,2700 BLOCK OF EAST BELTLINE AVE SE,OBSCENITY,Police,KENTWOOD POLICE,,
1,2026-09-04T04:46:00Z,1788497160000,KENTWOOD,4000 BLOCK OF LAKE DR SE,BURGLAR ALARM,Police,KENTWOOD POLICE,,
1,2026-09-04T04:56:00Z,1788497760000,WYOMING,0 BLOCK OF 28TH ST SW,MEDICAL EMERGENCY,Fire,WYOMING FIRE,,
2,2026-09-04T04:57:00Z,1788497820000,ALPINE TWP,4400 BLOCK OF FINK AVE NW,MISSING PERSON,Police,KENT CO SHERIFF,,
1,2026-09-04T05:07:00Z,1788498420000,SAND LAKE,100 BLOCK OF 8TH ST NE,SUSPICIOUS INCIDENT,Police,KENT CO SHERIFF,,
1,2026-09-04T05:22:00Z,1788499320000,GRAND RAPIDS TWP,EAST BELTLINE AVE NE / (SO)KNAPP ST NE,GENERAL ASSIST,Police,KENT CO SHERIFF,,
1,2026-09-04T05:26:00Z,1788499560000,GAINES TWP,300 BLOCK OF 68TH ST SE,DISORDERLY PERSON,Police,KENT CO SHERIFF,,
1,2026-09-04T05:33:00Z,1788499980000,ALPINE TWP,3800 BLOCK OF YORKLAND DR NW,911 HANG UP,Police,KENT CO SHERIFF,,
1,2026-09-04T06:01:00Z,1788501660000,BYRON TWP,1900 BLOCK OF PORTADOWN RD SW,SUSPICIOUS INCIDENT,Police,KENT CO SHERIFF,,
3,2026-09-04T06:03:00Z,1788501780000,SPARTA TWP,M-37 / 13 MILE RD NW,TRAFFIC VIOLATION,Police,KENT CO SHERIFF,,
2,2026-09-04T06:30:00Z,1788503400000,CANNON TWP,6100 BLOCK OF BELDING RD NE,ABANDONED VEHICLE,Police,KENT CO SHERIFF,,
1,2026-09-04T06:33:00Z,1788503580000,CEDAR SPRINGS,400 BLOCK OF S MAIN ST NE,MEDICAL EMERGENCY,Fire,CEDAR SPRINGS FIRE,,
1,2026-09-04T06:33:00Z,1788503580000,WYOMING,2600 BLOCK OF NEWSTEAD AVE SW,SUSPICIOUS INCIDENT,Police,WYOMING POLICE,,
2,2026-09-04T06:45:00Z,1788504300000,LOWELL TWP,11500 BLOCK OF E FULTON ST,MEDICAL EMERGENCY,Fire,LOWELL AREA FIRE,,
1,2026-09-04T06:50:00Z,1788504600000,GRANDVILLE,4400 BLOCK OF KENOWA AVE SW,LOITERING,Police,GRANDVILLE POLICE,,
1,2026-09-04T07:11:00Z,1788505860000,WYOMING,0 BLOCK OF 28TH ST SW,FRAUD,Police,WYOMING POLICE,,
1,2026-09-04T07:27:00Z,1788506820000,WYOMING,2200 BLOCK OF METRO LN SW,FIRE ALARM,Fire,WYOMING FIRE,,
1,2026-09-04T07:46:00Z,1788507960000,WALKER,1100 BLOCK OF 4 MILE RD NW,MEDICAL EMERGENCY,Fire,WALKER FIRE,,
1,2026-09-04T07:54:00Z,1788508440000,BYRON TWP,7100 BLOCK OF PRESTONBURG DR SW,MEDICAL EMERGENCY,Fire,BYRON TWP FIRE,,
1,2026-09-04T08:00:00Z,1788508800000,CANNON TWP,8200 BLOCK OF RUM CREEK TRL NE,FIRE ALARM,Fire,CANNON TWP FIRE,,
1,2026-09-04T08:14:00Z,1788509640000,BYRON TWP,500 BLOCK OF 68TH ST SW,TRAFFIC VIOLATION,Police,KENT CO SHERIFF,,
1,2026-09-04T08:56:00Z,1788512160000,LOWELL,2000 BLOCK OF W MAIN ST SE,BURGLAR ALARM,Police,LOWELL POLICE,,
1,2026-09-04T09:13:00Z,1788513180000,SPENCER TWP,12600 BLOCK OF MASTON LAKE DR NE,WIRE DOWN,Fire,SPENCER TWP FIRE,,
1,2026-09-04T09:18:00Z,1788513480000,WYOMING,5300 BLOCK OF VILLAGE DR SW,911 HANG UP,Police,WYOMING POLICE,,
1,2026-09-04T09:18:00Z,1788513480000,WYOMING,800 BLOCK OF LEISURE DR SW,911 HANG UP,Police,WYOMING POLICE,,
1,2026-09-04T09:41:00Z,1788514860000,KENTWOOD,4100 BLOCK OF FOREST CREEK RD SE,MEDICAL EMERGENCY,Fire,KENTWOOD FIRE,,
1,2026-09-04T09:55:00Z,1788515700000,PLAINFIELD TWP,2900 BLOCK OF GRAND ISLE DR NE,FIRE INVESTIGATION,Fire,PLAINFIELD TWP FIRE,,
7,2026-09-04T10:05:00Z,1788516300000,KENTWOOD,44TH ST SE / KALAMAZOO AVE SE,VEHICLE CRASH,Police,KENTWOOD POLICE,,
1,2026-09-04T10:08:00Z,1788516480000,BYRON TWP,6300 BLOCK OF VENTURE HILLS BLVD SW,MEDICAL EMERGENCY,Fire,BYRON TWP FIRE,,
1,2026-09-04T10:08:00Z,1788516480000,BYRON TWP,6300 BLOCK OF VENTURE HILLS BLVD SW,ASSAULT,Police,KENT CO SHERIFF,,
4,2026-09-04T10:10:00Z,1788516600000,BYRON TWP,8300 BLOCK OF PFEIFFER FARMS DR SW,DAMAGE TO PROPERTY,Police,KENT CO SHERIFF,,
2,2026-09-04T10:29:00Z,1788517740000,CEDAR SPRINGS,300 BLOCK OF W MUSKEGON ST NE,MEDICAL EMERGENCY,Fire,CEDAR SPRINGS FIRE,,
1,2026-09-04T10:32:00Z,1788517920000,PLAINFIELD TWP,3800 BLOCK OF HILLTOP PL NE,MEDICAL EMERGENCY,Fire,PLAINFIELD TWP FIRE,,
1,2026-09-04T10:36:00Z,1788518160000,WYOMING,4500 BLOCK OF CLYDE PARK AVE SW,DAMAGE TO PROPERTY,Police,WYOMING POLICE,,
1,2026-09-04T10:54:00Z,1788519240000,PLAINFIELD TWP,NORTHLAND DR NE / BELDING RD NE,WELFARE CHECK,Police,KENT CO SHERIFF,,
2,2026-09-04T10:55:00Z,1788519300000,PLAINFIELD TWP,3400 BLOCK OF TAMARACK CT NE,MEDICAL EMERGENCY,Fire,PLAINFIELD TWP FIRE,,
2,2026-09-04T10:58:00Z,1788519480000,WALKER,4000 BLOCK OF LAKE MICHIGAN DR NW,GENERAL ASSIST,Police,WALKER POLICE,,
1,2026-09-04T10:59:00Z,1788519540000,ALPINE TWP,200 BLOCK OF 7 MILE RD NW,MEDICAL EMERGENCY,Fire,ALPINE TWP FIRE,,
3,2026-09-04T11:16:00Z,1788520560000,GRANDVILLE,2600 BLOCK OF SANFORD AVE SW,BURGLARY,Police,GRANDVILLE POLICE,,
1,2026-09-04T11:17:00Z,1788520620000,BYRON TWP,10200 BLOCK OF IVANREST AVE SW,MEDICAL EMERGENCY,Fire,BYRON TWP FIRE,,
3,2026-09-04T11:17:00Z,1788520620000,SPARTA TWP,LONG LAKE DR NW / INDIAN LAKES RD NW,VEHICLE CRASH,Police,KENT CO SHERIFF,,
1,2026-09-04T11:17:00Z,1788520620000,WYOMING,2500 BLOCK OF 56TH ST SW,FIRE ALARM,Fire,WYOMING FIRE,,
1,2026-09-04T11:29:00Z,1788521340000,ALPINE TWP,300 BLOCK OF CHASSERAL CT NW,MEDICAL EMERGENCY,Fire,ALPINE TWP FIRE,,
4,2026-09-04T11:48:00Z,1788522480000,GAINES TWP,1100 BLOCK OF 60TH ST SE,GENERAL ASSIST,Police,KENT CO SHERIFF,,
2,2026-09-04T11:52:00Z,1788522720000,CASCADE TWP,6200 BLOCK OF 28TH ST SE,BURGLAR ALARM,Police,KENT CO SHERIFF,,
4,2026-09-04T11:52:00Z,1788522720000,BYRON TWP,7600 BLOCK OF CATERPILLAR CT SW,DAMAGE TO PROPERTY,Police,KENT CO SHERIFF,,
1,2026-09-04T11:52:00Z,1788522720000,LOWELL,400 BLOCK OF N CENTER ST SE,MEDICAL EMERGENCY,Fire,LOWELL AREA FIRE,,
1,2026-09-04T12:02:00Z,1788523320000,KENTWOOD,2700 BLOCK OF 44TH ST SE,MEDICAL EMERGENCY,Fire,KENTWOOD FIRE,,
3,2026-09-04T12:04:00Z,1788523440000,PLAINFIELD TWP,700 BLOCK OF ROCKBLUFF CT NE,MEDICAL EMERGENCY,Fire,PLAINFIELD TWP FIRE,,
1,2026-09-04T12:07:00Z,1788523620000,LOWELL,S HUDSON ST SE / SEGWUN AVE SE,VEHICLE CRASH,Police,KENT CO SHERIFF,,
2,2026-09-04T12:07:00Z,1788523620000,LOWELL TWP,SEGWUN AVE SE / GRAND RIVER DR SE,VEHICLE CRASH,Police,LOWELL AREA FIRE,,
6,2026-09-04T12:08:00Z,1788523680000,WYOMING,800 BLOCK OF 54TH ST SW,DAMAGE TO PROPERTY,Police,WYOMING POLICE,,
1,2026-09-04T12:09:00Z,1788523740000,GRAND RAPIDS,MARTIN LUTHER KING JR ST SE / EASTERN AVE SE,ANIMAL INCIDENT,Police,ANIMAL CONTROL,,
1,2026-09-04T12:09:00Z,1788523740000,GAINES TWP,400 BLOCK OF 68TH ST SE,BURGLAR ALARM,Police,KENT CO SHERIFF,,
1,2026-09-04T12:29:00Z,1788524940000,ROCKFORD,200 BLOCK OF OAK ST NE,WELFARE CHECK,Police,ROCKFORD POLICE,,
2,2026-09-04T12:41:00Z,1788525660000,WALKER,KINNEY AVE NW / REMEMBRANCE RD NW,VEHICLE CRASH,Police,WALKER POLICE,,
1,2026-09-04T12:42:00Z,1788525720000,ALGOMA TWP,2800 BLOCK OF 10 MILE RD NE,MEDICAL EMERGENCY,Fire,ALGOMA TWP FIRE,,
3,2026-09-04T12:51:00Z,1788526260000,GAINES TWP,8600 BLOCK OF KALAMAZOO AVE SE,ANIMAL INCIDENT,Police,ANIMAL CONTROL,,
2,2026-09-04T13:01:00Z,1788526860000,SPARTA TWP,8800 BLOCK OF COUNTRY VIEW DR NW,911 HANG UP,Police,KENT CO SHERIFF,,
1,2026-09-04T13:02:00Z,1788526920000,SPARTA TWP,10500 BLOCK OF FRUIT RIDGE AVE NW,MEDICAL EMERGENCY,Fire,SPARTA FIRE,,
1,2026-09-04T13:08:00Z,1788527280000,WYOMING,4900 BLOCK OF IVANREST AVE SW,FIRE ALARM,Fire,WYOMING FIRE,,
2,2026-09-04T13:20:00Z,1788528000000,LOWELL,400 BLOCK OF W MAIN ST SE,SUSPICIOUS INCIDENT,Police,LOWELL POLICE,,
3,2026-09-04T13:20:00Z,1788528000000,WALKER,4400 BLOCK OF LAKE MICHIGAN DR NW,FRAUD,Police,WALKER POLICE,,
1,2026-09-04T13:24:00Z,1788528240000,WYOMING,1100 BLOCK OF 36TH ST SW,STOLEN VEHICLE,Police,WYOMING POLICE,,
3,2026-09-04T13:25:00Z,1788528300000,CALEDONIA TWP,10100 BLOCK OF EAST RIVER SHORE DR SE,MEDICAL EMERGENCY,Fire,CALEDONIA TWP FIRE,,
2,2026-09-04T13:26:00Z,1788528360000,CALEDONIA TWP,7500 BLOCK OF HOMETOWN CT SE,MEDICAL EMERGENCY,Fire,CALEDONIA TWP FIRE,,
1,2026-09-04T13:32:00Z,1788528720000,BYRON TWP,7600 BLOCK OF CATERPILLAR CT SW,LARCENY,Police,KENT CO SHERIFF,,
3,2026-09-04T13:33:00Z,1788528780000,WYOMING,5400 BLOCK OF EAGLE GLEN AVE SW,FIRE ALARM,Fire,WYOMING FIRE,,
3,2026-09-04T13:33:00Z,1788528780000,WYOMING,1700 BLOCK OF PLAS ST SW,LARCENY,Police,WYOMING POLICE,,
2,2026-09-04T13:41:00Z,1788529260000,CALEDONIA TWP,8500 BLOCK OF 108TH ST SE,MISC FIRE,Fire,CALEDONIA TWP FIRE,,
3,2026-09-04T13:44:00Z,1788529440000,GRAND RAPIDS,1700 BLOCK OF STEELE AVE SW,ANIMAL INCIDENT,Police,ANIMAL CONTROL,,
1,2026-09-04T13:52:00Z,1788529920000,ALPINE TWP,HENZE ST NW / ALPINE AVE NW,GENERAL ASSIST,Police,KENT CO SHERIFF,,
2,2026-09-04T13:52:00Z,1788529920000,WYOMING,1400 BLOCK OF GODFREY AVE SW,DAMAGE TO PROPERTY,Police,WYOMING POLICE,,
1,2026-09-04T13:56:00Z,1788530160000,KENTWOOD,3300 BLOCK OF 28TH ST SE,DISORDERLY PERSON,Police,KENTWOOD POLICE,,
11,2026-09-04T14:01:00Z,1788530460000,GAINES TWP,6100 BLOCK OF EAST PARIS AVE SE,VEHICLE INSPECTION,Police,KENT CO SHERIFF,,
5,2026-09-04T14:09:00Z,1788530940000,KENTWOOD,2900 BLOCK OF 32ND ST SE,LARCENY,Police,KENTWOOD POLICE,,
1,2026-09-04T14:11:00Z,1788531060000,GRANDVILLE,WILSON AVE SW / PRAIRIE ST SW,GENERAL ASSIST,Police,GRANDVILLE POLICE,,
1,2026-09-04T14:18:00Z,1788531480000,GRAND RAPIDS TWP,2300 BLOCK OF ROBINSON RD SE,FIRE ALARM,Fire,GRAND RAPIDS TWP FIRE,,
1,2026-09-04T14:23:00Z,1788531780000,ALPINE TWP,4 MILE RD NW / ALPINE AVE NW,BROADCAST,Police,KENT CO SHERIFF,,
2,2026-09-04T14:24:00Z,1788531840000,GAINES TWP,3800 BLOCK OF COBBLEFIELD CIR SE,MEDICAL EMERGENCY,Fire,GAINES TWP FIRE,,
1,2026-09-04T14:24:00Z,1788531840000,GAINES TWP,3800 BLOCK OF COBBLEFIELD CIR SE,BROADCAST,Police,KENT CO SHERIFF,,
6,2026-09-04T14:31:00Z,1788532260000,BYRON TWP,6600 BLOCK OF IVANREST AVE SW,GENERAL ASSIST,Police,KENT CO SHERIFF,,
7,2026-09-04T14:31:00Z,1788532260000,ROCKFORD,100 BLOCK OF CHILDSDALE AVE NE,WELFARE CHECK,Police,ROCKFORD POLICE,,
1,2026-09-04T14:33:00Z,1788532380000,CASCADE TWP,3200 BLOCK OF E GATEHOUSE DR SE,MEDICAL EMERGENCY,Fire,CASCADE TWP FIRE,,
6,2026-09-04T14:33:00Z,1788532380000,WYOMING,5100 BLOCK OF VILLAGE DR SW,FIRE ALARM,Fire,WYOMING FIRE,,
4,2026-09-04T14:35:00Z,1788532500000,OAKFIELD TWP,9300 BLOCK OF ASHLEY AVE NE,MEDICAL EMERGENCY,Fire,OAKFIELD TWP FIRE,,
4,2026-09-04T14:35:00Z,1788532500000,WYOMING,LONGSTREET AVE SW / 28TH ST SW,VEHICLE CRASH,Police,WYOMING POLICE,,
3,2026-09-04T14:37:00Z,1788532620000,GAINES TWP,6100 BLOCK OF WOODFIELD DR SE,MEDICAL EMERGENCY,Fire,GAINES TWP FIRE,,
7,2026-09-04T14:38:00Z,1788532680000,WYOMING,1000 BLOCK OF 36TH ST SW,BURGLAR ALARM,Police,WYOMING POLICE,,
1,2026-09-04T14:40:00Z,1788532800000,WYOMING,100 BLOCK OF BELLEVUE ST SE,MEDICAL EMERGENCY,Fire,WYOMING FIRE,,
2,2026-09-04T14:40:00Z,1788532800000,WYOMING,100 BLOCK OF BELLEVUE ST SE,MEDICAL EMERGENCY,Fire,WYOMING POLICE,,
1,2026-09-04T14:54:00Z,1788533640000,KENTWOOD,BROADMOOR AVE SE / 29TH ST SE,VEHICLE CRASH,Police,KENTWOOD POLICE,,
3,2026-09-04T15:05:00Z,1788534300000,GAINES TWP,6600 BLOCK OF CREEKSIDE VIEW DR SE,MEDICAL EMERGENCY,Fire,GAINES TWP FIRE,,
4,2026-09-04T15:05:00Z,1788534300000,WYOMING,4700 BLOCK OF QUEBEC AVE SW,MEDICAL EMERGENCY,Fire,WYOMING FIRE,,
2,2026-09-04T15:10:00Z,1788534600000,GAINES TWP,100 BLOCK OF GAINES ST SE,MEDICAL EMERGENCY,Fire,GAINES TWP FIRE,,
10,2026-09-04T15:11:00Z,1788534660000,GAINES TWP,3500 BLOCK OF PULLMAN CT SE,ANIMAL INCIDENT,Police,ANIMAL CONTROL,,
1,2026-09-04T15:11:00Z,1788534660000,CASCADE TWP,7800 BLOCK OF THORNAPPLE BAYOU DR SE,MEDICAL EMERGENCY,Fire,CASCADE TWP FIRE,,
1,2026-09-04T15:13:00Z,1788534780000,GRATTAN TWP,11000 BLOCK OF CROOKED LAKE DR NE,ANIMAL INCIDENT,Police,ANIMAL CONTROL,,
10,2026-09-04T15:19:00Z,1788535140000,GRAND RAPIDS,2000 BLOCK OF S DIVISION AVE,ANIMAL INCIDENT,Police,ANIMAL CONTROL,,
2,2026-09-04T15:19:00Z,1788535140000,CASCADE TWP,5200 BLOCK OF 28TH ST SE,SUSPICIOUS INCIDENT,Police,KENT CO SHERIFF,,
4,2026-09-04T15:23:00Z,1788535380000,GAINES TWP,6600 BLOCK OF KALAMAZOO AVE SE,VEHICLE CRASH,Police,KENT CO SHERIFF,,
6,2026-09-04T15:25:00Z,1788535500000,SPARTA,600 BLOCK OF S STATE ST NW,GENERAL ASSIST,Police,SPARTA POLICE,,
1,2026-09-04T15:26:00Z,1788535560000,WYOMING,900 BLOCK OF DOLPHIN ST SW,MEDICAL EMERGENCY,Fire,WYOMING FIRE,,
2,2026-09-04T15:27:00Z,1788535620000,CEDAR SPRINGS,400 BLOCK OF S MAIN ST NE,MEDICAL EMERGENCY,Fire,CEDAR SPRINGS FIRE,,
3,2026-09-04T15:33:00Z,1788535980000,ROCKFORD,S WOLVERINE BLVD NE / E DIVISION ST NE,VEHICLE CRASH,Police,ROCKFORD POLICE,,
4,2026-09-04T15:35:00Z,1788536100000,GAINES TWP,300 BLOCK OF 68TH ST SE,GENERAL ASSIST,Police,KENT CO SHERIFF,,
2,2026-09-04T15:35:00Z,1788536100000,LOWELL,1300 BLOCK OF W MAIN ST SE,MEDICAL EMERGENCY,Fire,LOWELL AREA FIRE,,
2,2026-09-04T15:35:00Z,1788536100000,LOWELL,1300 BLOCK OF W MAIN ST SE,BROADCAST,Police,LOWELL POLICE,,
4,2026-09-04T15:35:00Z,1788536100000,WYOMING,700 BLOCK OF 44TH ST SW,MEDICAL EMERGENCY,Fire,WYOMING FIRE,,
1,2026-09-04T15:37:00Z,1788536220000,KENT CITY,0 BLOCK OF W MUSKEGON ST NW,ANIMAL INCIDENT,Police,ANIMAL CONTROL,,
6,2026-09-04T15:38:00Z,1788536280000,GRAND RAPIDS,2100 BLOCK OF DUIKER AVE NE,ANIMAL INCIDENT,Police,ANIMAL CONTROL,,
16,2026-09-04T15:38:00Z,1788536280000,GRAND RAPIDS TWP,I-96 EB EO FULTON,VEHICLE CRASH,Police,KENT CO SHERIFF,42.96098036,-85.57662397
2,2026-09-04T15:39:00Z,1788536340000,CASCADE TWP,5100 BLOCK OF KENDRICK ST SE,FIRE ALARM,Fire,CASCADE TWP FIRE,,
4,2026-09-04T15:42:00Z,1788536520000,CALEDONIA TWP,5300 BLOCK OF WADE ST SE,PARKING VIOLATION,Police,KENT CO SHERIFF,,
15,2026-09-04T15:44:00Z,1788536640000,WALKER,US-131 NB TO I-96 WB CONNECTOR,VEHICLE CRASH,Police,WALKER FIRE,43.01608326,-85.68006323
16,2026-09-04T15:44:00Z,1788536640000,WALKER,US-131 NB TO I-96 WB CONNECTOR,VEHICLE CRASH,Police,WALKER POLICE,43.01608326,-85.68006323
1,2026-09-04T15:47:00Z,1788536820000,WYOMING,1000 BLOCK OF JOOSTEN ST SW,WELFARE CHECK,Police,WYOMING POLICE,,
2,2026-09-04T15:49:00Z,1788536940000,CANNON TWP,5900 BLOCK OF RAMSDELL DR NE,MEDICAL EMERGENCY,Fire,CANNON TWP FIRE,,
1,2026-09-04T15:51:00Z,1788537060000,EAST GRAND RAPIDS,400 BLOCK OF BRIARWOOD AVE SE,WIRE DOWN,Fire,EAST GRAND RAPIDS FIRE,,
7,2026-09-04T15:53:00Z,1788537180000,ADA TWP,6100 BLOCK OF E FULTON ST,FRAUD,Police,KENT CO SHERIFF,,
6,2026-09-04T15:53:00Z,1788537180000,WALKER,2300 BLOCK OF ALPINE AVE NW,LARCENY,Police,WALKER POLICE,,
1,2026-09-04T16:02:00Z,1788537720000,ADA TWP,600 BLOCK OF ADA DR SE,GENERAL ASSIST,Police,KENT CO SHERIFF,,
3,2026-09-04T16:03:00Z,1788537780000,GRANDVILLE,4800 BLOCK OF WILSON AVE SW,VEHICLE CRASH,Police,GRANDVILLE POLICE,,
2,2026-09-04T16:04:00Z,1788537840000,KENTWOOD,2000 BLOCK OF 44TH ST SE,DISORDERLY PERSON,Police,KENTWOOD POLICE,,
1,2026-09-04T16:06:00Z,1788537960000,WYOMING,2600 BLOCK OF SHARON CT SW,WELFARE CHECK,Police,WYOMING POLICE,,
5,2026-09-04T16:11:00Z,1788538260000,CASCADE TWP,5900 BLOCK OF CASCADE RD SE,WELFARE CHECK,Police,KENT CO SHERIFF,,
3,2026-09-04T16:13:00Z,1788538380000,KENTWOOD,NANCY ST SE / NORA ST SE,VEHICLE CRASH,Police,KENTWOOD POLICE,,
5,2026-09-04T16:15:00Z,1788538500000,GRAND RAPIDS TWP,2200 BLOCK OF DUNNIGAN AVE NE,VEHICLE INSPECTION,Police,KENT CO SHERIFF,,
2,2026-09-04T16:17:00Z,1788538620000,BYRON TWP,0 BLOCK OF 68TH ST SW,MISC FIRE,Fire,GAINES TWP FIRE,,
1,2026-09-04T16:21:00Z,1788538860000,PLAINFIELD TWP,5000 BLOCK OF ARCHER AVE NE,DISORDERLY PERSON,Police,KENT CO SHERIFF,,
1,2026-09-04T16:21:00Z,1788538860000,WYOMING,1300 BLOCK OF RATHBONE ST SW,WELFARE CHECK,Police,WYOMING POLICE,,
3,2026-09-04T16:21:00Z,1788538860000,WYOMING,5500 BLOCK OF CLYDE PARK AVE SW,VEHICLE CRASH,Police,WYOMING POLICE,,
4,2026-09-04T16:27:00Z,1788539220000,CEDAR SPRINGS,13400 BLOCK OF DARCY CIR NE,FRAUD,Police,KENT CO SHERIFF,,
1,2026-09-04T16:29:00Z,1788539340000,KENTWOOD,BROADMOOR AVE SE / 36TH ST SE,BROADCAST,Police,KENTWOOD POLICE,,
2,2026-09-04T16:32:00Z,1788539520000,VERGENNES TWP,500 BLOCK OF FORSTROM DR SE,MEDICAL EMERGENCY,Fire,LOWELL AREA FIRE,,
2,2026-09-04T16:37:00Z,1788539820000,WYOMING,2200 BLOCK OF BANNER DR SW,GENERAL ASSIST,Police,WYOMING POLICE,,
3,2026-09-04T16:38:00Z,1788539880000,WYOMING,700 BLOCK OF 36TH ST SE,LOITERING,Police,WYOMING POLICE,,
2,2026-09-04T16:39:00Z,1788539940000,OAKFIELD TWP,10900 BLOCK OF HEINTZELMAN AVE NE,MEDICAL EMERGENCY,Fire,OAKFIELD TWP FIRE,,
1,2026-09-04T16:40:00Z,1788540000000,WYOMING,2600 BLOCK OF NOEL AVE SW,WELFARE CHECK,Police,WYOMING POLICE,,
12,2026-09-04T16:54:00Z,1788540840000,CALEDONIA TWP,7700 BLOCK OF RAVEN RIDGE DR SE,WELFARE CHECK,Police,KENT CO SHERIFF,,
1,2026-09-04T16:54:00Z,1788540840000,WALKER,700 BLOCK OF 4 MILE RD NW,GENERAL ASSIST,Police,WALKER POLICE,,
4,2026-09-04T16:57:00Z,1788541020000,GAINES TWP,1200 BLOCK OF COBBLESTONE WAY DR SE,LARCENY,Police,KENT CO SHERIFF,,
5,2026-09-04T16:58:00Z,1788541080000,LOWELL TWP,1800 BLOCK OF FAY ST SE,WELFARE CHECK,Police,KENT CO SHERIFF,,
2,2026-09-04T17:01:00Z,1788541260000,GRANDVILLE,3500 BLOCK OF FAIRLANES AVE SW,LARCENY,Police,GRANDVILLE POLICE,,
1,2026-09-04T17:03:00Z,1788541380000,WYOMING,3800 BLOCK OF OAK VALLEY AVE SW,DAMAGE TO PROPERTY,Police,WYOMING POLICE,,
3,2026-09-04T17:08:00Z,1788541680000,CASCADE TWP,HOTEL AVE SE / 28TH ST SE,GENERAL ASSIST,Police,KENT CO SHERIFF,,
1,2026-09-04T17:09:00Z,1788541740000,ALPINE TWP,200 BLOCK OF 7 MILE RD NW,MEDICAL EMERGENCY,Fire,ALPINE TWP FIRE,,
1,2026-09-04T17:10:00Z,1788541800000,GRAND RAPIDS TWP,EAST BELTLINE AVE NE / LEONARD ST NE,VEHICLE CRASH,Police,KENT CO SHERIFF,,
1,2026-09-04T17:20:00Z,1788542400000,KENTWOOD,5300 BLOCK OF EASTERN AVE SE,MEDICAL EMERGENCY,Fire,KENTWOOD FIRE,,
11,2026-09-04T17:23:00Z,1788542580000,ALGOMA TWP,US-131 NB TO 14 MILE RAMP,GENERAL ASSIST,Police,MICHIGAN STATE POLICE,43.1740795,-85.57293375
6,2026-09-04T17:27:00Z,1788542820000,CALEDONIA TWP,6200 BLOCK OF WILKEN DR SE,WELFARE CHECK,Police,KENT CO SHERIFF,,
2,2026-09-04T17:29:00Z,1788542940000,WYOMING,3600 BLOCK OF BURLINGAME AVE SW,GENERAL ASSIST,Police,WYOMING POLICE,,
2,2026-09-04T17:38:00Z,1788543480000,BYRON TWP,300 BLOCK OF DUKES CT SW,SUSPICIOUS INCIDENT,Police,KENT CO SHERIFF,,
2,2026-09-04T17:39:00Z,1788543540000,BYRON TWP,300 BLOCK OF DUKES CT SW,MEDICAL EMERGENCY,Fire,BYRON TWP FIRE,,
1,2026-09-04T17:39:00Z,1788543540000,CASCADE TWP,5700 BLOCK OF 28TH ST SE,MEDICAL EMERGENCY,Fire,CASCADE TWP FIRE,,
3,2026-09-04T17:46:00Z,1788543960000,CASCADE TWP,5600 BLOCK OF 28TH ST SE,PARKING VIOLATION,Police,KENT CO SHERIFF,,
3,2026-09-04T17:47:00Z,1788544020000,PLAINFIELD TWP,5900 BLOCK OF EDAJEAN RIDGE DR NE,GENERAL ASSIST,Police,KENT CO SHERIFF,,
1,2026-09-04T17:49:00Z,1788544140000,WALKER,2100 BLOCK OF 3 MILE RD NW,FIRE ALARM,Fire,WALKER FIRE,,
3,2026-09-04T17:50:00Z,1788544200000,PLAINFIELD TWP,3400 BLOCK OF KESWICK DR NE,FIRE INVESTIGATION,Fire,PLAINFIELD TWP FIRE,,
1,2026-09-04T17:52:00Z,1788544320000,GAINES TWP,60TH ST SE / RIDGEBROOK DR SE,VEHICLE CRASH,Police,GAINES TWP FIRE,,
2,2026-09-04T17:52:00Z,1788544320000,KENTWOOD,60TH ST SE / RIDGEBROOK DR SE,VEHICLE CRASH,Police,KENT CO SHERIFF,,
8,2026-09-04T17:55:00Z,1788544500000,PLAINFIELD TWP,3800 BLOCK OF PLAINFIELD AVE NE,FIRE ALARM,Fire,PLAINFIELD TWP FIRE,,
7,2026-09-04T17:58:00Z,1788544680000,CASCADE TWP,6300 BLOCK OF 28TH ST SE,ABANDONED VEHICLE,Police,KENT CO SHERIFF,,
5,2026-09-04T17:59:00Z,1788544740000,GRAND RAPIDS,800 BLOCK OF SHELDON AVE SE,ANIMAL INCIDENT,Police,ANIMAL CONTROL,,
6,2026-09-04T17:59:00Z,1788544740000,WYOMING,2300 BLOCK OF DE HOOP AVE SW,VEHICLE INSPECTION,Police,WYOMING POLICE,,
3,2026-09-04T18:00:00Z,1788544800000,GRANDVILLE,4500 BLOCK OF WILSON AVE SW,WELFARE CHECK,Police,GRANDVILLE POLICE,,
2,2026-09-04T18:06:00Z,1788545160000,GAINES TWP,60TH ST SE / EASTERN AVE SE,BROADCAST,Police,KENT CO SHERIFF,,
1,2026-09-04T18:09:00Z,1788545340000,CASCADE TWP,6100 BLOCK OF CHARLEVOIX WOODS CT SE,MEDICAL EMERGENCY,Fire,CASCADE TWP FIRE,,
1,2026-09-04T18:13:00Z,1788545580000,CALEDONIA TWP,6200 BLOCK OF WILKEN DR SE,MEDICAL EMERGENCY,Fire,CALEDONIA TWP FIRE,,
5,2026-09-04T18:14:00Z,1788545640000,KENTWOOD,3700 BLOCK OF OLD ELM DR SE,VEHICLE CRASH,Police,KENTWOOD POLICE,,
11,2026-09-04T18:14:00Z,1788545640000,WYOMING,1300 BLOCK OF RATHBONE ST SW,GENERAL ASSIST,Police,WYOMING POLICE,,
3,2026-09-04T18:15:00Z,1788545700000,KENTWOOD,3700 BLOCK OF OLD ELM DR SE,MISC FIRE,Fire,KENTWOOD FIRE,,
4,2026-09-04T18:16:00Z,1788545760000,CALEDONIA TWP,8300 BLOCK OF MCCORDS AVE SE,WIRE DOWN,Fire,CALEDONIA TWP FIRE,,
11,2026-09-04T18:18:00Z,1788545880000,GRANDVILLE,4500 BLOCK OF KENOWA AVE SW,WELFARE CHECK,Police,GRANDVILLE POLICE,,
2,2026-09-04T18:18:00Z,1788545880000,KENTWOOD,2900 BLOCK OF RADCLIFF AVE SE,BURGLAR ALARM,Police,KENTWOOD POLICE,,
3,2026-09-04T18:18:00Z,1788545880000,WYOMING,1600 BLOCK OF MAPLELAWN ST SW,MISSING PERSON,Police,WYOMING POLICE,,
1,2026-09-04T18:19:00Z,1788545940000,GAINES TWP,7100 BLOCK OF MADISON AVE SE,MISSING PERSON,Police,KENT CO SHERIFF,,
12,2026-09-04T18:26:00Z,1788546360000,WALKER,ALPINE AT I-96,VEHICLE CRASH,Police,WALKER POLICE,43.01647542,-85.68889947
9,2026-09-04T18:29:00Z,1788546540000,CASCADE TWP,KRAFT AVE SE / MEIJER DR SE,VEHICLE CRASH,Police,KENT CO SHERIFF,,
8,2026-09-04T18:30:00Z,1788546600000,WALKER,3600 BLOCK OF ALPINE AVE NW,FRAUD,Police,WALKER POLICE,,
6,2026-09-04T18:31:00Z,1788546660000,GRANDVILLE,3700 BLOCK OF RIVERTOWN PKWY SW,DAMAGE TO PROPERTY,Police,GRANDVILLE POLICE,,
2,2026-09-04T18:32:00Z,1788546720000,ALPINE TWP,4200 BLOCK OF CHASSERAL DR NW,MEDICAL EMERGENCY,Fire,ALPINE TWP FIRE,,
1,2026-09-04T18:33:00Z,1788546780000,ROCKFORD,100 BLOCK OF COURTLAND ST NE,VEHICLE CRASH,Police,ROCKFORD POLICE,,
5,2026-09-04T18:34:00Z,1788546840000,WYOMING,5300 BLOCK OF WILSON AVE SW,MEDICAL EMERGENCY,Fire,WYOMING FIRE,,
2,2026-09-04T18:39:00Z,1788547140000,ALPINE TWP,3900 BLOCK OF YORKLAND DR NW,MEDICAL EMERGENCY,Fire,ALPINE TWP FIRE,,
3,2026-09-04T18:39:00Z,1788547140000,GRANDVILLE,4500 BLOCK OF WILSON AVE SW,MEDICAL EMERGENCY,Fire,GRANDVILLE FIRE,,
4,2026-09-04T18:39:00Z,1788547140000,WALKER,800 BLOCK OF MAYNARD AVE SW,WIRE DOWN,Fire,WALKER FIRE,,
6,2026-09-04T18:40:00Z,1788547200000,ALPINE TWP,3800 BLOCK OF YORKLAND DR NW,WELFARE CHECK,Police,KENT CO SHERIFF,,
1,2026-09-04T18:43:00Z,1788547380000,LOWELL,W MAIN ST SE / N HUDSON ST SE,GENERAL ASSIST,Police,LOWELL POLICE,,
8,2026-09-04T18:44:00Z,1788547440000,GRAND RAPIDS,1200 BLOCK OF CASS AVE SE,ANIMAL INCIDENT,Police,ANIMAL CONTROL,,
5,2026-09-04T18:45:00Z,1788547500000,GRANDVILLE,4700 BLOCK OF CANAL AVE SW,DAMAGE TO PROPERTY,Police,GRANDVILLE POLICE,,
3,2026-09-04T18:46:00Z,1788547560000,CANNON TWP,6700 BLOCK OF PROMENADE ST NE,DAMAGE TO PROPERTY,Police,KENT CO SHERIFF,,
2,2026-09-04T18:46:00Z,1788547560000,KENTWOOD,EAST PARIS AVE SE / 28TH ST SE,VEHICLE CRASH,Police,KENTWOOD POLICE,,
1,2026-09-04T18:49:00Z,1788547740000,WALKER,LAKE MICHIGAN DR NW / WATERFORD VILLAGE DR NW,GENERAL ASSIST,Police,WALKER POLICE,,
1,2026-09-04T19:04:00Z,1788548640000,GRAND RAPIDS,700 BLOCK OF CASS AVE SE,ANIMAL INCIDENT,Police,ANIMAL CONTROL,,
3,2026-09-04T19:06:00Z,1788548760000,CASCADE TWP,1200 BLOCK OF STONESHIRE DR SE,BURGLAR ALARM,Police,KENT CO SHERIFF,,
2,2026-09-04T19:07:00Z,1788548820000,WYOMING,5600 BLOCK OF CLYDE PARK AVE SW,FRAUD,Police,WYOMING POLICE,,
5,2026-09-04T19:09:00Z,1788548940000,WYOMING,3700 BLOCK OF BYRON CENTER AVE SW,MISSING PERSON,Police,WYOMING POLICE,,
2,2026-09-04T19:12:00Z,1788549120000,GRANDVILLE,4800 BLOCK OF WILSON AVE SW,MEDICAL EMERGENCY,Fire,GRANDVILLE FIRE,,
1,2026-09-04T19:12:00Z,1788549120000,GRANDVILLE,4800 BLOCK OF WILSON AVE SW,GENERAL ASSIST,Police,GRANDVILLE POLICE,,
1,2026-09-04T19:14:00Z,1788549240000,WALKER,4300 BLOCK OF REMEMBRANCE RD NW,MEDICAL EMERGENCY,Fire,WALKER FIRE,,
7,2026-09-04T19:16:00Z,1788549360000,KENTWOOD,3200 BLOCK OF 28TH ST SE,OBSCENITY,Police,KENTWOOD POLICE,,
2,2026-09-04T19:23:00Z,1788549780000,GAINES TWP,6100 BLOCK OF WOODFIELD DR SE,GENERAL ASSIST,Police,KENT CO SHERIFF,,
1,2026-09-04T19:25:00Z,1788549900000,PLAINFIELD TWP,3400 BLOCK OF THISTLE DHU ST NE,MEDICAL EMERGENCY,Fire,PLAINFIELD TWP FIRE,,
11,2026-09-04T19:30:00Z,1788550200000,WYOMING,US-131 NB TO 28TH RAMP,GENERAL ASSIST,Police,WYOMING POLICE,42.911447,-85.676105
1,2026-09-04T19:31:00Z,1788550260000,WYOMING,HAGEN DR SE / 36TH ST SE,VEHICLE CRASH,Police,WYOMING FIRE,,
4,2026-09-04T19:31:00Z,1788550260000,WYOMING,HAGEN DR SE / 36TH ST SE,VEHICLE CRASH,Police,WYOMING POLICE,,
4,2026-09-04T19:32:00Z,1788550320000,PLAINFIELD TWP,3800 BLOCK OF KEEWEENAW DR NE,911 HANG UP,Police,KENT CO SHERIFF,,
2,2026-09-04T19:35:00Z,1788550500000,GAINES TWP,1500 BLOCK OF 68TH ST SE,MISC FIRE,Fire,GAINES TWP FIRE,,
8,2026-09-04T19:36:00Z,1788550560000,GRAND RAPIDS,1500 BLOCK OF MUSKEGON AVE NW,ANIMAL INCIDENT,Police,ANIMAL CONTROL,,
11,2026-09-04T19:36:00Z,1788550560000,PLAINFIELD TWP,US-131 NB SO WEST RIVER,VEHICLE CRASH,Police,KENT CO SHERIFF,43.03898665,-85.66115501
4,2026-09-04T19:37:00Z,1788550620000,WYOMING,4300 BLOCK OF CLYDE PARK AVE SW,ANIMAL INCIDENT,Police,ANIMAL CONTROL,,
6,2026-09-04T19:38:00Z,1788550680000,CANNON TWP,4900 BLOCK OF STURGIS AVE NE,911 HANG UP,Police,KENT CO SHERIFF,,
7,2026-09-04T19:41:00Z,1788550860000,CANNON TWP,6200 BLOCK OF EGYPT FOREST RD NE,BURGLAR ALARM,Police,KENT CO SHERIFF,,
1,2026-09-04T19:43:00Z,1788550980000,GAINES TWP,1000 BLOCK OF 60TH ST SE,FIGHT,Police,KENT CO SHERIFF,,
1,2026-09-04T19:45:00Z,1788551100000,WYOMING,5700 BLOCK OF BYRON CENTER AVE SW,FRAUD,Police,WYOMING POLICE,,
2,2026-09-04T19:50:00Z,1788551400000,KENTWOOD,3200 BLOCK OF 28TH ST SE,FRAUD,Police,KENTWOOD POLICE,,
1,2026-09-04T19:56:00Z,1788551760000,SPARTA,200 BLOCK OF WASHINGTON ST NW,WELFARE CHECK,Police,SPARTA POLICE,,
5,2026-09-04T19:58:00Z,1788551880000,GRAND RAPIDS,NORWICH ALY SW / HAYDEN ALY SW,ANIMAL INCIDENT,Police,ANIMAL CONTROL,,
1,2026-09-04T20:03:00Z,1788552180000,PLAINFIELD TWP,WEST RIVER DR NE / MILL CREEK AVE NE,VEHICLE CRASH,Police,KENT CO SHERIFF,,
1,2026-09-04T20:08:00Z,1788552480000,KENTWOOD,4700 BLOCK OF WOLF RUN AVE SE,911 HANG UP,Police,KENTWOOD POLICE,,
4,2026-09-04T20:09:00Z,1788552540000,WYOMING,GEZON PKWY SW / CLYDE PARK AVE SW,VEHICLE CRASH,Police,WYOMING POLICE,,
3,2026-09-04T20:10:00Z,1788552600000,KENTWOOD,3700 BLOCK OF 29TH ST SE,LARCENY,Police,KENTWOOD POLICE,,
1,2026-09-04T20:12:00Z,1788552720000,WALKER,WILSON AVE NW / LAKE MICHIGAN DR NW,VEHICLE CRASH,Police,WALKER POLICE,,
1,2026-09-04T20:22:00Z,1788553320000,SPARTA,200 BLOCK OF WASHINGTON ST NW,MEDICAL EMERGENCY,Fire,SPARTA FIRE,,
2,2026-09-04T20:22:00Z,1788553320000,WYOMING,300 BLOCK OF 54TH ST SW,FRAUD,Police,WYOMING POLICE,,
1,2026-09-04T20:26:00Z,1788553560000,SAND LAKE,100 BLOCK OF W OAK ST NE,MEDICAL EMERGENCY,Fire,SAND LAKE FIRE,,
12,2026-09-04T20:28:00Z,1788553680000,PLAINFIELD TWP,US-131 NB NO WEST RIVER,GENERAL ASSIST,Police,KENT CO SHERIFF,43.04264983,-85.66191366
8,2026-09-04T20:35:00Z,1788554100000,SPARTA TWP,8500 BLOCK OF SPARTA LINE RD NW,LARCENY,Police,KENT CO SHERIFF,,
2,2026-09-04T20:37:00Z,1788554220000,BYRON TWP,200 BLOCK OF 84TH ST SW,BURGLAR ALARM,Police,KENT CO SHERIFF,,
12,2026-09-04T20:37:00Z,1788554220000,LOWELL TWP,I-96 EB AT SEGWUN,WELFARE CHECK,Police,KENT CO SHERIFF,42.87680549,-85.34618095
2,2026-09-04T20:42:00Z,1788554520000,SOLON TWP,15400 BLOCK OF SNAUBLE AVE NE,RECKLESS DRIVER,Police,KENT CO SHERIFF,,
1,2026-09-04T20:49:00Z,1788554940000,WALKER,1200 BLOCK OF MAPLE LEAF LN NW,MEDICAL EMERGENCY,Fire,WALKER FIRE,,
5,2026-09-04T20:59:00Z,1788555540000,PLAINFIELD TWP,4500 BLOCK OF ROYAL GLEN DR NE,FRAUD,Police,KENT CO SHERIFF,,
7,2026-09-04T21:04:00Z,1788555840000,ALPINE TWP,7200 BLOCK OF ALPINE AVE NW,VEHICLE CRASH,Police,KENT CO SHERIFF,,
1,2026-09-04T21:05:00Z,1788555900000,CASCADE TWP,THORNAPPLE RIVER DR SE / BISCAYNE WAY SE,SUSPICIOUS INCIDENT,Police,KENT CO SHERIFF,,
1,2026-09-04T21:05:00Z,1788555900000,KENTWOOD,600 BLOCK OF 56TH ST SE,MEDICAL EMERGENCY,Fire,KENTWOOD FIRE,,
8,2026-09-04T21:13:00Z,1788556380000,BYRON TWP,6900 BLOCK OF CHRISTMAS LN SW,LARCENY,Police,KENT CO SHERIFF,,
2,2026-09-04T21:15:00Z,1788556500000,GAINES TWP,EASTERN AVE SE / WOODFIELD EAST DR SE,BROADCAST,Police,KENT CO SHERIFF,,
7,2026-09-04T21:15:00Z,1788556500000,GAINES TWP,KALAMAZOO AVE SE / 68TH ST SE,TRAFFIC VIOLATION,Police,KENT CO SHERIFF,,
3,2026-09-04T21:19:00Z,1788556740000,CASCADE TWP,1500 BLOCK OF MAC NIDER AVE SE,FIRE ALARM,Fire,CASCADE TWP FIRE,,
4,2026-09-04T21:19:00Z,1788556740000,KENTWOOD,3200 BLOCK OF 28TH ST SE,GENERAL ASSIST,Police,KENTWOOD POLICE,,
1,2026-09-04T21:19:00Z,1788556740000,GRANDVILLE,3200 BLOCK OF 28TH ST SW,GENERAL ASSIST,Police,KENTWOOD POLICE,,
2,2026-09-04T21:23:00Z,1788556980000,PLAINFIELD TWP,5000 BLOCK OF KNOB HILL DR NE,MEDICAL EMERGENCY,Fire,PLAINFIELD TWP FIRE,,
1,2026-09-04T21:30:00Z,1788557400000,EAST GRAND RAPIDS,LAKE DR SE / BRETON RD SE,VEHICLE CRASH,Police,EAST GRAND RAPIDS POLICE,,
4,2026-09-04T21:30:00Z,1788557400000,WALKER,300 BLOCK OF WILSON AVE NW,FRAUD,Police,WALKER POLICE,,
1,2026-09-04T21:33:00Z,1788557580000,WYOMING,4500 BLOCK OF CLYDE PARK AVE SW,FIRE ALARM,Fire,WYOMING FIRE,,
4,2026-09-04T21:35:00Z,1788557700000,WYOMING,2300 BLOCK OF DE HOOP AVE SW,GENERAL ASSIST,Police,WYOMING POLICE,,
3,2026-09-04T21:36:00Z,1788557760000,KENTWOOD,28TH ST SE / EAST PARIS AVE SE,VEHICLE CRASH,Police,KENTWOOD POLICE,,
1,2026-09-04T21:38:00Z,1788557880000,KENTWOOD,1400 BLOCK OF 52ND ST SE,GENERAL ASSIST,Police,KENTWOOD POLICE,,
1,2026-09-04T21:51:00Z,1788558660000,KENTWOOD,4000 BLOCK OF PARK EAST CT SE,FIRE ALARM,Fire,KENTWOOD FIRE,,
2,2026-09-04T22:00:00Z,1788559200000,GRANDVILLE,2900 BLOCK OF LOCKE AVE SW,GENERAL ASSIST,Police,GRANDVILLE POLICE,,
1,2026-09-04T22:00:00Z,1788559200000,PLAINFIELD TWP,5200 BLOCK OF NORTHLAND DR NE,ANIMAL INCIDENT,Police,KENT CO SHERIFF,,
1,2026-09-04T22:08:00Z,1788559680000,WYOMING,32ND ST SE / MADISON AVE SE,VEHICLE CRASH,Police,WYOMING FIRE,,
2,2026-09-04T22:08:00Z,1788559680000,WYOMING,32ND ST SE / MADISON AVE SE,VEHICLE CRASH,Police,WYOMING POLICE,,
1,2026-09-04T22:11:00Z,1788559860000,KENTWOOD,3600 BLOCK OF 28TH ST SE,BURGLAR ALARM,Police,KENTWOOD POLICE,,
3,2026-09-04T22:12:00Z,1788559920000,LOWELL,100 BLOCK OF N MONROE ST SE,GENERAL ASSIST,Police,LOWELL POLICE,,
2,2026-09-04T22:21:00Z,1788560460000,KENTWOOD,4700 BLOCK OF WALMA AVE SE,FOUND PROPERTY,Police,KENTWOOD POLICE,,
3,2026-09-04T22:22:00Z,1788560520000,GAINES TWP,3200 BLOCK OF POSTERN DR SE,WELFARE CHECK,Police,KENT CO SHERIFF,,
8,2026-09-04T22:23:00Z,1788560580000,GRANDVILLE,4600 BLOCK OF CANAL AVE SW,ANIMAL INCIDENT,Police,GRANDVILLE POLICE,,
7,2026-09-04T22:23:00Z,1788560580000,GRANDVILLE,4700 BLOCK OF CANAL AVE SW,ANIMAL INCIDENT,Police,GRANDVILLE POLICE,,
1,2026-09-04T22:24:00Z,1788560640000,WYOMING,4500 BLOCK OF CLYDE PARK AVE SW,FIRE ALARM,Fire,WYOMING FIRE,,
1,2026-09-04T22:31:00Z,1788561060000,WYOMING,4200 BLOCK OF STONEBRIDGE RD SW,MEDICAL EMERGENCY,Fire,WYOMING FIRE,,
5,2026-09-04T22:37:00Z,1788561420000,TYRONE TWP,200 BLOCK OF 17 MILE RD NW,MEDICAL EMERGENCY,Fire,KENT CITY FIRE,,
4,2026-09-04T22:38:00Z,1788561480000,KENTWOOD,2300 BLOCK OF STOWEVALLEY DR SE,WELFARE CHECK,Police,KENTWOOD POLICE,,
3,2026-09-04T22:40:00Z,1788561600000,OAKFIELD TWP,10500 BLOCK OF BLUE SPRUCE DR NE,MEDICAL EMERGENCY,Fire,OAKFIELD TWP FIRE,,
2,2026-09-04T22:41:00Z,1788561660000,SPARTA,200 BLOCK OF RIVER RD NW,WIRE DOWN,Fire,SPARTA FIRE,,
2,2026-09-04T22:42:00Z,1788561720000,ALPINE TWP,3700 BLOCK OF YORKLAND DR NW,911 HANG UP,Police,KENT CO SHERIFF,,
1,2026-09-04T22:42:00Z,1788561720000,WYOMING,2000 BLOCK OF ARNOLD AVE SW,DISORDERLY PERSON,Police,WYOMING POLICE,,
1,2026-09-04T22:50:00Z,1788562200000,KENTWOOD,2300 BLOCK OF STOWEVALLEY DR SE,MEDICAL EMERGENCY,Fire,KENTWOOD FIRE,,
1,2026-09-04T22:50:00Z,1788562200000,PLAINFIELD TWP,6100 BLOCK OF WEST RIVER DR NE,MEDICAL EMERGENCY,Fire,PLAINFIELD TWP FIRE,,
4,2026-09-04T22:52:00Z,1788562320000,BYRON TWP,6300 BLOCK OF VENTURE HILLS BLVD SW,ASSAULT,Police,KENT CO SHERIFF,,
1,2026-09-04T22:59:00Z,1788562740000,SPARTA,200 BLOCK OF LOOMIS ST NW,MEDICAL EMERGENCY,Fire,SPARTA FIRE,,
3,2026-09-04T23:07:00Z,1788563220000,WYOMING,5200 BLOCK OF VILLAGE DR SW,WELFARE CHECK,Police,WYOMING POLICE,,
6,2026-09-04T23:13:00Z,1788563580000,SPENCER TWP,15900 BLOCK OF LARSEN AVE NE,OBSCENITY,Police,KENT CO SHERIFF,,
1,2026-09-04T23:14:00Z,1788563640000,GRANDVILLE,3000 BLOCK OF PRAIRIE ST SW,MEDICAL EMERGENCY,Fire,GRANDVILLE FIRE,,
9,2026-09-04T23:28:00Z,1788564480000,CASCADE TWP,I-96 WB AT WHITNEYVILLE,GENERAL ASSIST,Police,KENT CO SHERIFF,42.87831408,-85.46381961
1,2026-09-04T23:28:00Z,1788564480000,LOWELL,400 BLOCK OF N CENTER ST SE,MEDICAL EMERGENCY,Fire,LOWELL AREA FIRE,,
2,2026-09-04T23:30:00Z,1788564600000,WALKER,3700 BLOCK OF CHAD ALAN DR SW,CARBON MONOXIDE INVESTIGATION,Fire,WALKER FIRE,,
8,2026-09-04T23:34:00Z,1788564840000,GRATTAN TWP,12400 BLOCK OF CABIN DR NE,INJUNCTIVE VIOLATION,Police,KENT CO SHERIFF,,
1,2026-09-04T23:34:00Z,1788564840000,WALKER,ALPINE AVE NW / NORTH CENTER DR NW,VEHICLE CRASH,Police,WALKER POLICE,,
5,2026-09-04T23:36:00Z,1788564960000,KENTWOOD,3700 BLOCK OF 29TH ST SE,GENERAL ASSIST,Police,KENTWOOD POLICE,,
3,2026-09-04T23:40:00Z,1788565200000,ALPINE TWP,M-37 / ALPINE AVE NW,VEHICLE CRASH,Police,KENT CO SHERIFF,,
2,2026-09-04T23:41:00Z,1788565260000,WYOMING,2700 BLOCK OF WOODLAKE RD SW,DISORDERLY PERSON,Police,WYOMING POLICE,,
6,2026-09-04T23:44:00Z,1788565440000,WALKER,ALPINE AVE NW / HILLSIDE DR NW,STOLEN VEHICLE RECOVERY,Police,KENT CO SHERIFF,,
1,2026-09-04T23:48:00Z,1788565680000,ADA TWP,BRONSON ST SE / HEADLEY ST SE,VEHICLE FIRE,Fire,ADA TWP FIRE,,
1,2026-09-04T23:48:00Z,1788565680000,ADA TWP,BRONSON ST SE / HEADLEY ST SE,VEHICLE CRASH,Police,KENT CO SHERIFF,,
2,2026-09-04T23:51:00Z,1788565860000,GRANDVILLE,4400 BLOCK OF CANAL AVE SW,MEDICAL EMERGENCY,Fire,GRANDVILLE FIRE,,
2,2026-09-04T23:58:00Z,1788566280000,WYOMING,5400 BLOCK OF EAGLE GLEN AVE SW,GENERAL ASSIST,Police,WYOMING POLICE,,
6,2026-09-05T00:01:00Z,1788566460000,PLAINFIELD TWP,EAST BELTLINE AVE NE / 5 MILE RD NE,WELFARE CHECK,Police,KENT CO SHERIFF,,
1,2026-09-05T00:01:00Z,1788566460000,LOWELL,S HUDSON ST SE / BOWES RD SE,GENERAL ASSIST,Police,LOWELL POLICE,,
2,2026-09-05T00:02:00Z,1788566520000,KENTWOOD,100 BLOCK OF FARNHAM ST SE,ANIMAL INCIDENT,Police,KENTWOOD POLICE,,
1,2026-09-05T00:05:00Z,1788566700000,GAINES TWP,300 BLOCK OF S GRANDBROOK CIR SE,MEDICAL EMERGENCY,Fire,GAINES TWP FIRE,,
2,2026-09-05T00:12:00Z,1788567120000,ALPINE TWP,M-37 / 10 MILE RD NW,TRAFFIC VIOLATION,Police,KENT CO SHERIFF,,
1,2026-09-05T00:13:00Z,1788567180000,COURTLAND TWP,12500 BLOCK OF RAMSDELL DR NE,DISORDERLY PERSON,Police,KENT CO SHERIFF,,
2,2026-09-05T00:14:00Z,1788567240000,KENTWOOD,3200 BLOCK OF 28TH ST SE,VEHICLE CRASH,Police,KENTWOOD POLICE,,
2,2026-09-05T00:16:00Z,1788567360000,WYOMING,0 BLOCK OF CELIA ST SW,LOUD NOISE,Police,WYOMING POLICE,,
7,2026-09-05T00:17:00Z,1788567420000,KENTWOOD,3100 BLOCK OF 28TH ST SE,FRAUD,Police,KENTWOOD POLICE,,
1,2026-09-05T00:17:00Z,1788567420000,PLAINFIELD TWP,5700 BLOCK OF NORTH SEAGULL DR NE,MEDICAL EMERGENCY,Fire,PLAINFIELD TWP FIRE,,
1,2026-09-05T00:19:00Z,1788567540000,OAKFIELD TWP,12200 BLOCK OF 14 MILE RD NE,MEDICAL EMERGENCY,Fire,OAKFIELD TWP FIRE,,
2,2026-09-05T00:28:00Z,1788568080000,BYRON TWP,8000 BLOCK OF CLYDE PARK AVE SW,SOUND OF GUNSHOTS,Police,KENT CO SHERIFF,,
1,2026-09-05T00:30:00Z,1788568200000,CALEDONIA,9000 BLOCK OF KRAFT AVE SE,MISSING PERSON,Police,KENT CO SHERIFF,,
1,2026-09-05T00:33:00Z,1788568380000,TYRONE TWP,14100 BLOCK OF SPARTA AVE NW,MEDICAL EMERGENCY,Fire,KENT CITY FIRE,,
3,2026-09-05T00:33:00Z,1788568380000,WYOMING,4300 BLOCK OF STONEBRIDGE RD SW,DISORDERLY PERSON,Police,WYOMING POLICE,,
3,2026-09-05T00:34:00Z,1788568440000,TYRONE TWP,14100 BLOCK OF SPARTA AVE NW,BROADCAST,Police,KENT CO SHERIFF,,
1,2026-09-05T00:46:00Z,1788569160000,KENTWOOD,4900 BLOCK OF S DIVISION AVE,FRAUD,Police,KENTWOOD POLICE,,
1,2026-09-05T00:47:00Z,1788569220000,WALKER,300 BLOCK OF WILSON AVE NW,VEHICLE CRASH,Police,WALKER POLICE,,
1,2026-09-05T00:52:00Z,1788569520000,LOWELL,400 BLOCK OF N CENTER ST SE,MEDICAL EMERGENCY,Fire,LOWELL AREA FIRE,,
2,2026-09-05T01:23:00Z,1788571380000,KENTWOOD,4200 BLOCK OF NATURE TRAIL DR SE,911 HANG UP,Police,KENTWOOD POLICE,,
1,2026-09-05T01:24:00Z,1788571440000,CASCADE TWP,2900 BLOCK OF THORNHILLS AVE SE,MEDICAL EMERGENCY,Fire,CASCADE TWP FIRE,,
5,2026-09-05T01:28:00Z,1788571680000,BYRON TWP,BYRON CENTER AVE SW / 100TH ST SW,TRAFFIC VIOLATION,Police,KENT CO SHERIFF,,
1,2026-09-05T01:44:00Z,1788572640000,CEDAR SPRINGS,W MUSKEGON ST NE / 8TH ST NE,TRAFFIC VIOLATION,Police,KENT CO SHERIFF,,
1,2026-09-05T01:48:00Z,1788572880000,WYOMING,2400 BLOCK OF FOX RUN RD SW,SUSPICIOUS INCIDENT,Police,WYOMING POLICE,,
2,2026-09-05T01:51:00Z,1788573060000,WALKER,700 BLOCK OF NORTH CENTER CT NW,MEDICAL EMERGENCY,Fire,WALKER FIRE,,
1,2026-09-05T01:54:00Z,1788573240000,CEDAR SPRINGS,4100 BLOCK OF 17 MILE RD NE,FRAUD,Police,KENT CO SHERIFF,,
2,2026-09-05T02:00:00Z,1788573600000,WYOMING,200 BLOCK OF CELIA ST SE,911 HANG UP,Police,WYOMING POLICE,,
1,2026-09-05T02:01:00Z,1788573660000,GAINES TWP,7800 BLOCK OF S DIVISION AVE,MEDICAL EMERGENCY,Fire,GAINES TWP FIRE,,
4,2026-09-05T02:01:00Z,1788573660000,GAINES TWP,7800 BLOCK OF S DIVISION AVE,GENERAL ASSIST,Police,KENT CO SHERIFF,,
1,2026-09-05T02:03:00Z,1788573780000,PLAINFIELD TWP,3700 BLOCK OF FULLER AVE NE,SUSPICIOUS INCIDENT,Police,KENT CO SHERIFF,,
2,2026-09-05T02:09:00Z,1788574140000,BYRON TWP,1800 BLOCK OF 68TH ST SW,SUSPICIOUS INCIDENT,Police,KENT CO SHERIFF,,
1,2026-09-05T02:14:00Z,1788574440000,CASCADE TWP,3200 BLOCK OF CHARLEVOIX DR SE,LARCENY,Police,KENT CO SHERIFF,,
1,2026-09-05T02:18:00Z,1788574680000,WYOMING,2500 BLOCK OF 36TH ST SW,MEDICAL EMERGENCY,Fire,WYOMING FIRE,,
6,2026-09-05T02:22:00Z,1788574920000,BYRON TWP,300 BLOCK OF N HARDWICK DR SW,WELFARE CHECK,Police,KENT CO SHERIFF,,
1,2026-09-05T02:23:00Z,1788574980000,WYOMING,3900 BLOCK OF HILLOCK ST SW,LOUD NOISE,Police,WYOMING POLICE,,
1,2026-09-05T02:28:00Z,1788575280000,GAINES TWP,KALAMAZOO AVE SE / 68TH ST SE,VEHICLE CRASH,Police,KENT CO SHERIFF,,
2,2026-09-05T02:45:00Z,1788576300000,WYOMING,5000 BLOCK OF VILLAGE DR SW,SUSPICIOUS INCIDENT,Police,WYOMING POLICE,,
2,2026-09-05T02:46:00Z,1788576360000,COURTLAND TWP,MYERS LAKE AVE NE / PENINSULA DR NE,VEHICLE FIRE,Fire,COURTLAND TWP FIRE,,
2,2026-09-05T02:46:00Z,1788576360000,COURTLAND TWP,MYERS LAKE AVE NE / PENINSULA DR NE,BROADCAST,Police,KENT CO SHERIFF,,
1,2026-09-05T02:47:00Z,1788576420000,KENTWOOD,44TH ST SE / JULIVAN AVE SE,GENERAL ASSIST,Police,KENTWOOD POLICE,,
1,2026-09-05T02:57:00Z,1788577020000,WYOMING,2000 BLOCK OF METRO CT SW,SUSPICIOUS INCIDENT,Police,WYOMING POLICE,,
1,2026-09-05T03:09:00Z,1788577740000,WYOMING,4200 BLOCK OF EASTERN AVE SE,VEHICLE CRASH,Police,WYOMING POLICE,,
3,2026-09-05T03:20:00Z,1788578400000,GAINES TWP,100 BLOCK OF SOUTHBROOK ST SE,DISORDERLY PERSON,Police,KENT CO SHERIFF,,
2,2026-09-05T03:21:00Z,1788578460000,KENTWOOD,700 BLOCK OF SILVERBROOK DR SE,911 HANG UP,Police,KENTWOOD POLICE,,
1,2026-09-05T03:22:00Z,1788578520000,WYOMING,1100 BLOCK OF ALBERS ST SW,SUSPICIOUS INCIDENT,Police,WYOMING POLICE,,
5,2026-09-05T03:25:00Z,1788578700000,KENTWOOD,0 BLOCK OF 44TH ST SE,VEHICLE CRASH,Police,KENTWOOD POLICE,,
1,2026-09-05T03:30:00Z,1788579000000,WYOMING,3900 BLOCK OF S DIVISION AVE,DISORDERLY PERSON,Police,WYOMING POLICE,,
1,2026-09-05T03:35:00Z,1788579300000,ADA TWP,9100 BLOCK OF VERGENNES ST SE,MEDICAL EMERGENCY,Fire,ADA TWP FIRE,,
3,2026-09-05T03:39:00Z,1788579540000,BYRON TWP,WILSON AVE SW / 84TH ST SW,BROADCAST,Police,KENT CO SHERIFF,,
6,2026-09-05T03:39:00Z,1788579540000,BYRON TWP,WILSON AVE SW / 84TH ST SW,TRAFFIC VIOLATION,Police,KENT CO SHERIFF,,
2,2026-09-05T03:46:00Z,1788579960000,GAINES TWP,300 BLOCK OF 68TH ST SE,MEDICAL EMERGENCY,Fire,GAINES TWP FIRE,,
1,2026-09-05T03:46:00Z,1788579960000,GAINES TWP,300 BLOCK OF 68TH ST SE,GENERAL ASSIST,Police,KENT CO SHERIFF,,
2,2026-09-05T03:50:00Z,1788580200000,KENTWOOD,3700 BLOCK OF 29TH ST SE,GENERAL ASSIST,Police,KENTWOOD POLICE,,
1,2026-09-05T04:00:00Z,1788580800000,BYRON TWP,7600 BLOCK OF SIERRAFIELD DR SW,WELFARE CHECK,Police,KENT CO SHERIFF,,
2,2026-09-05T04:00:00Z,1788580800000,KENTWOOD,3100 BLOCK OF CREEK DR SE,DISORDERLY PERSON,Police,KENTWOOD POLICE,,
2,2026-09-05T04:08:00Z,1788581280000,WYOMING,5900 BLOCK OF BYRON CENTER AVE SW,ASSAULT,Police,WYOMING POLICE,,
1,2026-09-05T04:11:00Z,1788581460000,WALKER,1100 BLOCK OF POHENS CT NW,WELFARE CHECK,Police,WALKER POLICE,,
1,2026-09-05T04:17:00Z,1788581820000,TYRONE TWP,RUSCO ST NW / SPARTA AVE NW,VEHICLE CRASH,Police,MICHIGAN STATE POLICE,,
1,2026-09-05T04:26:00Z,1788582360000,KENTWOOD,4600 BLOCK OF CONEFLOWER CT SE,MEDICAL EMERGENCY,Fire,KENTWOOD FIRE,,
2,2026-09-05T04:27:00Z,1788582420000,WYOMING,3500 BLOCK OF RIVER RUN ST SW,FIRE ALARM,Fire,WYOMING FIRE,,
2,2026-09-05T04:27:00Z,1788582420000,WYOMING,4900 BLOCK OF AUSABLE RIVER DR SW,FIRE ALARM,Fire,WYOMING FIRE,,
1,2026-09-05T04:32:00Z,1788582720000,CASCADE TWP,5000 BLOCK OF 28TH ST SE,FIELD INVESTIGATION,Police,KENT CO SHERIFF,,
1,2026-09-05T04:41:00Z,1788583260000,GRANDVILLE,4700 BLOCK OF HELENA DR SW,FIRE ALARM,Fire,GRANDVILLE FIRE,,
1,2026-09-05T04:50:00Z,1788583800000,WALKER,2600 BLOCK OF ELDERWOOD DR NW,LOUD NOISE,Police,WALKER POLICE,,
1,2026-09-05T04:53:00Z,1788583980000,GRANDVILLE,INDIAN MOUNDS DR SW / WILSON AVE SW,FIGHT,Police,GRANDVILLE POLICE,,
2,2026-09-05T05:06:00Z,1788584760000,PLAINFIELD TWP,3900 BLOCK OF MAYFIELD AVE NE,LOUD NOISE,Police,KENT CO SHERIFF,,
1,2026-09-05T05:14:00Z,1788585240000,WYOMING,1900 BLOCK OF GODFREY AVE SW,911 HANG UP,Police,WYOMING POLICE,,
2,2026-09-05T05:17:00Z,1788585420000,ALGOMA TWP,3000 BLOCK OF 13 MILE RD NE,MEDICAL EMERGENCY,Fire,ALGOMA TWP FIRE,,
1,2026-09-05T05:22:00Z,1788585720000,WALKER,4300 BLOCK OF LAKE MICHIGAN DR NW,LOUD NOISE,Police,WALKER POLICE,,
2,2026-09-05T05:25:00Z,1788585900000,CANNON TWP,RAMSDELL DR NE / STILLWOOD TRL NE,ANIMAL INCIDENT,Police,KENT CO SHERIFF,,
1,2026-09-05T05:51:00Z,1788587460000,WYOMING,3700 BLOCK OF COLLINGWOOD AVE SW,FIRE INVESTIGATION,Fire,WYOMING FIRE,,
1,2026-09-05T05:57:00Z,1788587820000,WYOMING,1400 BLOCK OF MARQUETTE ST SW,911 HANG UP,Police,WYOMING POLICE,,
1,2026-09-05T06:03:00Z,1788588180000,WYOMING,2500 BLOCK OF CENTRAL AVE SW,MEDICAL EMERGENCY,Fire,WYOMING FIRE,,
1,2026-09-05T06:27:00Z,1788589620000,KENTWOOD,3300 BLOCK OF S CREEK DR SE,SUSPICIOUS INCIDENT,Police,KENTWOOD POLICE,,
3,2026-09-05T06:33:00Z,1788589980000,GRAND RAPIDS,BURTON TO US-131 NB RAMP,VEHICLE CRASH,Police,WYOMING POLICE,42.92874065,-85.68129853
2,2026-09-05T06:41:00Z,1788590460000,WYOMING,2700 BLOCK OF S DIVISION AVE,VEHICLE CRASH,Police,WYOMING POLICE,,
1,2026-09-05T06:47:00Z,1788590820000,WYOMING,1000 BLOCK OF 28TH ST SW,SUSPICIOUS INCIDENT,Police,WYOMING POLICE,,
2,2026-09-05T06:47:00Z,1788590820000,WYOMING,S DIVISION AVE / EOLA ST SE,GENERAL ASSIST,Police,WYOMING POLICE,,
2,2026-09-05T06:49:00Z,1788590940000,PLAINFIELD TWP,4100 BLOCK OF NORTHGATE ST NE,MEDICAL EMERGENCY,Fire,PLAINFIELD TWP FIRE,,
1,2026-09-05T06:50:00Z,1788591000000,PLAINFIELD TWP,3600 BLOCK OF PLAINFIELD AVE NE,FRAUD,Police,KENT CO SHERIFF,,
1,2026-09-05T06:54:00Z,1788591240000,ADA TWP,5600 BLOCK OF CLEMWOOD CT SE,GENERAL ASSIST,Police,KENT CO SHERIFF,,
1,2026-09-05T07:10:00Z,1788592200000,KENTWOOD,900 BLOCK OF DIANE ST SE,SUSPICIOUS INCIDENT,Police,KENTWOOD POLICE,,
1,2026-09-05T07:15:00Z,1788592500000,WYOMING,2700 BLOCK OF S DIVISION AVE,MEDICAL EMERGENCY,Fire,WYOMING FIRE,,
2,2026-09-05T07:16:00Z,1788592560000,KENTWOOD,1300 BLOCK OF 60TH ST SE,SUSPICIOUS INCIDENT,Police,KENTWOOD POLICE,,
1,2026-09-05T07:20:00Z,1788592800000,GAINES TWP,800 BLOCK OF 72ND ST SE,DISORDERLY PERSON,Police,KENT CO SHERIFF,,
1,2026-09-05T07:54:00Z,1788594840000,KENTWOOD,4100 BLOCK OF BROADMOOR AVE SE,BURGLAR ALARM,Police,KENTWOOD POLICE,,
2,2026-09-05T09:50:00Z,1788601800000,WYOMING,5700 BLOCK OF ELBE CT SW,LOUD NOISE,Police,WYOMING POLICE,,
1,2026-09-05T09:52:00Z,1788601920000,ALGOMA TWP,4400 BLOCK OF MOONLITE LN NE,MEDICAL EMERGENCY,Fire,ALGOMA TWP FIRE,,
1,2026-09-05T09:58:00Z,1788602280000,KENTWOOD,3500 BLOCK OF 44TH ST SE,WELFARE CHECK,Police,KENTWOOD POLICE,,
1,2026-09-05T10:22:00Z,1788603720000,EAST GRAND RAPIDS,1600 BLOCK OF RIDGEWOOD AVE SE,MEDICAL EMERGENCY,Fire,EAST GRAND RAPIDS FIRE,,
1,2026-09-05T10:22:00Z,1788603720000,CANNON TWP,8800 BLOCK OF BELDING RD NE,BURGLAR ALARM,Police,KENT CO SHERIFF,,
1,2026-09-05T10:56:00Z,1788605760000,BYRON TWP,200 BLOCK OF 71ST ST SW,DAMAGE TO PROPERTY,Police,KENT CO SHERIFF,,
1,2026-09-05T10:56:00Z,1788605760000,ROCKFORD,0 BLOCK OF N MAIN ST NE,BURGLAR ALARM,Police,ROCKFORD POLICE,,
1,2026-09-05T11:12:00Z,1788606720000,WYOMING,900 BLOCK OF OAKCREST ST SW,MEDICAL EMERGENCY,Fire,WYOMING FIRE,,
2,2026-09-05T11:16:00Z,1788606960000,WYOMING,1100 BLOCK OF CHICAGO DR SW,VEHICLE CRASH,Police,WYOMING POLICE,,
1,2026-09-05T11:19:00Z,1788607140000,WYOMING,S DIVISION AVE / 35TH ST SE,MEDICAL EMERGENCY,Fire,WYOMING FIRE,,
2,2026-09-05T11:35:00Z,1788608100000,BYRON TWP,7100 BLOCK OF BALTIC DR SW,CARBON MONOXIDE INVESTIGATION,Fire,BYRON TWP FIRE,,
1,2026-09-05T11:41:00Z,1788608460000,KENTWOOD,3200 BLOCK OF 32ND ST SE,WEAPONS VIOLATION,Police,KENTWOOD POLICE,,
1,2026-09-05T11:50:00Z,1788609000000,WALKER,1100 BLOCK OF WILSON AVE NW,MEDICAL EMERGENCY,Fire,WALKER FIRE,,
1,2026-09-05T11:54:00Z,1788609240000,BYRON TWP,300 BLOCK OF N SWORD ST SW,MEDICAL EMERGENCY,Fire,BYRON TWP FIRE,,
3,2026-09-05T11:57:00Z,1788609420000,GRAND RAPIDS,I-196 EB AT FULLER,GENERAL ASSIST,Police,MICHIGAN STATE POLICE,42.97334499,-85.63950527
2,2026-09-05T12:03:00Z,1788609780000,GRANDVILLE,3700 BLOCK OF MOHAVE DR SW,MEDICAL EMERGENCY,Fire,GRANDVILLE FIRE,,
1,2026-09-05T12:03:00Z,1788609780000,GRANDVILLE,3700 BLOCK OF MOHAVE DR SW,GENERAL ASSIST,Police,GRANDVILLE POLICE,,
3,2026-09-05T12:14:00Z,1788610440000,WALKER,600 BLOCK OF 4 MILE RD NW,ANIMAL INCIDENT,Police,ANIMAL CONTROL,,
2,2026-09-05T12:17:00Z,1788610620000,GAINES TWP,6400 BLOCK OF S DIVISION AVE,TRAFFIC VIOLATION,Police,KENT CO SHERIFF,,
1,2026-09-05T12:18:00Z,1788610680000,CASCADE TWP,1500 BLOCK OF BRIARCLIFF DR SE,FIRE ALARM,Fire,CASCADE TWP FIRE,,
3,2026-09-05T12:18:00Z,1788610680000,WYOMING,4000 BLOCK OF S DIVISION AVE,FRAUD,Police,WYOMING POLICE,,
6,2026-09-05T12:22:00Z,1788610920000,ALGOMA TWP,US-131 NB NO 10 MILE,VEHICLE CRASH,Police,ALGOMA TWP FIRE,43.11858495,-85.60581093
5,2026-09-05T12:22:00Z,1788610920000,ALGOMA TWP,US-131 NB NO 10 MILE,VEHICLE CRASH,Police,KENT CO SHERIFF,43.11858495,-85.60581093
8,2026-09-05T12:28:00Z,1788611280000,WYOMING,42ND ST SW / COLBY AVE SW,ANIMAL INCIDENT,Police,ANIMAL CONTROL,,
1,2026-09-05T12:28:00Z,1788611280000,WYOMING,42ND ST SW / COLBY AVE SW,ANIMAL INCIDENT,Police,WYOMING POLICE,,
2,2026-09-05T12:31:00Z,1788611460000,KENTWOOD,4400 BLOCK OF KALAMAZOO AVE SE,ANIMAL INCIDENT,Police,ANIMAL CONTROL,,
1,2026-09-05T12:37:00Z,1788611820000,WALKER,700 BLOCK OF NORTH CENTER CT NW,PARKING VIOLATION,Police,WALKER POLICE,,
4,2026-09-05T12:42:00Z,1788612120000,CALEDONIA TWP,6400 BLOCK OF BUTTRICK AVE SE,MEDICAL EMERGENCY,Fire,CALEDONIA TWP FIRE,,
1,2026-09-05T12:42:00Z,1788612120000,BYRON TWP,PLANTERS ROW DR SW / BURLINGAME AVE SW,SOUND OF GUNSHOTS,Police,KENT CO SHERIFF,,
2,2026-09-05T12:46:00Z,1788612360000,WYOMING,4800 BLOCK OF QUEBEC AVE SW,MEDICAL EMERGENCY,Fire,WYOMING FIRE,,
1,2026-09-05T12:48:00Z,1788612480000,GAINES TWP,7700 BLOCK OF QUAIL RUN SE,WELFARE CHECK,Police,KENT CO SHERIFF,,
1,2026-09-05T12:49:00Z,1788612540000,ROCKFORD,200 BLOCK OF GLENCARIN DR NE,SUSPICIOUS INCIDENT,Police,ROCKFORD POLICE,,
2,2026-09-05T12:53:00Z,1788612780000,CASCADE TWP,5900 BLOCK OF HALL ST SE,DEER PERMIT,Police,KENT CO SHERIFF,,
1,2026-09-05T12:56:00Z,1788612960000,COURTLAND TWP,12600 BLOCK OF RITCHIE AVE NE,MEDICAL EMERGENCY,Fire,COURTLAND TWP FIRE,,
1,2026-09-05T12:56:00Z,1788612960000,BOWNE TWP,TIMPSON AVE SE / 60TH ST SE,SOUND OF GUNSHOTS,Police,KENT CO SHERIFF,,
3,2026-09-05T13:01:00Z,1788613260000,BYRON TWP,7000 BLOCK OF SPRINGTREE LN SW,MEDICAL EMERGENCY,Fire,BYRON TWP FIRE,,
4,2026-09-05T13:01:00Z,1788613260000,WYOMING,5700 BLOCK OF BUCHANAN AVE SW,MEDICAL EMERGENCY,Fire,WYOMING FIRE,,
2,2026-09-05T13:03:00Z,1788613380000,WALKER,4700 BLOCK OF RIVERBEND DR SW,MEDICAL EMERGENCY,Fire,WALKER FIRE,,
1,2026-09-05T13:04:00Z,1788613440000,GRANDVILLE,4500 BLOCK OF KENOWA AVE SW,DAMAGE TO PROPERTY,Police,GRANDVILLE POLICE,,
1,2026-09-05T13:12:00Z,1788613920000,KENTWOOD,PICKETT ST SE / POINSETTIA AVE SE,ANIMAL INCIDENT,Police,ANIMAL CONTROL,,
1,2026-09-05T13:24:00Z,1788614640000,GRAND RAPIDS TWP,4000 BLOCK OF I-96 FWY,GENERAL ASSIST,Police,MICHIGAN STATE POLICE,,
1,2026-09-05T13:27:00Z,1788614820000,GRANDVILLE,JENISON ST SW / DIVISION ST SW,ORDINANCE VIOLATION,Police,GRANDVILLE POLICE,,
3,2026-09-05T13:35:00Z,1788615300000,LOWELL TWP,36TH ST SE / OAK MEADOW LN SE,MEDICAL EMERGENCY,Fire,LOWELL AREA FIRE,,
2,2026-09-05T13:42:00Z,1788615720000,SPARTA TWP,15 MILE RD NW / WINTER PINES DR NW,WELFARE CHECK,Police,KENT CO SHERIFF,,
1,2026-09-05T13:47:00Z,1788616020000,ROCKFORD,200 BLOCK OF TAMARACK LN NE,DISORDERLY PERSON,Police,ROCKFORD POLICE,,
2,2026-09-05T13:47:00Z,1788616020000,SPARTA TWP,15 MILE RD NW / WINTER PINES DR NW,MEDICAL EMERGENCY,Fire,SPARTA FIRE,,
3,2026-09-05T13:57:00Z,1788616620000,ALPINE TWP,ALPINE AVE NW / LAMOREAUX DR NW,TRAFFIC VIOLATION,Police,KENT CO SHERIFF,,
2,2026-09-05T13:58:00Z,1788616680000,ALPINE TWP,5300 BLOCK OF ALPINE AVE NW,BURGLAR ALARM,Police,KENT CO SHERIFF,,
4,2026-09-05T14:01:00Z,1788616860000,PLAINFIELD TWP,4000 BLOCK OF PLAINFIELD AVE NE,LARCENY,Police,KENT CO SHERIFF,,
7,2026-09-05T14:01:00Z,1788616860000,PLAINFIELD TWP,4000 BLOCK OF PLAINFIELD AVE NE,GENERAL ASSIST,Police,KENT CO SHERIFF,,
1,2026-09-05T14:01:00Z,1788616860000,CASCADE TWP,I-96 EB TO 28TH WB,GENERAL ASSIST,Police,MICHIGAN STATE POLICE,,
4,2026-09-05T14:04:00Z,1788617040000,SPARTA TWP,600 BLOCK OF SCHULTZ NW,DAMAGE TO PROPERTY,Police,KENT CO SHERIFF,,
5,2026-09-05T14:05:00Z,1788617100000,WYOMING,2700 BLOCK OF CENTRAL AVE SW,LARCENY,Police,WYOMING POLICE,,
2,2026-09-05T14:10:00Z,1788617400000,CALEDONIA TWP,8600 BLOCK OF 84TH ST SE,MEDICAL EMERGENCY,Fire,CALEDONIA TWP FIRE,,
1,2026-09-05T14:10:00Z,1788617400000,PLAINFIELD TWP,2400 BLOCK OF ROCKHILL DR NE,MEDICAL EMERGENCY,Fire,PLAINFIELD TWP FIRE,,
1,2026-09-05T14:16:00Z,1788617760000,KENTWOOD,KALAMAZOO AVE SE / 52ND ST SE,FIRE INVESTIGATION,Fire,KENTWOOD FIRE,,
2,2026-09-05T14:16:00Z,1788617760000,WALKER,500 BLOCK OF WILSON AVE SW,GENERAL ASSIST,Police,WALKER POLICE,,
3,2026-09-05T14:18:00Z,1788617880000,KENTWOOD,4900 BLOCK OF ARBOR LN SE,911 HANG UP,Police,KENTWOOD POLICE,,
1,2026-09-05T14:24:00Z,1788618240000,CASCADE TWP,28TH ST CT SE / KRAFT AVE SE,VEHICLE CRASH,Police,KENT CO SHERIFF,,
4,2026-09-05T14:25:00Z,1788618300000,GRANDVILLE,3700 BLOCK OF RIVERTOWN PKWY SW,FRAUD,Police,GRANDVILLE POLICE,,
2,2026-09-05T14:28:00Z,1788618480000,WYOMING,1000 BLOCK OF 36TH ST SW,LARCENY,Police,WYOMING POLICE,,
1,2026-09-05T14:29:00Z,1788618540000,CASCADE TWP,3000 BLOCK OF CHARLEVOIX DR SE,MEDICAL EMERGENCY,Fire,CASCADE TWP FIRE,,
1,2026-09-05T14:34:00Z,1788618840000,BYRON TWP,6800 BLOCK OF MARSHWOOD DR SW,PARKING VIOLATION,Police,KENT CO SHERIFF,,
4,2026-09-05T14:39:00Z,1788619140000,WYOMING,3700 BLOCK OF CLYDE PARK AVE SW,LARCENY,Police,WYOMING POLICE,,
1,2026-09-05T14:42:00Z,1788619320000,WYOMING,800 BLOCK OF 28TH ST SW,SUSPICIOUS INCIDENT,Police,WYOMING POLICE,,
3,2026-09-05T14:44:00Z,1788619440000,WYOMING,0 BLOCK OF CELIA ST SW,PARKING VIOLATION,Police,WYOMING POLICE,,
2,2026-09-05T14:51:00Z,1788619860000,GRAND RAPIDS,1700 BLOCK OF ELIZABETH AVE NW,ANIMAL INCIDENT,Police,ANIMAL CONTROL,,
1,2026-09-05T14:55:00Z,1788620100000,GRAND RAPIDS TWP,3400 BLOCK OF EAGLE PARK DR NE,BURGLAR ALARM,Police,KENT CO SHERIFF,,
1,2026-09-05T14:55:00Z,1788620100000,WYOMING,2800 BLOCK OF 56TH ST SW,MEDICAL EMERGENCY,Fire,WYOMING FIRE,,
1,2026-09-05T15:07:00Z,1788620820000,ROCKFORD,100 BLOCK OF RIVER ST NE,GENERAL ASSIST,Police,ROCKFORD POLICE,,
9,2026-09-05T15:08:00Z,1788620880000,SOLON TWP,17 MILE TO US-131 SB RAMP,WELFARE CHECK,Police,KENT CO SHERIFF,43.21821124,-85.5773156
1,2026-09-05T15:09:00Z,1788620940000,WYOMING,4800 BLOCK OF VALLEYRIDGE AVE SW,MEDICAL EMERGENCY,Fire,WYOMING FIRE,,
7,2026-09-05T15:27:00Z,1788622020000,KENTWOOD,2500 BLOCK OF FOREST HILL AVE SE,LOITERING,Police,KENTWOOD POLICE,,
6,2026-09-05T15:29:00Z,1788622140000,ALGOMA TWP,ALGOMA AVE NE / FONGER ST NE,TRAFFIC VIOLATION,Police,KENT CO SHERIFF,,
1,2026-09-05T15:29:00Z,1788622140000,KENTWOOD,4400 BLOCK OF 28TH ST SE,OPEN DOOR,Police,KENTWOOD POLICE,,
2,2026-09-05T15:33:00Z,1788622380000,SPARTA,100 BLOCK OF IDA RED AVE NW,MEDICAL EMERGENCY,Fire,SPARTA FIRE,,
5,2026-09-05T15:33:00Z,1788622380000,WALKER,US-131 NB NO I-96,TRAFFIC HAZARD,Police,WALKER POLICE,43.02214083,-85.66728881
1,2026-09-05T15:34:00Z,1788622440000,SPARTA,100 BLOCK OF IDA RED AVE NW,BROADCAST,Police,SPARTA POLICE,,
11,2026-09-05T15:38:00Z,1788622680000,BYRON TWP,M-6 WB WO WILSON,VEHICLE CRASH,Police,KENT CO SHERIFF,42.84788495,-85.76481724
1,2026-09-05T15:43:00Z,1788622980000,WYOMING,3400 BLOCK OF RAVEN AVE SW,911 HANG UP,Police,WYOMING POLICE,,
2,2026-09-05T15:54:00Z,1788623640000,CASCADE TWP,5900 BLOCK OF 28TH ST SE,SUSPICIOUS INCIDENT,Police,KENT CO SHERIFF,,
1,2026-09-05T15:55:00Z,1788623700000,WYOMING,CELIA ST SW / BUCHANAN AVE SW,LOUD NOISE,Police,WYOMING POLICE,,
2,2026-09-05T15:56:00Z,1788623760000,WYOMING,1200 BLOCK OF WHITING ST SW,SUSPICIOUS INCIDENT,Police,WYOMING POLICE,,
1,2026-09-05T15:58:00Z,1788623880000,CEDAR SPRINGS,400 BLOCK OF E MUSKEGON ST NE,MEDICAL EMERGENCY,Fire,CEDAR SPRINGS FIRE,,
3,2026-09-05T16:01:00Z,1788624060000,BYRON TWP,7400 BLOCK OF WHISTLEVALE DR SW,MEDICAL EMERGENCY,Fire,BYRON TWP FIRE,,
2,2026-09-05T16:03:00Z,1788624180000,CEDAR SPRINGS,400 BLOCK OF E MUSKEGON ST NE,GENERAL ASSIST,Police,KENT CO SHERIFF,,
1,2026-09-05T16:06:00Z,1788624360000,WYOMING,300 BLOCK OF 28TH ST SW,MISSING PERSON,Police,WYOMING POLICE,,
1,2026-09-05T16:23:00Z,1788625380000,WALKER,300 BLOCK OF MANZANA CT NW,DISORDERLY PERSON,Police,WALKER POLICE,,
2,2026-09-05T16:24:00Z,1788625440000,LOWELL TWP,10900 BLOCK OF DEERWOOD CT SE,911 HANG UP,Police,KENT CO SHERIFF,,
2,2026-09-05T16:34:00Z,1788626040000,WALKER,1100 BLOCK OF HARDING ST NW,MEDICAL EMERGENCY,Fire,WALKER FIRE,,
1,2026-09-05T16:36:00Z,1788626160000,KENTWOOD,900 BLOCK OF ANDOVER CT SE,MEDICAL EMERGENCY,Fire,KENTWOOD FIRE,,
2,2026-09-05T16:49:00Z,1788626940000,ALPINE TWP,3800 BLOCK OF OAKRIDGE AVE NW,SUSPICIOUS INCIDENT,Police,KENT CO SHERIFF,,
4,2026-09-05T16:50:00Z,1788627000000,GRANDVILLE,3700 BLOCK OF RIVERTOWN PKWY SW,SUSPICIOUS INCIDENT,Police,GRANDVILLE POLICE,,
3,2026-09-05T16:50:00Z,1788627000000,BYRON TWP,68TH ST SW / BURLINGAME AVE SW,VEHICLE CRASH,Police,KENT CO SHERIFF,,
7,2026-09-05T16:58:00Z,1788627480000,WALKER,700 BLOCK OF 4 MILE RD NW,DISORDERLY PERSON,Police,WALKER POLICE,,
1,2026-09-05T17:00:00Z,1788627600000,GRANDVILLE,4500 BLOCK OF KENOWA AVE SW,WELFARE CHECK,Police,GRANDVILLE POLICE,,
5,2026-09-05T17:00:00Z,1788627600000,CASCADE TWP,28TH TO I-96 WB RAMP,VEHICLE CRASH,Police,KENT CO SHERIFF,42.91499804,-85.53608607
1,2026-09-05T17:02:00Z,1788627720000,WYOMING,2700 BLOCK OF LONGSTREET AVE SW,MEDICAL EMERGENCY,Fire,WYOMING FIRE,,
4,2026-09-05T17:03:00Z,1788627780000,GRANDVILLE,4500 BLOCK OF KENOWA AVE SW,MEDICAL EMERGENCY,Fire,GRANDVILLE FIRE,,
3,2026-09-05T17:05:00Z,1788627900000,CALEDONIA TWP,5600 BLOCK OF 68TH ST SE,DAMAGE TO PROPERTY,Police,KENT CO SHERIFF,,
2,2026-09-05T17:07:00Z,1788628020000,WYOMING,100 BLOCK OF 40TH ST SW,MEDICAL EMERGENCY,Fire,WYOMING FIRE,,
1,2026-09-05T17:07:00Z,1788628020000,WYOMING,5700 BLOCK OF CLYDE PARK AVE SW,MEDICAL EMERGENCY,Fire,WYOMING FIRE,,
1,2026-09-05T17:08:00Z,1788628080000,KENTWOOD,4800 BLOCK OF WOLF RUN AVE SE,PARKING VIOLATION,Police,KENTWOOD POLICE,,
3,2026-09-05T17:09:00Z,1788628140000,CASCADE TWP,1300 BLOCK OF HALLMARK LN SE,GENERAL ASSIST,Police,KENT CO SHERIFF,,
2,2026-09-05T17:19:00Z,1788628740000,KENTWOOD,54TH ST SW / S DIVISION AVE,VEHICLE CRASH,Police,KENTWOOD POLICE,,
5,2026-09-05T17:19:00Z,1788628740000,KENTWOOD,S DIVISION AVE / FARNHAM ST SE,VEHICLE CRASH,Police,KENTWOOD POLICE,,
1,2026-09-05T17:30:00Z,1788629400000,CASCADE TWP,2800 BLOCK OF THORNHILLS AVE SE,MEDICAL EMERGENCY,Fire,CASCADE TWP FIRE,,
5,2026-09-05T17:33:00Z,1788629580000,LOWELL TWP,11300 BLOCK OF ANN ST SE,DAMAGE TO PROPERTY,Police,KENT CO SHERIFF,,
2,2026-09-05T17:35:00Z,1788629700000,ALPINE TWP,300 BLOCK OF TIMBER CREEK CIR NW,MEDICAL EMERGENCY,Fire,ALPINE TWP FIRE,,
3,2026-09-05T17:35:00Z,1788629700000,KENTWOOD,3200 BLOCK OF 28TH ST SE,FRAUD,Police,KENTWOOD POLICE,,
1,2026-09-05T17:37:00Z,1788629820000,WALKER,3600 BLOCK OF REMEMBRANCE RD NW,MEDICAL EMERGENCY,Fire,WALKER FIRE,,
4,2026-09-05T17:40:00Z,1788630000000,WYOMING,4300 BLOCK OF CROOKED TREE RD SW,ANIMAL INCIDENT,Police,ANIMAL CONTROL,,
1,2026-09-05T17:41:00Z,1788630060000,WALKER,2500 BLOCK OF DAY AVE NW,WELFARE CHECK,Police,WALKER POLICE,,
2,2026-09-05T17:41:00Z,1788630060000,WYOMING,2700 BLOCK OF BURLINGAME AVE SW,WELFARE CHECK,Police,WYOMING POLICE,,
1,2026-09-05T17:53:00Z,1788630780000,GAINES TWP,900 BLOCK OF 72ND ST SE,WELFARE CHECK,Police,KENT CO SHERIFF,,
8,2026-09-05T18:00:00Z,1788631200000,WALKER,I-96 EB WO FRUIT RIDGE,VEHICLE CRASH,Police,WALKER POLICE,43.01782265,-85.76436111
1,2026-09-05T18:02:00Z,1788631320000,OAKFIELD TWP,11600 BLOCK OF PODUNK AVE NE,MEDICAL EMERGENCY,Fire,OAKFIELD TWP FIRE,,
6,2026-09-05T18:07:00Z,1788631620000,WYOMING,2300 BLOCK OF DE HOOP AVE SW,FOUND PROPERTY,Police,WYOMING POLICE,,
5,2026-09-05T18:17:00Z,1788632220000,CASCADE TWP,BROADMOOR AVE SE / PATTERSON AVE SE,VEHICLE CRASH,Police,KENT CO SHERIFF,,
1,2026-09-05T18:18:00Z,1788632280000,BYRON TWP,84TH ST SW / BYRON CENTER AVE SW,VEHICLE CRASH,Police,BYRON TWP FIRE,,
2,2026-09-05T18:18:00Z,1788632280000,BYRON TWP,84TH ST SW / BYRON CENTER AVE SW,VEHICLE CRASH,Police,KENT CO SHERIFF,,
1,2026-09-05T18:24:00Z,1788632640000,ADA TWP,PETTIS AVE NE / KNAPP ST NE,VEHICLE CRASH,Police,ADA TWP FIRE,,
2,2026-09-05T18:24:00Z,1788632640000,ADA TWP,PETTIS AVE NE / KNAPP ST NE,VEHICLE CRASH,Police,KENT CO SHERIFF,,
6,2026-09-05T18:34:00Z,1788633240000,WYOMING,1900 BLOCK OF GREENFIELD AVE SW,INJUNCTIVE VIOLATION,Police,WYOMING POLICE,,
4,2026-09-05T18:39:00Z,1788633540000,GAINES TWP,6100 BLOCK OF RYE LN SE,FRAUD,Police,KENT CO SHERIFF,,
4,2026-09-05T18:43:00Z,1788633780000,GRANDVILLE,4800 BLOCK OF RAVENSWOOD DR SW,MEDICAL EMERGENCY,Fire,GRANDVILLE FIRE,,
3,2026-09-05T18:46:00Z,1788633960000,ALPINE TWP,4500 BLOCK OF BEKINSHIRE DR NW,ABANDONED VEHICLE,Police,KENT CO SHERIFF,,
1,2026-09-05T18:50:00Z,1788634200000,GRANDVILLE,4400 BLOCK OF KENOWA AVE SW,MEDICAL EMERGENCY,Fire,GRANDVILLE FIRE,,
2,2026-09-05T18:51:00Z,1788634260000,GRAND RAPIDS TWP,700 BLOCK OF GREENBRIER DR SE,GENERAL ASSIST,Police,KENT CO SHERIFF,,
1,2026-09-05T18:54:00Z,1788634440000,WYOMING,1800 BLOCK OF DURANGO CT SW,MEDICAL EMERGENCY,Fire,WYOMING FIRE,,
3,2026-09-05T18:59:00Z,1788634740000,PLAINFIELD TWP,5300 BLOCK OF LARKIN AVE NE,FRAUD,Police,KENT CO SHERIFF,,
1,2026-09-05T19:00:00Z,1788634800000,WYOMING,500 BLOCK OF 44TH ST SW,FIRE ALARM,Fire,WYOMING FIRE,,
10,2026-09-05T19:04:00Z,1788635040000,WALKER,I-96 EB WO FRUIT RIDGE,VEHICLE CRASH,Police,WALKER POLICE,43.01782265,-85.76436111
6,2026-09-05T19:05:00Z,1788635100000,WYOMING,2400 BLOCK OF 36TH ST SW,HARASSMENT,Police,WYOMING POLICE,,
1,2026-09-05T19:06:00Z,1788635160000,GAINES TWP,200 BLOCK OF WILLOWBROOK DR SE,SUSPICIOUS INCIDENT,Police,KENT CO SHERIFF,,
3,2026-09-05T19:07:00Z,1788635220000,GRAND RAPIDS,500 BLOCK OF RUMSEY ST SW,ANIMAL INCIDENT,Police,ANIMAL CONTROL,,
11,2026-09-05T19:10:00Z,1788635400000,KENTWOOD,5700 BLOCK OF S JAMESTOWN CT SE,STOLEN VEHICLE,Police,KENTWOOD POLICE,,
2,2026-09-05T19:11:00Z,1788635460000,GAINES TWP,7100 BLOCK OF MADISON AVE SE,FIRE ALARM,Fire,GAINES TWP FIRE,,
1,2026-09-05T19:19:00Z,1788635940000,GRAND RAPIDS,FULLER TO I-196 EB RAMP,GENERAL ASSIST,Police,MICHIGAN STATE POLICE,,
1,2026-09-05T19:20:00Z,1788636000000,GRANDVILLE,TYLER ST / KENOWA AVE SW,WELFARE CHECK,Police,GRANDVILLE POLICE,,
1,2026-09-05T19:25:00Z,1788636300000,LOWELL,ALDEN NASH AVE SE / W MAIN ST SE,VEHICLE CRASH,Police,LOWELL AREA FIRE,,
1,2026-09-05T19:25:00Z,1788636300000,LOWELL,ALDEN NASH AVE SE / W MAIN ST SE,VEHICLE CRASH,Police,LOWELL POLICE,,
8,2026-09-05T19:27:00Z,1788636420000,ALGOMA TWP,12900 BLOCK OF EDGERTON AVE NE,ANIMAL INCIDENT,Police,ANIMAL CONTROL,,
2,2026-09-05T19:31:00Z,1788636660000,GRANDVILLE,INDIAN MOUNDS DR SW / WILSON AVE SW,PARKING VIOLATION,Police,GRANDVILLE POLICE,,
4,2026-09-05T19:34:00Z,1788636840000,WYOMING,2200 BLOCK OF CLYDE PARK AVE SW,GENERAL ASSIST,Police,WYOMING POLICE,,
1,2026-09-05T19:36:00Z,1788636960000,ADA TWP,6700 BLOCK OF E FULTON ST,VEHICLE CRASH,Police,ADA TWP FIRE,,
3,2026-09-05T19:36:00Z,1788636960000,GRANDVILLE,3600 BLOCK OF RIVERTOWN PKWY SW,VEHICLE CRASH,Police,GRANDVILLE POLICE,,
6,2026-09-05T19:36:00Z,1788636960000,ADA TWP,6700 BLOCK OF E FULTON ST,VEHICLE CRASH,Police,KENT CO SHERIFF,,
2,2026-09-05T19:38:00Z,1788637080000,KENTWOOD,4600 BLOCK OF HUNTERS RIDGE DR SE,911 HANG UP,Police,KENTWOOD POLICE,,
1,2026-09-05T19:38:00Z,1788637080000,SPARTA,100 BLOCK OF HOMESTEAD ACRES RD NW,FIRE ALARM,Fire,SPARTA FIRE,,
4,2026-09-05T19:39:00Z,1788637140000,WYOMING,1300 BLOCK OF DEN HERTOG ST SW,WELFARE CHECK,Police,WYOMING POLICE,,
2,2026-09-05T19:41:00Z,1788637260000,GRATTAN TWP,4100 BLOCK OF CAUSEWAY DR NE,MEDICAL EMERGENCY,Fire,GRATTAN TWP FIRE,,
1,2026-09-05T19:48:00Z,1788637680000,WALKER,ALPINE AVE NW / CENTER DR NW,GENERAL ASSIST,Police,WALKER POLICE,,
14,2026-09-05T19:51:00Z,1788637860000,WALKER,I-96 EB WO WALKER,GENERAL ASSIST,Police,MICHIGAN STATE POLICE,43.02045888,-85.72757905
1,2026-09-05T20:00:00Z,1788638400000,SPARTA TWP,8500 BLOCK OF ALPINE AVE NW,CARBON MONOXIDE INVESTIGATION,Fire,SPARTA FIRE,,
2,2026-09-05T20:01:00Z,1788638460000,WYOMING,54TH ST SW / US-131 FWY,VEHICLE CRASH,Police,WYOMING POLICE,,
1,2026-09-05T20:04:00Z,1788638640000,GRANDVILLE,3700 BLOCK OF PONCA CT SW,MEDICAL EMERGENCY,Fire,GRANDVILLE FIRE,,
1,2026-09-05T20:04:00Z,1788638640000,GRANDVILLE,3700 BLOCK OF PONCA CT SW,GENERAL ASSIST,Police,GRANDVILLE POLICE,,
5,2026-09-05T20:04:00Z,1788638640000,GRATTAN TWP,4100 BLOCK OF CAUSEWAY DR NE,GENERAL ASSIST,Police,KENT CO SHERIFF,,
2,2026-09-05T20:05:00Z,1788638700000,KENTWOOD,KALAMAZOO AVE SE / GENTIAN DR SE,VEHICLE CRASH,Police,KENTWOOD POLICE,,
1,2026-09-05T20:10:00Z,1788639000000,ALPINE TWP,4000 BLOCK OF ALPINE AVE NW,VEHICLE CRASH,Police,KENT CO SHERIFF,,
3,2026-09-05T20:11:00Z,1788639060000,WYOMING,2900 BLOCK OF MADISON AVE SE,ANIMAL INCIDENT,Police,ANIMAL CONTROL,,
1,2026-09-05T20:23:00Z,1788639780000,WYOMING,54TH ST SW / US-131 FWY,VEHICLE CRASH,Police,WYOMING POLICE,,
2,2026-09-05T20:29:00Z,1788640140000,WYOMING,5100 BLOCK OF VILLAGE DR SW,MEDICAL EMERGENCY,Fire,WYOMING FIRE,,
2,2026-09-05T20:30:00Z,1788640200000,GRATTAN TWP,8100 BLOCK OF TIFFANY AVE NE,BURGLAR ALARM,Police,KENT CO SHERIFF,,
1,2026-09-05T20:30:00Z,1788640200000,KENTWOOD,3200 BLOCK OF 28TH ST SE,FRAUD,Police,KENTWOOD POLICE,,
5,2026-09-05T20:38:00Z,1788640680000,SOLON TWP,US-131 SB NO 17 MILE,VEHICLE CRASH,Police,KENT CO SHERIFF,43.22110651,-85.57540614
1,2026-09-05T20:40:00Z,1788640800000,ROCKFORD,500 BLOCK OF E DIVISION ST NE,WELFARE CHECK,Police,ROCKFORD POLICE,,
1,2026-09-05T20:44:00Z,1788641040000,SPARTA,200 BLOCK OF E DIVISION ST NW,SUSPICIOUS INCIDENT,Police,SPARTA POLICE,,
1,2026-09-05T20:54:00Z,1788641640000,WALKER,4000 BLOCK OF CANYON CREEK DR SW,FRAUD,Police,WALKER POLICE,,
4,2026-09-05T21:19:00Z,1788643140000,CALEDONIA TWP,8500 BLOCK OF RAINBOWS END RD SE,GENERAL ASSIST,Police,KENT CO SHERIFF,,
3,2026-09-05T21:29:00Z,1788643740000,ALGOMA TWP,2900 BLOCK OF 10 MILE RD NE,MEDICAL EMERGENCY,Fire,ALGOMA TWP FIRE,,
4,2026-09-05T21:29:00Z,1788643740000,PLAINFIELD TWP,5000 BLOCK OF PLAINFIELD AVE NE,LOITERING,Police,KENT CO SHERIFF,,
2,2026-09-05T21:30:00Z,1788643800000,WYOMING,BURTON ST SW / CLYDE PARK AVE SW,VEHICLE CRASH,Police,WYOMING POLICE,,
1,2026-09-05T21:34:00Z,1788644040000,ADA TWP,8400 BLOCK OF BAILEY DR SE,MEDICAL EMERGENCY,Fire,ADA TWP FIRE,,
1,2026-09-05T21:34:00Z,1788644040000,GRANDVILLE,2800 BLOCK OF CHICAGO DR SW,BURGLAR ALARM,Police,GRANDVILLE POLICE,,
1,2026-09-05T21:39:00Z,1788644340000,CEDAR SPRINGS,200 BLOCK OF N MAIN ST NE,FRAUD,Police,KENT CO SHERIFF,,
6,2026-09-05T21:43:00Z,1788644580000,SOLON TWP,US-131 NB NO 17 MILE,WELFARE CHECK,Police,KENT CO SHERIFF,43.22108593,-85.57490193
3,2026-09-05T21:55:00Z,1788645300000,BYRON TWP,700 BLOCK OF SUN STONE DR SW,DISORDERLY PERSON,Police,KENT CO SHERIFF,,
2,2026-09-05T21:58:00Z,1788645480000,CANNON TWP,5600 BLOCK OF CANNONSBURG RD NE,DISORDERLY PERSON,Police,KENT CO SHERIFF,,
1,2026-09-05T22:01:00Z,1788645660000,GRANDVILLE,3100 BLOCK OF HONEYWOOD DR SW,FIRE INVESTIGATION,Fire,GRANDVILLE FIRE,,
1,2026-09-05T22:07:00Z,1788646020000,BYRON TWP,6300 BLOCK OF VENTURE HILLS BLVD SW,MEDICAL EMERGENCY,Fire,BYRON TWP FIRE,,
6,2026-09-05T22:10:00Z,1788646200000,CALEDONIA,400 BLOCK OF N LAKE ST SE,DISORDERLY PERSON,Police,KENT CO SHERIFF,,
4,2026-09-05T22:17:00Z,1788646620000,GRANDVILLE,3500 BLOCK OF RIVERTOWN POINT CT SW,FIRE ALARM,Fire,GRANDVILLE FIRE,,
1,2026-09-05T22:17:00Z,1788646620000,ROCKFORD,100 BLOCK OF COURTLAND ST NE,BURGLAR ALARM,Police,ROCKFORD POLICE,,
2,2026-09-05T22:19:00Z,1788646740000,GAINES TWP,7100 BLOCK OF MADISON AVE SE,MEDICAL EMERGENCY,Fire,GAINES TWP FIRE,,
1,2026-09-05T22:19:00Z,1788646740000,GAINES TWP,7100 BLOCK OF MADISON AVE SE,BROADCAST,Police,KENT CO SHERIFF,,
1,2026-09-05T22:22:00Z,1788646920000,KENTWOOD,3300 BLOCK OF 28TH ST SE,LOITERING,Police,KENTWOOD POLICE,,
1,2026-09-05T22:30:00Z,1788647400000,KENTWOOD,3700 BLOCK OF 28TH ST SE,FIGHT,Police,KENTWOOD POLICE,,
2,2026-09-05T22:30:00Z,1788647400000,WALKER,3600 BLOCK OF JASON RIDGE LN SW,MEDICAL EMERGENCY,Fire,WALKER FIRE,,
1,2026-09-05T22:32:00Z,1788647520000,CASCADE TWP,1600 BLOCK OF BRIARCLIFF DR SE,911 HANG UP,Police,KENT CO SHERIFF,,
4,2026-09-05T22:34:00Z,1788647640000,KENTWOOD,3700 BLOCK OF 28TH ST SE,ASSAULT,Police,KENTWOOD POLICE,,
3,2026-09-05T22:37:00Z,1788647820000,WYOMING,1300 BLOCK OF HUDSON ST SW,MISSING PERSON,Police,WYOMING POLICE,,
1,2026-09-05T22:40:00Z,1788648000000,PLAINFIELD TWP,2700 BLOCK OF LIMESTONE LN NE,MEDICAL EMERGENCY,Fire,PLAINFIELD TWP FIRE,,
1,2026-09-05T22:47:00Z,1788648420000,WYOMING,2100 BLOCK OF HEALTH DR SW,MEDICAL EMERGENCY,Fire,WYOMING FIRE,,
1,2026-09-05T22:56:00Z,1788648960000,WYOMING,900 BLOCK OF 34TH ST SW,SUSPICIOUS INCIDENT,Police,WYOMING POLICE,,
4,2026-09-05T22:57:00Z,1788649020000,OAKFIELD TWP,12800 BLOCK OF 12 MILE RD NE,FRAUD,Police,KENT CO SHERIFF,,
1,2026-09-05T22:58:00Z,1788649080000,CASCADE TWP,7700 BLOCK OF SANDY HOLLOW DR SE,911 HANG UP,Police,KENT CO SHERIFF,,
2,2026-09-05T23:06:00Z,1788649560000,ROCKFORD,5000 BLOCK OF 11 MILE RD NE,MEDICAL EMERGENCY,Fire,ROCKFORD FIRE,,
1,2026-09-05T23:06:00Z,1788649560000,ROCKFORD,5000 BLOCK OF 11 MILE RD NE,GENERAL ASSIST,Police,ROCKFORD POLICE,,
7,2026-09-05T23:25:00Z,1788650700000,GRANDVILLE,I-196 WB WO CHICAGO DR-MM 69-GV,VEHICLE CRASH,Police,GRANDVILLE FIRE,42.90377626,-85.78104505
6,2026-09-05T23:25:00Z,1788650700000,GRANDVILLE,I-196 WB WO CHICAGO DR-MM 69-GV,VEHICLE CRASH,Police,GRANDVILLE POLICE,42.90377626,-85.78104505
1,2026-09-05T23:27:00Z,1788650820000,WYOMING,2300 BLOCK OF DE HOOP AVE SW,ANIMAL INCIDENT,Police,WYOMING POLICE,,
1,2026-09-05T23:29:00Z,1788650940000,CANNON TWP,5600 BLOCK OF CANNONSBURG RD NE,TRESPASSING,Police,KENT CO SHERIFF,,
1,2026-09-05T23:46:00Z,1788651960000,KENTWOOD,3300 BLOCK OF BRETON VALLEY DR SE,WELFARE CHECK,Police,KENTWOOD POLICE,,
3,2026-09-05T23:47:00Z,1788652020000,WYOMING,2600 BLOCK OF CHARLESGATE AVE SW,GENERAL ASSIST,Police,WYOMING POLICE,,
2,2026-09-05T23:48:00Z,1788652080000,GRAND RAPIDS TWP,200 BLOCK OF MERCER DR SE,BURGLAR ALARM,Police,KENT CO SHERIFF,,
4,2026-09-05T23:49:00Z,1788652140000,LOWELL TWP,10800 BLOCK OF SETTLEWOOD DR SE,ANIMAL INCIDENT,Police,KENT CO SHERIFF,,
1,2026-09-05T23:49:00Z,1788652140000,WYOMING,3800 BLOCK OF HORTON AVE SE,911 HANG UP,Police,WYOMING POLICE,,
4,2026-09-05T23:52:00Z,1788652320000,VERGENNES TWP,3100 BLOCK OF LINCOLN LAKE AVE NE,VEHICLE CRASH,Police,KENT CO SHERIFF,,
1,2026-09-05T23:52:00Z,1788652320000,VERGENNES TWP,3100 BLOCK OF LINCOLN LAKE AVE NE,VEHICLE CRASH,Police,LOWELL AREA FIRE,,
1,2026-09-06T00:00:00Z,1788652800000,COURTLAND TWP,NORTHLAND DR NE / 13 MILE RD NE,VEHICLE CRASH,Police,KENT CO SHERIFF,,
1,2026-09-06T00:01:00Z,1788652860000,COURTLAND TWP,NORTHLAND DR NE / 13 MILE RD NE,VEHICLE CRASH,Police,COURTLAND TWP FIRE,,
3,2026-09-06T00:06:00Z,1788653160000,COURTLAND TWP,9100 BLOCK OF RAMSDELL DR NE,MEDICAL EMERGENCY,Fire,COURTLAND TWP FIRE,,
1,2026-09-06T00:06:00Z,1788653160000,BYRON TWP,100TH ST SW / WUSTMAN AVE SW,GENERAL ASSIST,Police,KENT CO SHERIFF,,
1,2026-09-06T00:12:00Z,1788653520000,WYOMING,1800 BLOCK OF BURLINGAME AVE SW,SUSPICIOUS INCIDENT,Police,WYOMING POLICE,,
1,2026-09-06T00:25:00Z,1788654300000,GRANDVILLE,3200 BLOCK OF WILSON AVE SW,GENERAL ASSIST,Police,GRANDVILLE POLICE,,
2,2026-09-06T00:28:00Z,1788654480000,ALPINE TWP,3800 BLOCK OF YORKLAND DR NW,MEDICAL EMERGENCY,Fire,ALPINE TWP FIRE,,
2,2026-09-06T00:30:00Z,1788654600000,WALKER,1700 BLOCK OF 3 MILE RD NW,LOUD NOISE,Police,WALKER POLICE,,
1,2026-09-06T00:33:00Z,1788654780000,KENTWOOD,3300 BLOCK OF 28TH ST SE,DISORDERLY PERSON,Police,KENTWOOD POLICE,,
3,2026-09-06T00:43:00Z,1788655380000,SPARTA,500 BLOCK OF ATKINSON ST NW,MEDICAL EMERGENCY,Fire,SPARTA FIRE,,
2,2026-09-06T00:44:00Z,1788655440000,GAINES TWP,1300 BLOCK OF WOODFIELD EAST DR SE,911 HANG UP,Police,KENT CO SHERIFF,,
6,2026-09-06T00:49:00Z,1788655740000,ALPINE TWP,4600 BLOCK OF MOFFETT RD NW,STOLEN VEHICLE,Police,KENT CO SHERIFF,,
1,2026-09-06T00:50:00Z,1788655800000,WALKER,ALPINE AVE NW / OLD ORCHARD DR NW,GENERAL ASSIST,Police,WALKER POLICE,,
4,2026-09-06T00:51:00Z,1788655860000,WYOMING,1100 BLOCK OF CHICAGO DR SW,SUSPICIOUS INCIDENT,Police,WYOMING POLICE,,
3,2026-09-06T00:53:00Z,1788655980000,GAINES TWP,300 BLOCK OF S GREEN MEADOW ST SE,MEDICAL EMERGENCY,Fire,GAINES TWP FIRE,,
2,2026-09-06T00:53:00Z,1788655980000,GAINES TWP,300 BLOCK OF S GREEN MEADOW ST SE,BROADCAST,Police,KENT CO SHERIFF,,
1,2026-09-06T00:55:00Z,1788656100000,GAINES TWP,1300 BLOCK OF WOODFIELD EAST DR SE,MEDICAL EMERGENCY,Fire,GAINES TWP FIRE,,
2,2026-09-06T00:59:00Z,1788656340000,WYOMING,4800 BLOCK OF HALIFAX AVE SW,LOUD NOISE,Police,WYOMING POLICE,,
1,2026-09-06T01:00:00Z,1788656400000,GAINES TWP,6100 BLOCK OF WOODFIELD DR SE,SUSPICIOUS INCIDENT,Police,KENT CO SHERIFF,,
1,2026-09-06T01:06:00Z,1788656760000,GRANDVILLE,3500 BLOCK OF VIADUCT ST SW,FIRE ALARM,Fire,GRANDVILLE FIRE,,
1,2026-09-06T01:12:00Z,1788657120000,GAINES TWP,6200 BLOCK OF WOODFIELD DR SE,GENERAL ASSIST,Police,KENT CO SHERIFF,,
2,2026-09-06T01:12:00Z,1788657120000,WYOMING,900 BLOCK OF 28TH ST SW,BURGLAR ALARM,Police,WYOMING POLICE,,
1,2026-09-06T01:18:00Z,1788657480000,CASCADE TWP,3100 BLOCK OF MIDDLE GATE DR SE,SOUND OF GUNSHOTS,Police,KENT CO SHERIFF,,
2,2026-09-06T01:18:00Z,1788657480000,WYOMING,3100 BLOCK OF STRATFORD DR SW,CARBON MONOXIDE INVESTIGATION,Fire,WYOMING FIRE,,
2,2026-09-06T01:20:00Z,1788657600000,KENTWOOD,4300 BLOCK OF HIDDEN LAKES DR SE,911 HANG UP,Police,KENTWOOD POLICE,,
9,2026-09-06T01:31:00Z,1788658260000,WYOMING,KENT TRAILS_44TH ST SW,FIREWORKS,Police,WYOMING POLICE,42.88455224,-85.73371179
1,2026-09-06T01:32:00Z,1788658320000,WYOMING,2800 BLOCK OF S DIVISION AVE,WELFARE CHECK,Police,WYOMING POLICE,,
10,2026-09-06T01:35:00Z,1788658500000,CASCADE TWP,I-96 EB EO 28TH,BROADCAST,Police,KENT CO SHERIFF,42.91188688,-85.53502295
2,2026-09-06T01:35:00Z,1788658500000,WYOMING,2800 BLOCK OF S DIVISION AVE,MEDICAL EMERGENCY,Fire,WYOMING FIRE,,
1,2026-09-06T01:40:00Z,1788658800000,BYRON TWP,7500 BLOCK OF WHISTLEPIPE CT SW,MEDICAL EMERGENCY,Fire,BYRON TWP FIRE,,
3,2026-09-06T01:44:00Z,1788659040000,WYOMING,3800 BLOCK OF PARKLAND AVE SW,MEDICAL EMERGENCY,Fire,WYOMING FIRE,,
2,2026-09-06T01:44:00Z,1788659040000,WYOMING,3800 BLOCK OF PARKLAND AVE SW,BROADCAST,Police,WYOMING POLICE,,
1,2026-09-06T01:46:00Z,1788659160000,KENTWOOD,4300 BLOCK OF S DIVISION AVE,DISORDERLY PERSON,Police,KENTWOOD POLICE,,
2,2026-09-06T01:47:00Z,1788659220000,CASCADE TWP,5200 BLOCK OF 28TH ST SE,MEDICAL EMERGENCY,Fire,CASCADE TWP FIRE,,
1,2026-09-06T01:48:00Z,1788659280000,PLAINFIELD TWP,4800 BLOCK OF WEST RIVER DR NE,MEDICAL EMERGENCY,Fire,PLAINFIELD TWP FIRE,,
2,2026-09-06T01:51:00Z,1788659460000,WYOMING,4900 BLOCK OF WILSON AVE SW,LOITERING,Police,WYOMING POLICE,,
2,2026-09-06T01:54:00Z,1788659640000,CASCADE TWP,5100 BLOCK OF 28TH ST SE,FRAUD,Police,KENT CO SHERIFF,,
8,2026-09-06T01:54:00Z,1788659640000,WALKER,2000 BLOCK OF WHITMORE AVE NW,WELFARE CHECK,Police,WALKER POLICE,,
5,2026-09-06T01:55:00Z,1788659700000,LOWELL TWP,12000 BLOCK OF GRAND RIVER DR SE,WELFARE CHECK,Police,KENT CO SHERIFF,,
1,2026-09-06T01:56:00Z,1788659760000,WYOMING,1100 BLOCK OF DEN HERTOG ST SW,LOUD NOISE,Police,WYOMING POLICE,,
2,2026-09-06T02:03:00Z,1788660180000,CASCADE TWP,5000 BLOCK OF 28TH ST SE,MEDICAL EMERGENCY,Fire,CASCADE TWP FIRE,,
5,2026-09-06T02:07:00Z,1788660420000,WYOMING,2100 BLOCK OF CLEVELAND AVE SW,WELFARE CHECK,Police,WYOMING POLICE,,
1,2026-09-06T02:12:00Z,1788660720000,KENTWOOD,4500 BLOCK OF BOWEN BLVD SE,WELFARE CHECK,Police,KENTWOOD POLICE,,
3,2026-09-06T02:13:00Z,1788660780000,KENTWOOD,5000 BLOCK OF S DIVISION AVE,MEDICAL EMERGENCY,Fire,KENTWOOD FIRE,,
2,2026-09-06T02:17:00Z,1788661020000,WYOMING,3800 BLOCK OF TAFT AVE SW,MEDICAL EMERGENCY,Fire,WYOMING FIRE,,
1,2026-09-06T02:17:00Z,1788661020000,WYOMING,3800 BLOCK OF TAFT AVE SW,BROADCAST,Police,WYOMING POLICE,,
2,2026-09-06T02:18:00Z,1788661080000,KENTWOOD,2600 BLOCK OF RIDGECROFT DR SE,HARASSMENT,Police,KENTWOOD POLICE,,
6,2026-09-06T02:19:00Z,1788661140000,SOLON TWP,N DIVISION AVE / 19 MILE RD NE,PURSUIT,Police,KENT CO SHERIFF,,
1,2026-09-06T02:25:00Z,1788661500000,COURTLAND TWP,11300 BLOCK OF TEFFT AVE NE,MEDICAL EMERGENCY,Fire,COURTLAND TWP FIRE,,
2,2026-09-06T02:26:00Z,1788661560000,WYOMING,300 BLOCK OF 28TH ST SW,SUSPICIOUS INCIDENT,Police,WYOMING POLICE,,
1,2026-09-06T02:36:00Z,1788662160000,SOLON TWP,17 MILE RD NE / ALGOMA AVE NE,VEHICLE CRASH,Police,KENT CO SHERIFF,,
1,2026-09-06T02:37:00Z,1788662220000,WYOMING,1300 BLOCK OF 28TH ST SW,ASSAULT,Police,WYOMING POLICE,,
1,2026-09-06T02:37:00Z,1788662220000,WYOMING,6000 BLOCK OF CLAY AVE SW,BURGLAR ALARM,Police,WYOMING POLICE,,
2,2026-09-06T02:50:00Z,1788663000000,PLAINFIELD TWP,6500 BLOCK OF RAVINE POINT DR NE,SUSPICIOUS INCIDENT,Police,KENT CO SHERIFF,,
1,2026-09-06T03:02:00Z,1788663720000,EAST GRAND RAPIDS,900 BLOCK OF PINECREST AVE SE,MEDICAL EMERGENCY,Fire,EAST GRAND RAPIDS FIRE,,
3,2026-09-06T03:04:00Z,1788663840000,SPARTA TWP,2500 BLOCK OF 10 MILE RD NW,MEDICAL EMERGENCY,Fire,SPARTA FIRE,,
2,2026-09-06T03:05:00Z,1788663900000,CALEDONIA TWP,6000 BLOCK OF 68TH ST SE,MEDICAL EMERGENCY,Fire,CALEDONIA TWP FIRE,,
2,2026-09-06T03:11:00Z,1788664260000,KENTWOOD,5900 BLOCK OF CHRISTIE AVE SE,LOUD NOISE,Police,KENTWOOD POLICE,,
1,2026-09-06T03:11:00Z,1788664260000,KENTWOOD,CHRISTIE AVE SE / KALAMAZOO AVE SE,LOUD NOISE,Police,KENTWOOD POLICE,,
2,2026-09-06T03:12:00Z,1788664320000,BYRON TWP,1100 BLOCK OF 73RD ST SW,WELFARE CHECK,Police,KENT CO SHERIFF,,
1,2026-09-06T03:13:00Z,1788664380000,BYRON TWP,8200 BLOCK OF CLYDE PARK AVE SW,SUSPICIOUS INCIDENT,Police,KENT CO SHERIFF,,
1,2026-09-06T03:21:00Z,1788664860000,ALPINE TWP,3900 BLOCK OF ALPINE AVE NW,SUSPICIOUS INCIDENT,Police,KENT CO SHERIFF,,
5,2026-09-06T03:27:00Z,1788665220000,SPARTA TWP,SPARTA AVE NW / 15 MILE RD NW,TRAFFIC VIOLATION,Police,KENT CO SHERIFF,,
2,2026-09-06T03:28:00Z,1788665280000,KENTWOOD,44TH ST SE / KALAMAZOO AVE SE,VEHICLE CRASH,Police,KENTWOOD FIRE,,
1,2026-09-06T03:30:00Z,1788665400000,CASCADE TWP,5400 BLOCK OF 28TH ST CT SE,MEDICAL EMERGENCY,Fire,CASCADE TWP FIRE,,
2,2026-09-06T03:36:00Z,1788665760000,PLAINFIELD TWP,7200 BLOCK OF WILLOW WOOD DR NE,STRUCTURE FIRE,Fire,PLAINFIELD TWP FIRE,,
2,2026-09-06T03:40:00Z,1788666000000,KENTWOOD,3300 BLOCK OF PINE MEADOW DR SE,WELFARE CHECK,Police,KENTWOOD POLICE,,
1,2026-09-06T03:40:00Z,1788666000000,WYOMING,600 BLOCK OF 36TH ST SW,MEDICAL EMERGENCY,Fire,WYOMING FIRE,,
1,2026-09-06T03:45:00Z,1788666300000,BYRON TWP,S DIVISION AVE / 84TH ST SE,GENERAL ASSIST,Police,KENT CO SHERIFF,,
1,2026-09-06T03:55:00Z,1788666900000,CALEDONIA TWP,7900 BLOCK OF BROADMOOR AVE SE,MEDICAL EMERGENCY,Fire,CALEDONIA TWP FIRE,,
8,2026-09-06T03:58:00Z,1788667080000,SOLON TWP,17 MILE TO US-131 SB RAMP,WELFARE CHECK,Police,KENT CO SHERIFF,43.21821124,-85.5773156
3,2026-09-06T04:01:00Z,1788667260000,WYOMING,5900 BLOCK OF BARK RIVER CT SW,LOUD NOISE,Police,WYOMING POLICE,,
1,2026-09-06T04:02:00Z,1788667320000,GAINES TWP,1000 BLOCK OF WOODFIELD EAST DR SE,911 HANG UP,Police,KENT CO SHERIFF,,
3,2026-09-06T04:09:00Z,1788667740000,KENTWOOD,4700 BLOCK OF N BRETON CT SE,911 HANG UP,Police,KENTWOOD POLICE,,
5,2026-09-06T04:10:00Z,1788667800000,GRATTAN TWP,4400 BLOCK OF QUILLAN CT NE,SUSPICIOUS INCIDENT,Police,KENT CO SHERIFF,,
2,2026-09-06T04:11:00Z,1788667860000,KENTWOOD,4400 BLOCK OF BRETON AVE SE,VEHICLE CRASH,Police,KENTWOOD FIRE,,
2,2026-09-06T04:11:00Z,1788667860000,KENTWOOD,4400 BLOCK OF BRETON AVE SE,VEHICLE CRASH,Police,KENTWOOD POLICE,,
1,2026-09-06T04:14:00Z,1788668040000,WALKER,WILSON AVE NW / REMEMBRANCE RD NW,VEHICLE CRASH,Police,WALKER POLICE,,
2,2026-09-06T04:15:00Z,1788668100000,BYRON TWP,300 BLOCK OF S HAREWOOD DR SW,CARBON MONOXIDE INVESTIGATION,Fire,BYRON TWP FIRE,,
1,2026-09-06T04:18:00Z,1788668280000,BYRON TWP,8700 BLOCK OF GARDENDALE AVE SW,BURGLAR ALARM,Police,KENT CO SHERIFF,,
1,2026-09-06T04:19:00Z,1788668340000,GRAND RAPIDS TWP,DEAN LAKE AVE NE / 3 MILE RD NE,DEER PERMIT,Police,KENT CO SHERIFF,,
4,2026-09-06T04:22:00Z,1788668520000,KENTWOOD,200 BLOCK OF NANCY ST SE,GENERAL ASSIST,Police,KENTWOOD POLICE,,
3,2026-09-06T04:25:00Z,1788668700000,GAINES TWP,6700 BLOCK OF RYE GRASS CT SE,911 HANG UP,Police,KENT CO SHERIFF,,
2,2026-09-06T04:30:00Z,1788669000000,GRANDVILLE,2900 BLOCK OF WILSON AVE SW,FIGHT,Police,GRANDVILLE POLICE,,
1,2026-09-06T04:34:00Z,1788669240000,KENTWOOD,4500 BLOCK OF BRETON AVE SE,BURGLAR ALARM,Police,KENTWOOD POLICE,,
1,2026-09-06T04:44:00Z,1788669840000,GAINES TWP,EASTPORT DR SE / SAFFRON LN SE,BROADCAST,Police,KENT CO SHERIFF,,
3,2026-09-06T04:49:00Z,1788670140000,KENTWOOD,5400 BLOCK OF BROADMOOR AVE SE,911 HANG UP,Police,KENTWOOD POLICE,,
3,2026-09-06T04:50:00Z,1788670200000,GRANDVILLE,3600 BLOCK OF PRAIRIE ST SW,MEDICAL EMERGENCY,Fire,GRANDVILLE FIRE,,
1,2026-09-06T04:50:00Z,1788670200000,GRANDVILLE,3500 BLOCK OF RIVERTOWN POINT CT SW,DISORDERLY PERSON,Police,GRANDVILLE POLICE,,
2,2026-09-06T04:50:00Z,1788670200000,GRANDVILLE,3600 BLOCK OF PRAIRIE ST SW,GENERAL ASSIST,Police,GRANDVILLE POLICE,,
3,2026-09-06T04:50:00Z,1788670200000,GAINES TWP,700 BLOCK OF FRESNO CIR SE,ASSAULT,Police,KENT CO SHERIFF,,
1,2026-09-06T04:51:00Z,1788670260000,WYOMING,3800 BLOCK OF ORIOLE AVE SW,LOUD NOISE,Police,WYOMING POLICE,,
2,2026-09-06T04:54:00Z,1788670440000,ALPINE TWP,4400 BLOCK OF FINK AVE NW,LOUD NOISE,Police,KENT CO SHERIFF,,
2,2026-09-06T04:55:00Z,1788670500000,CANNON TWP,8300 BLOCK OF 6 MILE RD NE,ANIMAL INCIDENT,Police,KENT CO SHERIFF,,
1,2026-09-06T04:58:00Z,1788670680000,CEDAR SPRINGS,0 BLOCK OF OAK ST NE,SUSPICIOUS INCIDENT,Police,KENT CO SHERIFF,,
1,2026-09-06T05:00:00Z,1788670800000,WYOMING,900 BLOCK OF BEECH ST SW,LOUD NOISE,Police,WYOMING POLICE,,
1,2026-09-06T05:16:00Z,1788671760000,ALPINE TWP,4000 BLOCK OF YORKLAND DR NW,MEDICAL EMERGENCY,Fire,ALPINE TWP FIRE,,
3,2026-09-06T05:17:00Z,1788671820000,CASCADE TWP,BUTTRICK AVE SE / 30TH ST SE,SUSPICIOUS INCIDENT,Police,KENT CO SHERIFF,,
4,2026-09-06T05:18:00Z,1788671880000,WYOMING,1500 BLOCK OF 28TH ST SW,TRAFFIC VIOLATION,Police,WYOMING POLICE,,
2,2026-09-06T05:23:00Z,1788672180000,CASCADE TWP,2200 BLOCK OF HEARTHSIDE DR SE,FIRE INVESTIGATION,Fire,CASCADE TWP FIRE,,
1,2026-09-06T05:24:00Z,1788672240000,WYOMING,2600 BLOCK OF WOODWARD AVE SW,LOUD NOISE,Police,WYOMING POLICE,,
1,2026-09-06T05:33:00Z,1788672780000,KENTWOOD,3300 BLOCK OF COACH LN SE,LARCENY,Police,KENTWOOD POLICE,,
2,2026-09-06T05:42:00Z,1788673320000,ROCKFORD,9100 BLOCK OF COURTLAND DR NE,MEDICAL EMERGENCY,Fire,ROCKFORD FIRE,,
1,2026-09-06T05:42:00Z,1788673320000,ROCKFORD,9100 BLOCK OF COURTLAND DR NE,GENERAL ASSIST,Police,ROCKFORD POLICE,,
1,2026-09-06T05:47:00Z,1788673620000,GRAND RAPIDS TWP,3400 BLOCK OF DEVON DR NE,SUSPICIOUS INCIDENT,Police,KENT CO SHERIFF,,
1,2026-09-06T06:01:00Z,1788674460000,BYRON TWP,6100 BLOCK OF KENOWA AVE SW,MEDICAL EMERGENCY,Fire,BYRON TWP FIRE,,
5,2026-09-06T06:19:00Z,1788675540000,CALEDONIA TWP,BROADMOOR NB AT M-6,VEHICLE CRASH,Police,CALEDONIA TWP FIRE,42.85108117,-85.53911747
1,2026-09-06T06:19:00Z,1788675540000,CALEDONIA TWP,BROADMOOR AVE SE / M-6 FWY,VEHICLE CRASH,Police,KENT CO SHERIFF,,
1,2026-09-06T06:24:00Z,1788675840000,KENTWOOD,2200 BLOCK OF COUNTRYWOOD DR SE,GENERAL ASSIST,Police,KENTWOOD POLICE,,
2,2026-09-06T06:24:00Z,1788675840000,WYOMING,3600 BLOCK OF BLUEBIRD AVE SW,MEDICAL EMERGENCY,Fire,WYOMING FIRE,,
1,2026-09-06T06:34:00Z,1788676440000,WYOMING,S DIVISION AVE / 28TH ST SE,VEHICLE CRASH,Police,WYOMING POLICE,,
1,2026-09-06T06:44:00Z,1788677040000,GRAND RAPIDS TWP,700 BLOCK OF FOREST HILL AVE SE,911 HANG UP,Police,KENT CO SHERIFF,,
4,2026-09-06T06:46:00Z,1788677160000,BYRON TWP,US-131 SB NO 100TH,TRAFFIC VIOLATION,Police,KENT CO SHERIFF,42.78313164,-85.66833141
2,2026-09-06T06:59:00Z,1788677940000,WYOMING,500 BLOCK OF 44TH ST SW,FIRE ALARM,Fire,WYOMING FIRE,,
1,2026-09-06T07:01:00Z,1788678060000,WYOMING,500 BLOCK OF 44TH ST SW,GENERAL ASSIST,Police,WYOMING POLICE,,
1,2026-09-06T07:07:00Z,1788678420000,EAST GRAND RAPIDS,2500 BLOCK OF ARUNDEL RD SE,MEDICAL EMERGENCY,Fire,EAST GRAND RAPIDS FIRE,,
2,2026-09-06T07:07:00Z,1788678420000,GRANDVILLE,4100 BLOCK OF PINE CREEK RD SW,911 HANG UP,Police,GRANDVILLE POLICE,,
2,2026-09-06T08:19:00Z,1788682740000,GRAND RAPIDS,28TH ST SE / WOODLAWN AVE SE,TRAFFIC VIOLATION,Police,KENTWOOD POLICE,,
3,2026-09-06T08:23:00Z,1788682980000,KENTWOOD,3900 BLOCK OF 28TH ST SE,VEHICLE CRASH,Police,KENTWOOD POLICE,,
2,2026-09-06T08:24:00Z,1788683040000,CASCADE TWP,5500 BLOCK OF 28TH ST SE,WELFARE CHECK,Police,KENT CO SHERIFF,,
1,2026-09-06T08:26:00Z,1788683160000,CASCADE TWP,5500 BLOCK OF 28TH ST SE,MEDICAL EMERGENCY,Fire,CASCADE TWP FIRE,,
1,2026-09-06T09:09:00Z,1788685740000,WYOMING,2800 BLOCK OF CLYDE PARK AVE SW,WELFARE CHECK,Police,WYOMING POLICE,,
1,2026-09-06T09:09:00Z,1788685740000,WYOMING,2800 BLOCK OF CLYDE PARK AVE SW,TRAFFIC VIOLATION,Police,WYOMING POLICE,,
1,2026-09-06T09:57:00Z,1788688620000,CASCADE TWP,1200 BLOCK OF SPAULDING AVE SE,MEDICAL EMERGENCY,Fire,CASCADE TWP FIRE,,
2,2026-09-06T10:16:00Z,1788689760000,KENTWOOD,3700 BLOCK OF 29TH ST SE,WELFARE CHECK,Police,KENTWOOD POLICE,,
1,2026-09-06T10:16:00Z,1788689760000,WYOMING,1700 BLOCK OF 32ND ST SW,SUSPICIOUS INCIDENT,Police,WYOMING POLICE,,
1,2026-09-06T10:29:00Z,1788690540000,KENTWOOD,5800 BLOCK OF BIRDSONG CT SE,911 HANG UP,Police,KENTWOOD POLICE,,
2,2026-09-06T10:40:00Z,1788691200000,WYOMING,5700 BLOCK OF BURLINGAME AVE SW,VEHICLE CRASH,Police,WYOMING POLICE,,
1,2026-09-06T11:04:00Z,1788692640000,CASCADE TWP,2900 BLOCK OF KRAFT AVE SE,MISSING PERSON,Police,KENT CO SHERIFF,,
3,2026-09-06T11:04:00Z,1788692640000,LOWELL TWP,10600 BLOCK OF WOODBUSHE DR SE,FIRE ALARM,Fire,LOWELL AREA FIRE,,
1,2026-09-06T11:17:00Z,1788693420000,WYOMING,3300 BLOCK OF WOODWARD AVE SW,MEDICAL EMERGENCY,Fire,WYOMING FIRE,,
1,2026-09-06T11:20:00Z,1788693600000,GAINES TWP,7000 BLOCK OF MADISON AVE SE,MEDICAL EMERGENCY,Fire,GAINES TWP FIRE,,
2,2026-09-06T11:33:00Z,1788694380000,WYOMING,2500 BLOCK OF WALDON WOODS DR SW,LARCENY,Police,WYOMING POLICE,,
2,2026-09-06T11:36:00Z,1788694560000,WYOMING,1000 BLOCK OF 33RD ST SW,BURGLAR ALARM,Police,WYOMING POLICE,,
1,2026-09-06T11:37:00Z,1788694620000,SPARTA,500 BLOCK OF W SPARTAN DR NW,PROPERTY CHECK,Police,SPARTA POLICE,,
1,2026-09-06T11:49:00Z,1788695340000,CEDAR SPRINGS,400 BLOCK OF ALLAN ST NE,MEDICAL EMERGENCY,Fire,CEDAR SPRINGS FIRE,,
4,2026-09-06T11:59:00Z,1788695940000,GRAND RAPIDS TWP,I-96 WB EO CASCADE,GENERAL ASSIST,Police,KENT CO SHERIFF,42.94559558,-85.56671236
1,2026-09-06T12:12:00Z,1788696720000,CASCADE TWP,3300 BLOCK OF BENTWOOD DR SE,MEDICAL EMERGENCY,Fire,CASCADE TWP FIRE,,
7,2026-09-06T12:25:00Z,1788697500000,PLAINFIELD TWP,7000 BLOCK OF LAKE BLUFF DR NE,ANIMAL INCIDENT,Police,ANIMAL CONTROL,,
1,2026-09-06T12:26:00Z,1788697560000,CANNON TWP,7000 BLOCK OF FOX MEADOW DR NE,DISORDERLY PERSON,Police,KENT CO SHERIFF,,
6,2026-09-06T12:26:00Z,1788697560000,CANNON TWP,7000 BLOCK OF FOX MEADOW DR NE,ASSAULT,Police,KENT CO SHERIFF,,
2,2026-09-06T12:34:00Z,1788698040000,CASCADE TWP,5000 BLOCK OF 28TH ST SE,FRAUD,Police,KENT CO SHERIFF,,
4,2026-09-06T12:41:00Z,1788698460000,WYOMING,2300 BLOCK OF DE HOOP AVE SW,GENERAL ASSIST,Police,WYOMING POLICE,,
1,2026-09-06T12:42:00Z,1788698520000,PLAINFIELD TWP,2200 BLOCK OF BREEZY POINT DR NE,BROADCAST,Police,KENT CO SHERIFF,,
1,2026-09-06T12:42:00Z,1788698520000,PLAINFIELD TWP,2200 BLOCK OF BREEZY POINT DR NE,MEDICAL EMERGENCY,Fire,PLAINFIELD TWP FIRE,,
1,2026-09-06T12:44:00Z,1788698640000,ADA TWP,5100 BLOCK OF CASCADE RD SE,FIRE ALARM,Fire,ADA TWP FIRE,,
1,2026-09-06T13:11:00Z,1788700260000,GRANDVILLE,4600 BLOCK OF 36TH ST SW,DAMAGE TO PROPERTY,Police,GRANDVILLE POLICE,,
1,2026-09-06T13:24:00Z,1788701040000,BYRON TWP,400 BLOCK OF 84TH ST SW,VEHICLE CRASH,Police,KENT CO SHERIFF,,
2,2026-09-06T13:38:00Z,1788701880000,WYOMING,3300 BLOCK OF WOODWARD AVE SW,GENERAL ASSIST,Police,WYOMING POLICE,,
1,2026-09-06T13:43:00Z,1788702180000,KENTWOOD,4900 BLOCK OF S DIVISION AVE,OPEN DOOR,Police,KENTWOOD POLICE,,
2,2026-09-06T13:46:00Z,1788702360000,WYOMING,5100 BLOCK OF IVANREST AVE SW,WEAPONS VIOLATION,Police,WYOMING POLICE,,
1,2026-09-06T13:57:00Z,1788703020000,KENTWOOD,600 BLOCK OF 52ND ST SE,MEDICAL EMERGENCY,Fire,KENTWOOD FIRE,,
3,2026-09-06T13:59:00Z,1788703140000,ALPINE TWP,4600 BLOCK OF TABOR RD NW,FIRE INVESTIGATION,Fire,ALPINE TWP FIRE,,
1,2026-09-06T14:00:00Z,1788703200000,WYOMING,1700 BLOCK OF PORTER ST SW,MEDICAL EMERGENCY,Fire,WYOMING FIRE,,
2,2026-09-06T14:06:00Z,1788703560000,GRATTAN TWP,4400 BLOCK OF QUILLAN CT NE,WELFARE CHECK,Police,KENT CO SHERIFF,,
1,2026-09-06T14:06:00Z,1788703560000,WYOMING,2800 BLOCK OF 56TH ST SW,MEDICAL EMERGENCY,Fire,WYOMING FIRE,,
1,2026-09-06T14:07:00Z,1788703620000,GAINES TWP,1300 BLOCK OF WOODFIELD EAST DR SE,911 HANG UP,Police,KENT CO SHERIFF,,
2,2026-09-06T14:10:00Z,1788703800000,GRANDVILLE,3700 BLOCK OF POTOMAC CIR SW,FIRE ALARM,Fire,GRANDVILLE FIRE,,
1,2026-09-06T14:15:00Z,1788704100000,WYOMING,400 BLOCK OF 54TH ST SW,MEDICAL EMERGENCY,Fire,WYOMING FIRE,,
1,2026-09-06T14:22:00Z,1788704520000,WYOMING,4400 BLOCK OF MICHAEL AVE SW,BURGLAR ALARM,Police,WYOMING POLICE,,
2,2026-09-06T14:48:00Z,1788706080000,CALEDONIA TWP,10000 BLOCK OF CROSSROADS CT SE,MEDICAL EMERGENCY,Fire,CALEDONIA TWP FIRE,,
1,2026-09-06T14:49:00Z,1788706140000,WYOMING,2900 BLOCK OF HILLCROFT AVE SW,SUSPICIOUS INCIDENT,Police,WYOMING POLICE,,
5,2026-09-06T14:51:00Z,1788706260000,GRAND RAPIDS,PROSPECT AVE SE / WEALTHY ST SE,ANIMAL INCIDENT,Police,ANIMAL CONTROL,,
3,2026-09-06T14:57:00Z,1788706620000,WYOMING,S DIVISION AVE / 32ND ST SW,VEHICLE CRASH,Police,WYOMING FIRE,,
1,2026-09-06T14:57:00Z,1788706620000,WYOMING,S DIVISION AVE / 32ND ST SW,VEHICLE CRASH,Police,WYOMING POLICE,,
1,2026-09-06T14:59:00Z,1788706740000,CALEDONIA TWP,84TH ST SE / KRAFT AVE SE,VEHICLE CRASH,Police,CALEDONIA TWP FIRE,,
2,2026-09-06T14:59:00Z,1788706740000,CALEDONIA TWP,84TH ST SE / KRAFT AVE SE,VEHICLE CRASH,Police,KENT CO SHERIFF,,
2,2026-09-06T15:10:00Z,1788707400000,WYOMING,700 BLOCK OF 44TH ST SW,WELFARE CHECK,Police,WYOMING POLICE,,
1,2026-09-06T15:12:00Z,1788707520000,WYOMING,700 BLOCK OF 44TH ST SW,MEDICAL EMERGENCY,Fire,WYOMING FIRE,,
3,2026-09-06T15:19:00Z,1788707940000,KENTWOOD,2700 BLOCK OF CASTLE BLUFF CT SE,STRUCTURE FIRE,Fire,KENTWOOD FIRE,,
2,2026-09-06T15:22:00Z,1788708120000,ALPINE TWP,3800 BLOCK OF YORKLAND DR NW,MEDICAL EMERGENCY,Fire,ALPINE TWP FIRE,,
1,2026-09-06T15:25:00Z,1788708300000,BYRON TWP,1000 BLOCK OF WOODSPOINTE DR SW,MEDICAL EMERGENCY,Fire,BYRON TWP FIRE,,
3,2026-09-06T15:25:00Z,1788708300000,WALKER,1900 BLOCK OF GARFIELD AVE NW,MEDICAL EMERGENCY,Fire,WALKER FIRE,,
1,2026-09-06T15:28:00Z,1788708480000,GRANDVILLE,4200 BLOCK OF PARKWAY PLACE DR SW,BURGLAR ALARM,Police,GRANDVILLE POLICE,,
4,2026-09-06T15:31:00Z,1788708660000,KENTWOOD,3300 BLOCK OF 28TH ST SE,ANIMAL INCIDENT,Police,ANIMAL CONTROL,,
11,2026-09-06T15:35:00Z,1788708900000,VERGENNES TWP,10700 BLOCK OF BAILEY DR NE,FRAUD,Police,KENT CO SHERIFF,,
1,2026-09-06T15:45:00Z,1788709500000,KENTWOOD,COVENANT PARK ACCESS,STOLEN VEHICLE,Police,KENTWOOD POLICE,,
1,2026-09-06T15:48:00Z,1788709680000,CANNON TWP,8000 BLOCK OF BELDING RD NE,VEHICLE CRASH,Police,CANNON TWP FIRE,,
4,2026-09-06T15:49:00Z,1788709740000,CANNON TWP,7000 BLOCK OF WEST COTTAGE LN NE,FRAUD,Police,KENT CO SHERIFF,,
3,2026-09-06T15:52:00Z,1788709920000,KENTWOOD,3200 BLOCK OF 28TH ST SE,VEHICLE FIRE,Fire,KENTWOOD FIRE,,
2,2026-09-06T15:53:00Z,1788709980000,GRANDVILLE,3800 BLOCK OF RIVERTOWN PKWY SW,TRESPASSING,Police,GRANDVILLE POLICE,,
1,2026-09-06T15:59:00Z,1788710340000,WYOMING,4500 BLOCK OF CLYDE PARK AVE SW,SUSPICIOUS INCIDENT,Police,WYOMING POLICE,,
1,2026-09-06T16:00:00Z,1788710400000,ALGOMA TWP,8900 BLOCK OF ALGOMA AVE NE,MEDICAL EMERGENCY,Fire,ALGOMA TWP FIRE,,
9,2026-09-06T16:02:00Z,1788710520000,BYRON TWP,7200 BLOCK OF INDEPENDENCE LN SW,STOLEN VEHICLE RECOVERY,Police,KENT CO SHERIFF,,
2,2026-09-06T16:03:00Z,1788710580000,WYOMING,400 BLOCK OF 54TH ST SW,FRAUD,Police,WYOMING POLICE,,
1,2026-09-06T16:04:00Z,1788710640000,BYRON TWP,100 BLOCK OF HYACINTH ST SW,MEDICAL EMERGENCY,Fire,BYRON TWP FIRE,,
2,2026-09-06T16:14:00Z,1788711240000,WALKER,1000 BLOCK OF 4 MILE RD NW,WELFARE CHECK,Police,WALKER POLICE,,
4,2026-09-06T16:15:00Z,1788711300000,KENTWOOD,900 BLOCK OF 52ND ST SE,FRAUD,Police,KENTWOOD POLICE,,
2,2026-09-06T16:16:00Z,1788711360000,GRANDVILLE,3400 BLOCK OF WILSON AVE SW,MEDICAL EMERGENCY,Fire,GRANDVILLE FIRE,,
1,2026-09-06T16:16:00Z,1788711360000,GRANDVILLE,3400 BLOCK OF WILSON AVE SW,GENERAL ASSIST,Police,GRANDVILLE POLICE,,
2,2026-09-06T16:18:00Z,1788711480000,SPENCER TWP,13000 BLOCK OF 19 MILE RD NE,MEDICAL EMERGENCY,Fire,SPENCER TWP FIRE,,
1,2026-09-06T16:19:00Z,1788711540000,CALEDONIA TWP,5100 BLOCK OF 108TH ST SE,HARASSMENT,Police,KENT CO SHERIFF,,
1,2026-09-06T16:20:00Z,1788711600000,WYOMING,34TH ST SW / HUBAL AVE SW,ANIMAL INCIDENT,Police,ANIMAL CONTROL,,
8,2026-09-06T16:22:00Z,1788711720000,WYOMING,3100 BLOCK OF WATERCHASE WAY SW,ANIMAL INCIDENT,Police,ANIMAL CONTROL,,
1,2026-09-06T16:26:00Z,1788711960000,GRANDVILLE,WILSON AVE SW / RIVERTOWN PKWY SW,WELFARE CHECK,Police,GRANDVILLE POLICE,,
5,2026-09-06T16:26:00Z,1788711960000,ALPINE TWP,10 MILE RD NW / ALPINE AVE NW,VEHICLE CRASH,Police,KENT CO SHERIFF,,
7,2026-09-06T16:26:00Z,1788711960000,BYRON TWP,76TH TO US-131 NB RAMP,WELFARE CHECK,Police,KENT CO SHERIFF,42.82679758,-85.67179247
2,2026-09-06T16:35:00Z,1788712500000,SOLON TWP,ALGOMA AVE NE / SOLON ST NE,VEHICLE CRASH,Police,KENT CO SHERIFF,,
1,2026-09-06T16:40:00Z,1788712800000,KENTWOOD,3700 BLOCK OF 29TH ST SE,DISORDERLY PERSON,Police,KENTWOOD POLICE,,
3,2026-09-06T16:43:00Z,1788712980000,KENTWOOD,3500 BLOCK OF BREEZEWOOD CT SE,911 HANG UP,Police,KENTWOOD POLICE,,
7,2026-09-06T16:43:00Z,1788712980000,WYOMING,1500 BLOCK OF MEADOWS LN SW,VEHICLE CRASH,Police,WYOMING POLICE,,
5,2026-09-06T16:47:00Z,1788713220000,WYOMING,2300 BLOCK OF DE HOOP AVE SW,GENERAL ASSIST,Police,WYOMING POLICE,,
4,2026-09-06T16:49:00Z,1788713340000,WYOMING,2400 BLOCK OF 36TH ST SW,MEDICAL EMERGENCY,Fire,WYOMING FIRE,,
2,2026-09-06T16:51:00Z,1788713460000,GRANDVILLE,3100 BLOCK OF CHICAGO DR SW,MEDICAL EMERGENCY,Fire,GRANDVILLE FIRE,,
1,2026-09-06T16:51:00Z,1788713460000,GRANDVILLE,3100 BLOCK OF CHICAGO DR SW,GENERAL ASSIST,Police,GRANDVILLE POLICE,,
3,2026-09-06T16:51:00Z,1788713460000,PLAINFIELD TWP,2700 BLOCK OF NORTHVILLE DR NE,MEDICAL EMERGENCY,Fire,PLAINFIELD TWP FIRE,,
1,2026-09-06T16:54:00Z,1788713640000,GAINES TWP,1000 BLOCK OF WOODFIELD EAST DR SE,SUSPICIOUS INCIDENT,Police,KENT CO SHERIFF,,
4,2026-09-06T16:55:00Z,1788713700000,ALPINE TWP,600 BLOCK OF YORK CREEK DR NW,PARKING VIOLATION,Police,KENT CO SHERIFF,,
7,2026-09-06T17:02:00Z,1788714120000,ALPINE TWP,300 BLOCK OF LAMOREAUX DR NW,GENERAL ASSIST,Police,KENT CO SHERIFF,,
1,2026-09-06T17:07:00Z,1788714420000,CEDAR SPRINGS,13400 BLOCK OF DARCY CIR NE,SUSPICIOUS INCIDENT,Police,KENT CO SHERIFF,,
2,2026-09-06T17:12:00Z,1788714720000,WALKER,200 BLOCK OF MANZANA CT NW,MEDICAL EMERGENCY,Fire,WALKER FIRE,,
1,2026-09-06T17:13:00Z,1788714780000,PLAINFIELD TWP,1300 BLOCK OF PALMETTO CT NE,MEDICAL EMERGENCY,Fire,PLAINFIELD TWP FIRE,,
1,2026-09-06T17:14:00Z,1788714840000,SPENCER TWP,13000 BLOCK OF 19 MILE RD NE,MEDICAL EMERGENCY,Fire,SPENCER TWP FIRE,,
8,2026-09-06T17:27:00Z,1788715620000,WYOMING,5800 BLOCK OF CRIPPEN AVE SW,ANIMAL INCIDENT,Police,ANIMAL CONTROL,,
1,2026-09-06T17:29:00Z,1788715740000,GAINES TWP,300 BLOCK OF 68TH ST SE,SUSPICIOUS INCIDENT,Police,KENT CO SHERIFF,,
3,2026-09-06T17:31:00Z,1788715860000,SOLON TWP,16900 BLOCK OF SIMMONS AVE NE,MEDICAL EMERGENCY,Fire,SOLON TWP FIRE,,
2,2026-09-06T17:32:00Z,1788715920000,GRANDVILLE,4400 BLOCK OF WIMBLEDON DR SW,SUSPICIOUS INCIDENT,Police,GRANDVILLE POLICE,,
1,2026-09-06T17:33:00Z,1788715980000,NELSON TWP,22 MILE RD NE / DAGGETT RD NE,VEHICLE FIRE,Fire,SAND LAKE FIRE,,
8,2026-09-06T17:35:00Z,1788716100000,EAST GRAND RAPIDS,2000 BLOCK OF LAKE DR SE,FOUND PROPERTY,Police,EAST GRAND RAPIDS POLICE,,
1,2026-09-06T17:39:00Z,1788716340000,WYOMING,1100 BLOCK OF 36TH ST SW,MEDICAL EMERGENCY,Fire,WYOMING FIRE,,
1,2026-09-06T17:58:00Z,1788717480000,KENTWOOD,4300 BLOCK OF FOREST CREEK CT SE,DISORDERLY PERSON,Police,KENTWOOD POLICE,,
2,2026-09-06T18:07:00Z,1788718020000,KENTWOOD,28TH ST SE / LAKE EASTBROOK BLVD SE,VEHICLE CRASH,Police,KENTWOOD POLICE,,
3,2026-09-06T18:13:00Z,1788718380000,WYOMING,5800 BLOCK OF CRIPPEN AVE SW,GENERAL ASSIST,Police,WYOMING POLICE,,
1,2026-09-06T18:14:00Z,1788718440000,WYOMING,4400 BLOCK OF STONEBRIDGE RD SW,WELFARE CHECK,Police,WYOMING POLICE,,
1,2026-09-06T18:23:00Z,1788718980000,KENTWOOD,2300 BLOCK OF STOWEVALLEY DR SE,MEDICAL EMERGENCY,Fire,KENTWOOD FIRE,,
3,2026-09-06T18:30:00Z,1788719400000,GRAND RAPIDS,700 BLOCK OF BAXTER ST SE,ANIMAL INCIDENT,Police,ANIMAL CONTROL,,
2,2026-09-06T18:31:00Z,1788719460000,ALGOMA TWP,4100 BLOCK OF CEDAR COMMERCIAL DR NE,VEHICLE CRASH,Police,ALGOMA TWP FIRE,,
1,2026-09-06T18:33:00Z,1788719580000,WYOMING,1300 BLOCK OF 28TH ST SW,WELFARE CHECK,Police,WYOMING POLICE,,
2,2026-09-06T18:38:00Z,1788719880000,GRAND RAPIDS,600 BLOCK OF HIGHLAND ST SE,ANIMAL INCIDENT,Police,ANIMAL CONTROL,,
1,2026-09-06T18:41:00Z,1788720060000,CEDAR SPRINGS,400 BLOCK OF S MAIN ST NE,MEDICAL EMERGENCY,Fire,CEDAR SPRINGS FIRE,,
1,2026-09-06T18:50:00Z,1788720600000,WALKER,400 BLOCK OF ROLLING GREENE DR NW,WELFARE CHECK,Police,WALKER POLICE,,
1,2026-09-06T19:03:00Z,1788721380000,KENTWOOD,4600 BLOCK OF 60TH ST SE,BURGLAR ALARM,Police,KENTWOOD POLICE,,
2,2026-09-06T19:17:00Z,1788722220000,GRANDVILLE,3400 BLOCK OF CENTURY CENTER ST SW,ASSAULT,Police,GRANDVILLE POLICE,,
6,2026-09-06T19:19:00Z,1788722340000,GRANDVILLE,2900 BLOCK OF EARLE AVE SW,GENERAL ASSIST,Police,GRANDVILLE POLICE,,
1,2026-09-06T19:20:00Z,1788722400000,PLAINFIELD TWP,3700 BLOCK OF VISTA SPRINGS AVE NE,MEDICAL EMERGENCY,Fire,PLAINFIELD TWP FIRE,,
1,2026-09-06T19:31:00Z,1788723060000,WYOMING,700 BLOCK OF 32ND ST SW,SUSPICIOUS INCIDENT,Police,WYOMING POLICE,,
3,2026-09-06T19:34:00Z,1788723240000,CASCADE TWP,2400 BLOCK OF PEBBLEBROOK DR SE,MEDICAL EMERGENCY,Fire,CASCADE TWP FIRE,,
2,2026-09-06T19:37:00Z,1788723420000,KENTWOOD,3200 BLOCK OF 28TH ST SE,DISORDERLY PERSON,Police,KENTWOOD POLICE,,
1,2026-09-06T19:40:00Z,1788723600000,WYOMING,2100 BLOCK OF CLEVELAND AVE SW,WELFARE CHECK,Police,WYOMING POLICE,,
1,2026-09-06T19:49:00Z,1788724140000,KENTWOOD,4700 BLOCK OF BRETON AVE SE,MISC FIRE,Fire,KENTWOOD FIRE,,
5,2026-09-06T19:51:00Z,1788724260000,ALPINE TWP,4000 BLOCK OF ALPINE AVE NW,FOUND PROPERTY,Police,KENT CO SHERIFF,,
1,2026-09-06T19:57:00Z,1788724620000,GRANDVILLE,4800 BLOCK OF WILSON AVE SW,DISORDERLY PERSON,Police,GRANDVILLE POLICE,,
3,2026-09-06T19:59:00Z,1788724740000,WYOMING,1400 BLOCK OF 44TH ST SW,GENERAL ASSIST,Police,WYOMING POLICE,,
2,2026-09-06T20:09:00Z,1788725340000,COURTLAND TWP,13000 BLOCK OF SHANER AVE NE,VEHICLE CRASH,Police,KENT CO SHERIFF,,
1,2026-09-06T20:10:00Z,1788725400000,GAINES TWP,6100 BLOCK OF WOODFIELD DR SE,MISSING PERSON,Police,KENT CO SHERIFF,,
6,2026-09-06T20:14:00Z,1788725640000,GRANDVILLE,4200 BLOCK OF PARKWAY PLACE DR SW,BURGLAR ALARM,Police,GRANDVILLE POLICE,,
1,2026-09-06T20:14:00Z,1788725640000,WYOMING,600 BLOCK OF 36TH ST SW,GENERAL ASSIST,Police,WYOMING POLICE,,
2,2026-09-06T20:21:00Z,1788726060000,CEDAR SPRINGS,300 BLOCK OF CAROL ST NE,ASSAULT,Police,KENT CO SHERIFF,,
2,2026-09-06T20:26:00Z,1788726360000,WALKER,3400 BLOCK OF BONISTEEL ST NW,GENERAL ASSIST,Police,WALKER POLICE,,
1,2026-09-06T20:27:00Z,1788726420000,WYOMING,3500 BLOCK OF BLUEBIRD AVE SW,MISC FIRE,Fire,WYOMING FIRE,,
4,2026-09-06T20:30:00Z,1788726600000,ALGOMA TWP,11300 BLOCK OF GRANGE AVE NE,SUSPICIOUS INCIDENT,Police,KENT CO SHERIFF,,
3,2026-09-06T20:32:00Z,1788726720000,BYRON TWP,7300 BLOCK OF HOMERICH AVE SW,GENERAL ASSIST,Police,KENT CO SHERIFF,,
2,2026-09-06T20:38:00Z,1788727080000,ADA TWP,300 BLOCK OF TAOS AVE NE,BURGLAR ALARM,Police,KENT CO SHERIFF,,
1,2026-09-06T20:47:00Z,1788727620000,WYOMING,600 BLOCK OF 36TH ST SW,MEDICAL EMERGENCY,Fire,WYOMING FIRE,,
3,2026-09-06T20:51:00Z,1788727860000,GRANDVILLE,3700 BLOCK OF RIVERTOWN PKWY SW,MEDICAL EMERGENCY,Fire,GRANDVILLE FIRE,,
2,2026-09-06T20:51:00Z,1788727860000,GRANDVILLE,3700 BLOCK OF RIVERTOWN PKWY SW,GENERAL ASSIST,Police,GRANDVILLE POLICE,,
1,2026-09-06T20:51:00Z,1788727860000,GRANDVILLE,CHICAGO DR SW / WILSON AVE SW,SUSPICIOUS INCIDENT,Police,GRANDVILLE POLICE,,
4,2026-09-06T20:51:00Z,1788727860000,KENTWOOD,4800 BLOCK OF ARBOR LN SE,FIRE INVESTIGATION,Fire,KENTWOOD FIRE,,
5,2026-09-06T20:53:00Z,1788727980000,WYOMING,1100 BLOCK OF RATHBONE ST SW,BURGLARY,Police,WYOMING POLICE,,
4,2026-09-06T21:06:00Z,1788728760000,GRAND RAPIDS,100 BLOCK OF PALMER ST NE,ANIMAL INCIDENT,Police,ANIMAL CONTROL,,
1,2026-09-06T21:09:00Z,1788728940000,CASCADE TWP,CASCADE RD SE / 28TH ST SE,VEHICLE CRASH,Police,CASCADE TWP FIRE,,
1,2026-09-06T21:09:00Z,1788728940000,CASCADE TWP,CASCADE RD SE / 28TH ST SE,VEHICLE CRASH,Police,KENT CO SHERIFF,,
5,2026-09-06T21:10:00Z,1788729000000,KENTWOOD,4300 BLOCK OF 28TH ST SE,LARCENY,Police,KENTWOOD POLICE,,
1,2026-09-06T21:14:00Z,1788729240000,CASCADE TWP,5000 BLOCK OF 28TH ST SE,MEDICAL EMERGENCY,Fire,CASCADE TWP FIRE,,
3,2026-09-06T21:16:00Z,1788729360000,CASCADE TWP,5400 BLOCK OF 28TH ST CT SE,BURGLAR ALARM,Police,KENT CO SHERIFF,,
2,2026-09-06T21:17:00Z,1788729420000,GRANDVILLE,4200 BLOCK OF PINE CREEK RD SW,MEDICAL EMERGENCY,Fire,GRANDVILLE FIRE,,
1,2026-09-06T21:17:00Z,1788729420000,GRANDVILLE,4200 BLOCK OF PINE CREEK RD SW,GENERAL ASSIST,Police,GRANDVILLE POLICE,,
2,2026-09-06T21:29:00Z,1788730140000,WYOMING,2300 BLOCK OF BARBERRY DR SW,MEDICAL EMERGENCY,Fire,WYOMING FIRE,,
1,2026-09-06T21:33:00Z,1788730380000,PLAINFIELD TWP,4300 BLOCK OF PLAINFIELD AVE NE,SUSPICIOUS INCIDENT,Police,KENT CO SHERIFF,,
4,2026-09-06T21:41:00Z,1788730860000,PLAINFIELD TWP,2600 BLOCK OF NORTHVALE DR NE,DISORDERLY PERSON,Police,KENT CO SHERIFF,,
1,2026-09-06T21:44:00Z,1788731040000,EAST GRAND RAPIDS,1700 BLOCK OF PONTIAC RD SE,FIRE ALARM,Fire,EAST GRAND RAPIDS FIRE,,
2,2026-09-06T21:44:00Z,1788731040000,EAST GRAND RAPIDS,1700 BLOCK OF PONTIAC RD SE,GENERAL ASSIST,Police,EAST GRAND RAPIDS POLICE,,
5,2026-09-06T21:45:00Z,1788731100000,PLAINFIELD TWP,3700 BLOCK OF HORDYK ST NE,LARCENY,Police,KENT CO SHERIFF,,
1,2026-09-06T21:45:00Z,1788731100000,WYOMING,CLYDE PARK AVE SW / ALGER ST SW,VEHICLE CRASH,Police,WYOMING POLICE,,
2,2026-09-06T21:49:00Z,1788731340000,ALPINE TWP,3500 BLOCK OF CABERFAE ST NW,WELFARE CHECK,Police,KENT CO SHERIFF,,
1,2026-09-06T21:51:00Z,1788731460000,WYOMING,5200 BLOCK OF OLSEN SPRINGS CT SW,MEDICAL EMERGENCY,Fire,WYOMING FIRE,,
1,2026-09-06T21:56:00Z,1788731760000,KENTWOOD,5400 BLOCK OF CLAUDIA AVE SE,ANIMAL INCIDENT,Police,KENTWOOD POLICE,,
3,2026-09-06T22:07:00Z,1788732420000,GAINES TWP,300 BLOCK OF 68TH ST SE,MISSING PERSON,Police,KENT CO SHERIFF,,
2,2026-09-06T22:10:00Z,1788732600000,WALKER,CENTER DR NW / ALPINE AVE NW,BROADCAST,Police,WALKER POLICE,,
1,2026-09-06T22:12:00Z,1788732720000,KENTWOOD,5300 BLOCK OF EASTERN AVE SE,DISORDERLY PERSON,Police,KENTWOOD POLICE,,
2,2026-09-06T22:14:00Z,1788732840000,WYOMING,300 BLOCK OF JEAN ST SW,PARKING VIOLATION,Police,WYOMING POLICE,,
1,2026-09-06T22:15:00Z,1788732900000,CASCADE TWP,7500 BLOCK OF ASPENWOOD DR SE,MEDICAL EMERGENCY,Fire,CASCADE TWP FIRE,,
1,2026-09-06T22:20:00Z,1788733200000,WYOMING,2200 BLOCK OF BANNER DR SW,FIRE INVESTIGATION,Fire,WYOMING FIRE,,
1,2026-09-06T22:38:00Z,1788734280000,KENTWOOD,2200 BLOCK OF WEST GREENSTONE DR SE,MEDICAL EMERGENCY,Fire,KENTWOOD FIRE,,
2,2026-09-06T22:39:00Z,1788734340000,WYOMING,3700 BLOCK OF HAZELWOOD AVE SW,ANIMAL INCIDENT,Police,WYOMING POLICE,,
1,2026-09-06T22:41:00Z,1788734460000,GRAND RAPIDS TWP,4000 BLOCK OF BAYWOOD DR SE,STRUCTURE FIRE,Fire,GRAND RAPIDS TWP FIRE,,
3,2026-09-06T22:42:00Z,1788734520000,LOWELL,2200 BLOCK OF W MAIN ST SE,SUSPICIOUS INCIDENT,Police,LOWELL POLICE,,
1,2026-09-06T22:49:00Z,1788734940000,PLAINFIELD TWP,6800 BLOCK OF BELMONT AVE NE,MEDICAL EMERGENCY,Fire,PLAINFIELD TWP FIRE,,
2,2026-09-06T22:49:00Z,1788734940000,WALKER,1400 BLOCK OF PANNELL ST NW,MEDICAL EMERGENCY,Fire,WALKER FIRE,,
1,2026-09-06T22:50:00Z,1788735000000,KENTWOOD,4900 BLOCK OF ARBOR LN SE,ASSAULT,Police,KENTWOOD POLICE,,
2,2026-09-06T22:58:00Z,1788735480000,CEDAR SPRINGS,200 BLOCK OF N MAIN ST NE,BROADCAST,Police,KENT CO SHERIFF,,
4,2026-09-06T23:03:00Z,1788735780000,ALPINE TWP,4200 BLOCK OF ALPENHORN DR NW,GENERAL ASSIST,Police,KENT CO SHERIFF,,
1,2026-09-06T23:03:00Z,1788735780000,GAINES TWP,60TH ST SE / EASTERN AVE SE,GENERAL ASSIST,Police,KENT CO SHERIFF,,
2,2026-09-06T23:03:00Z,1788735780000,WYOMING,400 BLOCK OF 54TH ST SW,FRAUD,Police,WYOMING POLICE,,
1,2026-09-06T23:11:00Z,1788736260000,GAINES TWP,6800 BLOCK OF BENT GRASS DR SE,GENERAL ASSIST,Police,KENT CO SHERIFF,,
1,2026-09-06T23:25:00Z,1788737100000,KENTWOOD,3300 BLOCK OF 36TH ST SE,MISSING PERSON,Police,KENTWOOD POLICE,,
5,2026-09-06T23:26:00Z,1788737160000,ALPINE TWP,4000 BLOCK OF ALPINE AVE NW,GENERAL ASSIST,Police,KENT CO SHERIFF,,
1,2026-09-06T23:26:00Z,1788737160000,WYOMING,3600 BLOCK OF COPPER RIVER AVE SW,MEDICAL EMERGENCY,Fire,WYOMING FIRE,,
1,2026-09-06T23:33:00Z,1788737580000,WYOMING,100 BLOCK OF HIMES ST SE,LOUD NOISE,Police,WYOMING POLICE,,
5,2026-09-06T23:38:00Z,1788737880000,CALEDONIA TWP,7500 BLOCK OF BRONCO DR SE,MEDICAL EMERGENCY,Fire,CALEDONIA TWP FIRE,,
1,2026-09-06T23:41:00Z,1788738060000,GAINES TWP,S DIVISION AVE / S GREEN MEADOW ST SE,GENERAL ASSIST,Police,KENT CO SHERIFF,,
3,2026-09-06T23:45:00Z,1788738300000,WALKER,400 BLOCK OF WILSON AVE NW,VEHICLE CRASH,Police,WALKER POLICE,,
2,2026-09-06T23:46:00Z,1788738360000,WALKER,3000 BLOCK OF ALPINE AVE NW,ASSAULT,Police,WALKER POLICE,,
3,2026-09-06T23:50:00Z,1788738600000,GAINES TWP,300 BLOCK OF S GREEN MEADOW ST SE,FIRE INVESTIGATION,Fire,GAINES TWP FIRE,,
1,2026-09-06T23:50:00Z,1788738600000,KENTWOOD,4700 BLOCK OF WALMA AVE SE,GENERAL ASSIST,Police,KENTWOOD POLICE,,
2,2026-09-06T23:52:00Z,1788738720000,PLAINFIELD TWP,4600 BLOCK OF PLAINFIELD AVE NE,BURGLAR ALARM,Police,KENT CO SHERIFF,,
1,2026-09-06T23:53:00Z,1788738780000,KENTWOOD,4500 BLOCK OF WINTERGREEN DR SE,MEDICAL EMERGENCY,Fire,KENTWOOD FIRE,,
3,2026-09-07T00:04:00Z,1788739440000,WYOMING,3400 BLOCK OF EASTERN AVE SE,SUSPICIOUS INCIDENT,Police,WYOMING POLICE,,
1,2026-09-07T00:06:00Z,1788739560000,KENTWOOD,5100 BLOCK OF ST LOUIS DR SE,BURGLAR ALARM,Police,KENTWOOD POLICE,,
1,2026-09-07T00:09:00Z,1788739740000,WYOMING,3400 BLOCK OF BYRON CENTER AVE SW,SUSPICIOUS INCIDENT,Police,WYOMING POLICE,,
1,2026-09-07T00:19:00Z,1788740340000,CASCADE TWP,36TH ST SE / KRAFT AVE SE,WELFARE CHECK,Police,KENT CO SHERIFF,,
2,2026-09-07T00:21:00Z,1788740460000,WALKER,800 BLOCK OF KINNEY AVE NW,SOUND OF GUNSHOTS,Police,WALKER POLICE,,
1,2026-09-07T00:24:00Z,1788740640000,WALKER,ALPINE AVE NW / 3 MILE RD NW,VEHICLE CRASH,Police,WALKER POLICE,,
4,2026-09-07T00:28:00Z,1788740880000,SPENCER TWP,13000 BLOCK OF 19 MILE RD NE,MEDICAL EMERGENCY,Fire,SPENCER TWP FIRE,,
1,2026-09-07T00:29:00Z,1788740940000,CASCADE TWP,36TH ST SE / KRAFT AVE SE,MEDICAL EMERGENCY,Fire,CASCADE TWP FIRE,,
5,2026-09-07T00:30:00Z,1788741000000,PLAINFIELD TWP,US-131 SB SO 10 MILE,GENERAL ASSIST,Police,MICHIGAN STATE POLICE,43.11573066,-85.60755647
2,2026-09-07T00:37:00Z,1788741420000,WYOMING,1100 BLOCK OF BUCKINGHAM ST SW,MISC FIRE,Fire,WYOMING FIRE,,
1,2026-09-07T00:39:00Z,1788741540000,BYRON TWP,200 BLOCK OF INCA DR SW,MEDICAL EMERGENCY,Fire,BYRON TWP FIRE,,
1,2026-09-07T00:44:00Z,1788741840000,CASCADE TWP,5100 BLOCK OF 28TH ST SE,MEDICAL EMERGENCY,Fire,CASCADE TWP FIRE,,
3,2026-09-07T00:47:00Z,1788742020000,ALGOMA TWP,3600 BLOCK OF 13 MILE RD NE,ASSAULT,Police,KENT CO SHERIFF,,
1,2026-09-07T00:52:00Z,1788742320000,GRANDVILLE,4500 BLOCK OF KENOWA AVE SW,FRAUD,Police,GRANDVILLE POLICE,,
1,2026-09-07T00:56:00Z,1788742560000,WYOMING,4000 BLOCK OF S DIVISION AVE,DISORDERLY PERSON,Police,WYOMING POLICE,,
1,2026-09-07T01:01:00Z,1788742860000,COURTLAND TWP,9100 BLOCK OF 13 MILE RD NE,MEDICAL EMERGENCY,Fire,COURTLAND TWP FIRE,,
5,2026-09-07T01:02:00Z,1788742920000,CEDAR SPRINGS,100 BLOCK OF S MAIN ST NE,DAMAGE TO PROPERTY,Police,KENT CO SHERIFF,,
2,2026-09-07T01:02:00Z,1788742920000,GAINES TWP,200 BLOCK OF WAVELL ST SE,FIREWORKS,Police,KENT CO SHERIFF,,
1,2026-09-07T01:11:00Z,1788743460000,WYOMING,3700 BLOCK OF GROVELAND AVE SW,MEDICAL EMERGENCY,Fire,WYOMING FIRE,,
1,2026-09-07T01:15:00Z,1788743700000,CANNON TWP,7100 BLOCK OF WEST CANNON PLACE DR NE,MEDICAL EMERGENCY,Fire,CANNON TWP FIRE,,
1,2026-09-07T01:18:00Z,1788743880000,GRANDVILLE,3300 BLOCK OF 28TH ST SW,FRAUD,Police,GRANDVILLE POLICE,,
4,2026-09-07T01:21:00Z,1788744060000,GAINES TWP,200 BLOCK OF S GREEN MEADOW ST SE,LARCENY,Police,KENT CO SHERIFF,,
4,2026-09-07T01:21:00Z,1788744060000,CASCADE TWP,6700 BLOCK OF CASCADE RD SE,WELFARE CHECK,Police,KENT CO SHERIFF,,
1,2026-09-07T01:24:00Z,1788744240000,VERGENNES TWP,CUMBERLAND AVE SE / FOREMAN ST SE,VEHICLE CRASH,Police,KENT CO SHERIFF,,
2,2026-09-07T01:28:00Z,1788744480000,WYOMING,300 BLOCK OF 28TH ST SW,DISORDERLY PERSON,Police,WYOMING POLICE,,
1,2026-09-07T01:31:00Z,1788744660000,KENTWOOD,4600 BLOCK OF N BRETON CT SE,SUSPICIOUS INCIDENT,Police,KENTWOOD POLICE,,
1,2026-09-07T01:31:00Z,1788744660000,VERGENNES TWP,CUMBERLAND AVE SE / FOREMAN ST SE,MISC FIRE,Fire,LOWELL AREA FIRE,,
1,2026-09-07T01:39:00Z,1788745140000,WYOMING,500 BLOCK OF CRICKLEWOOD ST SW,DISORDERLY PERSON,Police,WYOMING POLICE,,
2,2026-09-07T01:40:00Z,1788745200000,ADA TWP,7600 BLOCK OF E FULTON ST,SOUND OF GUNSHOTS,Police,KENT CO SHERIFF,,
3,2026-09-07T01:42:00Z,1788745320000,GRANDVILLE,4500 BLOCK OF KENOWA AVE SW,WELFARE CHECK,Police,GRANDVILLE POLICE,,
1,2026-09-07T01:45:00Z,1788745500000,WYOMING,500 BLOCK OF VAN ALLEN ST SE,LARCENY,Police,WYOMING POLICE,,
5,2026-09-07T01:49:00Z,1788745740000,WYOMING,3200 BLOCK OF GLADIOLA AVE SW,ANIMAL INCIDENT,Police,WYOMING POLICE,,
1,2026-09-07T01:49:00Z,1788745740000,WYOMING,S DIVISION AVE / ALGER ST SE,WELFARE CHECK,Police,WYOMING POLICE,,
2,2026-09-07T01:54:00Z,1788746040000,OAKFIELD TWP,9000 BLOCK OF WABASIS POINTE DR NE,MEDICAL EMERGENCY,Fire,OAKFIELD TWP FIRE,,
3,2026-09-07T01:57:00Z,1788746220000,WYOMING,S DIVISION AVE / ALGER ST SE,MEDICAL EMERGENCY,Fire,WYOMING FIRE,,
3,2026-09-07T01:58:00Z,1788746280000,OAKFIELD TWP,11000 BLOCK OF CRAWFORD LAKE TRL NE,CARBON MONOXIDE INVESTIGATION,Fire,OAKFIELD TWP FIRE,,
2,2026-09-07T01:59:00Z,1788746340000,GRAND RAPIDS TWP,2600 BLOCK OF LEFFINGWELL AVE NE,MISC FIRE,Fire,GRAND RAPIDS TWP FIRE,,
1,2026-09-07T02:04:00Z,1788746640000,ROCKFORD,WOLVERINE ST NE / INDUSTRIAL DR NE,OPEN DOOR,Police,ROCKFORD POLICE,,
2,2026-09-07T02:08:00Z,1788746880000,GRANDVILLE,4500 BLOCK OF KENOWA AVE SW,MEDICAL EMERGENCY,Fire,GRANDVILLE FIRE,,
1,2026-09-07T02:13:00Z,1788747180000,EAST GRAND RAPIDS,1000 BLOCK OF LAKE GROVE AVE SE,SUSPICIOUS INCIDENT,Police,EAST GRAND RAPIDS POLICE,,
2,2026-09-07T02:21:00Z,1788747660000,GAINES TWP,3400 BLOCK OF LORETTA VIEW DR SE,MEDICAL EMERGENCY,Fire,GAINES TWP FIRE,,
11,2026-09-07T02:23:00Z,1788747780000,BYRON TWP,M-6 EB AT BURLINGAME,VEHICLE CRASH,Police,BYRON TWP FIRE,42.85240334,-85.70355189
1,2026-09-07T02:23:00Z,1788747780000,SPARTA TWP,M-37 / OCONNOR ST NW,RECKLESS DRIVER,Police,KENT CO SHERIFF,,
10,2026-09-07T02:34:00Z,1788748440000,NELSON TWP,US-131 SB SO 22 MILE,GENERAL ASSIST,Police,KENT CO SHERIFF,43.29356481,-85.54256898
1,2026-09-07T02:37:00Z,1788748620000,CANNON TWP,5900 BLOCK OF TESORO DR NE,LOUD NOISE,Police,KENT CO SHERIFF,,
6,2026-09-07T02:54:00Z,1788749640000,SOLON TWP,15800 BLOCK OF ASPEN ST NE,MEDICAL EMERGENCY,Fire,SOLON TWP FIRE,,
3,2026-09-07T02:55:00Z,1788749700000,KENTWOOD,5400 BLOCK OF EAST PARIS AVE SE,DISORDERLY PERSON,Police,KENTWOOD POLICE,,
1,2026-09-07T02:56:00Z,1788749760000,PLAINFIELD TWP,3900 BLOCK OF WILLIAMSON AVE NE,BARKING DOG,Police,KENT CO SHERIFF,,
1,2026-09-07T02:56:00Z,1788749760000,KENTWOOD,3100 BLOCK OF CREEK DR SE,MEDICAL EMERGENCY,Fire,KENTWOOD FIRE,,
1,2026-09-07T03:05:00Z,1788750300000,BYRON TWP,2200 BLOCK OF 84TH ST SW,FIRE INVESTIGATION,Fire,BYRON TWP FIRE,,
4,2026-09-07T03:05:00Z,1788750300000,KENTWOOD,CHRISTIE AVE SE / BROOKMARK ST SE,ANIMAL INCIDENT,Police,KENTWOOD POLICE,,
2,2026-09-07T03:06:00Z,1788750360000,KENTWOOD,100 BLOCK OF TRAVERSE DR SE,OBSCENITY,Police,KENTWOOD POLICE,,
3,2026-09-07T03:06:00Z,1788750360000,WYOMING,4600 BLOCK OF CLYDE PARK AVE SW,FIRE ALARM,Fire,WYOMING FIRE,,
1,2026-09-07T03:10:00Z,1788750600000,SPARTA,2100 BLOCK OF 12 MILE RD NW,MEDICAL EMERGENCY,Fire,SPARTA FIRE,,
2,2026-09-07T03:14:00Z,1788750840000,WYOMING,1100 BLOCK OF HUDSON ST SW,LOUD NOISE,Police,WYOMING POLICE,,
1,2026-09-07T03:19:00Z,1788751140000,GAINES TWP,84TH ST SE / KALAMAZOO AVE SE,GENERAL ASSIST,Police,KENT CO SHERIFF,,
1,2026-09-07T03:21:00Z,1788751260000,WYOMING,3000 BLOCK OF BURLINGAME AVE SW,WELFARE CHECK,Police,WYOMING POLICE,,
1,2026-09-07T03:33:00Z,1788751980000,GAINES TWP,300 BLOCK OF N SHORESIDE DR SE,SUSPICIOUS INCIDENT,Police,KENT CO SHERIFF,,
3,2026-09-07T03:40:00Z,1788752400000,KENTWOOD,5700 BLOCK OF S JAMESTOWN CT SE,LOUD NOISE,Police,KENTWOOD POLICE,,
2,2026-09-07T03:43:00Z,1788752580000,ROCKFORD,CAHILL DR NE / CLAYTON CT NE,LOUD NOISE,Police,ROCKFORD POLICE,,
1,2026-09-07T03:45:00Z,1788752700000,ALPINE TWP,4300 BLOCK OF CHASSERAL DR NW,MEDICAL EMERGENCY,Fire,ALPINE TWP FIRE,,
1,2026-09-07T03:51:00Z,1788753060000,CASCADE TWP,THORNAPPLE RIVER DR SE / MOUNTAIN ASH DR SE,DEER PERMIT,Police,KENT CO SHERIFF,,
1,2026-09-07T03:56:00Z,1788753360000,CASCADE TWP,1800 BLOCK OF PLATINUM FALLS DR SE,911 HANG UP,Police,KENT CO SHERIFF,,
1,2026-09-07T04:03:00Z,1788753780000,GRANDVILLE,4300 BLOCK OF GENESIS CT SW,DISORDERLY PERSON,Police,GRANDVILLE POLICE,,
1,2026-09-07T04:08:00Z,1788754080000,WYOMING,2600 BLOCK OF BUCHANAN AVE SW,FIRE ALARM,Fire,WYOMING FIRE,,
1,2026-09-07T04:11:00Z,1788754260000,CASCADE TWP,1800 BLOCK OF PLATINUM FALLS DR SE,MEDICAL EMERGENCY,Fire,CASCADE TWP FIRE,,
1,2026-09-07T04:17:00Z,1788754620000,SPENCER TWP,12700 BLOCK OF BIG ISLAND DR NE,SOUND OF GUNSHOTS,Police,KENT CO SHERIFF,,
3,2026-09-07T04:23:00Z,1788754980000,PLAINFIELD TWP,3900 BLOCK OF MAYFIELD AVE NE,MISC FIRE,Fire,PLAINFIELD TWP FIRE,,
2,2026-09-07T04:28:00Z,1788755280000,KENTWOOD,4100 BLOCK OF FOREST CREEK RD SE,SUSPICIOUS INCIDENT,Police,KENTWOOD POLICE,,
3,2026-09-07T04:29:00Z,1788755340000,WYOMING,3400 BLOCK OF EASTERN AVE SE,BURGLAR ALARM,Police,WYOMING POLICE,,
1,2026-09-07T04:31:00Z,1788755460000,PLAINFIELD TWP,3700 BLOCK OF PLAINFIELD AVE NE,GENERAL ASSIST,Police,KENT CO SHERIFF,,
1,2026-09-07T04:34:00Z,1788755640000,BYRON TWP,400 BLOCK OF N HAREWOOD DR SW,WELFARE CHECK,Police,KENT CO SHERIFF,,
4,2026-09-07T04:35:00Z,1788755700000,WYOMING,2000 BLOCK OF ARNOLD AVE SW,LOUD NOISE,Police,WYOMING POLICE,,
3,2026-09-07T04:36:00Z,1788755760000,BYRON TWP,400 BLOCK OF N HAREWOOD DR SW,MEDICAL EMERGENCY,Fire,BYRON TWP FIRE,,
1,2026-09-07T04:39:00Z,1788755940000,ALPINE TWP,4200 BLOCK OF ALPENHORN DR NW,SUSPICIOUS INCIDENT,Police,KENT CO SHERIFF,,
1,2026-09-07T04:42:00Z,1788756120000,WYOMING,100 BLOCK OF 50TH ST SW,MEDICAL EMERGENCY,Fire,WYOMING FIRE,,
2,2026-09-07T04:44:00Z,1788756240000,WYOMING,3700 BLOCK OF 52ND ST SW,FIRE ALARM,Fire,WYOMING FIRE,,
1,2026-09-07T04:48:00Z,1788756480000,BYRON TWP,8900 BLOCK OF BYRON COMMERCE DR SW,BURGLAR ALARM,Police,KENT CO SHERIFF,,
1,2026-09-07T05:02:00Z,1788757320000,KENTWOOD,5000 BLOCK OF MILDRED AVE SE,MEDICAL EMERGENCY,Fire,KENTWOOD FIRE,,
1,2026-09-07T05:25:00Z,1788758700000,CASCADE TWP,2900 BLOCK OF THORNHILLS AVE SE,MEDICAL EMERGENCY,Fire,CASCADE TWP FIRE,,
4,2026-09-07T05:25:00Z,1788758700000,CASCADE TWP,CASCADE RD SE / LARAWAY LAKE DR SE,FIRE INVESTIGATION,Fire,CASCADE TWP FIRE,,
2,2026-09-07T05:27:00Z,1788758820000,WYOMING,1100 BLOCK OF WHITING ST SW,SUSPICIOUS INCIDENT,Police,WYOMING POLICE,,
1,2026-09-07T05:32:00Z,1788759120000,ALPINE TWP,3600 BLOCK OF TIMBER CREEK DR NW,WELFARE CHECK,Police,KENT CO SHERIFF,,
2,2026-09-07T05:52:00Z,1788760320000,ADA TWP,MCCABE AVE NE / CROOKED CROW RD NE,DEER PERMIT,Police,KENT CO SHERIFF,,
1,2026-09-07T05:55:00Z,1788760500000,WYOMING,2600 BLOCK OF BUCHANAN AVE SW,FIRE ALARM,Fire,WYOMING FIRE,,
1,2026-09-07T06:08:00Z,1788761280000,PLAINFIELD TWP,1500 BLOCK OF RUTH LN NE,INJUNCTIVE VIOLATION,Police,KENT CO SHERIFF,,
1,2026-09-07T06:14:00Z,1788761640000,GAINES TWP,300 BLOCK OF 68TH ST SE,DISORDERLY PERSON,Police,KENT CO SHERIFF,,
1,2026-09-07T06:18:00Z,1788761880000,BYRON TWP,8900 BLOCK OF BYRON COMMERCE DR SW,BURGLAR ALARM,Police,KENT CO SHERIFF,,
1,2026-09-07T06:24:00Z,1788762240000,COURTLAND TWP,11700 BLOCK OF NORTHLAND DR NE,BURGLAR ALARM,Police,KENT CO SHERIFF,,
1,2026-09-07T06:35:00Z,1788762900000,KENTWOOD,4400 BLOCK OF BRETON AVE SE,MEDICAL EMERGENCY,Fire,KENTWOOD FIRE,,
1,2026-09-07T06:45:00Z,1788763500000,KENTWOOD,4600 BLOCK OF MARSHALL AVE SE,SUSPICIOUS INCIDENT,Police,KENTWOOD POLICE,,
1,2026-09-07T06:52:00Z,1788763920000,WYOMING,BYRON CENTER AVE SW / 56TH ST SW,WELFARE CHECK,Police,WYOMING POLICE,,
1,2026-09-07T07:11:00Z,1788765060000,WYOMING,BYRON CENTER AVE SW / 56TH ST SW,MEDICAL EMERGENCY,Fire,WYOMING FIRE,,
1,2026-09-07T07:45:00Z,1788767100000,CALEDONIA TWP,7500 BLOCK OF CURRY ST SE,MEDICAL EMERGENCY,Fire,CALEDONIA TWP FIRE,,
1,2026-09-07T07:53:00Z,1788767580000,KENTWOOD,4600 BLOCK OF DRUMMOND BLVD SE,WELFARE CHECK,Police,KENTWOOD POLICE,,
1,2026-09-07T07:55:00Z,1788767700000,WYOMING,100 BLOCK OF CELIA ST SW,FRAUD,Police,WYOMING POLICE,,
1,2026-09-07T08:01:00Z,1788768060000,WYOMING,700 BLOCK OF 44TH ST SW,MEDICAL EMERGENCY,Fire,WYOMING FIRE,,
1,2026-09-07T08:07:00Z,1788768420000,WYOMING,5800 BLOCK OF CRIPPEN AVE SW,DISORDERLY PERSON,Police,WYOMING POLICE,,
1,2026-09-07T08:16:00Z,1788768960000,BYRON TWP,500 BLOCK OF 68TH ST SW,WELFARE CHECK,Police,KENT CO SHERIFF,,
1,2026-09-07T08:32:00Z,1788769920000,WYOMING,3600 BLOCK OF MICHAEL AVE SW,MEDICAL EMERGENCY,Fire,WYOMING FIRE,,
1,2026-09-07T08:35:00Z,1788770100000,CASCADE TWP,28TH ST SE / HOTEL AVE SE,MEDICAL EMERGENCY,Fire,CASCADE TWP FIRE,,
1,2026-09-07T08:51:00Z,1788771060000,WYOMING,5300 BLOCK OF WILSON AVE SW,MEDICAL EMERGENCY,Fire,WYOMING FIRE,,
1,2026-09-07T08:53:00Z,1788771180000,CASCADE TWP,8900 BLOCK OF ONEAL WOODS CT SE,MEDICAL EMERGENCY,Fire,CASCADE TWP FIRE,,
1,2026-09-07T09:10:00Z,1788772200000,ALGOMA TWP,9200 BLOCK OF LADY LAUREN DR NE,SUSPICIOUS INCIDENT,Police,KENT CO SHERIFF,,
4,2026-09-07T09:41:00Z,1788774060000,KENTWOOD,4800 BLOCK OF ARBOR LN SE,GENERAL ASSIST,Police,KENTWOOD POLICE,,
1,2026-09-07T10:11:00Z,1788775860000,CASCADE TWP,2900 BLOCK OF THORNHILLS AVE SE,MEDICAL EMERGENCY,Fire,CASCADE TWP FIRE,,
2,2026-09-07T10:13:00Z,1788775980000,WYOMING,CHICAGO DR SW / GODFREY AVE SW,GENERAL ASSIST,Police,WYOMING POLICE,,
1,2026-09-07T10:17:00Z,1788776220000,WYOMING,CHICAGO DR SW / GODFREY AVE SW,MEDICAL EMERGENCY,Fire,WYOMING FIRE,,
3,2026-09-07T10:21:00Z,1788776460000,KENTWOOD,4200 BLOCK OF BURTON ST SE,MEDICAL EMERGENCY,Fire,KENTWOOD FIRE,,
1,2026-09-07T10:22:00Z,1788776520000,CASCADE TWP,5500 BLOCK OF 44TH ST SE,AIRCRAFT PROBLEM,Fire,AIRPORT FIRE,,
2,2026-09-07T10:22:00Z,1788776520000,CASCADE TWP,5500 BLOCK OF 44TH ST SE,GENERAL ASSIST,Police,AIRPORT POLICE,,
1,2026-09-07T10:41:00Z,1788777660000,CASCADE TWP,5400 BLOCK OF 28TH ST CT SE,TECH RESCUE,Fire,CASCADE TWP FIRE,,
5,2026-09-07T11:07:00Z,1788779220000,WALKER,US-131 NB NO ANN-WK,VEHICLE CRASH,Police,WALKER FIRE,43.00154939,-85.67536247
4,2026-09-07T11:07:00Z,1788779220000,WALKER,US-131 NB NO ANN-WK,VEHICLE CRASH,Police,WALKER POLICE,43.00154939,-85.67536247
1,2026-09-07T11:12:00Z,1788779520000,WYOMING,2300 BLOCK OF SHARON AVE SW,MEDICAL EMERGENCY,Fire,WYOMING FIRE,,
1,2026-09-07T11:19:00Z,1788779940000,GAINES TWP,900 BLOCK OF WOODFIELD EAST DR SE,MEDICAL EMERGENCY,Fire,GAINES TWP FIRE,,
1,2026-09-07T11:28:00Z,1788780480000,WYOMING,1100 BLOCK OF RATHBONE ST SW,SUSPICIOUS INCIDENT,Police,WYOMING POLICE,,
2,2026-09-07T11:54:00Z,1788782040000,PLAINFIELD TWP,3100 BLOCK OF RIVERWOODS DR NE,MEDICAL EMERGENCY,Fire,PLAINFIELD TWP FIRE,,
1,2026-09-07T11:56:00Z,1788782160000,GRAND RAPIDS,3400 BLOCK OF BURTON ST SE,GENERAL ASSIST,Police,KENTWOOD POLICE,,
1,2026-09-07T12:09:00Z,1788782940000,KENTWOOD,4300 BLOCK OF SPARKS DR SE,FIRE ALARM,Fire,KENTWOOD FIRE,,
4,2026-09-07T12:36:00Z,1788784560000,CALEDONIA TWP,7400 BLOCK OF GALLOP TRL SE,MEDICAL EMERGENCY,Fire,CALEDONIA TWP FIRE,,
3,2026-09-07T12:36:00Z,1788784560000,BYRON TWP,3000 BLOCK OF 76TH ST SW,BURGLAR ALARM,Police,KENT CO SHERIFF,,
2,2026-09-07T12:37:00Z,1788784620000,WYOMING,OAK VALLEY AVE SW / CHAPEL ST SW,SUSPICIOUS INCIDENT,Police,WYOMING POLICE,,
1,2026-09-07T12:39:00Z,1788784740000,GAINES TWP,6100 BLOCK OF WEST AMBER DR SE,BURGLARY,Police,KENT CO SHERIFF,,
1,2026-09-07T12:39:00Z,1788784740000,KENTWOOD,4300 BLOCK OF KALAMAZOO AVE SE,MEDICAL EMERGENCY,Fire,KENTWOOD FIRE,,
2,2026-09-07T13:16:00Z,1788786960000,KENTWOOD,2900 BLOCK OF 29TH ST SE,VEHICLE CRASH,Police,KENTWOOD POLICE,,
4,2026-09-07T13:17:00Z,1788787020000,WALKER,US-131 SB TO TURNER RAMP,GENERAL ASSIST,Police,MICHIGAN STATE POLICE,43.00033174,-85.67653606
1,2026-09-07T13:24:00Z,1788787440000,WYOMING,5700 BLOCK OF BARCROFT DR SW,FIRE ALARM,Fire,WYOMING FIRE,,
1,2026-09-07T13:30:00Z,1788787800000,WALKER,3500 BLOCK OF LAKEWAY CT NW,MEDICAL EMERGENCY,Fire,WALKER FIRE,,
1,2026-09-07T13:32:00Z,1788787920000,KENTWOOD,2900 BLOCK OF 32ND ST SE,GENERAL ASSIST,Police,KENTWOOD POLICE,,
1,2026-09-07T13:38:00Z,1788788280000,WYOMING,1300 BLOCK OF 28TH ST SW,SUSPICIOUS INCIDENT,Police,WYOMING POLICE,,
1,2026-09-07T13:44:00Z,1788788640000,ALPINE TWP,4200 BLOCK OF ALPENHORN DR NW,TRESPASSING,Police,KENT CO SHERIFF,,
1,2026-09-07T13:50:00Z,1788789000000,WYOMING,36TH ST SW / BUCHANAN AVE SW,VEHICLE CRASH,Police,WYOMING FIRE,,
2,2026-09-07T13:50:00Z,1788789000000,WYOMING,36TH ST SW / BUCHANAN AVE SW,VEHICLE CRASH,Police,WYOMING POLICE,,
3,2026-09-07T14:00:00Z,1788789600000,CASCADE TWP,8800 BLOCK OF RUNNING DEER LN SE,WIRE DOWN,Fire,CASCADE TWP FIRE,,
2,2026-09-07T14:01:00Z,1788789660000,ROCKFORD,100 BLOCK OF N PROSPECT ST NE,MEDICAL EMERGENCY,Fire,ROCKFORD FIRE,,
1,2026-09-07T14:01:00Z,1788789660000,ROCKFORD,100 BLOCK OF N PROSPECT ST NE,GENERAL ASSIST,Police,ROCKFORD POLICE,,
2,2026-09-07T14:09:00Z,1788790140000,PLAINFIELD TWP,7600 BLOCK OF CHANDLER DR NE,MEDICAL EMERGENCY,Fire,PLAINFIELD TWP FIRE,,
1,2026-09-07T14:12:00Z,1788790320000,ALGOMA TWP,4400 BLOCK OF 13 MILE RD NE,SUSPICIOUS INCIDENT,Police,KENT CO SHERIFF,,
2,2026-09-07T14:22:00Z,1788790920000,WYOMING,5600 BLOCK OF CLYDE PARK AVE SW,FRAUD,Police,WYOMING POLICE,,
1,2026-09-07T14:32:00Z,1788791520000,EAST GRAND RAPIDS,2500 BLOCK OF BOSTON ST SE,OBSCENITY,Police,EAST GRAND RAPIDS POLICE,,
7,2026-09-07T14:37:00Z,1788791820000,OAKFIELD TWP,11700 BLOCK OF HEINTZELMAN AVE NE,MEDICAL EMERGENCY,Fire,OAKFIELD TWP FIRE,,
4,2026-09-07T14:48:00Z,1788792480000,LOWELL,800 BLOCK OF HUNT ST SE,WELFARE CHECK,Police,LOWELL POLICE,,
3,2026-09-07T14:49:00Z,1788792540000,WYOMING,4300 BLOCK OF BURLINGAME AVE SW,WIRE DOWN,Fire,WYOMING FIRE,,
1,2026-09-07T14:52:00Z,1788792720000,ADA TWP,9300 BLOCK OF E FULTON ST,MEDICAL EMERGENCY,Fire,ADA TWP FIRE,,
2,2026-09-07T14:52:00Z,1788792720000,GAINES TWP,7100 BLOCK OF MADISON AVE SE,ASSAULT,Police,KENT CO SHERIFF,,
2,2026-09-07T15:02:00Z,1788793320000,CALEDONIA TWP,8600 BLOCK OF S JASONVILLE CT SE,MEDICAL EMERGENCY,Fire,CALEDONIA TWP FIRE,,
1,2026-09-07T15:03:00Z,1788793380000,GRANDVILLE,4200 BLOCK OF INDIAN SPRING DR SW,FIRE INVESTIGATION,Fire,GRANDVILLE FIRE,,
1,2026-09-07T15:03:00Z,1788793380000,WYOMING,5500 BLOCK OF CLYDE PARK AVE SW,FRAUD,Police,WYOMING POLICE,,
2,2026-09-07T15:14:00Z,1788794040000,PLAINFIELD TWP,5900 BLOCK OF SAFETY DR NE,BURGLAR ALARM,Police,KENT CO SHERIFF,,
1,2026-09-07T15:14:00Z,1788794040000,KENTWOOD,4500 BLOCK OF 36TH ST SE,BURGLAR ALARM,Police,KENTWOOD POLICE,,
3,2026-09-07T15:14:00Z,1788794040000,WALKER,KINNEY AVE NW / LEONARD ST NW,RECKLESS DRIVER,Police,WALKER POLICE,,
2,2026-09-07T15:15:00Z,1788794100000,CALEDONIA TWP,68TH ST SE / BROADMOOR AVE SE,VEHICLE CRASH,Police,KENT CO SHERIFF,,
1,2026-09-07T15:23:00Z,1788794580000,GAINES TWP,6600 BLOCK OF GLEN HOLLOW DR SE,MEDICAL EMERGENCY,Fire,GAINES TWP FIRE,,
3,2026-09-07T15:27:00Z,1788794820000,GAINES TWP,6600 BLOCK OF MILLSTONE DR SE,MEDICAL EMERGENCY,Fire,GAINES TWP FIRE,,
1,2026-09-07T15:32:00Z,1788795120000,CALEDONIA TWP,68TH ST SE / BROADMOOR AVE SE,MEDICAL EMERGENCY,Fire,CALEDONIA TWP FIRE,,
2,2026-09-07T15:32:00Z,1788795120000,KENTWOOD,100 BLOCK OF TRAVERSE DR SE,GENERAL ASSIST,Police,KENTWOOD POLICE,,
2,2026-09-07T15:36:00Z,1788795360000,GAINES TWP,300 BLOCK OF 68TH ST SE,GENERAL ASSIST,Police,KENT CO SHERIFF,,
1,2026-09-07T15:36:00Z,1788795360000,GAINES TWP,300 BLOCK OF 68TH ST SE,ASSAULT,Police,KENT CO SHERIFF,,
1,2026-09-07T15:41:00Z,1788795660000,WYOMING,5900 BLOCK OF CLYDE PARK AVE SW,WELFARE CHECK,Police,WYOMING POLICE,,
2,2026-09-07T15:55:00Z,1788796500000,KENTWOOD,4500 BLOCK OF BRETON AVE SE,MISC FIRE,Fire,KENTWOOD FIRE,,
1,2026-09-07T16:00:00Z,1788796800000,SPARTA,100 BLOCK OF ALMA ST NW,WELFARE CHECK,Police,SPARTA POLICE,,
1,2026-09-07T16:01:00Z,1788796860000,ALPINE TWP,800 BLOCK OF 7 MILE RD NW,MEDICAL EMERGENCY,Fire,ALPINE TWP FIRE,,
4,2026-09-07T16:05:00Z,1788797100000,CALEDONIA TWP,8500 BLOCK OF RAINBOWS END RD SE,DISORDERLY PERSON,Police,KENT CO SHERIFF,,
2,2026-09-07T16:13:00Z,1788797580000,BOWNE TWP,9700 BLOCK OF 84TH ST SE,WIRE DOWN,Fire,ALTO AREA FIRE,,
1,2026-09-07T16:23:00Z,1788798180000,BYRON TWP,7700 BLOCK OF WORTHING CT SW,MISC FIRE,Fire,BYRON TWP FIRE,,
5,2026-09-07T16:28:00Z,1788798480000,GRAND RAPIDS TWP,3500 BLOCK OF PLAINFIELD AVE NE,WELFARE CHECK,Police,KENT CO SHERIFF,,
6,2026-09-07T16:35:00Z,1788798900000,CASCADE TWP,3000 BLOCK OF HOWLETT DR SE,FRAUD,Police,KENT CO SHERIFF,,
8,2026-09-07T16:38:00Z,1788799080000,ALPINE TWP,3700 BLOCK OF MT BLANC ST NW,INJUNCTIVE VIOLATION,Police,KENT CO SHERIFF,,
3,2026-09-07T16:40:00Z,1788799200000,WYOMING,BYRON CENTER AVE SW / METRO WAY SW,GENERAL ASSIST,Police,WYOMING POLICE,,
1,2026-09-07T16:43:00Z,1788799380000,ALGOMA TWP,8500 BLOCK OF MEADOW CREEK DR NE,MEDICAL EMERGENCY,Fire,ALGOMA TWP FIRE,,
2,2026-09-07T16:43:00Z,1788799380000,WYOMING,400 BLOCK OF 54TH ST SW,FRAUD,Police,WYOMING POLICE,,
6,2026-09-07T16:46:00Z,1788799560000,KENTWOOD,3100 BLOCK OF WOODBRIDGE DR SE,WELFARE CHECK,Police,KENTWOOD POLICE,,
4,2026-09-07T16:48:00Z,1788799680000,WYOMING,3600 BLOCK OF EASTERN AVE SE,DEER PERMIT,Police,WYOMING POLICE,,
2,2026-09-07T16:56:00Z,1788800160000,KENTWOOD,52ND ST SE / KALAMAZOO AVE SE,VEHICLE CRASH,Police,KENTWOOD POLICE,,
1,2026-09-07T16:57:00Z,1788800220000,KENTWOOD,52ND ST SE / KALAMAZOO AVE SE,VEHICLE CRASH,Police,KENTWOOD FIRE,,
1,2026-09-07T17:00:00Z,1788800400000,GRANDVILLE,4500 BLOCK OF KENOWA AVE SW,WELFARE CHECK,Police,GRANDVILLE POLICE,,
2,2026-09-07T17:15:00Z,1788801300000,GRANDVILLE,4500 BLOCK OF KENOWA AVE SW,MEDICAL EMERGENCY,Fire,GRANDVILLE FIRE,,
1,2026-09-07T17:18:00Z,1788801480000,LOWELL TWP,1800 BLOCK OF RHODA ST SE,MEDICAL EMERGENCY,Fire,LOWELL AREA FIRE,,
4,2026-09-07T17:20:00Z,1788801600000,CEDAR SPRINGS,400 BLOCK OF 8TH ST NE,LOITERING,Police,KENT CO SHERIFF,,
3,2026-09-07T17:23:00Z,1788801780000,WYOMING,300 BLOCK OF 54TH ST SW,FRAUD,Police,WYOMING POLICE,,
3,2026-09-07T17:27:00Z,1788802020000,WYOMING,300 BLOCK OF 54TH ST SW,SUSPICIOUS INCIDENT,Police,WYOMING POLICE,,
3,2026-09-07T17:29:00Z,1788802140000,COURTLAND TWP,10 MILE RD NE / JE-NE-BE DR NE,MISC FIRE,Fire,COURTLAND TWP FIRE,,
1,2026-09-07T17:29:00Z,1788802140000,WYOMING,28TH ST SW / MICHAEL AVE SW,VEHICLE CRASH,Police,WYOMING FIRE,,
2,2026-09-07T17:29:00Z,1788802140000,WYOMING,28TH ST SW / MICHAEL AVE SW,VEHICLE CRASH,Police,WYOMING POLICE,,
2,2026-09-07T17:32:00Z,1788802320000,VERGENNES TWP,600 BLOCK OF ALDEN NASH AVE SE,MEDICAL EMERGENCY,Fire,LOWELL AREA FIRE,,
1,2026-09-07T17:36:00Z,1788802560000,GAINES TWP,9200 BLOCK OF HANNA LAKE AVE SE,SUSPICIOUS INCIDENT,Police,KENT CO SHERIFF,,
2,2026-09-07T17:40:00Z,1788802800000,SOLON TWP,700 BLOCK OF CLARKSON DR NE,MEDICAL EMERGENCY,Fire,SOLON TWP FIRE,,
1,2026-09-07T17:49:00Z,1788803340000,PLAINFIELD TWP,POST DR NE / US-131 SB TO POST DR RAMP,WELFARE CHECK,Police,KENT CO SHERIFF,,
3,2026-09-07T18:09:00Z,1788804540000,KENTWOOD,2900 BLOCK OF RADCLIFF AVE SE,MISC FIRE,Fire,KENTWOOD FIRE,,
2,2026-09-07T18:11:00Z,1788804660000,ROCKFORD,0 BLOCK OF E BRIDGE ST NE,GENERAL ASSIST,Police,ROCKFORD POLICE,,
5,2026-09-07T18:13:00Z,1788804780000,SPARTA TWP,STEBBINS AVE NW / INDIAN LAKES RD NW,BROADCAST,Police,KENT CO SHERIFF,,
1,2026-09-07T18:13:00Z,1788804780000,WYOMING,CLYDE PARK AVE SW / 28TH ST SW,ORDINANCE VIOLATION,Police,WYOMING POLICE,,
3,2026-09-07T18:15:00Z,1788804900000,CALEDONIA,6000 BLOCK OF HANOVER WOODS DR SE,MEDICAL EMERGENCY,Fire,CALEDONIA TWP FIRE,,
1,2026-09-07T18:16:00Z,1788804960000,WYOMING,3300 BLOCK OF S DIVISION AVE,MEDICAL EMERGENCY,Fire,WYOMING FIRE,,
1,2026-09-07T18:19:00Z,1788805140000,ALGOMA TWP,3900 BLOCK OF 12 MILE RD NE,VEHICLE CRASH,Police,ALGOMA TWP FIRE,,
2,2026-09-07T18:19:00Z,1788805140000,ALGOMA TWP,3900 BLOCK OF 12 MILE RD NE,VEHICLE CRASH,Police,KENT CO SHERIFF,,
6,2026-09-07T18:19:00Z,1788805140000,KENTWOOD,2000 BLOCK OF CREEKRIDGE DR SE,SUSPICIOUS INCIDENT,Police,KENTWOOD POLICE,,
5,2026-09-07T18:19:00Z,1788805140000,WYOMING,28TH AT US-131,DISORDERLY PERSON,Police,WYOMING POLICE,42.91324858,-85.67755701
1,2026-09-07T18:23:00Z,1788805380000,GAINES TWP,2300 BLOCK OF 68TH ST SE,DISORDERLY PERSON,Police,KENT CO SHERIFF,,
1,2026-09-07T18:32:00Z,1788805920000,WYOMING,1300 BLOCK OF 28TH ST SW,MEDICAL EMERGENCY,Fire,WYOMING FIRE,,
11,2026-09-07T18:37:00Z,1788806220000,WYOMING,4100 BLOCK OF CROOKED TREE RD SW,LOUD NOISE,Police,WYOMING POLICE,,
6,2026-09-07T18:40:00Z,1788806400000,GRAND RAPIDS TWP,I-96 WB WO CASCADE,GENERAL ASSIST,Police,MICHIGAN STATE POLICE,42.9480432,-85.56692468
1,2026-09-07T18:40:00Z,1788806400000,WYOMING,DEN HERTOG ST SW / CLYDE PARK AVE SW,VEHICLE CRASH,Police,WYOMING FIRE,,
2,2026-09-07T18:40:00Z,1788806400000,WYOMING,DEN HERTOG ST SW / CLYDE PARK AVE SW,VEHICLE CRASH,Police,WYOMING POLICE,,
2,2026-09-07T18:42:00Z,1788806520000,GAINES TWP,6600 BLOCK OF KALAMAZOO AVE SE,SUSPICIOUS INCIDENT,Police,KENT CO SHERIFF,,
5,2026-09-07T18:47:00Z,1788806820000,GAINES TWP,7200 BLOCK OF HANNA LAKE AVE SE,GENERAL ASSIST,Police,KENT CO SHERIFF,,
1,2026-09-07T18:49:00Z,1788806940000,WALKER,2400 BLOCK OF ALPINE AVE NW,WELFARE CHECK,Police,WALKER POLICE,,
2,2026-09-07T18:52:00Z,1788807120000,CASCADE TWP,5100 BLOCK OF 28TH ST SE,DISORDERLY PERSON,Police,KENT CO SHERIFF,,
1,2026-09-07T18:55:00Z,1788807300000,WALKER,2600 BLOCK OF FALCON POINTE DR NW,MEDICAL EMERGENCY,Fire,WALKER FIRE,,
2,2026-09-07T18:58:00Z,1788807480000,GRANDVILLE,3700 BLOCK OF RIVERTOWN PKWY SW,MEDICAL EMERGENCY,Fire,GRANDVILLE FIRE,,
1,2026-09-07T18:58:00Z,1788807480000,GRANDVILLE,3700 BLOCK OF RIVERTOWN PKWY SW,GENERAL ASSIST,Police,GRANDVILLE POLICE,,
8,2026-09-07T19:02:00Z,1788807720000,GRANDVILLE,3900 BLOCK OF 42ND ST SW,STOLEN VEHICLE,Police,GRANDVILLE POLICE,,
1,2026-09-07T19:02:00Z,1788807720000,KENTWOOD,5200 BLOCK OF WICHITA DR SE,GENERAL ASSIST,Police,KENTWOOD POLICE,,
6,2026-09-07T19:16:00Z,1788808560000,GRAND RAPIDS TWP,1900 BLOCK OF 3 MILE RD NE,911 HANG UP,Police,KENT CO SHERIFF,,
7,2026-09-07T19:17:00Z,1788808620000,WYOMING,44TH ST SW / BYRON CENTER AVE SW,VEHICLE CRASH,Police,WYOMING POLICE,,
1,2026-09-07T19:20:00Z,1788808800000,GRAND RAPIDS TWP,CASCADE RD SE / EAST BELTLINE AVE SE,GENERAL ASSIST,Police,KENT CO SHERIFF,,
2,2026-09-07T19:23:00Z,1788808980000,GAINES TWP,1800 BLOCK OF MARKETPLACE DR SE,LOITERING,Police,KENT CO SHERIFF,,
4,2026-09-07T19:23:00Z,1788808980000,WYOMING,2300 BLOCK OF PRAIRIE PKWY SW,MEDICAL EMERGENCY,Fire,WYOMING FIRE,,
1,2026-09-07T19:24:00Z,1788809040000,KENTWOOD,STAUFFER AVE SE / 44TH ST SE,DEER PERMIT,Police,KENTWOOD POLICE,,
2,2026-09-07T19:25:00Z,1788809100000,TYRONE TWP,14600 BLOCK OF SPARTA AVE NW,MEDICAL EMERGENCY,Fire,KENT CITY FIRE,,
2,2026-09-07T19:27:00Z,1788809220000,GRANDVILLE,RIVERTOWN PKWY SW / POTOMAC AVE SW,VEHICLE CRASH,Police,GRANDVILLE POLICE,,
1,2026-09-07T19:28:00Z,1788809280000,WALKER,2400 BLOCK OF ALPINE AVE NW,ASSAULT,Police,WALKER POLICE,,
2,2026-09-07T19:29:00Z,1788809340000,KENTWOOD,3600 BLOCK OF WHISPERING BROOK DR SE,STOLEN VEHICLE,Police,KENTWOOD POLICE,,
1,2026-09-07T19:30:00Z,1788809400000,CASCADE TWP,2900 BLOCK OF LUCERNE DR SE,BURGLAR ALARM,Police,KENT CO SHERIFF,,
7,2026-09-07T19:33:00Z,1788809580000,KENTWOOD,4800 BLOCK OF S BRETON CT SE,GENERAL ASSIST,Police,KENTWOOD POLICE,,
6,2026-09-07T19:38:00Z,1788809880000,LOWELL TWP,11300 BLOCK OF DOROTHY ST SE,WELFARE CHECK,Police,KENT CO SHERIFF,,
3,2026-09-07T19:41:00Z,1788810060000,CALEDONIA TWP,6200 BLOCK OF THORNAPPLE RIVER DR SE,MEDICAL EMERGENCY,Fire,CALEDONIA TWP FIRE,,
2,2026-09-07T19:44:00Z,1788810240000,BYRON TWP,0 BLOCK OF MARCUS ST SW,MEDICAL EMERGENCY,Fire,BYRON TWP FIRE,,
4,2026-09-07T19:47:00Z,1788810420000,WALKER,3100 BLOCK OF NORTH WILSON CT NW,BURGLAR ALARM,Police,WALKER POLICE,,
1,2026-09-07T19:48:00Z,1788810480000,WALKER,300 BLOCK OF WILSON AVE NW,FRAUD,Police,WALKER POLICE,,
5,2026-09-07T19:49:00Z,1788810540000,OAKFIELD TWP,12800 BLOCK OF 12 MILE RD NE,LARCENY,Police,KENT CO SHERIFF,,
2,2026-09-07T19:55:00Z,1788810900000,LOWELL,200 BLOCK OF N BROADWAY ST SE,MEDICAL EMERGENCY,Fire,LOWELL AREA FIRE,,
1,2026-09-07T19:55:00Z,1788810900000,LOWELL,200 BLOCK OF N BROADWAY ST SE,BROADCAST,Police,LOWELL POLICE,,
8,2026-09-07T19:56:00Z,1788810960000,GRAND RAPIDS TWP,100 BLOCK OF GLENVIEW DR SE,WELFARE CHECK,Police,KENT CO SHERIFF,,
1,2026-09-07T19:59:00Z,1788811140000,CASCADE TWP,3000 BLOCK OF CHARLEVOIX DR SE,MEDICAL EMERGENCY,Fire,CASCADE TWP FIRE,,
10,2026-09-07T20:03:00Z,1788811380000,GAINES TWP,KALAMAZOO AT M-6,VEHICLE FIRE,Fire,GAINES TWP FIRE,42.8471385,-85.62489172
9,2026-09-07T20:03:00Z,1788811380000,GAINES TWP,KALAMAZOO AT M-6,BROADCAST,Police,KENT CO SHERIFF,42.8471385,-85.62489172
11,2026-09-07T20:05:00Z,1788811500000,CASCADE TWP,I-96 EB TO 28TH EB RAMP,VEHICLE CRASH,Police,CASCADE TWP FIRE,42.91121862,-85.53683774
12,2026-09-07T20:05:00Z,1788811500000,CASCADE TWP,I-96 EB TO 28TH EB RAMP,VEHICLE CRASH,Police,KENT CO SHERIFF,42.91121862,-85.53683774
1,2026-09-07T20:10:00Z,1788811800000,GRANDVILLE,3100 BLOCK OF IVANREST AVE SW,MEDICAL EMERGENCY,Fire,GRANDVILLE FIRE,,
6,2026-09-07T20:10:00Z,1788811800000,KENTWOOD,5400 BLOCK OF MICK AVE SE,GENERAL ASSIST,Police,KENTWOOD POLICE,,
2,2026-09-07T20:11:00Z,1788811860000,GAINES TWP,6300 BLOCK OF KALAMAZOO AVE SE,WELFARE CHECK,Police,KENT CO SHERIFF,,
3,2026-09-07T20:11:00Z,1788811860000,KENTWOOD,4500 BLOCK OF BRETON AVE SE,FRAUD,Police,KENTWOOD POLICE,,
1,2026-09-07T20:12:00Z,1788811920000,GAINES TWP,6300 BLOCK OF KALAMAZOO AVE SE,MEDICAL EMERGENCY,Fire,GAINES TWP FIRE,,
2,2026-09-07T20:16:00Z,1788812160000,WYOMING,1800 BLOCK OF BERKLEY AVE SW,GENERAL ASSIST,Police,WYOMING POLICE,,
4,2026-09-07T20:17:00Z,1788812220000,BYRON TWP,6300 BLOCK OF VENTURE HILLS BLVD SW,911 HANG UP,Police,KENT CO SHERIFF,,
1,2026-09-07T20:18:00Z,1788812280000,PLAINFIELD TWP,4400 BLOCK OF VALLEY VALE DR NE,WELFARE CHECK,Police,KENT CO SHERIFF,,
3,2026-09-07T20:18:00Z,1788812280000,KENTWOOD,4300 BLOCK OF WALNUT HILLS LN SE,SUSPICIOUS INCIDENT,Police,KENTWOOD POLICE,,
1,2026-09-07T20:19:00Z,1788812340000,KENTWOOD,2800 BLOCK OF PFEIFFER WOODS DR SE,FIRE ALARM,Fire,KENTWOOD FIRE,,
2,2026-09-07T20:19:00Z,1788812340000,PLAINFIELD TWP,4400 BLOCK OF VALLEY VALE DR NE,MEDICAL EMERGENCY,Fire,PLAINFIELD TWP FIRE,,
7,2026-09-07T20:20:00Z,1788812400000,CALEDONIA TWP,5500 BLOCK OF PERCHERON PL SE,ANIMAL INCIDENT,Police,KENT CO SHERIFF,,
3,2026-09-07T20:32:00Z,1788813120000,KENTWOOD,3300 BLOCK OF 36TH ST SE,DISORDERLY PERSON,Police,KENTWOOD POLICE,,
2,2026-09-07T20:33:00Z,1788813180000,VERGENNES TWP,900 BLOCK OF LINCOLN LAKE AVE SE,INJUNCTIVE VIOLATION,Police,KENT CO SHERIFF,,
1,2026-09-07T20:34:00Z,1788813240000,WALKER,700 BLOCK OF CUMMINGS AVE NW,DISORDERLY PERSON,Police,WALKER POLICE,,
4,2026-09-07T20:38:00Z,1788813480000,PLAINFIELD TWP,6800 BLOCK OF SCOTT LAKE AVE NE,PARKING VIOLATION,Police,KENT CO SHERIFF,,
5,2026-09-07T20:42:00Z,1788813720000,WYOMING,S DIVISION AVE / 35TH ST SE,FRAUD,Police,WYOMING POLICE,,
2,2026-09-07T20:44:00Z,1788813840000,WALKER,100 BLOCK OF WILSON AVE NW,BURGLAR ALARM,Police,WALKER POLICE,,
1,2026-09-07T20:46:00Z,1788813960000,WYOMING,3400 BLOCK OF BYRON CENTER AVE SW,HARASSMENT,Police,WYOMING POLICE,,
1,2026-09-07T20:46:00Z,1788813960000,WYOMING,700 BLOCK OF 44TH ST SW,WELFARE CHECK,Police,WYOMING POLICE,,
4,2026-09-07T20:54:00Z,1788814440000,ADA TWP,5800 BLOCK OF ADA DR SE,OBSCENITY,Police,KENT CO SHERIFF,,
1,2026-09-07T20:54:00Z,1788814440000,WYOMING,900 BLOCK OF 36TH ST SW,MEDICAL EMERGENCY,Fire,WYOMING FIRE,,
1,2026-09-07T20:58:00Z,1788814680000,WYOMING,700 BLOCK OF 44TH ST SW,MEDICAL EMERGENCY,Fire,WYOMING FIRE,,
2,2026-09-07T21:03:00Z,1788814980000,KENTWOOD,4300 BLOCK OF 36TH ST SE,WELFARE CHECK,Police,KENTWOOD POLICE,,
1,2026-09-07T21:06:00Z,1788815160000,WALKER,3700 BLOCK OF DYKSTRA DR NW,FIRE ALARM,Fire,WALKER FIRE,,
8,2026-09-07T21:23:00Z,1788816180000,GAINES TWP,KALAMAZOO AT M-6,FOUND PROPERTY,Police,KENT CO SHERIFF,42.8471385,-85.62489172
2,2026-09-07T21:28:00Z,1788816480000,CALEDONIA TWP,7600 BLOCK OF 68TH ST SE,DISORDERLY PERSON,Police,KENT CO SHERIFF,,
1,2026-09-07T21:30:00Z,1788816600000,KENTWOOD,4800 BLOCK OF RIEMEN DR SE,MEDICAL EMERGENCY,Fire,KENTWOOD FIRE,,
3,2026-09-07T21:32:00Z,1788816720000,PLAINFIELD TWP,1500 BLOCK OF RUTH LN NE,911 HANG UP,Police,KENT CO SHERIFF,,
1,2026-09-07T21:33:00Z,1788816780000,BYRON TWP,7000 BLOCK OF FESTIVAL DR SW,911 HANG UP,Police,KENT CO SHERIFF,,
1,2026-09-07T21:37:00Z,1788817020000,KENTWOOD,1500 BLOCK OF MAPLE HOLLOW ST SE,BURGLAR ALARM,Police,KENTWOOD POLICE,,
2,2026-09-07T21:50:00Z,1788817800000,GRATTAN TWP,BELDING RD NE / WABASIS AVE NE,ANIMAL INCIDENT,Police,KENT CO SHERIFF,,
1,2026-09-07T21:52:00Z,1788817920000,TYRONE TWP,4500 BLOCK OF 21 MILE RD NW,MEDICAL EMERGENCY,Fire,KENT CITY FIRE,,
1,2026-09-07T21:54:00Z,1788818040000,KENTWOOD,2500 BLOCK OF SUNNY CREEK ST SE,GENERAL ASSIST,Police,KENTWOOD POLICE,,
2,2026-09-07T22:00:00Z,1788818400000,OAKFIELD TWP,9300 BLOCK OF ASHLEY AVE NE,MEDICAL EMERGENCY,Fire,OAKFIELD TWP FIRE,,
1,2026-09-07T22:09:00Z,1788818940000,WYOMING,3600 BLOCK OF MICHAEL AVE SW,MEDICAL EMERGENCY,Fire,WYOMING FIRE,,
1,2026-09-07T22:18:00Z,1788819480000,SOLON TWP,2300 BLOCK OF WINSTON VIEW DR NE,WELFARE CHECK,Police,KENT CO SHERIFF,,
2,2026-09-07T22:33:00Z,1788820380000,WYOMING,3200 BLOCK OF S DIVISION AVE,911 HANG UP,Police,WYOMING POLICE,,
1,2026-09-07T22:34:00Z,1788820440000,BYRON TWP,8500 BLOCK OF SKYLINE ST SW,MEDICAL EMERGENCY,Fire,BYRON TWP FIRE,,
1,2026-09-07T22:38:00Z,1788820680000,WYOMING,2900 BLOCK OF TAFT AVE SW,911 HANG UP,Police,WYOMING POLICE,,
7,2026-09-07T22:40:00Z,1788820800000,KENTWOOD,800 BLOCK OF LYLES ST SE,GENERAL ASSIST,Police,KENTWOOD POLICE,,
1,2026-09-07T22:51:00Z,1788821460000,PLAINFIELD TWP,1200 BLOCK OF NORTH TRAIL CT NE,MEDICAL EMERGENCY,Fire,PLAINFIELD TWP FIRE,,
2,2026-09-07T23:00:00Z,1788822000000,WALKER,1100 BLOCK OF BONITA CT NW,FIRE ALARM,Fire,WALKER FIRE,,
1,2026-09-07T23:01:00Z,1788822060000,BYRON TWP,6500 BLOCK OF DAGGER AVE SW,MEDICAL EMERGENCY,Fire,BYRON TWP FIRE,,
4,2026-09-07T23:01:00Z,1788822060000,GRANDVILLE,4100 BLOCK OF PINE CREEK RD SW,FIRE ALARM,Fire,GRANDVILLE FIRE,,
2,2026-09-07T23:07:00Z,1788822420000,KENTWOOD,4600 BLOCK OF STAUFFER AVE SE,MISC FIRE,Fire,KENTWOOD FIRE,,
1,2026-09-07T23:08:00Z,1788822480000,PLAINFIELD TWP,1800 BLOCK OF WOODWORTH ST NE,DISORDERLY PERSON,Police,KENT CO SHERIFF,,
3,2026-09-07T23:15:00Z,1788822900000,CASCADE TWP,3000 BLOCK OF WYCLIFF DR SE,SUSPICIOUS INCIDENT,Police,KENT CO SHERIFF,,
2,2026-09-07T23:16:00Z,1788822960000,WYOMING,1200 BLOCK OF OAKCREST ST SW,MEDICAL EMERGENCY,Fire,WYOMING FIRE,,
1,2026-09-07T23:19:00Z,1788823140000,WYOMING,4800 BLOCK OF WILSON AVE SW,DAMAGE TO PROPERTY,Police,GRANDVILLE POLICE,,
1,2026-09-07T23:21:00Z,1788823260000,CALEDONIA TWP,92ND ST SE / WHITNEYVILLE AVE SE,VEHICLE CRASH,Police,CALEDONIA TWP FIRE,,
4,2026-09-07T23:21:00Z,1788823260000,CALEDONIA TWP,92ND ST SE / WHITNEYVILLE AVE SE,VEHICLE CRASH,Police,KENT CO SHERIFF,,
11,2026-09-07T23:21:00Z,1788823260000,CEDAR SPRINGS,WHITE PINE TRAIL_W MUSKEGON ST NE,WELFARE CHECK,Police,KENT CO SHERIFF,43.21997484,-85.55519262
10,2026-09-07T23:26:00Z,1788823560000,WALKER,I-96 EB TO US-131 NB RAMP,VEHICLE CRASH,Police,WALKER POLICE,43.01982502,-85.66691068
9,2026-09-07T23:29:00Z,1788823740000,NELSON TWP,US-131 SB SO 22 MILE,MISC FIRE,Fire,SAND LAKE FIRE,43.29356481,-85.54256898
1,2026-09-07T23:31:00Z,1788823860000,LOWELL TWP,1700 BLOCK OF RHODA ST SE,BROADCAST,Police,KENT CO SHERIFF,,
2,2026-09-07T23:31:00Z,1788823860000,LOWELL TWP,1700 BLOCK OF RHODA ST SE,MEDICAL EMERGENCY,Fire,LOWELL AREA FIRE,,
2,2026-09-07T23:31:00Z,1788823860000,WYOMING,1200 BLOCK OF 28TH ST SW,ASSAULT,Police,WYOMING POLICE,,
4,2026-09-07T23:38:00Z,1788824280000,BYRON TWP,6700 BLOCK OF CREEKSTONE LN SW,FRAUD,Police,KENT CO SHERIFF,,
3,2026-09-07T23:39:00Z,1788824340000,COURTLAND TWP,8300 BLOCK OF SQUIRES ST NE,MEDICAL EMERGENCY,Fire,COURTLAND TWP FIRE,,
4,2026-09-07T23:40:00Z,1788824400000,COURTLAND TWP,10300 BLOCK OF MYERS LAKE AVE NE,BURGLARY,Police,KENT CO SHERIFF,,
2,2026-09-07T23:43:00Z,1788824580000,GAINES TWP,6600 BLOCK OF GLEN HOLLOW DR SE,MEDICAL EMERGENCY,Fire,GAINES TWP FIRE,,
1,2026-09-07T23:43:00Z,1788824580000,GAINES TWP,6600 BLOCK OF GLEN HOLLOW DR SE,BROADCAST,Police,KENT CO SHERIFF,,
13,2026-09-07T23:44:00Z,1788824640000,WALKER,US-131 NB NO ANN-WK,GENERAL ASSIST,Police,WALKER POLICE,43.00154939,-85.67536247
1,2026-09-07T23:47:00Z,1788824820000,KENTWOOD,4800 BLOCK OF KIMBALL AVE SE,FIRE INVESTIGATION,Fire,KENTWOOD FIRE,,
12,2026-09-07T23:50:00Z,1788825000000,BYRON TWP,M-6 WB AT BURLINGAME,VEHICLE CRASH,Police,KENT CO SHERIFF,42.85272147,-85.70351738
2,2026-09-07T23:58:00Z,1788825480000,BYRON TWP,2100 BLOCK OF 87TH ST SW,MEDICAL EMERGENCY,Fire,BYRON TWP FIRE,,
1,2026-09-08T00:01:00Z,1788825660000,WYOMING,2400 BLOCK OF KENTFIELD ST SW,FIRE INVESTIGATION,Fire,WYOMING FIRE,,
2,2026-09-08T00:01:00Z,1788825660000,WYOMING,2400 BLOCK OF KENTFIELD ST SW,BROADCAST,Police,WYOMING POLICE,,
1,2026-09-08T00:03:00Z,1788825780000,KENTWOOD,3300 BLOCK OF 36TH ST SE,DISORDERLY PERSON,Police,KENTWOOD POLICE,,
1,2026-09-08T00:06:00Z,1788825960000,KENTWOOD,3100 BLOCK OF RIVIERA DR SE,MEDICAL EMERGENCY,Fire,KENTWOOD FIRE,,
1,2026-09-08T00:14:00Z,1788826440000,ALGOMA TWP,1600 BLOCK OF 13 MILE RD NE,MEDICAL EMERGENCY,Fire,ALGOMA TWP FIRE,,
6,2026-09-08T00:16:00Z,1788826560000,WYOMING,4500 BLOCK OF GLORY WAY SW,ANIMAL INCIDENT,Police,WYOMING POLICE,,
2,2026-09-08T00:21:00Z,1788826860000,ALGOMA TWP,12200 BLOCK OF WHITE CEDAR DR NE,MEDICAL EMERGENCY,Fire,ALGOMA TWP FIRE,,
2,2026-09-08T00:27:00Z,1788827220000,GRATTAN TWP,6200 BLOCK OF LINCOLN LAKE AVE NE,MEDICAL EMERGENCY,Fire,GRATTAN TWP FIRE,,
3,2026-09-08T00:27:00Z,1788827220000,WYOMING,500 BLOCK OF 44TH ST SW,FIRE ALARM,Fire,WYOMING FIRE,,
1,2026-09-08T00:29:00Z,1788827340000,CEDAR SPRINGS,14100 BLOCK OF WHITE CREEK AVE NE,VEHICLE CRASH,Police,KENT CO SHERIFF,,
4,2026-09-08T00:30:00Z,1788827400000,WYOMING,100 BLOCK OF 40TH ST SW,WELFARE CHECK,Police,WYOMING POLICE,,
3,2026-09-08T00:32:00Z,1788827520000,SPARTA TWP,11100 BLOCK OF LONG LAKE DR NW,MEDICAL EMERGENCY,Fire,SPARTA FIRE,,
1,2026-09-08T00:34:00Z,1788827640000,ALGOMA TWP,900 BLOCK OF 14 MILE RD NE,MEDICAL EMERGENCY,Fire,ALGOMA TWP FIRE,,
2,2026-09-08T00:34:00Z,1788827640000,BYRON TWP,7600 BLOCK OF BYRON CENTER AVE SW,LOUD NOISE,Police,KENT CO SHERIFF,,
2,2026-09-08T00:51:00Z,1788828660000,WYOMING,5900 BLOCK OF BYRON CENTER AVE SW,WELFARE CHECK,Police,WYOMING POLICE,,
8,2026-09-08T01:00:00Z,1788829200000,WYOMING,1400 BLOCK OF PRAIRIE PKWY SW,LOUD NOISE,Police,WYOMING POLICE,,
1,2026-09-08T01:01:00Z,1788829260000,SPARTA TWP,13 MILE RD NW / ALPINE AVE NW,TRAFFIC HAZARD,Police,KENT CO SHERIFF,,
1,2026-09-08T01:06:00Z,1788829560000,WYOMING,1700 BLOCK OF MARTINDALE AVE SW,MEDICAL EMERGENCY,Fire,WYOMING FIRE,,
5,2026-09-08T01:08:00Z,1788829680000,WYOMING,3200 BLOCK OF S DIVISION AVE,FOUND PROPERTY,Police,WYOMING POLICE,,
3,2026-09-08T01:10:00Z,1788829800000,KENTWOOD,1500 BLOCK OF FOREST HILL AVE SE,MEDICAL EMERGENCY,Fire,KENTWOOD FIRE,,
1,2026-09-08T01:12:00Z,1788829920000,GAINES TWP,700 BLOCK OF PRESERVE CIRCLE DR SE,MISC FIRE,Fire,GAINES TWP FIRE,,
2,2026-09-08T01:12:00Z,1788829920000,KENTWOOD,1500 BLOCK OF FOREST HILL AVE SE,GENERAL ASSIST,Police,KENTWOOD POLICE,,
5,2026-09-08T01:15:00Z,1788830100000,CANNON TWP,8000 BLOCK OF BELDING RD NE,SUSPICIOUS INCIDENT,Police,KENT CO SHERIFF,,
2,2026-09-08T01:20:00Z,1788830400000,KENTWOOD,3100 BLOCK OF PARIS PARK DR SE,SUSPICIOUS INCIDENT,Police,KENTWOOD POLICE,,
3,2026-09-08T01:25:00Z,1788830700000,NEWAYGO ENSLEY TWP,12300 BLOCK OF S BALSAM AVE,MEDICAL EMERGENCY,Fire,SAND LAKE FIRE,,
1,2026-09-08T01:29:00Z,1788830940000,CASCADE TWP,36TH ST SE / SYSCO CT SE,GENERAL ASSIST,Police,KENT CO SHERIFF,,
3,2026-09-08T01:31:00Z,1788831060000,WYOMING,HIMES ST SE / JEFFERSON AVE SE,RECKLESS DRIVER,Police,WYOMING POLICE,,
2,2026-09-08T01:32:00Z,1788831120000,WALKER,LASALLE AVE NW / LAKE MICHIGAN DR NW,FIREWORKS,Police,WALKER POLICE,,
1,2026-09-08T01:35:00Z,1788831300000,EAST GRAND RAPIDS,800 BLOCK OF SAN JOSE DR SE,SUSPICIOUS INCIDENT,Police,EAST GRAND RAPIDS POLICE,,
6,2026-09-08T01:35:00Z,1788831300000,EAST GRAND RAPIDS,800 BLOCK OF SAN JOSE DR SE,TRAFFIC VIOLATION,Police,EAST GRAND RAPIDS POLICE,,
3,2026-09-08T01:36:00Z,1788831360000,OAKFIELD TWP,9500 BLOCK OF WABASIS POINTE DR NE,MEDICAL EMERGENCY,Fire,OAKFIELD TWP FIRE,,
1,2026-09-08T01:44:00Z,1788831840000,SPARTA TWP,11100 BLOCK OF N DIVISION AVE,MEDICAL EMERGENCY,Fire,SPARTA FIRE,,
1,2026-09-08T01:49:00Z,1788832140000,SOLON TWP,WHITE CREEK AVE NE / SOLON ST NE,WELFARE CHECK,Police,KENT CO SHERIFF,,
1,2026-09-08T01:53:00Z,1788832380000,KENTWOOD,4700 BLOCK OF EASTERN AVE SE,MEDICAL EMERGENCY,Fire,KENTWOOD FIRE,,
1,2026-09-08T01:56:00Z,1788832560000,WYOMING,4500 BLOCK OF CLYDE PARK AVE SW,MEDICAL EMERGENCY,Fire,WYOMING FIRE,,
1,2026-09-08T02:02:00Z,1788832920000,ALGOMA TWP,8800 BLOCK OF LAPHAM DR NE,MEDICAL EMERGENCY,Fire,ALGOMA TWP FIRE,,
2,2026-09-08T02:02:00Z,1788832920000,SPARTA,600 BLOCK OF S STATE ST NW,WELFARE CHECK,Police,SPARTA POLICE,,
2,2026-09-08T02:04:00Z,1788833040000,WALKER,1700 BLOCK OF VINECROFT ST NW,FIRE INVESTIGATION,Fire,WALKER FIRE,,
4,2026-09-08T02:05:00Z,1788833100000,GRATTAN TWP,LINCOLN LAKE AVE NE / BELDING RD NE,VEHICLE CRASH,Police,KENT CO SHERIFF,,
1,2026-09-08T02:07:00Z,1788833220000,KENTWOOD,3700 BLOCK OF 29TH ST SE,MEDICAL EMERGENCY,Fire,KENTWOOD FIRE,,
2,2026-09-08T02:20:00Z,1788834000000,KENTWOOD,3700 BLOCK OF 29TH ST SE,GENERAL ASSIST,Police,KENTWOOD POLICE,,
3,2026-09-08T02:20:00Z,1788834000000,KENTWOOD,5400 BLOCK OF CHRISTIE AVE SE,INJUNCTIVE VIOLATION,Police,KENTWOOD POLICE,,
1,2026-09-08T02:23:00Z,1788834180000,LOWELL TWP,12000 BLOCK OF E FULTON ST,BURGLAR ALARM,Police,KENT CO SHERIFF,,
2,2026-09-08T02:28:00Z,1788834480000,WYOMING,60TH ST SW / BURLINGAME AVE SW,SOUND OF GUNSHOTS,Police,WYOMING POLICE,,
5,2026-09-08T02:28:00Z,1788834480000,WYOMING,60TH ST SW / BURLINGAME AVE SW,FIREWORKS,Police,WYOMING POLICE,,
3,2026-09-08T02:30:00Z,1788834600000,BYRON TWP,2600 BLOCK OF SHERWOOD ST SW,LOUD NOISE,Police,KENT CO SHERIFF,,
1,2026-09-08T02:30:00Z,1788834600000,PLAINFIELD TWP,5300 BLOCK OF COIT AVE NE,911 HANG UP,Police,KENT CO SHERIFF,,
2,2026-09-08T02:33:00Z,1788834780000,KENTWOOD,5200 BLOCK OF BURGIS AVE SE,DAMAGE TO PROPERTY,Police,KENTWOOD POLICE,,
2,2026-09-08T02:33:00Z,1788834780000,KENTWOOD,S DIVISION AVE / 50TH ST SW,VEHICLE CRASH,Police,KENTWOOD POLICE,,
1,2026-09-08T02:35:00Z,1788834900000,WYOMING,5500 BLOCK OF CLAY AVE SW,SUSPICIOUS INCIDENT,Police,WYOMING POLICE,,
1,2026-09-08T02:44:00Z,1788835440000,ALPINE TWP,3900 BLOCK OF YORKLAND DR NW,WELFARE CHECK,Police,KENT CO SHERIFF,,
1,2026-09-08T02:45:00Z,1788835500000,CASCADE TWP,5100 BLOCK OF 36TH ST SE,BURGLAR ALARM,Police,KENT CO SHERIFF,,
2,2026-09-08T03:09:00Z,1788836940000,GRAND RAPIDS TWP,3500 BLOCK OF RANGER DR NE,LOUD NOISE,Police,KENT CO SHERIFF,,
3,2026-09-08T03:20:00Z,1788837600000,LOWELL TWP,1600 BLOCK OF TELLICO DR SE,WELFARE CHECK,Police,KENT CO SHERIFF,,
1,2026-09-08T03:20:00Z,1788837600000,PLAINFIELD TWP,7100 BLOCK OF SOVEREIGN DR NE,WELFARE CHECK,Police,KENT CO SHERIFF,,
1,2026-09-08T03:38:00Z,1788838680000,BYRON TWP,8600 BLOCK OF S DIVISION AVE,WELFARE CHECK,Police,KENT CO SHERIFF,,
2,2026-09-08T03:39:00Z,1788838740000,SPARTA TWP,200 BLOCK OF CIRCLE DR NW,MEDICAL EMERGENCY,Fire,SPARTA FIRE,,
2,2026-09-08T03:41:00Z,1788838860000,WYOMING,CLYDE PARK AVE SW / GEZON PKWY SW,VEHICLE CRASH,Police,WYOMING POLICE,,
1,2026-09-08T03:42:00Z,1788838920000,PLAINFIELD TWP,5000 BLOCK OF PLAINFIELD AVE NE,BURGLAR ALARM,Police,KENT CO SHERIFF,,
1,2026-09-08T03:47:00Z,1788839220000,BYRON TWP,0 BLOCK OF 60TH ST SW,WELFARE CHECK,Police,KENT CO SHERIFF,,
3,2026-09-08T03:47:00Z,1788839220000,BYRON TWP,0 BLOCK OF 60TH ST SW,TRAFFIC VIOLATION,Police,KENT CO SHERIFF,,
2,2026-09-08T03:55:00Z,1788839700000,WYOMING,4300 BLOCK OF CROOKED TREE RD SW,HARASSMENT,Police,WYOMING POLICE,,
2,2026-09-08T03:57:00Z,1788839820000,WYOMING,3300 BLOCK OF WOODWARD AVE SW,MEDICAL EMERGENCY,Fire,WYOMING FIRE,,
1,2026-09-08T04:01:00Z,1788840060000,WYOMING,3200 BLOCK OF S DIVISION AVE,911 HANG UP,Police,WYOMING POLICE,,
1,2026-09-08T04:21:00Z,1788841260000,WYOMING,3300 BLOCK OF WOODWARD AVE SW,MEDICAL EMERGENCY,Fire,WYOMING FIRE,,
1,2026-09-08T04:32:00Z,1788841920000,KENTWOOD,5700 BLOCK OF RIDGEBROOK DR SE,911 HANG UP,Police,KENTWOOD POLICE,,
1,2026-09-08T04:49:00Z,1788842940000,GAINES TWP,100 BLOCK OF S KENBROOK ST SE,MEDICAL EMERGENCY,Fire,GAINES TWP FIRE,,
2,2026-09-08T04:57:00Z,1788843420000,KENTWOOD,4300 BLOCK OF STRATTON BLVD SE,MEDICAL EMERGENCY,Fire,KENTWOOD FIRE,,
1,2026-09-08T04:58:00Z,1788843480000,WALKER,2200 BLOCK OF AVASTAR PKWY NW,BURGLAR ALARM,Police,WALKER POLICE,,
1,2026-09-08T05:20:00Z,1788844800000,CASCADE TWP,28TH ST SE / KRAFT AVE SE,GENERAL ASSIST,Police,KENT CO SHERIFF,,
2,2026-09-08T05:37:00Z,1788845820000,WYOMING,1900 BLOCK OF HOLLIDAY DR SW,MEDICAL EMERGENCY,Fire,WYOMING FIRE,,
1,2026-09-08T05:39:00Z,1788845940000,ALPINE TWP,400 BLOCK OF CHASSERAL DR NW,MEDICAL EMERGENCY,Fire,ALPINE TWP FIRE,,
1,2026-09-08T05:43:00Z,1788846180000,ALPINE TWP,4900 BLOCK OF STONY CREEK AVE NW,MEDICAL EMERGENCY,Fire,ALPINE TWP FIRE,,
1,2026-09-08T05:49:00Z,1788846540000,WYOMING,5200 BLOCK OF SALMON RIVER CT SW,SUSPICIOUS INCIDENT,Police,WYOMING POLICE,,
1,2026-09-08T05:58:00Z,1788847080000,BYRON TWP,6400 BLOCK OF ESTATE DR SW,SUSPICIOUS INCIDENT,Police,KENT CO SHERIFF,,
5,2026-09-08T06:01:00Z,1788847260000,WYOMING,1900 BLOCK OF GODFREY AVE SW,BURGLAR ALARM,Police,WYOMING POLICE,,
2,2026-09-08T06:04:00Z,1788847440000,WYOMING,4100 BLOCK OF CROOKED TREE RD SW,SUSPICIOUS INCIDENT,Police,WYOMING POLICE,,
4,2026-09-08T06:05:00Z,1788847500000,TYRONE TWP,PEACH RIDGE AVE NW / M-37,TRAFFIC VIOLATION,Police,KENT CO SHERIFF,,
1,2026-09-08T06:11:00Z,1788847860000,ROCKFORD,500 BLOCK OF E DIVISION ST NE,LOITERING,Police,ROCKFORD POLICE,,
1,2026-09-08T06:14:00Z,1788848040000,BYRON TWP,8600 BLOCK OF SUNNY LN SW,911 HANG UP,Police,KENT CO SHERIFF,,
3,2026-09-08T06:51:00Z,1788850260000,WYOMING,4900 BLOCK OF IVANREST AVE SW,DEER PERMIT,Police,WYOMING POLICE,,
1,2026-09-08T07:03:00Z,1788850980000,BYRON TWP,6500 BLOCK OF CLAY AVE SW,PARKING VIOLATION,Police,KENT CO SHERIFF,,
1,2026-09-08T07:13:00Z,1788851580000,NELSON TWP,5600 BLOCK OF EGNER ST NE,MEDICAL EMERGENCY,Fire,SAND LAKE FIRE,,
1,2026-09-08T07:20:00Z,1788852000000,WYOMING,600 BLOCK OF 32ND ST SW,VEHICLE CRASH,Police,WYOMING FIRE,,
2,2026-09-08T07:20:00Z,1788852000000,WYOMING,600 BLOCK OF 32ND ST SW,VEHICLE CRASH,Police,WYOMING POLICE,,
1,2026-09-08T07:33:00Z,1788852780000,GAINES TWP,500 BLOCK OF FIRESTONE DR SE,MEDICAL EMERGENCY,Fire,GAINES TWP FIRE,,
2,2026-09-08T07:38:00Z,1788853080000,WYOMING,4600 BLOCK OF S DIVISION AVE,FOUND PROPERTY,Police,WYOMING POLICE,,
1,2026-09-08T07:41:00Z,1788853260000,WALKER,2200 BLOCK OF HOLTON CT NW,SUSPICIOUS INCIDENT,Police,WALKER POLICE,,
1,2026-09-08T08:25:00Z,1788855900000,CASCADE TWP,5100 BLOCK OF 33RD ST SE,BURGLAR ALARM,Police,KENT CO SHERIFF,,
1,2026-09-08T08:50:00Z,1788857400000,WYOMING,1300 BLOCK OF BURTON ST SW,FRAUD,Police,WYOMING POLICE,,
2,2026-09-08T09:03:00Z,1788858180000,GRANDVILLE,4000 BLOCK OF JOHNSON LN SW,WELFARE CHECK,Police,GRANDVILLE POLICE,,
1,2026-09-08T09:06:00Z,1788858360000,KENTWOOD,4300 BLOCK OF MARQUEE WAY SE,SUSPICIOUS INCIDENT,Police,KENTWOOD POLICE,,
1,2026-09-08T09:14:00Z,1788858840000,BYRON TWP,500 BLOCK OF 76TH ST SW,DISORDERLY PERSON,Police,KENT CO SHERIFF,,
1,2026-09-08T09:27:00Z,1788859620000,BYRON TWP,68TH ST SW / CLYDE PARK AVE SW,VEHICLE CRASH,Police,KENT CO SHERIFF,,
1,2026-09-08T09:37:00Z,1788860220000,CEDAR SPRINGS,100 BLOCK OF N MAIN ST NE,BURGLAR ALARM,Police,KENT CO SHERIFF,,
2,2026-09-08T09:41:00Z,1788860460000,CASCADE TWP,3000 BLOCK OF KRAFT AVE SE,SUSPICIOUS INCIDENT,Police,KENT CO SHERIFF,,
1,2026-09-08T10:05:00Z,1788861900000,WYOMING,2100 BLOCK OF BERWYN CT SW,MEDICAL EMERGENCY,Fire,WYOMING FIRE,,
2,2026-09-08T10:33:00Z,1788863580000,WYOMING,300 BLOCK OF 28TH ST SW,GENERAL ASSIST,Police,WYOMING POLICE,,
1,2026-09-08T10:34:00Z,1788863640000,BYRON TWP,300 BLOCK OF 76TH ST SW,DISORDERLY PERSON,Police,KENT CO SHERIFF,,
2,2026-09-08T10:38:00Z,1788863880000,PLAINFIELD TWP,4100 BLOCK OF THOUSAND OAKS DR NE,BURGLAR ALARM,Police,KENT CO SHERIFF,,
4,2026-09-08T10:45:00Z,1788864300000,WYOMING,US-131 SB TO 28TH RAMP,GENERAL ASSIST,Police,WYOMING POLICE,42.91411627,-85.67926014
1,2026-09-08T10:48:00Z,1788864480000,LOWELL,E MAIN ST SE / N JEFFERSON ST SE,VEHICLE CRASH,Police,LOWELL POLICE,,
1,2026-09-08T10:57:00Z,1788865020000,WALKER,3100 BLOCK OF WALKER RIDGE DR NW,LARCENY,Police,WALKER POLICE,,
1,2026-09-08T11:09:00Z,1788865740000,GRANDVILLE,4500 BLOCK OF KENOWA AVE SW,FIRE ALARM,Fire,GRANDVILLE FIRE,,
1,2026-09-08T11:11:00Z,1788865860000,PLAINFIELD TWP,3700 BLOCK OF WEBBER PINES DR NE,SUSPICIOUS INCIDENT,Police,KENT CO SHERIFF,,
5,2026-09-08T11:12:00Z,1788865920000,WALKER,I-96 EB TO 3 MILE RAMP - FRUIT RIDGE,GENERAL ASSIST,Police,WALKER POLICE,43.01727528,-85.76593616
1,2026-09-08T11:20:00Z,1788866400000,WALKER,3300 BLOCK OF NORTHRIDGE DR NW,LARCENY,Police,WALKER POLICE,,
2,2026-09-08T11:32:00Z,1788867120000,CASCADE TWP,1400 BLOCK OF SHADYVIEW DR SE,FIRE ALARM,Fire,CASCADE TWP FIRE,,
1,2026-09-08T11:35:00Z,1788867300000,PLAINFIELD TWP,6100 BLOCK OF ARCHER AVE NE,STOLEN VEHICLE,Police,KENT CO SHERIFF,,
4,2026-09-08T11:44:00Z,1788867840000,SOLON TWP,1000 BLOCK OF 21 MILE RD NE,MISSING PERSON,Police,KENT CO SHERIFF,,
2,2026-09-08T11:50:00Z,1788868200000,LOWELL,400 BLOCK OF AVERY ST SE,PARKING VIOLATION,Police,LOWELL POLICE,,
1,2026-09-08T11:51:00Z,1788868260000,KENTWOOD,5700 BLOCK OF S DIVISION AVE,FIRE INVESTIGATION,Fire,KENTWOOD FIRE,,
2,2026-09-08T11:51:00Z,1788868260000,WALKER,2400 BLOCK OF MILLER AVE NW,MEDICAL EMERGENCY,Fire,WALKER FIRE,,
5,2026-09-08T11:59:00Z,1788868740000,GRAND RAPIDS,1200 BLOCK OF WALKER AVE NW,ANIMAL INCIDENT,Police,ANIMAL CONTROL,,
1,2026-09-08T11:59:00Z,1788868740000,PLAINFIELD TWP,3900 BLOCK OF PLAINFIELD AVE NE,FIRE INVESTIGATION,Fire,PLAINFIELD TWP FIRE,,
2,2026-09-08T12:07:00Z,1788869220000,CEDAR SPRINGS,400 BLOCK OF NEEDLEWOOD DR NE,MEDICAL EMERGENCY,Fire,CEDAR SPRINGS FIRE,,
3,2026-09-08T12:09:00Z,1788869340000,WYOMING,2600 BLOCK OF AVON AVE SW,ABANDONED VEHICLE,Police,WYOMING POLICE,,
1,2026-09-08T12:11:00Z,1788869460000,KENTWOOD,4900 BLOCK OF BURGIS AVE SE,MEDICAL EMERGENCY,Fire,KENTWOOD FIRE,,
3,2026-09-08T12:11:00Z,1788869460000,WYOMING,5400 BLOCK OF EAST PALM DALE CT SW,GENERAL ASSIST,Police,WYOMING POLICE,,
1,2026-09-08T12:13:00Z,1788869580000,KENTWOOD,3100 BLOCK OF LAKE EASTBROOK BLVD SE,STOLEN VEHICLE,Police,KENTWOOD POLICE,,
3,2026-09-08T12:15:00Z,1788869700000,LOWELL,400 BLOCK OF AVERY ST SE,PARKING VIOLATION,Police,LOWELL POLICE,,
7,2026-09-08T12:16:00Z,1788869760000,PLAINFIELD TWP,US-131 NB TO 10 MILE RAMP,VEHICLE CRASH,Police,KENT CO SHERIFF,43.11544359,-85.60496585
1,2026-09-08T12:22:00Z,1788870120000,ALPINE TWP,300 BLOCK OF BINGHAM CT NW,MEDICAL EMERGENCY,Fire,ALPINE TWP FIRE,,
1,2026-09-08T12:32:00Z,1788870720000,KENTWOOD,0 BLOCK OF 44TH ST SE,MEDICAL EMERGENCY,Fire,KENTWOOD FIRE,,
1,2026-09-08T12:40:00Z,1788871200000,PLAINFIELD TWP,WEST RIVER DR TO US-131 NB RAMP / BALL PARK DR NE,VEHICLE CRASH,Police,KENT CO SHERIFF,,
1,2026-09-08T12:44:00Z,1788871440000,KENTWOOD,300 BLOCK OF 56TH ST SE,ORDINANCE VIOLATION,Police,KENTWOOD POLICE,,
4,2026-09-08T12:49:00Z,1788871740000,OAKFIELD TWP,9300 BLOCK OF ASHLEY AVE NE,WELFARE CHECK,Police,KENT CO SHERIFF,,
3,2026-09-08T12:52:00Z,1788871920000,ROCKFORD,0 BLOCK OF W DIVISION ST NE,DAMAGE TO PROPERTY,Police,ROCKFORD POLICE,,
1,2026-09-08T12:54:00Z,1788872040000,CASCADE TWP,2900 BLOCK OF THORNHILLS AVE SE,MEDICAL EMERGENCY,Fire,CASCADE TWP FIRE,,
1,2026-09-08T12:57:00Z,1788872220000,WYOMING,3400 BLOCK OF BYRON CENTER AVE SW,WELFARE CHECK,Police,WYOMING POLICE,,
1,2026-09-08T13:02:00Z,1788872520000,GRAND RAPIDS,HALL ST SW / BUCHANAN AVE SW,GENERAL ASSIST,Police,MICHIGAN STATE POLICE,,
3,2026-09-08T13:03:00Z,1788872580000,WYOMING,5700 BLOCK OF KENOWA AVE SW,FIRE ALARM,Fire,WYOMING FIRE,,
2,2026-09-08T13:07:00Z,1788872820000,KENTWOOD,EAST PARIS AVE SE / 52ND ST SE,TRAFFIC HAZARD,Police,KENTWOOD POLICE,,
5,2026-09-08T13:08:00Z,1788872880000,GRAND RAPIDS TWP,1500 BLOCK OF EAST BELTLINE AVE NE,SUSPICIOUS INCIDENT,Police,KENT CO SHERIFF,,
6,2026-09-08T13:08:00Z,1788872880000,GRAND RAPIDS TWP,CASCADE RD SE / EAST PARIS AVE SE,GENERAL ASSIST,Police,KENT CO SHERIFF,,
3,2026-09-08T13:10:00Z,1788873000000,ALPINE TWP,N DIVISION AVE / 10 MILE RD NE,VEHICLE CRASH,Police,ALPINE TWP FIRE,,
4,2026-09-08T13:10:00Z,1788873000000,ALPINE TWP,N DIVISION AVE / 10 MILE RD NE,VEHICLE CRASH,Police,KENT CO SHERIFF,,
1,2026-09-08T13:14:00Z,1788873240000,KENTWOOD,200 BLOCK OF MAJESTIC ST SE,ANIMAL INCIDENT,Police,KENTWOOD POLICE,,
3,2026-09-08T13:17:00Z,1788873420000,GRANDVILLE,3200 BLOCK OF WILSON AVE SW,GENERAL ASSIST,Police,GRANDVILLE POLICE,,
1,2026-09-08T13:21:00Z,1788873660000,GRAND RAPIDS,1700 BLOCK OF PHILADELPHIA AVE SE,ANIMAL INCIDENT,Police,ANIMAL CONTROL,,
1,2026-09-08T13:24:00Z,1788873840000,GRAND RAPIDS,400 BLOCK OF US-131 FWY,GENERAL ASSIST,Police,KENT CO SHERIFF,,
4,2026-09-08T13:25:00Z,1788873900000,SPARTA TWP,8800 BLOCK OF COUNTRY VIEW DR NW,MISSING PERSON,Police,KENT CO SHERIFF,,
9,2026-09-08T13:28:00Z,1788874080000,WYOMING,1900 BLOCK OF R W BERENDS DR SW,DAMAGE TO PROPERTY,Police,WYOMING POLICE,,
5,2026-09-08T13:29:00Z,1788874140000,CANNON TWP,9500 BLOCK OF FRICKE DR NE,WELFARE CHECK,Police,KENT CO SHERIFF,,
12,2026-09-08T13:30:00Z,1788874200000,SAND LAKE,300 BLOCK OF W OAK ST NE,INJUNCTIVE VIOLATION,Police,KENT CO SHERIFF,,
1,2026-09-08T13:31:00Z,1788874260000,NELSON TWP,NORTHLAND DR NE / CEDAR SPRINGS AVE NE,VEHICLE CRASH,Police,CEDAR SPRINGS FIRE,,
2,2026-09-08T13:31:00Z,1788874260000,NELSON TWP,NORTHLAND DR NE / CEDAR SPRINGS AVE NE,VEHICLE CRASH,Police,KENT CO SHERIFF,,
7,2026-09-08T13:38:00Z,1788874680000,PLAINFIELD TWP,4500 BLOCK OF ROYAL GLEN DR NE,HARASSMENT,Police,KENT CO SHERIFF,,
1,2026-09-08T13:39:00Z,1788874740000,WYOMING,200 BLOCK OF 54TH ST SW,GENERAL ASSIST,Police,WYOMING POLICE,,
6,2026-09-08T13:39:00Z,1788874740000,WYOMING,5700 BLOCK OF HEMLOCK DR SW,DAMAGE TO PROPERTY,Police,WYOMING POLICE,,
1,2026-09-08T13:43:00Z,1788874980000,EAST GRAND RAPIDS,1500 BLOCK OF EDGEWOOD AVE SE,ABANDONED VEHICLE,Police,EAST GRAND RAPIDS POLICE,,
11,2026-09-08T13:43:00Z,1788874980000,GRAND RAPIDS,US-131 NB AT WEALTHY,VEHICLE CRASH,Police,MICHIGAN STATE POLICE,42.95634354,-85.67117084
1,2026-09-08T13:43:00Z,1788874980000,WYOMING,1400 BLOCK OF PRAIRIE PKWY SW,FRAUD,Police,WYOMING POLICE,,
6,2026-09-08T13:50:00Z,1788875400000,SPARTA TWP,PEACH RIDGE AVE NW / 10 MILE RD NW,PARKING VIOLATION,Police,KENT CO SHERIFF,,
5,2026-09-08T13:51:00Z,1788875460000,EAST GRAND RAPIDS,1100 BLOCK OF KENEBERRY WAY SE,PARKING VIOLATION,Police,EAST GRAND RAPIDS POLICE,,
5,2026-09-08T13:52:00Z,1788875520000,EAST GRAND RAPIDS,1000 BLOCK OF MAXWELL AVE SE,PARKING VIOLATION,Police,EAST GRAND RAPIDS POLICE,,
3,2026-09-08T13:52:00Z,1788875520000,SPENCER TWP,13000 BLOCK OF 19 MILE RD NE,MEDICAL EMERGENCY,Fire,SPENCER TWP FIRE,,
2,2026-09-08T13:54:00Z,1788875640000,GRANDVILLE,3500 BLOCK OF FAIRLANES AVE SW,BURGLAR ALARM,Police,GRANDVILLE POLICE,,
9,2026-09-08T13:54:00Z,1788875640000,SPARTA TWP,8800 BLOCK OF E WOODLANE DR NW,WELFARE CHECK,Police,KENT CO SHERIFF,,
1,2026-09-08T13:58:00Z,1788875880000,WYOMING,3300 BLOCK OF S DIVISION AVE,ANIMAL INCIDENT,Police,ANIMAL CONTROL,,
7,2026-09-08T13:58:00Z,1788875880000,KENTWOOD,900 BLOCK OF SPRINGWOOD DR SE,SUSPICIOUS INCIDENT,Police,KENTWOOD POLICE,,
1,2026-09-08T14:05:00Z,1788876300000,KENTWOOD,2800 BLOCK OF PADDINGTON DR SE,ANIMAL INCIDENT,Police,ANIMAL CONTROL,,
1,2026-09-08T14:08:00Z,1788876480000,WYOMING,1700 BLOCK OF BLANDFORD AVE SW,HARASSMENT,Police,WYOMING POLICE,,
1,2026-09-08T14:11:00Z,1788876660000,WYOMING,3400 BLOCK OF BADGER AVE SW,ANIMAL INCIDENT,Police,ANIMAL CONTROL,,
6,2026-09-08T14:13:00Z,1788876780000,GRANDVILLE,3000 BLOCK OF CHICAGO DR SW,ANIMAL INCIDENT,Police,ANIMAL CONTROL,,
1,2026-09-08T14:17:00Z,1788877020000,WYOMING,4200 BLOCK OF MADISON AVE SE,WELFARE CHECK,Police,WYOMING POLICE,,
2,2026-09-08T14:27:00Z,1788877620000,PLAINFIELD TWP,4200 BLOCK OF PLAINFIELD AVE NE,ANIMAL INCIDENT,Police,ANIMAL CONTROL,,
3,2026-09-08T14:27:00Z,1788877620000,WYOMING,3100 BLOCK OF WATERCHASE WAY SW,DAMAGE TO PROPERTY,Police,WYOMING POLICE,,
14,2026-09-08T14:28:00Z,1788877680000,BYRON TWP,US-131 NB SO M-6,ANIMAL INCIDENT,Police,KENT CO SHERIFF,42.84751561,-85.67841456
3,2026-09-08T14:31:00Z,1788877860000,VERGENNES TWP,LINCOLN LAKE AVE NE / MCPHERSON ST NE,ANIMAL INCIDENT,Police,ANIMAL CONTROL,,
1,2026-09-08T14:33:00Z,1788877980000,WYOMING,2800 BLOCK OF S DIVISION AVE,DISORDERLY PERSON,Police,WYOMING POLICE,,
1,2026-09-08T14:35:00Z,1788878100000,CALEDONIA,8900 BLOCK OF NORTH RODGERS CT SE,MEDICAL EMERGENCY,Fire,CALEDONIA TWP FIRE,,
2,2026-09-08T14:35:00Z,1788878100000,KENTWOOD,4400 BLOCK OF BRETON AVE SE,MEDICAL EMERGENCY,Fire,KENTWOOD FIRE,,
12,2026-09-08T14:39:00Z,1788878340000,BYRON TWP,US-131 NB SO M-6,MISC FIRE,Fire,BYRON TWP FIRE,42.84751561,-85.67841456
8,2026-09-08T14:41:00Z,1788878460000,GRAND RAPIDS,300 BLOCK OF ROSEMARY ST SE,ANIMAL INCIDENT,Police,ANIMAL CONTROL,,
1,2026-09-08T14:43:00Z,1788878580000,WYOMING,2200 BLOCK OF 44TH ST SW,MEDICAL EMERGENCY,Fire,WYOMING FIRE,,
16,2026-09-08T14:47:00Z,1788878820000,WYOMING,1900 BLOCK OF ITHACA ST SW,GENERAL ASSIST,Police,WYOMING POLICE,,
1,2026-09-08T15:10:00Z,1788880200000,WYOMING,5800 BLOCK OF VILLAGE DR SW,MEDICAL EMERGENCY,Fire,WYOMING FIRE,,
1,2026-09-08T15:19:00Z,1788880740000,CALEDONIA TWP,7800 BLOCK OF 96TH ST SE,MEDICAL EMERGENCY,Fire,CALEDONIA TWP FIRE,,
1,2026-09-08T15:19:00Z,1788880740000,WYOMING,3100 BLOCK OF WATERCHASE WAY SW,LARCENY,Police,WYOMING POLICE,,
2,2026-09-08T15:29:00Z,1788881340000,WYOMING,700 BLOCK OF 44TH ST SW,TRESPASSING,Police,WYOMING POLICE,,
6,2026-09-08T15:30:00Z,1788881400000,WYOMING,44TH ST SW / CAROL AVE SW,VEHICLE CRASH,Police,WYOMING POLICE,,
1,2026-09-08T15:32:00Z,1788881520000,GAINES TWP,76TH ST SE / EASTERN AVE SE,GENERAL ASSIST,Police,KENT CO SHERIFF,,
3,2026-09-08T15:33:00Z,1788881580000,CEDAR SPRINGS,13400 BLOCK OF DARCY CIR NE,LARCENY,Police,KENT CO SHERIFF,,
11,2026-09-08T15:33:00Z,1788881580000,KENT CITY,200 BLOCK OF KENTRIDGE DR NW,LARCENY,Police,KENT CO SHERIFF,,
2,2026-09-08T15:37:00Z,1788881820000,BYRON TWP,2100 BLOCK OF 84TH ST SW,GENERAL ASSIST,Police,KENT CO SHERIFF,,
1,2026-09-08T15:43:00Z,1788882180000,GAINES TWP,8600 BLOCK OF KALAMAZOO AVE SE,GENERAL ASSIST,Police,KENT CO SHERIFF,,
9,2026-09-08T15:44:00Z,1788882240000,WYOMING,1600 BLOCK OF PLAS ST SW,ABANDONED VEHICLE,Police,WYOMING POLICE,,
1,2026-09-08T15:48:00Z,1788882480000,PLAINFIELD TWP,6100 BLOCK OF KUTTSHILL DR NE,BROADCAST,Police,KENT CO SHERIFF,,
1,2026-09-08T15:48:00Z,1788882480000,PLAINFIELD TWP,6100 BLOCK OF KUTTSHILL DR NE,VEHICLE FIRE,Fire,PLAINFIELD TWP FIRE,,
3,2026-09-08T15:52:00Z,1788882720000,GRAND RAPIDS,300 BLOCK OF RICHARDS AVE SW,ANIMAL INCIDENT,Police,ANIMAL CONTROL,,
1,2026-09-08T15:57:00Z,1788883020000,KENTWOOD,4200 BLOCK OF 28TH ST SE,ASSAULT,Police,KENTWOOD POLICE,,
1,2026-09-08T16:06:00Z,1788883560000,WYOMING,1000 BLOCK OF LEE ST SW,MEDICAL EMERGENCY,Fire,WYOMING FIRE,,
1,2026-09-08T16:06:00Z,1788883560000,WYOMING,5600 BLOCK OF IVANREST AVE SW,VEHICLE CRASH,Police,WYOMING POLICE,,
5,2026-09-08T16:09:00Z,1788883740000,ALPINE TWP,3900 BLOCK OF YORKLAND DR NW,WELFARE CHECK,Police,KENT CO SHERIFF,,
2,2026-09-08T16:20:00Z,1788884400000,KENTWOOD,EAST PARIS AVE SE / 28TH ST SE,VEHICLE CRASH,Police,KENTWOOD POLICE,,
4,2026-09-08T16:20:00Z,1788884400000,WALKER,3200 BLOCK OF ALPINE AVE NW,SUSPICIOUS INCIDENT,Police,WALKER POLICE,,
2,2026-09-08T16:24:00Z,1788884640000,ROCKFORD,200 BLOCK OF GLENBROOK CT NE,FIRE INVESTIGATION,Fire,ROCKFORD FIRE,,
3,2026-09-08T16:24:00Z,1788884640000,ROCKFORD,200 BLOCK OF GLENBROOK CT NE,GENERAL ASSIST,Police,ROCKFORD POLICE,,
5,2026-09-08T16:30:00Z,1788885000000,LOWELL,100 BLOCK OF N PLEASANT AVE SE,DAMAGE TO PROPERTY,Police,LOWELL POLICE,,
1,2026-09-08T16:32:00Z,1788885120000,WALKER,200 BLOCK OF WESTOWN DR NW,TRESPASSING,Police,WALKER POLICE,,
3,2026-09-08T16:42:00Z,1788885720000,CALEDONIA,8900 BLOCK OF NORTH RODGERS CT SE,MEDICAL EMERGENCY,Fire,CALEDONIA TWP FIRE,,
10,2026-09-08T16:43:00Z,1788885780000,KENTWOOD,3000 BLOCK OF POPLAR CREEK DR SE,PARKING VIOLATION,Police,KENTWOOD POLICE,,
6,2026-09-08T16:44:00Z,1788885840000,CASCADE TWP,5000 BLOCK OF 28TH ST SE,GENERAL ASSIST,Police,KENT CO SHERIFF,,
7,2026-09-08T16:46:00Z,1788885960000,WYOMING,400 BLOCK OF 54TH ST SW,WELFARE CHECK,Police,WYOMING POLICE,,
6,2026-09-08T16:50:00Z,1788886200000,SPARTA TWP,8800 BLOCK OF E WOODLANE DR NW,GENERAL ASSIST,Police,KENT CO SHERIFF,,
2,2026-09-08T16:52:00Z,1788886320000,WYOMING,400 BLOCK OF 54TH ST SW,MISC FIRE,Fire,WYOMING FIRE,,
6,2026-09-08T16:53:00Z,1788886380000,CALEDONIA TWP,68TH ST SE / KRAFT AVE SE,VEHICLE CRASH,Police,CALEDONIA TWP FIRE,,
4,2026-09-08T16:53:00Z,1788886380000,CALEDONIA TWP,68TH ST SE / KRAFT AVE SE,VEHICLE CRASH,Police,KENT CO SHERIFF,,
1,2026-09-08T16:54:00Z,1788886440000,CEDAR SPRINGS,0 BLOCK OF N PARK ST NE,DISORDERLY PERSON,Police,KENT CO SHERIFF,,
8,2026-09-08T16:57:00Z,1788886620000,WYOMING,2500 BLOCK OF WYKES AVE SW,ABANDONED VEHICLE,Police,WYOMING POLICE,,
13,2026-09-08T17:04:00Z,1788887040000,WYOMING,4500 BLOCK OF GLORY WAY SW,ANIMAL INCIDENT,Police,ANIMAL CONTROL,,
9,2026-09-08T17:04:00Z,1788887040000,KENTWOOD,48TH ST SE / EASTERN AVE SE,WELFARE CHECK,Police,KENTWOOD POLICE,,
2,2026-09-08T17:08:00Z,1788887280000,WYOMING,1500 BLOCK OF BLANCHARD ST SW,HARASSMENT,Police,WYOMING POLICE,,
1,2026-09-08T17:09:00Z,1788887340000,GRANDVILLE,CANAL AVE SW / 44TH ST SW,MISC FIRE,Fire,GRANDVILLE FIRE,,
6,2026-09-08T17:10:00Z,1788887400000,KENTWOOD,1100 BLOCK OF SLUYTER ST SE,ANIMAL INCIDENT,Police,ANIMAL CONTROL,,
3,2026-09-08T17:10:00Z,1788887400000,SPENCER TWP,13200 BLOCK OF PINEWOOD ST NE,MEDICAL EMERGENCY,Fire,SPENCER TWP FIRE,,
2,2026-09-08T17:13:00Z,1788887580000,KENTWOOD,4700 BLOCK OF N BRETON CT SE,MEDICAL EMERGENCY,Fire,KENTWOOD FIRE,,
2,2026-09-08T17:14:00Z,1788887640000,CALEDONIA TWP,8600 BLOCK OF ACORN ST SE,WIRE DOWN,Fire,CALEDONIA TWP FIRE,,
1,2026-09-08T17:16:00Z,1788887760000,KENTWOOD,48TH ST SE / EASTERN AVE SE,MEDICAL EMERGENCY,Fire,KENTWOOD FIRE,,
4,2026-09-08T17:16:00Z,1788887760000,WYOMING,5500 BLOCK OF CLAY AVE SW,GENERAL ASSIST,Police,WYOMING POLICE,,
3,2026-09-08T17:20:00Z,1788888000000,TYRONE TWP,300 BLOCK OF 17 MILE RD NW,SUSPICIOUS INCIDENT,Police,KENT CO SHERIFF,,
2,2026-09-08T17:22:00Z,1788888120000,WYOMING,4400 BLOCK OF CROOKED TREE RD SW,MEDICAL EMERGENCY,Fire,WYOMING FIRE,,
8,2026-09-08T17:26:00Z,1788888360000,ALPINE TWP,3900 BLOCK OF ALPINE AVE NW,FRAUD,Police,KENT CO SHERIFF,,
1,2026-09-08T17:26:00Z,1788888360000,GAINES TWP,6200 BLOCK OF VALLEY LANE DR SE,WELFARE CHECK,Police,KENT CO SHERIFF,,
10,2026-09-08T17:27:00Z,1788888420000,KENTWOOD,5400 BLOCK OF MICK AVE SE,DAMAGE TO PROPERTY,Police,KENTWOOD POLICE,,
1,2026-09-08T17:34:00Z,1788888840000,KENTWOOD,3300 BLOCK OF COACH LN SE,WELFARE CHECK,Police,KENTWOOD POLICE,,
4,2026-09-08T17:41:00Z,1788889260000,WYOMING,3600 BLOCK OF GOODMAN AVE SW,GENERAL ASSIST,Police,WYOMING POLICE,,
3,2026-09-08T17:42:00Z,1788889320000,CALEDONIA TWP,84TH ST SE / RAINBOWS END RD SE,ANIMAL INCIDENT,Police,ANIMAL CONTROL,,
1,2026-09-08T17:45:00Z,1788889500000,KENTWOOD,2500 BLOCK OF BRETON WOODS DR SE,MEDICAL EMERGENCY,Fire,KENTWOOD FIRE,,
8,2026-09-08T17:49:00Z,1788889740000,BYRON TWP,300 BLOCK OF S HARDWICK DR SW,FRAUD,Police,KENT CO SHERIFF,,
1,2026-09-08T17:50:00Z,1788889800000,GRANDVILLE,3200 BLOCK OF WILSON AVE SW,RECKLESS DRIVER,Police,GRANDVILLE POLICE,,
4,2026-09-08T17:51:00Z,1788889860000,LOWELL TWP,11900 BLOCK OF E FULTON ST,MEDICAL EMERGENCY,Fire,LOWELL AREA FIRE,,
3,2026-09-08T17:52:00Z,1788889920000,KENTWOOD,3200 BLOCK OF 28TH ST SE,MISC FIRE,Fire,KENTWOOD FIRE,,
2,2026-09-08T17:53:00Z,1788889980000,CASCADE TWP,5900 BLOCK OF 28TH ST SE,WELFARE CHECK,Police,KENT CO SHERIFF,,
1,2026-09-08T17:56:00Z,1788890160000,BYRON TWP,700 BLOCK OF 68TH ST SW,GENERAL ASSIST,Police,KENT CO SHERIFF,,
8,2026-09-08T17:56:00Z,1788890160000,KENTWOOD,2900 BLOCK OF RADCLIFF AVE SE,SUSPICIOUS INCIDENT,Police,KENTWOOD POLICE,,
2,2026-09-08T17:57:00Z,1788890220000,GRANDVILLE,2900 BLOCK OF 28TH ST SW,VEHICLE CRASH,Police,GRANDVILLE FIRE,,
3,2026-09-08T17:57:00Z,1788890220000,GRANDVILLE,2900 BLOCK OF 28TH ST SW,VEHICLE CRASH,Police,GRANDVILLE POLICE,,
1,2026-09-08T18:02:00Z,1788890520000,KENTWOOD,200 BLOCK OF 52ND ST SE,DISORDERLY PERSON,Police,KENTWOOD POLICE,,
5,2026-09-08T18:03:00Z,1788890580000,KENTWOOD,4600 BLOCK OF N BRETON CT SE,LOITERING,Police,KENTWOOD POLICE,,
3,2026-09-08T18:05:00Z,1788890700000,WALKER,1000 BLOCK OF IRONWOOD CIR NW,MEDICAL EMERGENCY,Fire,WALKER FIRE,,
10,2026-09-08T18:06:00Z,1788890760000,WYOMING,400 BLOCK OF 54TH ST SW,ANIMAL INCIDENT,Police,ANIMAL CONTROL,,
6,2026-09-08T18:08:00Z,1788890880000,OAKFIELD TWP,9000 BLOCK OF WABASIS SHORE DR NE,GENERAL ASSIST,Police,KENT CO SHERIFF,,
3,2026-09-08T18:09:00Z,1788890940000,KENTWOOD,28TH ST SE / BROADMOOR AVE SE,VEHICLE CRASH,Police,KENTWOOD POLICE,,
2,2026-09-08T18:10:00Z,1788891000000,GRAND RAPIDS TWP,1100 BLOCK OF MEDICAL PARK DR SE,GENERAL ASSIST,Police,KENT CO SHERIFF,,
2,2026-09-08T18:10:00Z,1788891000000,ROCKFORD,5000 BLOCK OF 11 MILE RD NE,MEDICAL EMERGENCY,Fire,ROCKFORD FIRE,,
1,2026-09-08T18:10:00Z,1788891000000,ROCKFORD,5000 BLOCK OF 11 MILE RD NE,GENERAL ASSIST,Police,ROCKFORD POLICE,,
9,2026-09-08T18:12:00Z,1788891120000,NELSON TWP,7100 BLOCK OF 17 MILE RD NE,GENERAL ASSIST,Police,KENT CO SHERIFF,,
14,2026-09-08T18:20:00Z,1788891600000,BYRON TWP,US-131 SB NO 76TH,VEHICLE CRASH,Police,KENT CO SHERIFF,42.82648321,-85.67220583
8,2026-09-08T18:22:00Z,1788891720000,WYOMING,1000 BLOCK OF MARLIN AVE SW,ANIMAL INCIDENT,Police,ANIMAL CONTROL,,
1,2026-09-08T18:22:00Z,1788891720000,EAST GRAND RAPIDS,600 BLOCK OF LAKESIDE DR SE,PARKING VIOLATION,Police,EAST GRAND RAPIDS POLICE,,
3,2026-09-08T18:27:00Z,1788892020000,WYOMING,4000 BLOCK OF S DIVISION AVE,FRAUD,Police,WYOMING POLICE,,
2,2026-09-08T18:28:00Z,1788892080000,GAINES TWP,0 BLOCK OF 60TH ST SE,MEDICAL EMERGENCY,Fire,GAINES TWP FIRE,,
6,2026-09-08T18:34:00Z,1788892440000,GAINES TWP,100 BLOCK OF ROTH ST SE,VEHICLE CRASH,Police,KENT CO SHERIFF,,
1,2026-09-08T18:35:00Z,1788892500000,WYOMING,4600 BLOCK OF WALTON AVE SW,MISSING PERSON,Police,WYOMING POLICE,,
1,2026-09-08T18:37:00Z,1788892620000,PLAINFIELD TWP,4200 BLOCK OF NORTHGATE ST NE,ANIMAL INCIDENT,Police,ANIMAL CONTROL,,
2,2026-09-08T18:37:00Z,1788892620000,KENTWOOD,4700 BLOCK OF DRUMMOND BLVD SE,STOLEN VEHICLE,Police,KENTWOOD POLICE,,
4,2026-09-08T18:37:00Z,1788892620000,WALKER,LEONARD ST NW / WILSON AVE NW,VEHICLE CRASH,Police,WALKER POLICE,,
1,2026-09-08T18:39:00Z,1788892740000,CEDAR SPRINGS,300 BLOCK OF JEFFREY ST NE,MEDICAL EMERGENCY,Fire,CEDAR SPRINGS FIRE,,
9,2026-09-08T18:39:00Z,1788892740000,KENTWOOD,52ND ST SE / BROADMOOR AVE SE,VEHICLE CRASH,Police,KENTWOOD POLICE,,
1,2026-09-08T18:42:00Z,1788892920000,CEDAR SPRINGS,400 BLOCK OF JEFFREY ST NE,MEDICAL EMERGENCY,Fire,CEDAR SPRINGS FIRE,,
2,2026-09-08T18:46:00Z,1788893160000,GRAND RAPIDS,900 BLOCK OF PLYMOUTH AVE NE,ANIMAL INCIDENT,Police,ANIMAL CONTROL,,
2,2026-09-08T18:49:00Z,1788893340000,WYOMING,1700 BLOCK OF PORTER ST SW,MEDICAL EMERGENCY,Fire,WYOMING FIRE,,
17,2026-09-08T18:50:00Z,1788893400000,KENTWOOD,3600 BLOCK OF PATTERSON AVE SE,SUSPICIOUS INCIDENT,Police,KENTWOOD POLICE,,
1,2026-09-08T18:53:00Z,1788893580000,ALPINE TWP,3900 BLOCK OF YORKLAND DR NW,MEDICAL EMERGENCY,Fire,ALPINE TWP FIRE,,
6,2026-09-08T19:06:00Z,1788894360000,PLAINFIELD TWP,4700 BLOCK OF RAMSWOOD DR NE,LARCENY,Police,KENT CO SHERIFF,,
17,2026-09-08T19:06:00Z,1788894360000,WYOMING,44TH AT US-131,VEHICLE CRASH,Police,WYOMING POLICE,42.88413075,-85.68073266
4,2026-09-08T19:09:00Z,1788894540000,KENTWOOD,4700 BLOCK OF BRETON AVE SE,WELFARE CHECK,Police,KENTWOOD POLICE,,
1,2026-09-08T19:09:00Z,1788894540000,KENTWOOD,60TH ST SE / WING AVE SE,WELFARE CHECK,Police,KENTWOOD POLICE,,
19,2026-09-08T19:10:00Z,1788894600000,WYOMING,3700 BLOCK OF LINDEN AVE SE,HARASSMENT,Police,WYOMING POLICE,,
5,2026-09-08T19:13:00Z,1788894780000,KENTWOOD,4700 BLOCK OF BRETON AVE SE,MEDICAL EMERGENCY,Fire,KENTWOOD FIRE,,
3,2026-09-08T19:16:00Z,1788894960000,GRANDVILLE,4300 BLOCK OF 40TH ST SW,DAMAGE TO PROPERTY,Police,GRANDVILLE POLICE,,
16,2026-09-08T19:16:00Z,1788894960000,KENTWOOD,5700 BLOCK OF S DIVISION AVE,FRAUD,Police,KENTWOOD POLICE,,
1,2026-09-08T19:17:00Z,1788895020000,COURTLAND TWP,8400 BLOCK OF SHANER AVE NE,BURGLAR ALARM,Police,KENT CO SHERIFF,,
2,2026-09-08T19:17:00Z,1788895020000,CASCADE TWP,PATTERSON AVE SE / 28TH ST SE,VEHICLE CRASH,Police,KENT CO SHERIFF,,
1,2026-09-08T19:22:00Z,1788895320000,PLAINFIELD TWP,WEST RIVER DR NE / SAMRICK AVE NE,VEHICLE CRASH,Police,KENT CO SHERIFF,,
1,2026-09-08T19:27:00Z,1788895620000,BYRON TWP,1100 BLOCK OF AMBERWOOD WEST DR SW,MEDICAL EMERGENCY,Fire,BYRON TWP FIRE,,
3,2026-09-08T19:27:00Z,1788895620000,WALKER,2500 BLOCK OF HILLSIDE DR NW,DAMAGE TO PROPERTY,Police,WALKER POLICE,,
4,2026-09-08T19:29:00Z,1788895740000,WYOMING,0 BLOCK OF 43RD ST SW,DISORDERLY PERSON,Police,WYOMING POLICE,,
3,2026-09-08T19:33:00Z,1788895980000,GRAND RAPIDS,3300 BLOCK OF PLAINFIELD AVE NE,ANIMAL INCIDENT,Police,ANIMAL CONTROL,,
1,2026-09-08T19:38:00Z,1788896280000,WYOMING,2000 BLOCK OF GODFREY AVE SW,FOUND PROPERTY,Police,WYOMING POLICE,,
2,2026-09-08T19:39:00Z,1788896340000,KENTWOOD,EDGELAWN DR SE / BURGIS AVE SE,RECKLESS DRIVER,Police,KENTWOOD POLICE,,
4,2026-09-08T19:42:00Z,1788896520000,PLAINFIELD TWP,3800 BLOCK OF VINEYARD AVE NE,WELFARE CHECK,Police,KENT CO SHERIFF,,
3,2026-09-08T19:42:00Z,1788896520000,CANNON TWP,5600 BLOCK OF CANNONSBURG RD NE,GENERAL ASSIST,Police,KENT CO SHERIFF,,
9,2026-09-08T19:43:00Z,1788896580000,KENTWOOD,800 BLOCK OF LYLES ST SE,STOLEN VEHICLE,Police,KENTWOOD POLICE,,
1,2026-09-08T19:44:00Z,1788896640000,WYOMING,3500 BLOCK OF BYRON CENTER AVE SW,SUSPICIOUS INCIDENT,Police,WYOMING POLICE,,
1,2026-09-08T19:49:00Z,1788896940000,WYOMING,1100 BLOCK OF 36TH ST SW,MEDICAL EMERGENCY,Fire,WYOMING FIRE,,
3,2026-09-08T19:50:00Z,1788897000000,ALGOMA TWP,4600 BLOCK OF URSA WAY NE,MISSING PERSON,Police,KENT CO SHERIFF,,
1,2026-09-08T19:53:00Z,1788897180000,KENTWOOD,0 BLOCK OF 58TH ST SE,MEDICAL EMERGENCY,Fire,KENTWOOD FIRE,,
2,2026-09-08T19:55:00Z,1788897300000,GAINES TWP,1100 BLOCK OF WOODFIELD EAST DR SE,MEDICAL EMERGENCY,Fire,GAINES TWP FIRE,,
5,2026-09-08T19:57:00Z,1788897420000,OAKFIELD TWP,9300 BLOCK OF ASHLEY AVE NE,WELFARE CHECK,Police,KENT CO SHERIFF,,
4,2026-09-08T19:58:00Z,1788897480000,PLAINFIELD TWP,WEST RIVER DR NE / PINE ISLAND DR NE,VEHICLE CRASH,Police,KENT CO SHERIFF,,
1,2026-09-08T19:59:00Z,1788897540000,PLAINFIELD TWP,WEST RIVER DR NE / PINEDELL AVE NE,VEHICLE CRASH,Police,KENT CO SHERIFF,,
5,2026-09-08T20:02:00Z,1788897720000,SOLON TWP,15900 BLOCK OF TAMARACK AVE NE,MEDICAL EMERGENCY,Fire,SOLON TWP FIRE,,
2,2026-09-08T20:03:00Z,1788897780000,SAND LAKE,0 BLOCK OF E MAPLE ST NE,MEDICAL EMERGENCY,Fire,SAND LAKE FIRE,,
2,2026-09-08T20:05:00Z,1788897900000,GAINES TWP,2100 BLOCK OF GLENN CANYON DR SE,MEDICAL EMERGENCY,Fire,GAINES TWP FIRE,,
3,2026-09-08T20:05:00Z,1788897900000,PLAINFIELD TWP,WEST RIVER DR NE / PINE ISLAND DR NE,MEDICAL EMERGENCY,Fire,PLAINFIELD TWP FIRE,,
1,2026-09-08T20:09:00Z,1788898140000,WALKER,2800 BLOCK OF ROYAL VISTA CT NW,WELFARE CHECK,Police,WALKER POLICE,,
1,2026-09-08T20:10:00Z,1788898200000,WYOMING,3600 BLOCK OF BYRON CENTER AVE SW,MEDICAL EMERGENCY,Fire,WYOMING FIRE,,
5,2026-09-08T20:21:00Z,1788898860000,PLAINFIELD TWP,6100 BLOCK OF NORTHLAND DR NE,DISORDERLY PERSON,Police,KENT CO SHERIFF,,
1,2026-09-08T20:22:00Z,1788898920000,BYRON TWP,8100 BLOCK OF BYRON CENTER AVE SW,DISORDERLY PERSON,Police,KENT CO SHERIFF,,
4,2026-09-08T20:23:00Z,1788898980000,WYOMING,2600 BLOCK OF 44TH ST SW,SUSPICIOUS INCIDENT,Police,WYOMING POLICE,,
5,2026-09-08T20:32:00Z,1788899520000,KENTWOOD,3600 BLOCK OF MAPLEHURST DR SE,SUSPICIOUS INCIDENT,Police,KENTWOOD POLICE,,
1,2026-09-08T20:33:00Z,1788899580000,BYRON TWP,7000 BLOCK OF CHRISTMAS LN SW,911 HANG UP,Police,KENT CO SHERIFF,,
4,2026-09-08T20:33:00Z,1788899580000,BYRON TWP,7000 BLOCK OF CHRISTMAS LN SW,BURGLARY,Police,KENT CO SHERIFF,,
2,2026-09-08T20:36:00Z,1788899760000,BYRON TWP,7000 BLOCK OF CHRISTMAS LN SW,MEDICAL EMERGENCY,Fire,BYRON TWP FIRE,,
1,2026-09-08T20:44:00Z,1788900240000,WYOMING,2300 BLOCK OF DE HOOP AVE SW,GENERAL ASSIST,Police,WYOMING POLICE,,
7,2026-09-08T20:49:00Z,1788900540000,WYOMING,5500 BLOCK OF CLAY AVE SW,GENERAL ASSIST,Police,WYOMING POLICE,,
1,2026-09-08T20:50:00Z,1788900600000,WYOMING,2300 BLOCK OF DE HOOP AVE SW,GENERAL ASSIST,Police,WYOMING POLICE,,
1,2026-09-08T20:50:00Z,1788900600000,WYOMING,2300 BLOCK OF DE HOOP AVE SW,VEHICLE CRASH,Police,WYOMING POLICE,,
6,2026-09-08T20:56:00Z,1788900960000,ALPINE TWP,7 MILE RD NW / FRUIT RIDGE AVE NW,VEHICLE CRASH,Police,KENT CO SHERIFF,,
2,2026-09-08T20:58:00Z,1788901080000,EAST GRAND RAPIDS,PLYMOUTH RD SE / WEALTHY ST SE,VEHICLE CRASH,Police,EAST GRAND RAPIDS POLICE,,
5,2026-09-08T21:08:00Z,1788901680000,KENTWOOD,3800 BLOCK OF PFEIFFER WOODS CT SE,GENERAL ASSIST,Police,KENTWOOD POLICE,,
7,2026-09-08T21:08:00Z,1788901680000,KENTWOOD,3800 BLOCK OF PFEIFFER WOODS CT SE,SUSPICIOUS INCIDENT,Police,KENTWOOD POLICE,,
4,2026-09-08T21:10:00Z,1788901800000,GRANDVILLE,4700 BLOCK OF CANAL AVE SW,MEDICAL EMERGENCY,Fire,GRANDVILLE FIRE,,
3,2026-09-08T21:10:00Z,1788901800000,GRANDVILLE,4700 BLOCK OF CANAL AVE SW,GENERAL ASSIST,Police,GRANDVILLE POLICE,,
3,2026-09-08T21:11:00Z,1788901860000,WYOMING,3500 BLOCK OF HILLCROFT AVE SW,MISSING PERSON,Police,WYOMING POLICE,,
1,2026-09-08T21:12:00Z,1788901920000,ALLEGAN LEIGHTON TWP,0 BLOCK OF ANVIL LN,ANIMAL INCIDENT,Police,ANIMAL CONTROL,,
2,2026-09-08T21:12:00Z,1788901920000,CALEDONIA TWP,6800 BLOCK OF MCCORDS AVE SE,ANIMAL INCIDENT,Police,ANIMAL CONTROL,,
5,2026-09-08T21:14:00Z,1788902040000,GRAND RAPIDS TWP,3500 BLOCK OF PLAINFIELD AVE NE,SUSPICIOUS INCIDENT,Police,KENT CO SHERIFF,,
17,2026-09-08T21:17:00Z,1788902220000,WALKER,I-96 EB WO WALKER,VEHICLE CRASH,Police,WALKER FIRE,43.02045888,-85.72757905
18,2026-09-08T21:17:00Z,1788902220000,WALKER,I-96 EB WO WALKER,VEHICLE CRASH,Police,WALKER POLICE,43.02045888,-85.72757905
1,2026-09-08T21:19:00Z,1788902340000,WYOMING,1700 BLOCK OF GODFREY AVE SW,ABANDONED VEHICLE,Police,WYOMING POLICE,,
2,2026-09-08T21:22:00Z,1788902520000,WALKER,1400 BLOCK OF MAYNARD AVE SW,MISC FIRE,Fire,WALKER FIRE,,
7,2026-09-08T21:24:00Z,1788902640000,KENTWOOD,2700 BLOCK OF SWAN COVE SE,ORDINANCE VIOLATION,Police,KENTWOOD POLICE,,
1,2026-09-08T21:27:00Z,1788902820000,CASCADE TWP,6500 BLOCK OF 28TH ST SE,MEDICAL EMERGENCY,Fire,CASCADE TWP FIRE,,
2,2026-09-08T21:29:00Z,1788902940000,WYOMING,2400 BLOCK OF AURORA POND DR SW,MEDICAL EMERGENCY,Fire,WYOMING FIRE,,
2,2026-09-08T21:30:00Z,1788903000000,WALKER,300 BLOCK OF WILSON AVE NW,FRAUD,Police,WALKER POLICE,,
1,2026-09-08T21:32:00Z,1788903120000,SPARTA TWP,300 BLOCK OF 10 MILE RD NW,CARBON MONOXIDE INVESTIGATION,Fire,SPARTA FIRE,,
10,2026-09-08T21:34:00Z,1788903240000,KENTWOOD,4700 BLOCK OF BLAINE AVE SE,STOLEN VEHICLE,Police,KENTWOOD POLICE,,
2,2026-09-08T21:36:00Z,1788903360000,GRANDVILLE,4500 BLOCK OF BILLMAR ST SW,MEDICAL EMERGENCY,Fire,GRANDVILLE FIRE,,
1,2026-09-08T21:36:00Z,1788903360000,CASCADE TWP,36TH ST SE / PATTERSON AVE SE,VEHICLE CRASH,Police,KENT CO SHERIFF,,
5,2026-09-08T21:37:00Z,1788903420000,WYOMING,2300 BLOCK OF DE HOOP AVE SW,GENERAL ASSIST,Police,WYOMING POLICE,,
1,2026-09-08T21:37:00Z,1788903420000,WYOMING,3400 BLOCK OF BYRON CENTER AVE SW,FIGHT,Police,WYOMING POLICE,,
4,2026-09-08T21:41:00Z,1788903660000,CEDAR SPRINGS,14200 BLOCK OF WHITE CREEK AVE NE,TECH RESCUE,Fire,CEDAR SPRINGS FIRE,,
2,2026-09-08T21:42:00Z,1788903720000,GAINES TWP,300 BLOCK OF 68TH ST SE,ASSAULT,Police,KENT CO SHERIFF,,
1,2026-09-08T21:47:00Z,1788904020000,WYOMING,0 BLOCK OF 28TH ST SW,WELFARE CHECK,Police,WYOMING POLICE,,
8,2026-09-08T21:48:00Z,1788904080000,KENTWOOD,5500 BLOCK OF S DIVISION AVE,DISORDERLY PERSON,Police,KENTWOOD POLICE,,
1,2026-09-08T21:50:00Z,1788904200000,WYOMING,900 BLOCK OF 36TH ST SW,HARASSMENT,Police,WYOMING POLICE,,
4,2026-09-08T21:53:00Z,1788904380000,ADA TWP,5600 BLOCK OF MICHIGAN ST NE,SUSPICIOUS INCIDENT,Police,KENT CO SHERIFF,,
5,2026-09-08T21:58:00Z,1788904680000,WYOMING,5700 BLOCK OF KENOWA AVE SW,DISORDERLY PERSON,Police,WYOMING POLICE,,
3,2026-09-08T22:08:00Z,1788905280000,PLAINFIELD TWP,4200 BLOCK OF BELL AVE NE,MEDICAL EMERGENCY,Fire,PLAINFIELD TWP FIRE,,
4,2026-09-08T22:09:00Z,1788905340000,CALEDONIA TWP,8200 BLOCK OF 84TH ST SE,FRAUD,Police,KENT CO SHERIFF,,
5,2026-09-08T22:09:00Z,1788905340000,KENTWOOD,36TH ST SE / BROADMOOR AVE SE,VEHICLE CRASH,Police,KENTWOOD POLICE,,
1,2026-09-08T22:11:00Z,1788905460000,PLAINFIELD TWP,3800 BLOCK OF PLAINFIELD AVE NE,VEHICLE CRASH,Police,KENT CO SHERIFF,,
2,2026-09-08T22:11:00Z,1788905460000,PLAINFIELD TWP,3800 BLOCK OF PLAINFIELD AVE NE,VEHICLE CRASH,Police,PLAINFIELD TWP FIRE,,
3,2026-09-08T22:11:00Z,1788905460000,WYOMING,3300 BLOCK OF S DIVISION AVE,FIREWORKS,Police,WYOMING POLICE,,
1,2026-09-08T22:12:00Z,1788905520000,KENTWOOD,60TH ST SE / SOUTH GROVE DR SE,WELFARE CHECK,Police,KENTWOOD POLICE,,
1,2026-09-08T22:27:00Z,1788906420000,BYRON TWP,300 BLOCK OF S EDINBERG DR SW,MEDICAL EMERGENCY,Fire,BYRON TWP FIRE,,
6,2026-09-08T22:29:00Z,1788906540000,KENTWOOD,5200 BLOCK OF MINNEAPOLIS DR SE,LARCENY,Police,KENTWOOD POLICE,,
5,2026-09-08T22:30:00Z,1788906600000,LOWELL TWP,9700 BLOCK OF E FULTON ST,MISC FIRE,Fire,LOWELL AREA FIRE,,
4,2026-09-08T22:31:00Z,1788906660000,GRANDVILLE,4100 BLOCK OF PINE CREEK RD SW,MEDICAL EMERGENCY,Fire,GRANDVILLE FIRE,,
3,2026-09-08T22:32:00Z,1788906720000,CASCADE TWP,5500 BLOCK OF GLENWOOD HILLS PKWY SE,BURGLAR ALARM,Police,KENT CO SHERIFF,,
1,2026-09-08T22:34:00Z,1788906840000,WYOMING,300 BLOCK OF 28TH ST SW,DISORDERLY PERSON,Police,WYOMING POLICE,,
7,2026-09-08T22:37:00Z,1788907020000,PLAINFIELD TWP,WAKEFIELD AVE NE / DODGE ST NE,ANIMAL INCIDENT,Police,KENT CO SHERIFF,,
1,2026-09-08T22:39:00Z,1788907140000,BYRON TWP,300 BLOCK OF N EDINBERG DR SW,ASSAULT,Police,KENT CO SHERIFF,,
1,2026-09-08T22:39:00Z,1788907140000,KENTWOOD,4600 BLOCK OF N BRETON CT SE,MEDICAL EMERGENCY,Fire,KENTWOOD FIRE,,
3,2026-09-08T22:45:00Z,1788907500000,CEDAR SPRINGS,14000 BLOCK OF WHITE CREEK AVE NE,GENERAL ASSIST,Police,KENT CO SHERIFF,,
2,2026-09-08T22:46:00Z,1788907560000,ALPINE TWP,4900 BLOCK OF STONY CREEK AVE NW,MEDICAL EMERGENCY,Fire,ALPINE TWP FIRE,,
1,2026-09-08T22:54:00Z,1788908040000,OAKFIELD TWP,14 MILE RD NE / LINCOLN LAKE AVE NE,GENERAL ASSIST,Police,KENT CO SHERIFF,,
1,2026-09-08T22:58:00Z,1788908280000,GAINES TWP,2600 BLOCK OF MCBRAYER CT SE,MEDICAL EMERGENCY,Fire,GAINES TWP FIRE,,
2,2026-09-08T22:58:00Z,1788908280000,WYOMING,2800 BLOCK OF S DIVISION AVE,MEDICAL EMERGENCY,Fire,WYOMING FIRE,,
2,2026-09-08T23:05:00Z,1788908700000,WALKER,2600 BLOCK OF NOLAN AVE NW,WELFARE CHECK,Police,WALKER POLICE,,
1,2026-09-08T23:06:00Z,1788908760000,WYOMING,100 BLOCK OF WESLEY ST SE,INJUNCTIVE VIOLATION,Police,WYOMING POLICE,,
9,2026-09-08T23:09:00Z,1788908940000,WYOMING,36TH ST SW / HIGHGATE AVE SW,DAMAGE TO PROPERTY,Police,WYOMING POLICE,,
2,2026-09-08T23:12:00Z,1788909120000,COURTLAND TWP,6100 BLOCK OF 10 MILE RD NE,MEDICAL EMERGENCY,Fire,COURTLAND TWP FIRE,,
3,2026-09-08T23:12:00Z,1788909120000,OAKFIELD TWP,STULTZ ST NE / HEINTZELMAN AVE NE,TRAFFIC VIOLATION,Police,KENT CO SHERIFF,,
1,2026-09-08T23:15:00Z,1788909300000,NELSON TWP,13500 BLOCK OF RITCHIE AVE NE,WELFARE CHECK,Police,KENT CO SHERIFF,,
3,2026-09-08T23:15:00Z,1788909300000,WALKER,LAKE MICHIGAN DR NW / WILSON AVE NW,VEHICLE CRASH,Police,WALKER POLICE,,
4,2026-09-08T23:18:00Z,1788909480000,WYOMING,1800 BLOCK OF DELWOOD AVE SW,LARCENY,Police,WYOMING POLICE,,
2,2026-09-08T23:19:00Z,1788909540000,WALKER,4300 BLOCK OF REMEMBRANCE RD NW,GENERAL ASSIST,Police,WALKER POLICE,,
1,2026-09-08T23:24:00Z,1788909840000,WYOMING,1900 BLOCK OF 30TH ST SW,HARASSMENT,Police,WYOMING POLICE,,
3,2026-09-08T23:25:00Z,1788909900000,WYOMING,100 BLOCK OF 32ND ST SE,GENERAL ASSIST,Police,WYOMING POLICE,,
2,2026-09-08T23:27:00Z,1788910020000,SPENCER TWP,12500 BLOCK OF 17 MILE RD NE,FRAUD,Police,KENT CO SHERIFF,,
1,2026-09-08T23:35:00Z,1788910500000,CASCADE TWP,5800 BLOCK OF TALLTIMBER ST SE,CARBON MONOXIDE INVESTIGATION,Fire,CASCADE TWP FIRE,,
2,2026-09-08T23:38:00Z,1788910680000,SPARTA TWP,300 BLOCK OF 10 MILE RD NW,CARBON MONOXIDE INVESTIGATION,Fire,SPARTA FIRE,,
1,2026-09-08T23:44:00Z,1788911040000,CEDAR SPRINGS,100 BLOCK OF E MAPLE ST NE,MEDICAL EMERGENCY,Fire,CEDAR SPRINGS FIRE,,
6,2026-09-08T23:57:00Z,1788911820000,LOWELL TWP,1800 BLOCK OF PARNELL AVE SE,MEDICAL EMERGENCY,Fire,LOWELL AREA FIRE,,
4,2026-09-09T00:07:00Z,1788912420000,NELSON TWP,7100 BLOCK OF 17 MILE RD NE,STRUCTURE FIRE,Fire,CEDAR SPRINGS FIRE,,
3,2026-09-09T00:07:00Z,1788912420000,NELSON TWP,7100 BLOCK OF 17 MILE RD NE,BROADCAST,Police,KENT CO SHERIFF,,
4,2026-09-09T00:07:00Z,1788912420000,NELSON TWP,7100 BLOCK OF 17 MILE RD NE,GENERAL ASSIST,Police,KENT CO SHERIFF,,
5,2026-09-09T00:07:00Z,1788912420000,WYOMING,2700 BLOCK OF S DIVISION AVE,WELFARE CHECK,Police,WYOMING POLICE,,
3,2026-09-09T00:08:00Z,1788912480000,WYOMING,0 BLOCK OF 28TH ST SW,911 HANG UP,Police,WYOMING POLICE,,
2,2026-09-09T00:09:00Z,1788912540000,KENTWOOD,3300 BLOCK OF PHEASANT RIDGE DR SE,MEDICAL EMERGENCY,Fire,KENTWOOD FIRE,,
1,2026-09-09T00:10:00Z,1788912600000,KENTWOOD,3300 BLOCK OF PHEASANT RIDGE DR SE,MEDICAL EMERGENCY,Fire,KENTWOOD POLICE,,
2,2026-09-09T00:21:00Z,1788913260000,WYOMING,100 BLOCK OF 43RD ST SW,SUSPICIOUS INCIDENT,Police,WYOMING POLICE,,
1,2026-09-09T00:22:00Z,1788913320000,PLAINFIELD TWP,WOODWORTH ST NE / AMBROSE AVE NE,MISC FIRE,Fire,PLAINFIELD TWP FIRE,,
2,2026-09-09T00:23:00Z,1788913380000,GAINES TWP,3600 BLOCK OF COBBLEFIELD CIR SE,MEDICAL EMERGENCY,Fire,GAINES TWP FIRE,,
4,2026-09-09T00:23:00Z,1788913380000,CEDAR SPRINGS,14100 BLOCK OF WHITE CREEK AVE NE,FRAUD,Police,KENT CO SHERIFF,,
2,2026-09-09T00:28:00Z,1788913680000,ADA TWP,MICHIGAN ST NE / GRAND RIVER DR NE,SUSPICIOUS INCIDENT,Police,KENT CO SHERIFF,,
1,2026-09-09T00:30:00Z,1788913800000,WALKER,LEONARD ST NW / MAPLEROW AVE NW,BROADCAST,Police,WALKER POLICE,,
3,2026-09-09T00:31:00Z,1788913860000,GRAND RAPIDS TWP,EAST BELTLINE AVE SE / CASCADE RD SE,VEHICLE CRASH,Police,KENT CO SHERIFF,,
1,2026-09-09T00:31:00Z,1788913860000,KENTWOOD,600 BLOCK OF IRONWOOD LN SE,911 HANG UP,Police,KENTWOOD POLICE,,
3,2026-09-09T00:37:00Z,1788914220000,ALPINE TWP,1200 BLOCK OF ALPINE CHURCH ST NW,VEHICLE CRASH,Police,KENT CO SHERIFF,,
2,2026-09-09T00:37:00Z,1788914220000,WALKER,2400 BLOCK OF ALPINE AVE NW,DISORDERLY PERSON,Police,WALKER POLICE,,
2,2026-09-09T00:39:00Z,1788914340000,PLAINFIELD TWP,6300 BLOCK OF NORTHLAND DR NE,VEHICLE CRASH,Police,KENT CO SHERIFF,,
2,2026-09-09T00:39:00Z,1788914340000,PLAINFIELD TWP,NORTHLAND DR NE / BREWER AVE NE,VEHICLE CRASH,Police,KENT CO SHERIFF,,
1,2026-09-09T00:39:00Z,1788914340000,PLAINFIELD TWP,NORTHLAND DR NE / BREWER AVE NE,VEHICLE CRASH,Police,PLAINFIELD TWP FIRE,,
2,2026-09-09T00:48:00Z,1788914880000,PLAINFIELD TWP,AMBROSE AVE NE / WOODWORTH ST NE,GENERAL ASSIST,Police,KENT CO SHERIFF,,
3,2026-09-09T00:48:00Z,1788914880000,PLAINFIELD TWP,AMBROSE AVE NE / WOODWORTH ST NE,MISC FIRE,Fire,PLAINFIELD TWP FIRE,,
3,2026-09-09T00:48:00Z,1788914880000,WALKER,700 BLOCK OF NORTH CENTER CT NW,MEDICAL EMERGENCY,Fire,WALKER FIRE,,
1,2026-09-09T00:51:00Z,1788915060000,GAINES TWP,300 BLOCK OF 68TH ST SE,ASSAULT,Police,KENT CO SHERIFF,,
1,2026-09-09T01:03:00Z,1788915780000,WALKER,KINNEY AVE NW / LAKE MICHIGAN DR NW,MEDICAL EMERGENCY,Fire,WALKER FIRE,,
1,2026-09-09T01:06:00Z,1788915960000,WYOMING,3000 BLOCK OF GARDENTOWN DR SW,911 HANG UP,Police,WYOMING POLICE,,
2,2026-09-09T01:06:00Z,1788915960000,WYOMING,3000 BLOCK OF GARDENTOWN DR SW,MISSING PERSON,Police,WYOMING POLICE,,
1,2026-09-09T01:10:00Z,1788916200000,KENT CITY,200 BLOCK OF KENTRIDGE DR NW,MEDICAL EMERGENCY,Fire,KENT CITY FIRE,,
2,2026-09-09T01:12:00Z,1788916320000,CALEDONIA TWP,7300 BLOCK OF GRAYMOOR ST SE,MEDICAL EMERGENCY,Fire,CALEDONIA TWP FIRE,,
1,2026-09-09T01:20:00Z,1788916800000,KENTWOOD,1700 BLOCK OF SUMMERFIELD ST SE,MEDICAL EMERGENCY,Fire,KENTWOOD FIRE,,
1,2026-09-09T01:28:00Z,1788917280000,KENTWOOD,5800 BLOCK OF RIDGEBROOK DR SE,GENERAL ASSIST,Police,KENTWOOD POLICE,,
3,2026-09-09T01:39:00Z,1788917940000,COURTLAND TWP,11700 BLOCK OF MEGAN WAY DR NE,MEDICAL EMERGENCY,Fire,COURTLAND TWP FIRE,,
2,2026-09-09T01:40:00Z,1788918000000,GAINES TWP,600 BLOCK OF FRESNO CIR SE,WEAPONS VIOLATION,Police,KENT CO SHERIFF,,
1,2026-09-09T01:42:00Z,1788918120000,CASCADE TWP,7900 BLOCK OF SHADYBROOK DR SE,MEDICAL EMERGENCY,Fire,CASCADE TWP FIRE,,
3,2026-09-09T01:42:00Z,1788918120000,VERGENNES TWP,10700 BLOCK OF BAILEY DR NE,MEDICAL EMERGENCY,Fire,LOWELL AREA FIRE,,
1,2026-09-09T01:43:00Z,1788918180000,VERGENNES TWP,10700 BLOCK OF BAILEY DR NE,GENERAL ASSIST,Police,KENT CO SHERIFF,,
1,2026-09-09T02:13:00Z,1788919980000,KENTWOOD,1900 BLOCK OF 44TH ST SE,SUSPICIOUS INCIDENT,Police,KENTWOOD POLICE,,
2,2026-09-09T02:19:00Z,1788920340000,GRAND RAPIDS TWP,400 BLOCK OF SYCAMORE WAY DR SE,GENERAL ASSIST,Police,KENT CO SHERIFF,,
1,2026-09-09T02:23:00Z,1788920580000,OAKFIELD TWP,9900 BLOCK OF 16 MILE RD NE,MEDICAL EMERGENCY,Fire,OAKFIELD TWP FIRE,,
2,2026-09-09T02:26:00Z,1788920760000,GAINES TWP,300 BLOCK OF 68TH ST SE,GENERAL ASSIST,Police,KENT CO SHERIFF,,
2,2026-09-09T02:34:00Z,1788921240000,GRANDVILLE,3700 BLOCK OF RIVERTOWN PKWY SW,BURGLAR ALARM,Police,GRANDVILLE POLICE,,
1,2026-09-09T02:42:00Z,1788921720000,PLAINFIELD TWP,2700 BLOCK OF ROCKHILL DR NE,MEDICAL EMERGENCY,Fire,PLAINFIELD TWP FIRE,,
5,2026-09-09T02:44:00Z,1788921840000,WYOMING,US-131 SB AT 28TH,VEHICLE CRASH,Police,WYOMING FIRE,42.91344967,-85.67781681
7,2026-09-09T02:44:00Z,1788921840000,WYOMING,US-131 SB AT 28TH,VEHICLE CRASH,Police,WYOMING POLICE,42.91344967,-85.67781681
1,2026-09-09T02:48:00Z,1788922080000,KENTWOOD,3300 BLOCK OF PHEASANT RIDGE DR SE,LOUD NOISE,Police,KENTWOOD POLICE,,
1,2026-09-09T03:08:00Z,1788923280000,WYOMING,3000 BLOCK OF CLYDE PARK AVE SW,BURGLAR ALARM,Police,WYOMING POLICE,,
3,2026-09-09T03:11:00Z,1788923460000,KENTWOOD,4400 BLOCK OF KALAMAZOO AVE SE,BURGLAR ALARM,Police,KENTWOOD POLICE,,
2,2026-09-09T03:11:00Z,1788923460000,WYOMING,5400 BLOCK OF COTTONDALE DR SW,SUSPICIOUS INCIDENT,Police,WYOMING POLICE,,
1,2026-09-09T03:12:00Z,1788923520000,CASCADE TWP,3000 BLOCK OF CHARLEVOIX DR SE,MEDICAL EMERGENCY,Fire,CASCADE TWP FIRE,,
1,2026-09-09T03:15:00Z,1788923700000,SPARTA,300 BLOCK OF S STATE ST NW,FIGHT,Police,SPARTA POLICE,,
1,2026-09-09T03:28:00Z,1788924480000,KENTWOOD,4000 BLOCK OF WOODLAND CREEK DR SE,MEDICAL EMERGENCY,Fire,KENTWOOD FIRE,,
1,2026-09-09T03:40:00Z,1788925200000,WYOMING,28TH ST SW / DE HOOP AVE SW,GENERAL ASSIST,Police,WYOMING POLICE,,
1,2026-09-09T03:48:00Z,1788925680000,EAST GRAND RAPIDS,3100 BLOCK OF CASCADE RD SE,ORDINANCE VIOLATION,Police,EAST GRAND RAPIDS POLICE,,
1,2026-09-09T03:59:00Z,1788926340000,WYOMING,4300 BLOCK OF STONEBRIDGE RD SW,LOUD NOISE,Police,WYOMING POLICE,,
1,2026-09-09T04:25:00Z,1788927900000,KENTWOOD,300 BLOCK OF 56TH ST SE,SUSPICIOUS INCIDENT,Police,KENTWOOD POLICE,,
1,2026-09-09T04:25:00Z,1788927900000,WYOMING,1500 BLOCK OF 28TH ST SW,TRAFFIC VIOLATION,Police,WYOMING POLICE,,
1,2026-09-09T04:38:00Z,1788928680000,BYRON TWP,400 BLOCK OF N HAREWOOD DR SW,HARASSMENT,Police,KENT CO SHERIFF,,
1,2026-09-09T04:38:00Z,1788928680000,PLAINFIELD TWP,6100 BLOCK OF WEST RIVER DR NE,MEDICAL EMERGENCY,Fire,PLAINFIELD TWP FIRE,,
1,2026-09-09T04:56:00Z,1788929760000,WYOMING,2700 BLOCK OF LONGSTREET AVE SW,STOLEN VEHICLE,Police,WYOMING POLICE,,
1,2026-09-09T05:45:00Z,1788932700000,GAINES TWP,400 BLOCK OF 60TH ST SE,MEDICAL EMERGENCY,Fire,GAINES TWP FIRE,,
1,2026-09-09T05:55:00Z,1788933300000,WYOMING,1200 BLOCK OF OAKCREST ST SW,MEDICAL EMERGENCY,Fire,WYOMING FIRE,,
1,2026-09-09T06:07:00Z,1788934020000,BYRON TWP,7000 BLOCK OF AMBER SPRINGS DR SW,MEDICAL EMERGENCY,Fire,BYRON TWP FIRE,,
1,2026-09-09T06:21:00Z,1788934860000,WYOMING,2100 BLOCK OF HUIZEN AVE SW,MEDICAL EMERGENCY,Fire,WYOMING FIRE,,
2,2026-09-09T06:29:00Z,1788935340000,OTTAWA TALLMADGE TWP,LAKE MICHIGAN DR / 2ND AVE,TRAFFIC VIOLATION,Police,WALKER POLICE,,
1,2026-09-09T06:52:00Z,1788936720000,GAINES TWP,700 BLOCK OF PRESERVE CIRCLE DR SE,SUSPICIOUS INCIDENT,Police,KENT CO SHERIFF,,
5,2026-09-09T07:32:00Z,1788939120000,BYRON TWP,1300 BLOCK OF 100TH ST SW,RECKLESS DRIVER,Police,KENT CO SHERIFF,,
1,2026-09-09T07:36:00Z,1788939360000,SPARTA,400 BLOCK OF EDWARD ST NW,911 HANG UP,Police,SPARTA POLICE,,
1,2026-09-09T07:37:00Z,1788939420000,GAINES TWP,700 BLOCK OF PRESERVE CIRCLE DR SE,LARCENY,Police,KENT CO SHERIFF,,
1,2026-09-09T07:56:00Z,1788940560000,WYOMING,3600 BLOCK OF COPPER RIVER AVE SW,MEDICAL EMERGENCY,Fire,WYOMING FIRE,,
4,2026-09-09T07:57:00Z,1788940620000,NELSON TWP,7000 BLOCK OF 17 MILE RD NE,GENERAL ASSIST,Police,KENT CO SHERIFF,,
1,2026-09-09T08:07:00Z,1788941220000,WALKER,2200 BLOCK OF AVASTAR PKWY NW,BURGLAR ALARM,Police,WALKER POLICE,,
1,2026-09-09T08:17:00Z,1788941820000,GAINES TWP,700 BLOCK OF PRESERVE CIRCLE DR SE,DAMAGE TO PROPERTY,Police,KENT CO SHERIFF,,
1,2026-09-09T08:26:00Z,1788942360000,GAINES TWP,700 BLOCK OF PRESERVE CIRCLE DR SE,SUSPICIOUS INCIDENT,Police,KENT CO SHERIFF,,
2,2026-09-09T08:34:00Z,1788942840000,BYRON TWP,2300 BLOCK OF 72ND ST SW,MEDICAL EMERGENCY,Fire,BYRON TWP FIRE,,
1,2026-09-09T08:35:00Z,1788942900000,GRAND RAPIDS TWP,1100 BLOCK OF MEDICAL PARK DR SE,SUSPICIOUS INCIDENT,Police,KENT CO SHERIFF,,
1,2026-09-09T08:37:00Z,1788943020000,WYOMING,5000 BLOCK OF CURTIS DR SW,DISORDERLY PERSON,Police,WYOMING POLICE,,
1,2026-09-09T09:02:00Z,1788944520000,WYOMING,1800 BLOCK OF BLANCHARD CT SW,SUSPICIOUS INCIDENT,Police,WYOMING POLICE,,
2,2026-09-09T09:07:00Z,1788944820000,CASCADE TWP,33RD ST SE / HOTEL AVE SE,VEHICLE CRASH,Police,KENT CO SHERIFF,,
1,2026-09-09T09:09:00Z,1788944940000,WYOMING,3900 BLOCK OF CLYDE PARK AVE SW,MEDICAL EMERGENCY,Fire,WYOMING FIRE,,
1,2026-09-09T09:14:00Z,1788945240000,WALKER,3100 BLOCK OF WILSON DR NW,ANIMAL INCIDENT,Police,WALKER POLICE,,
1,2026-09-09T09:22:00Z,1788945720000,WYOMING,5000 BLOCK OF BURLINGAME AVE SW,WELFARE CHECK,Police,WYOMING POLICE,,
1,2026-09-09T09:27:00Z,1788946020000,CASCADE TWP,4900 BLOCK OF CORPORATE EXCHANGE BLVD SE,911 HANG UP,Police,KENT CO SHERIFF,,
1,2026-09-09T09:49:00Z,1788947340000,CALEDONIA TWP,6400 BLOCK OF BUTTRICK AVE SE,MEDICAL EMERGENCY,Fire,CALEDONIA TWP FIRE,,
1,2026-09-09T09:55:00Z,1788947700000,GAINES TWP,6200 BLOCK OF WOODFIELD PL SE,DAMAGE TO PROPERTY,Police,KENT CO SHERIFF,,
1,2026-09-09T10:15:00Z,1788948900000,ALPINE TWP,4800 BLOCK OF WESTSHIRE DR NW,MEDICAL EMERGENCY,Fire,ALPINE TWP FIRE,,
8,2026-09-09T10:18:00Z,1788949080000,CASCADE TWP,I-96 EB TO 36TH RAMP,VEHICLE CRASH,Police,KENT CO SHERIFF,42.90134614,-85.52168295
2,2026-09-09T10:21:00Z,1788949260000,KENTWOOD,2200 BLOCK OF BRIDLE CREEK ST SE,STOLEN VEHICLE,Police,KENTWOOD POLICE,,
8,2026-09-09T10:22:00Z,1788949320000,BYRON TWP,1800 BLOCK OF HIGHTREE DR SW,DAMAGE TO PROPERTY,Police,KENT CO SHERIFF,,
4,2026-09-09T10:28:00Z,1788949680000,GAINES TWP,6200 BLOCK OF WOODFIELD PL SE,MEDICAL EMERGENCY,Fire,GAINES TWP FIRE,,
1,2026-09-09T10:30:00Z,1788949800000,BYRON TWP,2300 BLOCK OF BYRON VIEW DR SW,BURGLAR ALARM,Police,KENT CO SHERIFF,,
2,2026-09-09T10:33:00Z,1788949980000,ROCKFORD,4900 BLOCK OF CASTLE HILL CT NE,MEDICAL EMERGENCY,Fire,ROCKFORD FIRE,,
1,2026-09-09T10:33:00Z,1788949980000,ROCKFORD,4900 BLOCK OF CASTLE HILL CT NE,GENERAL ASSIST,Police,ROCKFORD POLICE,,
1,2026-09-09T10:46:00Z,1788950760000,BYRON TWP,6400 BLOCK OF VENTURE HILLS BLVD SW,BURGLAR ALARM,Police,KENT CO SHERIFF,,
5,2026-09-09T10:47:00Z,1788950820000,CASCADE TWP,M-6 WB AT 48TH,VEHICLE CRASH,Police,KENT CO SHERIFF,42.87708996,-85.49096578
1,2026-09-09T10:53:00Z,1788951180000,GAINES TWP,6200 BLOCK OF WOODFIELD PL SE,LARCENY,Police,KENT CO SHERIFF,,
2,2026-09-09T11:10:00Z,1788952200000,GAINES TWP,6200 BLOCK OF MINOSA DR SE,LARCENY,Police,KENT CO SHERIFF,,
1,2026-09-09T11:10:00Z,1788952200000,GAINES TWP,6200 BLOCK OF WOODFIELD PL SE,DAMAGE TO PROPERTY,Police,KENT CO SHERIFF,,
7,2026-09-09T11:12:00Z,1788952320000,CALEDONIA,100TH ST SE / CHERRY VALLEY AVE SE,VEHICLE CRASH,Police,KENT CO SHERIFF,,
1,2026-09-09T11:13:00Z,1788952380000,WYOMING,28TH ST SW / BUCHANAN AVE SW,VEHICLE CRASH,Police,WYOMING POLICE,,
11,2026-09-09T11:14:00Z,1788952440000,BYRON TWP,2000 BLOCK OF CREEKSIDE DR SW,LARCENY,Police,KENT CO SHERIFF,,
1,2026-09-09T11:19:00Z,1788952740000,WYOMING,28TH ST SW / BUCHANAN AVE SW,MEDICAL EMERGENCY,Fire,WYOMING FIRE,,
4,2026-09-09T11:21:00Z,1788952860000,ALGOMA TWP,WOLVEN AVE NE / 11 MILE RD NE,DEER PERMIT,Police,KENT CO SHERIFF,,
12,2026-09-09T11:26:00Z,1788953160000,GRANDVILLE,I-196 EB TO 28TH RAMP,VEHICLE CRASH,Police,GRANDVILLE POLICE,42.913404,-85.765512
1,2026-09-09T11:34:00Z,1788953640000,GAINES TWP,6200 BLOCK OF WOODFIELD PL SE,DAMAGE TO PROPERTY,Police,KENT CO SHERIFF,,
2,2026-09-09T11:35:00Z,1788953700000,KENTWOOD,EAST PARIS AVE SE / BURTON ST SE,VEHICLE CRASH,Police,KENTWOOD POLICE,,
9,2026-09-09T11:39:00Z,1788953940000,GAINES TWP,6300 BLOCK OF WOODFIELD PL SE,LARCENY,Police,KENT CO SHERIFF,,
2,2026-09-09T11:39:00Z,1788953940000,KENTWOOD,4400 BLOCK OF 52ND ST SE,MEDICAL EMERGENCY,Fire,KENTWOOD FIRE,,
1,2026-09-09T11:42:00Z,1788954120000,GRAND RAPIDS,1200 BLOCK OF EAST BELTLINE AVE NE,VEHICLE CRASH,Police,KENT CO SHERIFF,,
8,2026-09-09T11:47:00Z,1788954420000,BYRON TWP,1700 BLOCK OF THYME DR SW,LARCENY,Police,KENT CO SHERIFF,,
5,2026-09-09T11:50:00Z,1788954600000,KENTWOOD,3100 BLOCK OF 28TH ST SE,SUSPICIOUS INCIDENT,Police,KENTWOOD POLICE,,
1,2026-09-09T11:52:00Z,1788954720000,ADA TWP,E FULTON ST / BRONSON ST SE,VEHICLE CRASH,Police,ADA TWP FIRE,,
3,2026-09-09T11:52:00Z,1788954720000,ADA TWP,BRONSON ST SE / E FULTON ST,VEHICLE CRASH,Police,KENT CO SHERIFF,,
16,2026-09-09T11:54:00Z,1788954840000,PLAINFIELD TWP,5400 BLOCK OF RIVERLOOK DR NE,FRAUD,Police,KENT CO SHERIFF,,
1,2026-09-09T11:58:00Z,1788955080000,BYRON TWP,1800 BLOCK OF HIGHTREE DR SW,DAMAGE TO PROPERTY,Police,KENT CO SHERIFF,,
3,2026-09-09T12:01:00Z,1788955260000,WYOMING,6200 BLOCK OF WHELAN AVE SW,CARBON MONOXIDE INVESTIGATION,Fire,WYOMING FIRE,,
1,2026-09-09T12:08:00Z,1788955680000,GAINES TWP,6200 BLOCK OF WOODFIELD PL SE,DAMAGE TO PROPERTY,Police,KENT CO SHERIFF,,
11,2026-09-09T12:12:00Z,1788955920000,GAINES TWP,68TH ST SE / DUTTON AVE SE,DAMAGE TO PROPERTY,Police,KENT CO SHERIFF,,
1,2026-09-09T12:12:00Z,1788955920000,WYOMING,700 BLOCK OF 32ND ST SE,DISORDERLY PERSON,Police,WYOMING POLICE,,
14,2026-09-09T12:13:00Z,1788955980000,BYRON TWP,900 BLOCK OF SOUTH CENTER PARK DR SW,LARCENY,Police,KENT CO SHERIFF,,
2,2026-09-09T12:14:00Z,1788956040000,CALEDONIA TWP,BROADMOOR AVE SE / 84TH ST SE,VEHICLE CRASH,Police,CALEDONIA TWP FIRE,,
5,2026-09-09T12:14:00Z,1788956040000,CALEDONIA TWP,BROADMOOR AVE SE / 84TH ST SE,VEHICLE CRASH,Police,KENT CO SHERIFF,,
3,2026-09-09T12:19:00Z,1788956340000,GRANDVILLE,4600 BLOCK OF REDMAN CT SW,MEDICAL EMERGENCY,Fire,GRANDVILLE FIRE,,
2,2026-09-09T12:19:00Z,1788956340000,GRANDVILLE,4600 BLOCK OF REDMAN CT SW,GENERAL ASSIST,Police,GRANDVILLE POLICE,,
1,2026-09-09T12:20:00Z,1788956400000,GAINES TWP,6200 BLOCK OF WOODFIELD PL SE,DAMAGE TO PROPERTY,Police,KENT CO SHERIFF,,
8,2026-09-09T12:21:00Z,1788956460000,OAKFIELD TWP,9300 BLOCK OF ASHLEY AVE NE,WELFARE CHECK,Police,KENT CO SHERIFF,,
12,2026-09-09T12:22:00Z,1788956520000,PLAINFIELD TWP,NORTHLAND DR NE / 7 MILE RD NE,VEHICLE CRASH,Police,KENT CO SHERIFF,,
1,2026-09-09T12:28:00Z,1788956880000,WYOMING,4300 BLOCK OF FOREST PARK DR SW,HARASSMENT,Police,WYOMING POLICE,,
9,2026-09-09T12:33:00Z,1788957180000,GAINES TWP,6100 BLOCK OF KALAMAZOO AVE SE,ASSAULT,Police,KENT CO SHERIFF,,
11,2026-09-09T12:33:00Z,1788957180000,ADA TWP,8200 BLOCK OF CONSERVATION ST NE,ABANDONED VEHICLE,Police,KENT CO SHERIFF,,
4,2026-09-09T12:34:00Z,1788957240000,SOLON TWP,ALGOMA AVE NE / 18 MILE RD NE,MEDICAL EMERGENCY,Fire,KENT CO SHERIFF,,
3,2026-09-09T12:34:00Z,1788957240000,SOLON TWP,ALGOMA AVE NE / 18 MILE RD NE,MEDICAL EMERGENCY,Fire,SOLON TWP FIRE,,
2,2026-09-09T12:35:00Z,1788957300000,WALKER,300 BLOCK OF WESTOWN DR NW,MEDICAL EMERGENCY,Fire,WALKER FIRE,,
1,2026-09-09T12:36:00Z,1788957360000,WALKER,WILSON AVE NW / RICHMOND ST NW,TRAFFIC CONTROL,Police,WALKER POLICE,,
1,2026-09-09T12:37:00Z,1788957420000,WYOMING,2300 BLOCK OF DE HOOP AVE SW,GENERAL ASSIST,Police,WYOMING POLICE,,
14,2026-09-09T12:37:00Z,1788957420000,WYOMING,US-131 NB AT 32ND,VEHICLE CRASH,Police,WYOMING POLICE,42.90611053,-85.67696759
15,2026-09-09T12:39:00Z,1788957540000,WYOMING,US-131 NB NO 36TH,VEHICLE CRASH,Police,WYOMING POLICE,42.89940525,-85.67771096
5,2026-09-09T12:43:00Z,1788957780000,BYRON TWP,1800 BLOCK OF PORTADOWN RD SW,LARCENY,Police,KENT CO SHERIFF,,
2,2026-09-09T12:45:00Z,1788957900000,WYOMING,700 BLOCK OF 44TH ST SW,MEDICAL EMERGENCY,Fire,WYOMING FIRE,,
3,2026-09-09T12:45:00Z,1788957900000,WYOMING,3200 BLOCK OF BIRCHWOOD AVE SW,WELFARE CHECK,Police,WYOMING POLICE,,
1,2026-09-09T12:46:00Z,1788957960000,GAINES TWP,6300 BLOCK OF WOODFIELD PL SE,DAMAGE TO PROPERTY,Police,KENT CO SHERIFF,,
9,2026-09-09T12:49:00Z,1788958140000,CANNON TWP,6600 BLOCK OF TIFFANY AVE NE,ANIMAL INCIDENT,Police,ANIMAL CONTROL,,
3,2026-09-09T12:49:00Z,1788958140000,GRANDVILLE,4200 BLOCK OF PESHTIGO CT SW,FRAUD,Police,GRANDVILLE POLICE,,
14,2026-09-09T12:49:00Z,1788958140000,WYOMING,54TH WB TO US-131 NB RAMP,GENERAL ASSIST,Police,MICHIGAN STATE POLICE,42.86650611,-85.67892568
2,2026-09-09T12:50:00Z,1788958200000,WALKER,2600 BLOCK OF GARFIELD AVE NW,SUSPICIOUS INCIDENT,Police,WALKER POLICE,,
1,2026-09-09T12:57:00Z,1788958620000,SPARTA,200 BLOCK OF E SPARTAN DR NW,FOUND PROPERTY,Police,KENT CO SHERIFF,,
2,2026-09-09T13:03:00Z,1788958980000,CASCADE TWP,7100 BLOCK OF WINDCREST ST SE,MEDICAL EMERGENCY,Fire,CASCADE TWP FIRE,,
2,2026-09-09T13:05:00Z,1788959100000,WYOMING,1400 BLOCK OF 44TH ST SW,FOUND PROPERTY,Police,WYOMING POLICE,,
1,2026-09-09T13:06:00Z,1788959160000,EAST GRAND RAPIDS,1000 BLOCK OF MAXWELL AVE SE,PARKING VIOLATION,Police,EAST GRAND RAPIDS POLICE,,
3,2026-09-09T13:19:00Z,1788959940000,CASCADE TWP,2900 BLOCK OF THORNHILLS AVE SE,MEDICAL EMERGENCY,Fire,CASCADE TWP FIRE,,
5,2026-09-09T13:19:00Z,1788959940000,WYOMING,2400 BLOCK OF KNOLLVIEW ST SW,MEDICAL EMERGENCY,Fire,WYOMING FIRE,,
3,2026-09-09T13:21:00Z,1788960060000,CALEDONIA TWP,6900 BLOCK OF BROADMOOR AVE SE,FRAUD,Police,KENT CO SHERIFF,,
2,2026-09-09T13:22:00Z,1788960120000,KENTWOOD,3200 BLOCK OF BRETON AVE SE,BURGLAR ALARM,Police,KENTWOOD POLICE,,
1,2026-09-09T13:23:00Z,1788960180000,KENTWOOD,52ND ST SE / EASTERN AVE SE,GENERAL ASSIST,Police,KENTWOOD POLICE,,
5,2026-09-09T13:24:00Z,1788960240000,BYRON TWP,8600 BLOCK OF SUNNY LN SW,STOLEN VEHICLE,Police,KENT CO SHERIFF,,
1,2026-09-09T13:25:00Z,1788960300000,BYRON TWP,8500 BLOCK OF BURLINGAME AVE SW,FIRE ALARM,Fire,BYRON TWP FIRE,,
8,2026-09-09T13:32:00Z,1788960720000,GRATTAN TWP,10400 BLOCK OF 5 MILE RD NE,SUSPICIOUS INCIDENT,Police,KENT CO SHERIFF,,
3,2026-09-09T13:37:00Z,1788961020000,CASCADE TWP,3000 BLOCK OF WYCLIFF DR SE,SUSPICIOUS INCIDENT,Police,KENT CO SHERIFF,,
4,2026-09-09T13:39:00Z,1788961140000,BYRON TWP,CLYDE PARK AVE SW / 74TH ST SW,VEHICLE CRASH,Police,KENT CO SHERIFF,,
1,2026-09-09T13:42:00Z,1788961320000,WYOMING,2400 BLOCK OF BARBERRY DR SW,GENERAL ASSIST,Police,WYOMING POLICE,,
6,2026-09-09T13:46:00Z,1788961560000,GAINES TWP,6200 BLOCK OF WOODFIELD PL SE,DAMAGE TO PROPERTY,Police,KENT CO SHERIFF,,
1,2026-09-09T13:47:00Z,1788961620000,SPARTA,300 BLOCK OF W DIVISION ST NW,GENERAL ASSIST,Police,SPARTA POLICE,,
2,2026-09-09T13:47:00Z,1788961620000,WYOMING,5700 BLOCK OF BETHANNE DR SW,MEDICAL EMERGENCY,Fire,WYOMING FIRE,,
1,2026-09-09T13:53:00Z,1788961980000,WYOMING,2400 BLOCK OF BANNER DR SW,FIRE ALARM,Fire,WYOMING FIRE,,
3,2026-09-09T14:01:00Z,1788962460000,WYOMING,2300 BLOCK OF DE HOOP AVE SW,FRAUD,Police,WYOMING POLICE,,
1,2026-09-09T14:03:00Z,1788962580000,WYOMING,700 BLOCK OF 28TH ST SW,STOLEN VEHICLE,Police,WYOMING POLICE,,
2,2026-09-09T14:05:00Z,1788962700000,WYOMING,4400 BLOCK OF BYRON CENTER AVE SW,WELFARE CHECK,Police,WYOMING POLICE,,
1,2026-09-09T14:06:00Z,1788962760000,GRAND RAPIDS,1100 BLOCK OF I-196 FWY,GENERAL ASSIST,Police,MICHIGAN STATE POLICE,,
10,2026-09-09T14:35:00Z,1788964500000,GRAND RAPIDS,0 BLOCK OF HOME ST SE,ANIMAL INCIDENT,Police,ANIMAL CONTROL,,
1,2026-09-09T14:38:00Z,1788964680000,LOWELL,700 BLOCK OF W MAIN ST SE,SUSPICIOUS INCIDENT,Police,LOWELL POLICE,,
1,2026-09-09T14:46:00Z,1788965160000,WYOMING,1900 BLOCK OF PRAIRIE PKWY SW,LARCENY,Police,WYOMING POLICE,,
3,2026-09-09T14:50:00Z,1788965400000,OAKFIELD TWP,MORGAN MILLS AVE NE / 12 MILE RD NE,VEHICLE CRASH,Police,KENT CO SHERIFF,,
2,2026-09-09T14:52:00Z,1788965520000,PLAINFIELD TWP,2700 BLOCK OF 5 MILE RD NE,MEDICAL EMERGENCY,Fire,PLAINFIELD TWP FIRE,,
1,2026-09-09T14:55:00Z,1788965700000,ROCKFORD,400 BLOCK OF N MAIN ST NE,GENERAL ASSIST,Police,ROCKFORD POLICE,,
2,2026-09-09T14:55:00Z,1788965700000,WYOMING,400 BLOCK OF 54TH ST SW,GENERAL ASSIST,Police,WYOMING POLICE,,
8,2026-09-09T15:03:00Z,1788966180000,PLAINFIELD TWP,6900 BLOCK OF VINEWOOD AVE NE,ANIMAL INCIDENT,Police,ANIMAL CONTROL,,
4,2026-09-09T15:04:00Z,1788966240000,KENTWOOD,2400 BLOCK OF FOREST HILL AVE SE,LOITERING,Police,KENTWOOD POLICE,,
7,2026-09-09T15:04:00Z,1788966240000,KENTWOOD,4200 BLOCK OF SPARKS DR SE,LOITERING,Police,KENTWOOD POLICE,,
1,2026-09-09T15:04:00Z,1788966240000,WYOMING,5800 BLOCK OF VILLAGE DR SW,MEDICAL EMERGENCY,Fire,WYOMING FIRE,,
6,2026-09-09T15:05:00Z,1788966300000,PLAINFIELD TWP,5700 BLOCK OF COIT AVE NE,FRAUD,Police,KENT CO SHERIFF,,
3,2026-09-09T15:05:00Z,1788966300000,GAINES TWP,700 BLOCK OF FRESNO CIR SE,DAMAGE TO PROPERTY,Police,KENT CO SHERIFF,,
4,2026-09-09T15:13:00Z,1788966780000,GRAND RAPIDS TWP,3300 BLOCK OF E FULTON ST,WELFARE CHECK,Police,KENT CO SHERIFF,,
2,2026-09-09T15:14:00Z,1788966840000,GRAND RAPIDS TWP,100 BLOCK OF FOREST HILL AVE SE,WIRE DOWN,Fire,GRAND RAPIDS TWP FIRE,,
1,2026-09-09T15:15:00Z,1788966900000,VERGENNES TWP,1000 BLOCK OF N WASHINGTON ST SE,MEDICAL EMERGENCY,Fire,LOWELL AREA FIRE,,
2,2026-09-09T15:24:00Z,1788967440000,GRANDVILLE,3300 BLOCK OF 34TH ST SW,MEDICAL EMERGENCY,Fire,GRANDVILLE FIRE,,
6,2026-09-09T15:29:00Z,1788967740000,GRAND RAPIDS,DIAMOND AVE NE / LEONARD ST NE,ANIMAL INCIDENT,Police,ANIMAL CONTROL,,
1,2026-09-09T15:29:00Z,1788967740000,WYOMING,CLAY AVE SW / 44TH ST SW,GENERAL ASSIST,Police,WYOMING POLICE,,
2,2026-09-09T15:31:00Z,1788967860000,CALEDONIA,9100 BLOCK OF SOUTH RODGERS CT SE,MEDICAL EMERGENCY,Fire,CALEDONIA TWP FIRE,,
1,2026-09-09T15:33:00Z,1788967980000,KENTWOOD,RADCLIFF AVE SE / 28TH ST SE,VEHICLE CRASH,Police,KENTWOOD POLICE,,
2,2026-09-09T15:39:00Z,1788968340000,PLAINFIELD TWP,6900 BLOCK OF SHADY OAK DR NE,ANIMAL INCIDENT,Police,ANIMAL CONTROL,,
1,2026-09-09T15:42:00Z,1788968520000,LOWELL,300 BLOCK OF SPRING ST SE,MEDICAL EMERGENCY,Fire,LOWELL AREA FIRE,,
2,2026-09-09T15:43:00Z,1788968580000,KENTWOOD,DISCOVERY DR SE / WOLFBORO DR SE,PARKING VIOLATION,Police,KENTWOOD POLICE,,
2,2026-09-09T15:43:00Z,1788968580000,WYOMING,3400 BLOCK OF PARKLAND AVE SW,ASSAULT,Police,WYOMING POLICE,,
7,2026-09-09T15:52:00Z,1788969120000,WYOMING,1400 BLOCK OF PRAIRIE PKWY SW,LARCENY,Police,WYOMING POLICE,,
1,2026-09-09T15:54:00Z,1788969240000,GRAND RAPIDS,2000 BLOCK OF EAST BELTLINE AVE NE,GENERAL ASSIST,Police,KENT CO SHERIFF,,
1,2026-09-09T16:01:00Z,1788969660000,KENTWOOD,1900 BLOCK OF ROWLAND AVE SE,ABANDONED VEHICLE,Police,KENTWOOD POLICE,,
6,2026-09-09T16:04:00Z,1788969840000,GRAND RAPIDS TWP,2000 BLOCK OF KREFT ST NE,WELFARE CHECK,Police,KENT CO SHERIFF,,
10,2026-09-09T16:08:00Z,1788970080000,WYOMING,3000 BLOCK OF WATERCHASE WAY SW,ANIMAL INCIDENT,Police,ANIMAL CONTROL,,
1,2026-09-09T16:15:00Z,1788970500000,KENTWOOD,S DIVISION AVE / 60TH ST SE,RECKLESS DRIVER,Police,KENTWOOD POLICE,,
5,2026-09-09T16:20:00Z,1788970800000,WYOMING,5600 BLOCK OF CLYDE PARK AVE SW,FRAUD,Police,WYOMING POLICE,,
3,2026-09-09T16:21:00Z,1788970860000,GAINES TWP,6600 BLOCK OF EASTERN AVE SE,MEDICAL EMERGENCY,Fire,GAINES TWP FIRE,,
4,2026-09-09T16:21:00Z,1788970860000,WYOMING,300 BLOCK OF 54TH ST SW,MEDICAL EMERGENCY,Fire,WYOMING FIRE,,
2,2026-09-09T16:23:00Z,1788970980000,GAINES TWP,100 BLOCK OF COLEMAN ST SE,SUSPICIOUS INCIDENT,Police,KENT CO SHERIFF,,
3,2026-09-09T16:23:00Z,1788970980000,GAINES TWP,100 BLOCK OF COLEMAN ST SE,MISSING PERSON,Police,KENT CO SHERIFF,,
1,2026-09-09T16:24:00Z,1788971040000,GRANDVILLE,3400 BLOCK OF CENTURY CENTER ST SW,FRAUD,Police,GRANDVILLE POLICE,,
1,2026-09-09T16:31:00Z,1788971460000,WYOMING,1700 BLOCK OF NAGEL AVE SW,911 HANG UP,Police,WYOMING POLICE,,
2,2026-09-09T16:32:00Z,1788971520000,GAINES TWP,300 BLOCK OF N SHORESIDE DR SE,MISC FIRE,Fire,GAINES TWP FIRE,,
3,2026-09-09T16:32:00Z,1788971520000,PLAINFIELD TWP,4400 BLOCK OF PINE RIDGE PKWY NE,MEDICAL EMERGENCY,Fire,PLAINFIELD TWP FIRE,,
1,2026-09-09T16:39:00Z,1788971940000,WYOMING,2300 BLOCK OF DE HOOP AVE SW,SUSPICIOUS INCIDENT,Police,WYOMING POLICE,,
2,2026-09-09T16:44:00Z,1788972240000,EAST GRAND RAPIDS,700 BLOCK OF CROSWELL AVE SE,BURGLAR ALARM,Police,EAST GRAND RAPIDS POLICE,,
3,2026-09-09T16:44:00Z,1788972240000,KENTWOOD,3300 BLOCK OF PHEASANT RIDGE DR SE,LOUD NOISE,Police,KENTWOOD POLICE,,
1,2026-09-09T16:47:00Z,1788972420000,WYOMING,5600 BLOCK OF CLYDE PARK AVE SW,FRAUD,Police,WYOMING POLICE,,
2,2026-09-09T16:57:00Z,1788973020000,ALPINE TWP,4000 BLOCK OF ALPINE AVE NW,VEHICLE CRASH,Police,KENT CO SHERIFF,,
3,2026-09-09T16:57:00Z,1788973020000,KENTWOOD,2700 BLOCK OF EAST BELTLINE AVE SE,DISORDERLY PERSON,Police,KENTWOOD POLICE,,
1,2026-09-09T17:02:00Z,1788973320000,WYOMING,2100 BLOCK OF 52ND ST SW,FIRE ALARM,Fire,WYOMING FIRE,,
10,2026-09-09T17:09:00Z,1788973740000,KENTWOOD,4400 BLOCK OF BRETON AVE SE,SUSPICIOUS INCIDENT,Police,KENTWOOD POLICE,,
1,2026-09-09T17:14:00Z,1788974040000,ALGOMA TWP,11900 BLOCK OF LINDSEY DR NE,MEDICAL EMERGENCY,Fire,ALGOMA TWP FIRE,,
8,2026-09-09T17:16:00Z,1788974160000,NELSON TWP,US-131 SB AT CEDAR SPRINGS AVE,ANIMAL INCIDENT,Police,ANIMAL CONTROL,43.2583016,-85.55114903
7,2026-09-09T17:22:00Z,1788974520000,GAINES TWP,6300 BLOCK OF WOODFIELD PL SE,DAMAGE TO PROPERTY,Police,KENT CO SHERIFF,,
1,2026-09-09T17:26:00Z,1788974760000,KENTWOOD,BELLEWOOD DR SE / EASTERN AVE SE,WELFARE CHECK,Police,KENTWOOD POLICE,,
8,2026-09-09T17:32:00Z,1788975120000,BYRON TWP,M-6 EB TO US-131 NB RAMP,VEHICLE CRASH,Police,KENT CO SHERIFF,42.8471649,-85.67611713
5,2026-09-09T17:33:00Z,1788975180000,WYOMING,1800 BLOCK OF 35TH ST SW,FRAUD,Police,WYOMING POLICE,,
1,2026-09-09T17:34:00Z,1788975240000,SPARTA,200 BLOCK OF KINGS BLVD NW,MEDICAL EMERGENCY,Fire,SPARTA FIRE,,
4,2026-09-09T17:34:00Z,1788975240000,WALKER,3600 BLOCK OF 3 MILE RD NW,VEHICLE CRASH,Police,WALKER POLICE,,
2,2026-09-09T17:40:00Z,1788975600000,WYOMING,100 BLOCK OF WILBUR ST SE,HARASSMENT,Police,WYOMING POLICE,,
1,2026-09-09T17:41:00Z,1788975660000,CASCADE TWP,5500 BLOCK OF 28TH ST SE,MEDICAL EMERGENCY,Fire,CASCADE TWP FIRE,,
5,2026-09-09T17:49:00Z,1788976140000,GAINES TWP,6200 BLOCK OF WOODFIELD PL SE,DAMAGE TO PROPERTY,Police,KENT CO SHERIFF,,
4,2026-09-09T17:54:00Z,1788976440000,WYOMING,1400 BLOCK OF BURTON ST SW,SUSPICIOUS INCIDENT,Police,WYOMING POLICE,,
3,2026-09-09T17:55:00Z,1788976500000,KENTWOOD,4500 BLOCK OF BRETON AVE SE,MEDICAL EMERGENCY,Fire,KENTWOOD FIRE,,
5,2026-09-09T17:55:00Z,1788976500000,SOLON TWP,2800 BLOCK OF 19 MILE RD NE,MEDICAL EMERGENCY,Fire,SOLON TWP FIRE,,
2,2026-09-09T17:56:00Z,1788976560000,KENTWOOD,1900 BLOCK OF LOCKMERE DR SE,BURGLAR ALARM,Police,KENTWOOD POLICE,,
6,2026-09-09T17:59:00Z,1788976740000,GRANDVILLE,IVANREST AVE SW / 29TH ST SW,VEHICLE CRASH,Police,GRANDVILLE POLICE,,
1,2026-09-09T17:59:00Z,1788976740000,WYOMING,4800 BLOCK OF S DIVISION AVE,VEHICLE CRASH,Police,WYOMING POLICE,,
5,2026-09-09T18:02:00Z,1788976920000,GAINES TWP,7000 BLOCK OF PLACID POINTE CT SE,BURGLAR ALARM,Police,KENT CO SHERIFF,,
1,2026-09-09T18:03:00Z,1788976980000,WYOMING,900 BLOCK OF MARCIA ST SW,TRESPASSING,Police,WYOMING POLICE,,
3,2026-09-09T18:08:00Z,1788977280000,CANNON TWP,7000 BLOCK OF GOLDENROD DR NE,MEDICAL EMERGENCY,Fire,CANNON TWP FIRE,,
5,2026-09-09T18:09:00Z,1788977340000,KENTWOOD,4700 BLOCK OF N BRETON CT SE,FRAUD,Police,KENTWOOD POLICE,,
2,2026-09-09T18:10:00Z,1788977400000,WYOMING,800 BLOCK OF 28TH ST SW,GENERAL ASSIST,Police,WYOMING POLICE,,
1,2026-09-09T18:11:00Z,1788977460000,GRANDVILLE,3400 BLOCK OF WILSON AVE SW,SUSPICIOUS INCIDENT,Police,GRANDVILLE POLICE,,
1,2026-09-09T18:13:00Z,1788977580000,WYOMING,300 BLOCK OF MAPLELAWN ST SW,MEDICAL EMERGENCY,Fire,WYOMING FIRE,,
2,2026-09-09T18:13:00Z,1788977580000,WYOMING,1700 BLOCK OF GLENVALE CT SW,SUSPICIOUS INCIDENT,Police,WYOMING POLICE,,
2,2026-09-09T18:17:00Z,1788977820000,ROCKFORD,400 BLOCK OF SUMMIT AVE NE,ANIMAL INCIDENT,Police,ANIMAL CONTROL,,
1,2026-09-09T18:18:00Z,1788977880000,KENTWOOD,2300 BLOCK OF BRIDLE CREEK ST SE,STOLEN VEHICLE,Police,KENTWOOD POLICE,,
1,2026-09-09T18:18:00Z,1788977880000,WYOMING,500 BLOCK OF 32ND ST SE,MEDICAL EMERGENCY,Fire,WYOMING FIRE,,
12,2026-09-09T18:35:00Z,1788978900000,GRANDVILLE,4800 BLOCK OF BROOKSIDE DR SW,ANIMAL INCIDENT,Police,ANIMAL CONTROL,,
2,2026-09-09T18:37:00Z,1788979020000,CASCADE TWP,5800 BLOCK OF FOREMOST DR SE,MEDICAL EMERGENCY,Fire,CASCADE TWP FIRE,,
4,2026-09-09T18:42:00Z,1788979320000,KENTWOOD,2700 BLOCK OF EAST BELTLINE AVE SE,GENERAL ASSIST,Police,KENTWOOD POLICE,,
2,2026-09-09T18:45:00Z,1788979500000,CEDAR SPRINGS,300 BLOCK OF PRAIRIE RUN DR NE,VEHICLE CRASH,Police,KENT CO SHERIFF,,
1,2026-09-09T18:45:00Z,1788979500000,WYOMING,28TH ST SW / MICHAEL AVE SW,GENERAL ASSIST,Police,WYOMING POLICE,,
1,2026-09-09T18:47:00Z,1788979620000,WALKER,3400 BLOCK OF PEACH RIDGE AVE NW,CARBON MONOXIDE INVESTIGATION,Fire,WALKER FIRE,,
3,2026-09-09T18:48:00Z,1788979680000,KENTWOOD,4000 BLOCK OF WOODLAND CREEK DR SE,FRAUD,Police,KENTWOOD POLICE,,
3,2026-09-09T18:50:00Z,1788979800000,CEDAR SPRINGS,400 BLOCK OF S MAIN ST NE,MEDICAL EMERGENCY,Fire,CEDAR SPRINGS FIRE,,
2,2026-09-09T18:51:00Z,1788979860000,EAST GRAND RAPIDS,1100 BLOCK OF LAKESIDE DR SE,MEDICAL EMERGENCY,Fire,EAST GRAND RAPIDS FIRE,,
1,2026-09-09T18:53:00Z,1788979980000,BYRON TWP,S DIVISION AVE / PEONY ST SW,TRAFFIC VIOLATION,Police,KENT CO SHERIFF,,
8,2026-09-09T19:00:00Z,1788980400000,BYRON TWP,1700 BLOCK OF PORTADOWN RD SW,DAMAGE TO PROPERTY,Police,KENT CO SHERIFF,,
1,2026-09-09T19:03:00Z,1788980580000,BYRON TWP,6500 BLOCK OF CLAY AVE SW,GENERAL ASSIST,Police,KENT CO SHERIFF,,
2,2026-09-09T19:09:00Z,1788980940000,WYOMING,900 BLOCK OF 32ND ST SW,BURGLAR ALARM,Police,WYOMING POLICE,,
1,2026-09-09T19:12:00Z,1788981120000,GAINES TWP,6600 BLOCK OF CROSSINGS DR SE,BURGLAR ALARM,Police,KENT CO SHERIFF,,
2,2026-09-09T19:17:00Z,1788981420000,TYRONE TWP,20 MILE RD NW / PEACH RIDGE AVE NW,VEHICLE CRASH,Police,KENT CITY FIRE,,
3,2026-09-09T19:17:00Z,1788981420000,TYRONE TWP,20 MILE RD NW / PEACH RIDGE AVE NW,VEHICLE CRASH,Police,KENT CO SHERIFF,,
1,2026-09-09T19:20:00Z,1788981600000,WYOMING,1100 BLOCK OF WHITING ST SW,MEDICAL EMERGENCY,Fire,WYOMING FIRE,,
8,2026-09-09T19:23:00Z,1788981780000,WYOMING,2200 BLOCK OF LEE ST SW,FIRE ALARM,Fire,WYOMING FIRE,,
9,2026-09-09T19:25:00Z,1788981900000,WALKER,2400 BLOCK OF ALPINE AVE NW,ANIMAL INCIDENT,Police,ANIMAL CONTROL,,
2,2026-09-09T19:25:00Z,1788981900000,GRANDVILLE,3800 BLOCK OF RIVERTOWN PKWY SW,OBSCENITY,Police,GRANDVILLE POLICE,,
3,2026-09-09T19:25:00Z,1788981900000,PLAINFIELD TWP,WEST RIVER DR NE / VERTA DR NE,GENERAL ASSIST,Police,KENT CO SHERIFF,,
1,2026-09-09T19:27:00Z,1788982020000,EAST GRAND RAPIDS,1600 BLOCK OF OXFORD RD SE,WELFARE CHECK,Police,EAST GRAND RAPIDS POLICE,,
3,2026-09-09T19:27:00Z,1788982020000,WYOMING,5900 BLOCK OF BAYBERRY FARMS DR SW,MEDICAL EMERGENCY,Fire,WYOMING FIRE,,
1,2026-09-09T19:29:00Z,1788982140000,ALPINE TWP,3800 BLOCK OF FRUIT RIDGE AVE NW,TRESPASSING,Police,KENT CO SHERIFF,,
3,2026-09-09T19:32:00Z,1788982320000,CASCADE TWP,KRAFT AVE SE / 28TH ST SE,VEHICLE CRASH,Police,KENT CO SHERIFF,,
2,2026-09-09T19:33:00Z,1788982380000,WYOMING,3800 BLOCK OF MADISON AVE SE,MEDICAL EMERGENCY,Fire,WYOMING FIRE,,
1,2026-09-09T19:38:00Z,1788982680000,BYRON TWP,8500 BLOCK OF SKYLINE ST SW,MEDICAL EMERGENCY,Fire,BYRON TWP FIRE,,
5,2026-09-09T19:52:00Z,1788983520000,BYRON TWP,0 BLOCK OF NUEVILLE ST SW,WELFARE CHECK,Police,KENT CO SHERIFF,,
2,2026-09-09T19:54:00Z,1788983640000,WALKER,1500 BLOCK OF TRINIDAD DR NW,MEDICAL EMERGENCY,Fire,WALKER FIRE,,
1,2026-09-09T19:56:00Z,1788983760000,KENTWOOD,300 BLOCK OF WANDERCREST ST SE,LARCENY,Police,KENTWOOD POLICE,,
2,2026-09-09T20:01:00Z,1788984060000,WYOMING,28TH ST SW / BUCHANAN AVE SW,FIGHT,Police,WYOMING POLICE,,
1,2026-09-09T20:04:00Z,1788984240000,KENTWOOD,EASTERN AVE SE / 44TH ST SE,VEHICLE CRASH,Police,KENTWOOD POLICE,,
3,2026-09-09T20:05:00Z,1788984300000,CASCADE TWP,1500 BLOCK OF BRIARCLIFF DR SE,FIRE ALARM,Fire,CASCADE TWP FIRE,,
1,2026-09-09T20:08:00Z,1788984480000,GRANDVILLE,4000 BLOCK OF 44TH ST SW,SUSPICIOUS INCIDENT,Police,GRANDVILLE POLICE,,
1,2026-09-09T20:09:00Z,1788984540000,KENTWOOD,4100 BLOCK OF CAMELOT RIDGE DR SE,BURGLAR ALARM,Police,KENTWOOD POLICE,,
6,2026-09-09T20:10:00Z,1788984600000,KENTWOOD,3300 BLOCK OF PHEASANT RIDGE DR SE,SUSPICIOUS INCIDENT,Police,KENTWOOD POLICE,,
4,2026-09-09T20:12:00Z,1788984720000,ALGOMA TWP,11400 BLOCK OF ALGOMA AVE NE,GENERAL ASSIST,Police,KENT CO SHERIFF,,
3,2026-09-09T20:14:00Z,1788984840000,BYRON TWP,0 BLOCK OF NUEVILLE ST SW,MEDICAL EMERGENCY,Fire,BYRON TWP FIRE,,
1,2026-09-09T20:16:00Z,1788984960000,WYOMING,2300 BLOCK OF DE HOOP AVE SW,GENERAL ASSIST,Police,WYOMING POLICE,,
1,2026-09-09T20:20:00Z,1788985200000,WYOMING,300 BLOCK OF 54TH ST SW,VEHICLE CRASH,Police,WYOMING POLICE,,
1,2026-09-09T20:24:00Z,1788985440000,SPARTA,600 BLOCK OF S STATE ST NW,VEHICLE CRASH,Police,SPARTA FIRE,,
2,2026-09-09T20:34:00Z,1788986040000,KENTWOOD,4500 BLOCK OF BOWEN BLVD SE,MEDICAL EMERGENCY,Fire,KENTWOOD FIRE,,
1,2026-09-09T20:35:00Z,1788986100000,WALKER,2400 BLOCK OF ALPINE AVE NW,FRAUD,Police,WALKER POLICE,,
1,2026-09-09T20:38:00Z,1788986280000,WALKER,WILSON AVE NW / LEONARD ST NW,VEHICLE CRASH,Police,WALKER POLICE,,
3,2026-09-09T20:43:00Z,1788986580000,CASCADE TWP,PATTERSON AVE SE / 28TH ST SE,WELFARE CHECK,Police,KENT CO SHERIFF,,
2,2026-09-09T20:46:00Z,1788986760000,ALPINE TWP,HENZE ST NW / ALPINE AVE NW,VEHICLE CRASH,Police,KENT CO SHERIFF,,
5,2026-09-09T20:49:00Z,1788986940000,GRANDVILLE,3600 BLOCK OF PRAIRIE ST SW,SUSPICIOUS INCIDENT,Police,GRANDVILLE POLICE,,
1,2026-09-09T20:51:00Z,1788987060000,GRANDVILLE,2800 BLOCK OF DORMAX ST SW,BURGLAR ALARM,Police,GRANDVILLE POLICE,,
3,2026-09-09T20:51:00Z,1788987060000,ALGOMA TWP,10400 BLOCK OF NORTHLAND DR NE,BURGLAR ALARM,Police,KENT CO SHERIFF,,
4,2026-09-09T20:53:00Z,1788987180000,SPENCER TWP,12500 BLOCK OF 18 MILE RD NE,LARCENY,Police,KENT CO SHERIFF,,
2,2026-09-09T21:00:00Z,1788987600000,WALKER,1200 BLOCK OF WALKER VILLAGE DR NW,MEDICAL EMERGENCY,Fire,WALKER FIRE,,
1,2026-09-09T21:00:00Z,1788987600000,WALKER,1200 BLOCK OF WALKER VILLAGE DR NW,GENERAL ASSIST,Police,WALKER POLICE,,
1,2026-09-09T21:04:00Z,1788987840000,GAINES TWP,7300 BLOCK OF PERIWINKLE AVE SE,MEDICAL EMERGENCY,Fire,GAINES TWP FIRE,,
3,2026-09-09T21:04:00Z,1788987840000,LOWELL TWP,36TH ST SE / TIMPSON AVE SE,VEHICLE CRASH,Police,KENT CO SHERIFF,,
2,2026-09-09T21:04:00Z,1788987840000,BYRON TWP,7900 BLOCK OF CLYDE PARK AVE SW,SUSPICIOUS INCIDENT,Police,KENT CO SHERIFF,,
6,2026-09-09T21:06:00Z,1788987960000,PLAINFIELD TWP,4700 BLOCK OF WEST RIVER DR NE,INJUNCTIVE VIOLATION,Police,KENT CO SHERIFF,,
1,2026-09-09T21:12:00Z,1788988320000,GRANDVILLE,3300 BLOCK OF CHESTNUT ST SW,CARBON MONOXIDE INVESTIGATION,Fire,GRANDVILLE FIRE,,
4,2026-09-09T21:19:00Z,1788988740000,WYOMING,5600 BLOCK OF CLYDE PARK AVE SW,FRAUD,Police,WYOMING POLICE,,
3,2026-09-09T21:26:00Z,1788989160000,CALEDONIA TWP,WHITNEYVILLE AVE SE / 60TH ST SE,VEHICLE CRASH,Police,CALEDONIA TWP FIRE,,
1,2026-09-09T21:26:00Z,1788989160000,BYRON TWP,500 BLOCK OF 76TH ST SW,SUSPICIOUS INCIDENT,Police,KENT CO SHERIFF,,
9,2026-09-09T21:26:00Z,1788989160000,CALEDONIA TWP,5300 BLOCK OF PALFREY PL SE,LOUD NOISE,Police,KENT CO SHERIFF,,
6,2026-09-09T21:26:00Z,1788989160000,CALEDONIA TWP,WHITNEYVILLE AVE SE / 60TH ST SE,VEHICLE CRASH,Police,KENT CO SHERIFF,,
3,2026-09-09T21:38:00Z,1788989880000,OAKFIELD TWP,SASSAFRAS CT NE / MORGAN MILLS AVE NE,MISC FIRE,Fire,OAKFIELD TWP FIRE,,
1,2026-09-09T21:40:00Z,1788990000000,GRAND RAPIDS,800 BLOCK OF LIVINGSTON AVE NE,GENERAL ASSIST,Police,KENT CO SHERIFF,,
1,2026-09-09T21:41:00Z,1788990060000,KENTWOOD,4500 BLOCK OF BURTON FOREST CT SE,SUSPICIOUS INCIDENT,Police,KENTWOOD POLICE,,
2,2026-09-09T21:46:00Z,1788990360000,WYOMING,2700 BLOCK OF PRAIRIE ST SW,FOUND PROPERTY,Police,WYOMING POLICE,,
1,2026-09-09T22:01:00Z,1788991260000,WYOMING,1700 BLOCK OF NAGEL AVE SW,MISC FIRE,Fire,WYOMING FIRE,,
3,2026-09-09T22:02:00Z,1788991320000,WYOMING,1700 BLOCK OF NAGEL AVE SW,GENERAL ASSIST,Police,WYOMING POLICE,,
2,2026-09-09T22:03:00Z,1788991380000,KENTWOOD,1500 BLOCK OF HIDDEN VALLEY DR SE,MEDICAL EMERGENCY,Fire,KENTWOOD FIRE,,
4,2026-09-09T22:04:00Z,1788991440000,KENTWOOD,3100 BLOCK OF WOODBRIDGE DR SE,MEDICAL EMERGENCY,Fire,KENTWOOD FIRE,,
1,2026-09-09T22:06:00Z,1788991560000,KENTWOOD,3100 BLOCK OF WOODBRIDGE DR SE,GENERAL ASSIST,Police,KENTWOOD POLICE,,
2,2026-09-09T22:08:00Z,1788991680000,GRAND RAPIDS TWP,900 BLOCK OF EAST PARIS AVE SE,SUSPICIOUS INCIDENT,Police,KENT CO SHERIFF,,
1,2026-09-09T22:12:00Z,1788991920000,SPENCER TWP,13100 BLOCK OF 19 MILE RD NE,WIRE DOWN,Fire,SPENCER TWP FIRE,,
1,2026-09-09T22:14:00Z,1788992040000,KENTWOOD,5000 BLOCK OF MARLETTE AVE SE,DISORDERLY PERSON,Police,KENTWOOD POLICE,,
5,2026-09-09T22:25:00Z,1788992700000,KENTWOOD,400 BLOCK OF MURRAY ST SE,DISORDERLY PERSON,Police,KENTWOOD POLICE,,
6,2026-09-09T22:27:00Z,1788992820000,PLAINFIELD TWP,3900 BLOCK OF 5 MILE RD NE,BROADCAST,Police,KENT CO SHERIFF,,
1,2026-09-09T22:27:00Z,1788992820000,PLAINFIELD TWP,3900 BLOCK OF 5 MILE RD NE,MEDICAL EMERGENCY,Fire,PLAINFIELD TWP FIRE,,
2,2026-09-09T22:34:00Z,1788993240000,WYOMING,4700 BLOCK OF S DIVISION AVE,WEAPONS VIOLATION,Police,WYOMING POLICE,,
5,2026-09-09T22:38:00Z,1788993480000,KENTWOOD,44TH ST SE / S DIVISION AVE,DAMAGE TO PROPERTY,Police,KENTWOOD POLICE,,
1,2026-09-09T22:45:00Z,1788993900000,GAINES TWP,3400 BLOCK OF MISTYWOOD ST SE,MEDICAL EMERGENCY,Fire,GAINES TWP FIRE,,
2,2026-09-09T22:45:00Z,1788993900000,SPARTA TWP,1400 BLOCK OF COUNTRY VIEW CT NW,MEDICAL EMERGENCY,Fire,SPARTA FIRE,,
2,2026-09-09T22:50:00Z,1788994200000,CASCADE TWP,CASCADE RD SE / QUIGGLE AVE SE,VEHICLE CRASH,Police,KENT CO SHERIFF,,
4,2026-09-09T22:50:00Z,1788994200000,CASCADE TWP,CASCADE RD SE / QUIGGLE AVE SE,TRAFFIC VIOLATION,Police,KENT CO SHERIFF,,
3,2026-09-09T22:50:00Z,1788994200000,WYOMING,1300 BLOCK OF OAKCREST ST SW,WIRE DOWN,Fire,WYOMING FIRE,,
1,2026-09-09T22:52:00Z,1788994320000,CASCADE TWP,6100 BLOCK OF DEL CANO DR SE,MEDICAL EMERGENCY,Fire,CASCADE TWP FIRE,,
1,2026-09-09T23:00:00Z,1788994800000,SPARTA,0 BLOCK OF APPLEWOOD DR NW,ABANDONED VEHICLE,Police,SPARTA POLICE,,
1,2026-09-09T23:07:00Z,1788995220000,SPARTA TWP,1000 BLOCK OF 10 MILE RD NW,MEDICAL EMERGENCY,Fire,SPARTA FIRE,,
1,2026-09-09T23:23:00Z,1788996180000,WYOMING,5200 BLOCK OF S DIVISION AVE,BURGLAR ALARM,Police,WYOMING POLICE,,
3,2026-09-09T23:32:00Z,1788996720000,WYOMING,ARIEBILL ST SW / RAVEN AVE SW,DISORDERLY PERSON,Police,WYOMING POLICE,,
3,2026-09-09T23:33:00Z,1788996780000,GAINES TWP,1200 BLOCK OF COBB DR SE,LOUD NOISE,Police,KENT CO SHERIFF,,
1,2026-09-09T23:33:00Z,1788996780000,WYOMING,3900 BLOCK OF S DIVISION AVE,DISORDERLY PERSON,Police,WYOMING POLICE,,
1,2026-09-09T23:37:00Z,1788997020000,PLAINFIELD TWP,3900 BLOCK OF MAYFIELD AVE NE,MEDICAL EMERGENCY,Fire,PLAINFIELD TWP FIRE,,
1,2026-09-09T23:37:00Z,1788997020000,WYOMING,3600 BLOCK OF COLLINGWOOD AVE SW,MEDICAL EMERGENCY,Fire,WYOMING FIRE,,
2,2026-09-09T23:47:00Z,1788997620000,GRANDVILLE,3900 BLOCK OF 44TH ST SW,LARCENY,Police,GRANDVILLE POLICE,,
1,2026-09-09T23:49:00Z,1788997740000,KENTWOOD,2400 BLOCK OF FOREST HILL AVE SE,MEDICAL EMERGENCY,Fire,KENTWOOD FIRE,,
3,2026-09-09T23:50:00Z,1788997800000,SOLON TWP,13600 BLOCK OF LIME LAKE DR NE,WELFARE CHECK,Police,KENT CO SHERIFF,,
1,2026-09-09T23:56:00Z,1788998160000,WYOMING,2000 BLOCK OF PRAIRIE PKWY SW,CARBON MONOXIDE INVESTIGATION,Fire,WYOMING FIRE,,
1,2026-09-09T23:57:00Z,1788998220000,WYOMING,100 BLOCK OF 32ND ST SE,GENERAL ASSIST,Police,WYOMING POLICE,,
1,2026-09-09T23:59:00Z,1788998340000,GAINES TWP,10300 BLOCK OF PATTERSON AVE SE,HARASSMENT,Police,KENT CO SHERIFF,,
1,2026-09-10T00:17:00Z,1788999420000,PLAINFIELD TWP,1200 BLOCK OF NORTH TRAIL CT NE,MEDICAL EMERGENCY,Fire,PLAINFIELD TWP FIRE,,
3,2026-09-10T00:19:00Z,1788999540000,WYOMING,2200 BLOCK OF MELVIN ST SW,WELFARE CHECK,Police,WYOMING POLICE,,
2,2026-09-10T00:23:00Z,1788999780000,WYOMING,36TH ST SW / HUBAL AVE SW,DEER PERMIT,Police,WYOMING POLICE,,
3,2026-09-10T00:25:00Z,1788999900000,CEDAR SPRINGS,400 BLOCK OF ALLAN ST NE,MEDICAL EMERGENCY,Fire,CEDAR SPRINGS FIRE,,
3,2026-09-10T00:27:00Z,1789000020000,KENTWOOD,3200 BLOCK OF POPLAR CREEK DR SE,WELFARE CHECK,Police,KENTWOOD POLICE,,
2,2026-09-10T00:27:00Z,1789000020000,KENTWOOD,3300 BLOCK OF 36TH ST SE,DISORDERLY PERSON,Police,KENTWOOD POLICE,,
1,2026-09-10T00:29:00Z,1789000140000,CASCADE TWP,7700 BLOCK OF CASCADE RD SE,CARBON MONOXIDE INVESTIGATION,Fire,CASCADE TWP FIRE,,
6,2026-09-10T00:30:00Z,1789000200000,WALKER,2700 BLOCK OF BRYANWOOD DR NW,FRAUD,Police,WALKER POLICE,,
1,2026-09-10T00:35:00Z,1789000500000,PLAINFIELD TWP,3900 BLOCK OF MAYFIELD AVE NE,911 HANG UP,Police,KENT CO SHERIFF,,
6,2026-09-10T00:46:00Z,1789001160000,CANNON TWP,5800 BLOCK OF BELDING RD NE,VEHICLE CRASH,Police,KENT CO SHERIFF,,
2,2026-09-10T00:49:00Z,1789001340000,GRAND RAPIDS TWP,EAST BELTLINE AVE NE / 3 MILE RD NE,VEHICLE CRASH,Police,KENT CO SHERIFF,,
4,2026-09-10T00:53:00Z,1789001580000,VERGENNES TWP,800 BLOCK OF PARNELL AVE NE,BROADCAST,Police,KENT CO SHERIFF,,
4,2026-09-10T00:53:00Z,1789001580000,VERGENNES TWP,800 BLOCK OF PARNELL AVE NE,MEDICAL EMERGENCY,Fire,LOWELL AREA FIRE,,
1,2026-09-10T00:55:00Z,1789001700000,GAINES TWP,100 BLOCK OF WAVELL ST SE,GENERAL ASSIST,Police,KENT CO SHERIFF,,
3,2026-09-10T00:55:00Z,1789001700000,GAINES TWP,100 BLOCK OF WAVELL ST SE,INJUNCTIVE VIOLATION,Police,KENT CO SHERIFF,,
2,2026-09-10T00:58:00Z,1789001880000,KENTWOOD,48TH ST SE / S DIVISION AVE,ASSAULT,Police,KENTWOOD POLICE,,
1,2026-09-10T00:59:00Z,1789001940000,WYOMING,1000 BLOCK OF 36TH ST SW,FIRE ALARM,Fire,WYOMING FIRE,,
9,2026-09-10T01:05:00Z,1789002300000,WYOMING,US-131 SB SO 44TH,VEHICLE CRASH,Police,WYOMING FIRE,42.88047202,-85.68188992
10,2026-09-10T01:05:00Z,1789002300000,WYOMING,US-131 SB SO 44TH,VEHICLE CRASH,Police,WYOMING POLICE,42.88047202,-85.68188992
1,2026-09-10T01:08:00Z,1789002480000,CASCADE TWP,5400 BLOCK OF 28TH ST CT SE,DISORDERLY PERSON,Police,KENT CO SHERIFF,,
2,2026-09-10T01:11:00Z,1789002660000,GRAND RAPIDS TWP,1100 BLOCK OF MEDICAL PARK DR SE,ASSAULT,Police,KENT CO SHERIFF,,
1,2026-09-10T01:14:00Z,1789002840000,ALPINE TWP,700 BLOCK OF YORK CREEK DR NW,SUSPICIOUS INCIDENT,Police,KENT CO SHERIFF,,
1,2026-09-10T01:18:00Z,1789003080000,WYOMING,1700 BLOCK OF GODFREY AVE SW,DISORDERLY PERSON,Police,WYOMING POLICE,,
2,2026-09-10T01:35:00Z,1789004100000,BYRON TWP,2100 BLOCK OF WHISTLEPIPE DR SW,MEDICAL EMERGENCY,Fire,BYRON TWP FIRE,,
1,2026-09-10T01:39:00Z,1789004340000,ALPINE TWP,200 BLOCK OF BRANDYWYNE DR NW,MEDICAL EMERGENCY,Fire,ALPINE TWP FIRE,,
1,2026-09-10T01:43:00Z,1789004580000,ADA TWP,5400 BLOCK OF ADA DR SE,FIRE INVESTIGATION,Fire,ADA TWP FIRE,,
4,2026-09-10T01:55:00Z,1789005300000,SOLON TWP,15900 BLOCK OF SYCAMORE AVE NE,MEDICAL EMERGENCY,Fire,SOLON TWP FIRE,,
3,2026-09-10T01:58:00Z,1789005480000,KENTWOOD,3500 BLOCK OF COBBLESTONE CT SE,WELFARE CHECK,Police,KENTWOOD POLICE,,
2,2026-09-10T02:00:00Z,1789005600000,WYOMING,2800 BLOCK OF S DIVISION AVE,MEDICAL EMERGENCY,Fire,WYOMING FIRE,,
1,2026-09-10T02:01:00Z,1789005660000,EAST GRAND RAPIDS,1600 BLOCK OF SEMINOLE RD SE,SUSPICIOUS INCIDENT,Police,EAST GRAND RAPIDS POLICE,,
2,2026-09-10T02:07:00Z,1789006020000,KENTWOOD,4600 BLOCK OF 28TH ST SE,MEDICAL EMERGENCY,Fire,KENTWOOD FIRE,,
1,2026-09-10T02:07:00Z,1789006020000,KENTWOOD,4100 BLOCK OF LAKE DR SE,BURGLAR ALARM,Police,KENTWOOD POLICE,,
1,2026-09-10T02:13:00Z,1789006380000,GRANDVILLE,4200 BLOCK OF OMAHA ST SW,MEDICAL EMERGENCY,Fire,GRANDVILLE FIRE,,
3,2026-09-10T02:19:00Z,1789006740000,ALGOMA TWP,11900 BLOCK OF LINDSEY DR NE,MEDICAL EMERGENCY,Fire,ALGOMA TWP FIRE,,
2,2026-09-10T02:22:00Z,1789006920000,WYOMING,4700 BLOCK OF S DIVISION AVE,MEDICAL EMERGENCY,Fire,WYOMING FIRE,,
1,2026-09-10T02:26:00Z,1789007160000,CASCADE TWP,2900 BLOCK OF JACKSMITH AVE SE,911 HANG UP,Police,KENT CO SHERIFF,,
3,2026-09-10T02:29:00Z,1789007340000,CANNON TWP,7100 BLOCK OF WELLER DR NE,MEDICAL EMERGENCY,Fire,CANNON TWP FIRE,,
2,2026-09-10T02:30:00Z,1789007400000,WYOMING,2800 BLOCK OF 56TH ST SW,MEDICAL EMERGENCY,Fire,WYOMING FIRE,,
1,2026-09-10T02:31:00Z,1789007460000,WALKER,2700 BLOCK OF VALLEY AVE NW,MEDICAL EMERGENCY,Fire,WALKER FIRE,,
1,2026-09-10T02:39:00Z,1789007940000,WYOMING,2700 BLOCK OF SUDBURY ST SW,WELFARE CHECK,Police,WYOMING POLICE,,
1,2026-09-10T02:40:00Z,1789008000000,ALPINE TWP,4600 BLOCK OF FOXCROFT AVE NW,911 HANG UP,Police,KENT CO SHERIFF,,
5,2026-09-10T02:43:00Z,1789008180000,LOWELL,400 BLOCK OF N JACKSON ST SE,GENERAL ASSIST,Police,LOWELL POLICE,,
3,2026-09-10T02:51:00Z,1789008660000,ALGOMA TWP,1800 BLOCK OF RECTOR ST NE,CARBON MONOXIDE INVESTIGATION,Fire,ALGOMA TWP FIRE,,
4,2026-09-10T02:51:00Z,1789008660000,GAINES TWP,6200 BLOCK OF WOODFIELD DR SE,VEHICLE CRASH,Police,KENT CO SHERIFF,,
2,2026-09-10T02:52:00Z,1789008720000,GAINES TWP,EASTERN AVE SE / WOODFIELD DR SE,VEHICLE CRASH,Police,GAINES TWP FIRE,,
1,2026-09-10T02:54:00Z,1789008840000,WYOMING,4700 BLOCK OF S DIVISION AVE,GENERAL ASSIST,Police,WYOMING POLICE,,
1,2026-09-10T03:00:00Z,1789009200000,LOWELL,200 BLOCK OF N BROADWAY ST SE,MEDICAL EMERGENCY,Fire,LOWELL AREA FIRE,,
2,2026-09-10T03:04:00Z,1789009440000,CASCADE TWP,2600 BLOCK OF PATTERSON AVE SE,BURGLAR ALARM,Police,KENT CO SHERIFF,,
1,2026-09-10T03:06:00Z,1789009560000,WYOMING,900 BLOCK OF 36TH ST SW,TRESPASSING,Police,WYOMING POLICE,,
2,2026-09-10T03:12:00Z,1789009920000,WYOMING,36TH ST SW / BYRON CENTER AVE SW,SUSPICIOUS INCIDENT,Police,WYOMING POLICE,,
1,2026-09-10T03:14:00Z,1789010040000,KENTWOOD,2700 BLOCK OF 44TH ST SE,FIRE ALARM,Fire,KENTWOOD FIRE,,
1,2026-09-10T03:15:00Z,1789010100000,KENTWOOD,4700 BLOCK OF N BRETON CT SE,HARASSMENT,Police,KENTWOOD POLICE,,
1,2026-09-10T03:42:00Z,1789011720000,WYOMING,3800 BLOCK OF S DIVISION AVE,FIELD INVESTIGATION,Police,WYOMING POLICE,,
2,2026-09-10T03:50:00Z,1789012200000,CANNON TWP,4900 BLOCK OF STURGIS AVE NE,911 HANG UP,Police,KENT CO SHERIFF,,
1,2026-09-10T03:53:00Z,1789012380000,WYOMING,3500 BLOCK OF HUBAL AVE SW,SUSPICIOUS INCIDENT,Police,WYOMING POLICE,,
1,2026-09-10T03:57:00Z,1789012620000,BYRON TWP,7000 BLOCK OF HOLLYHILL CT SW,MEDICAL EMERGENCY,Fire,BYRON TWP FIRE,,
5,2026-09-10T04:01:00Z,1789012860000,WYOMING,1800 BLOCK OF 30TH ST SW,STRUCTURE FIRE,Fire,WYOMING FIRE,,
3,2026-09-10T04:14:00Z,1789013640000,BYRON TWP,100 BLOCK OF CARRIAGE LN SW,911 HANG UP,Police,KENT CO SHERIFF,,
2,2026-09-10T04:18:00Z,1789013880000,WYOMING,1000 BLOCK OF 36TH ST SW,SUSPICIOUS INCIDENT,Police,WYOMING POLICE,,
1,2026-09-10T04:36:00Z,1789014960000,ADA TWP,7300 BLOCK OF KNAPP ST NE,BURGLAR ALARM,Police,KENT CO SHERIFF,,
1,2026-09-10T04:43:00Z,1789015380000,PLAINFIELD TWP,5300 BLOCK OF CIRCLE DR NE,SUSPICIOUS INCIDENT,Police,KENT CO SHERIFF,,
1,2026-09-10T04:48:00Z,1789015680000,KENTWOOD,700 BLOCK OF REDWOOD LN SE,VEHICLE CRASH,Police,KENTWOOD POLICE,,
2,2026-09-10T05:07:00Z,1789016820000,KENTWOOD,4500 BLOCK OF NORTHBURY CT SE,LOUD NOISE,Police,KENTWOOD POLICE,,
2,2026-09-10T05:55:00Z,1789019700000,WYOMING,DALTON AVE SW / ELBON ST SW,SUSPICIOUS INCIDENT,Police,WYOMING POLICE,,
1,2026-09-10T05:56:00Z,1789019760000,CASCADE TWP,5000 BLOCK OF 28TH ST SE,LOUD NOISE,Police,KENT CO SHERIFF,,
2,2026-09-10T06:11:00Z,1789020660000,KENTWOOD,1800 BLOCK OF PEMBROKE DR SE,SUSPICIOUS INCIDENT,Police,KENTWOOD POLICE,,
1,2026-09-10T06:13:00Z,1789020780000,WALKER,4300 BLOCK OF REMEMBRANCE RD NW,WELFARE CHECK,Police,WALKER POLICE,,
1,2026-09-10T06:20:00Z,1789021200000,BYRON TWP,500 BLOCK OF 76TH ST SW,MEDICAL EMERGENCY,Fire,BYRON TWP FIRE,,
1,2026-09-10T06:20:00Z,1789021200000,WYOMING,3300 BLOCK OF WOODWARD AVE SW,SUSPICIOUS INCIDENT,Police,WYOMING POLICE,,
1,2026-09-10T06:39:00Z,1789022340000,CEDAR SPRINGS,14200 BLOCK OF WHITE CREEK AVE NE,LOITERING,Police,KENT CO SHERIFF,,
1,2026-09-10T06:52:00Z,1789023120000,WALKER,4400 BLOCK OF REMEMBRANCE RD NW,HARASSMENT,Police,WALKER POLICE,,
1,2026-09-10T07:01:00Z,1789023660000,BYRON TWP,500 BLOCK OF 68TH ST SW,MEDICAL EMERGENCY,Fire,BYRON TWP FIRE,,
4,2026-09-10T07:04:00Z,1789023840000,CALEDONIA TWP,10000 BLOCK OF CROSSROADS CT SE,WELFARE CHECK,Police,KENT CO SHERIFF,,
1,2026-09-10T07:07:00Z,1789024020000,CALEDONIA TWP,10000 BLOCK OF CROSSROADS CT SE,MEDICAL EMERGENCY,Fire,CALEDONIA TWP FIRE,,
2,2026-09-10T07:08:00Z,1789024080000,GRANDVILLE,28TH ST SW / WILSON AVE SW,VEHICLE CRASH,Police,GRANDVILLE POLICE,,
1,2026-09-10T07:14:00Z,1789024440000,WYOMING,200 BLOCK OF ABBIE ST SE,911 HANG UP,Police,WYOMING POLICE,,
1,2026-09-10T07:16:00Z,1789024560000,KENTWOOD,4400 BLOCK OF OVERLOOK TERRACE SE,MEDICAL EMERGENCY,Fire,KENTWOOD FIRE,,
1,2026-09-10T07:29:00Z,1789025340000,KENTWOOD,3200 BLOCK OF 28TH ST SE,SUSPICIOUS INCIDENT,Police,KENTWOOD POLICE,,
2,2026-09-10T07:41:00Z,1789026060000,WYOMING,2600 BLOCK OF NOEL AVE SW,SUSPICIOUS INCIDENT,Police,WYOMING POLICE,,
1,2026-09-10T07:42:00Z,1789026120000,KENTWOOD,5100 BLOCK OF HEYBOER AVE SE,GENERAL ASSIST,Police,KENTWOOD POLICE,,
1,2026-09-10T07:47:00Z,1789026420000,ALGOMA TWP,9700 BLOCK OF GRANGE AVE NE,MEDICAL EMERGENCY,Fire,ALGOMA TWP FIRE,,
1,2026-09-10T08:28:00Z,1789028880000,WYOMING,200 BLOCK OF 28TH ST SW,STOLEN VEHICLE,Police,WYOMING POLICE,,
1,2026-09-10T08:31:00Z,1789029060000,CASCADE TWP,6700 BLOCK OF BURTON ST SE,SUSPICIOUS INCIDENT,Police,KENT CO SHERIFF,,
1,2026-09-10T08:41:00Z,1789029660000,SPARTA,300 BLOCK OF W DIVISION ST NW,OBSCENITY,Police,SPARTA POLICE,,
1,2026-09-10T08:45:00Z,1789029900000,BYRON TWP,6500 BLOCK OF LANCE AVE SW,MEDICAL EMERGENCY,Fire,BYRON TWP FIRE,,
2,2026-09-10T08:59:00Z,1789030740000,CASCADE TWP,2500 BLOCK OF ORCHID CT SE,BURGLAR ALARM,Police,KENT CO SHERIFF,,
1,2026-09-10T09:00:00Z,1789030800000,WYOMING,5500 BLOCK OF CLYDE PARK AVE SW,FIRE ALARM,Fire,WYOMING FIRE,,
2,2026-09-10T09:03:00Z,1789030980000,WYOMING,4400 BLOCK OF BUCHANAN AVE SW,MEDICAL EMERGENCY,Fire,WYOMING FIRE,,
1,2026-09-10T09:03:00Z,1789030980000,WYOMING,28TH ST SW / BOULEVARD DR SW,VEHICLE CRASH,Police,WYOMING POLICE,,
1,2026-09-10T09:16:00Z,1789031760000,CEDAR SPRINGS,4200 BLOCK OF 17 MILE RD NE,BURGLAR ALARM,Police,KENT CO SHERIFF,,
2,2026-09-10T09:21:00Z,1789032060000,CASCADE TWP,6100 BLOCK OF N GATEHOUSE DR SE,MEDICAL EMERGENCY,Fire,CASCADE TWP FIRE,,
1,2026-09-10T09:22:00Z,1789032120000,GRANDVILLE,3400 BLOCK OF CENTURY CENTER ST SW,BURGLAR ALARM,Police,GRANDVILLE POLICE,,
1,2026-09-10T09:25:00Z,1789032300000,WYOMING,1400 BLOCK OF PRAIRIE PKWY SW,MEDICAL EMERGENCY,Fire,WYOMING FIRE,,
1,2026-09-10T09:35:00Z,1789032900000,BYRON TWP,2000 BLOCK OF PLEASANT POND DR SW,MEDICAL EMERGENCY,Fire,BYRON TWP FIRE,,
1,2026-09-10T09:41:00Z,1789033260000,ALPINE TWP,3800 BLOCK OF YORKLAND DR NW,SUSPICIOUS INCIDENT,Police,KENT CO SHERIFF,,
2,2026-09-10T09:52:00Z,1789033920000,GRAND RAPIDS TWP,1500 BLOCK OF SHERIN DR NE,DISORDERLY PERSON,Police,KENT CO SHERIFF,,
1,2026-09-10T09:52:00Z,1789033920000,PLAINFIELD TWP,1600 BLOCK OF LORI LN NE,DISORDERLY PERSON,Police,KENT CO SHERIFF,,
5,2026-09-10T09:58:00Z,1789034280000,WYOMING,2200 BLOCK OF METRO LN SW,SUSPICIOUS INCIDENT,Police,WYOMING POLICE,,
1,2026-09-10T10:08:00Z,1789034880000,WYOMING,2000 BLOCK OF GALEWOOD AVE SW,WELFARE CHECK,Police,WYOMING POLICE,,
1,2026-09-10T10:16:00Z,1789035360000,WALKER,1100 BLOCK OF HIGHPOINT DR NW,MEDICAL EMERGENCY,Fire,WALKER FIRE,,
1,2026-09-10T10:16:00Z,1789035360000,WYOMING,2600 BLOCK OF BURLINGAME AVE SW,WELFARE CHECK,Police,WYOMING POLICE,,
3,2026-09-10T10:19:00Z,1789035540000,LOWELL TWP,I-96 EB EO ALDEN NASH,VEHICLE CRASH,Police,ALTO AREA FIRE,42.87860237,-85.36927835
3,2026-09-10T10:19:00Z,1789035540000,LOWELL TWP,I-96 EB EO ALDEN NASH,VEHICLE CRASH,Police,KENT CO SHERIFF,42.87860237,-85.36927835
1,2026-09-10T10:26:00Z,1789035960000,GRANDVILLE,3500 BLOCK OF VIADUCT ST SW,MEDICAL EMERGENCY,Fire,GRANDVILLE FIRE,,
1,2026-09-10T10:32:00Z,1789036320000,WYOMING,1700 BLOCK OF GODFREY AVE SW,SUSPICIOUS INCIDENT,Police,WYOMING POLICE,,
1,2026-09-10T10:47:00Z,1789037220000,TYRONE TWP,17 MILE RD NW / SPARTA AVE NW,VEHICLE CRASH,Police,KENT CITY FIRE,,
2,2026-09-10T10:47:00Z,1789037220000,TYRONE TWP,17 MILE RD NW / SPARTA AVE NW,VEHICLE CRASH,Police,KENT CO SHERIFF,,
3,2026-09-10T11:03:00Z,1789038180000,SPARTA TWP,15 MILE RD NW / LONG LAKE DR NW,WELFARE CHECK,Police,KENT CO SHERIFF,,
2,2026-09-10T11:14:00Z,1789038840000,GRAND RAPIDS TWP,3200 BLOCK OF EAGLE PARK DR NE,BURGLAR ALARM,Police,KENT CO SHERIFF,,
1,2026-09-10T11:16:00Z,1789038960000,WALKER,ALPINE AVE NW / 3 MILE RD NW,WELFARE CHECK,Police,WALKER POLICE,,
8,2026-09-10T11:18:00Z,1789039080000,LOWELL TWP,ALDEN NASH AVE SE / E FULTON ST,VEHICLE CRASH,Police,KENT CO SHERIFF,,
2,2026-09-10T11:23:00Z,1789039380000,WYOMING,1700 BLOCK OF PLAS ST SW,LARCENY,Police,WYOMING POLICE,,
2,2026-09-10T11:26:00Z,1789039560000,CALEDONIA TWP,CHERRY VALLEY AVE SE / 84TH ST SE,VEHICLE CRASH,Police,KENT CO SHERIFF,,
1,2026-09-10T11:28:00Z,1789039680000,PLAINFIELD TWP,5300 BLOCK OF PLAINFIELD AVE NE,MEDICAL EMERGENCY,Fire,PLAINFIELD TWP FIRE,,
4,2026-09-10T11:30:00Z,1789039800000,EAST GRAND RAPIDS,1900 BLOCK OF WEALTHY ST SE,PARKING VIOLATION,Police,EAST GRAND RAPIDS POLICE,,
3,2026-09-10T11:38:00Z,1789040280000,SOLON TWP,14600 BLOCK OF HANNA AVE NE,MEDICAL EMERGENCY,Fire,SOLON TWP FIRE,,
2,2026-09-10T11:39:00Z,1789040340000,GRANDVILLE,IVANREST AVE SW / PRAIRIE ST SW,VEHICLE CRASH,Police,GRANDVILLE POLICE,,
1,2026-09-10T11:40:00Z,1789040400000,GRANDVILLE,IVANREST AVE SW / PRAIRIE ST SW,VEHICLE CRASH,Police,GRANDVILLE FIRE,,
3,2026-09-10T11:47:00Z,1789040820000,GRANDVILLE,3400 BLOCK OF OTTAWA AVE SW,LARCENY,Police,GRANDVILLE POLICE,,
1,2026-09-10T11:50:00Z,1789041000000,WYOMING,600 BLOCK OF 32ND ST SW,VEHICLE CRASH,Police,WYOMING POLICE,,
7,2026-09-10T11:51:00Z,1789041060000,GAINES TWP,1400 BLOCK OF 68TH ST SE,DEER PERMIT,Police,KENT CO SHERIFF,,
5,2026-09-10T11:52:00Z,1789041120000,SPARTA TWP,1400 BLOCK OF MEADOW PARK DR NW,SUSPICIOUS INCIDENT,Police,KENT CO SHERIFF,,
1,2026-09-10T11:53:00Z,1789041180000,EAST GRAND RAPIDS,2800 BLOCK OF WOODCLIFF CIR SE,BURGLAR ALARM,Police,EAST GRAND RAPIDS POLICE,,
4,2026-09-10T11:54:00Z,1789041240000,PLAINFIELD TWP,BELTLINE CT NE / CLEAR VISTA DR NE,ABANDONED VEHICLE,Police,KENT CO SHERIFF,,
6,2026-09-10T11:54:00Z,1789041240000,PLAINFIELD TWP,BELTLINE CT NE / CLEAR VISTA DR NE,VEHICLE CRASH,Police,KENT CO SHERIFF,,
1,2026-09-10T11:56:00Z,1789041360000,KENTWOOD,32ND ST SE / SHAFFER AVE SE,VEHICLE CRASH,Police,KENTWOOD POLICE,,
4,2026-09-10T12:06:00Z,1789041960000,ADA TWP,7100 BLOCK OF HEADLEY ST SE,VEHICLE CRASH,Police,KENT CO SHERIFF,,
2,2026-09-10T12:06:00Z,1789041960000,ADA TWP,HEADLEY ST SE / E FULTON ST,VEHICLE CRASH,Police,KENT CO SHERIFF,,
2,2026-09-10T12:07:00Z,1789042020000,KENTWOOD,4100 BLOCK OF CAMELOT RIDGE DR SE,VEHICLE CRASH,Police,KENTWOOD POLICE,,
1,2026-09-10T12:08:00Z,1789042080000,KENTWOOD,32ND ST SE / SHAFFER AVE SE,VEHICLE CRASH,Police,KENTWOOD FIRE,,
5,2026-09-10T12:09:00Z,1789042140000,BYRON TWP,1700 BLOCK OF THYME DR SW,LARCENY,Police,KENT CO SHERIFF,,
2,2026-09-10T12:12:00Z,1789042320000,CASCADE TWP,1600 BLOCK OF LARAWAY LAKE DR SE,DEER PERMIT,Police,KENT CO SHERIFF,,
1,2026-09-10T12:12:00Z,1789042320000,CASCADE TWP,LARAWAY LAKE DR SE / MURDOCK WOODS CT SE,DEER PERMIT,Police,KENT CO SHERIFF,,
1,2026-09-10T12:17:00Z,1789042620000,KENTWOOD,3200 BLOCK OF 28TH ST SE,VEHICLE CRASH,Police,KENTWOOD POLICE,,
2,2026-09-10T12:24:00Z,1789043040000,BOWNE TWP,9100 BLOCK OF BERGY AVE SE,GENERAL ASSIST,Police,KENT CO SHERIFF,,
1,2026-09-10T12:26:00Z,1789043160000,GAINES TWP,1200 BLOCK OF 68TH ST SE,MEDICAL EMERGENCY,Fire,GAINES TWP FIRE,,
8,2026-09-10T12:38:00Z,1789043880000,GRAND RAPIDS TWP,1500 BLOCK OF EAST BELTLINE AVE NE,MEDICAL EMERGENCY,Fire,GRAND RAPIDS TWP FIRE,,
1,2026-09-10T12:47:00Z,1789044420000,EAST GRAND RAPIDS,1400 BLOCK OF RIDGEWOOD AVE SE,MEDICAL EMERGENCY,Fire,EAST GRAND RAPIDS FIRE,,
2,2026-09-10T12:49:00Z,1789044540000,KENTWOOD,5200 BLOCK OF KALAMAZOO AVE SE,WEAPONS VIOLATION,Police,KENTWOOD POLICE,,
9,2026-09-10T12:49:00Z,1789044540000,KENTWOOD,5200 BLOCK OF KALAMAZOO AVE SE,TRESPASSING,Police,KENTWOOD POLICE,,
3,2026-09-10T12:53:00Z,1789044780000,ADA TWP,5100 BLOCK OF CASCADE RD SE,MEDICAL EMERGENCY,Fire,ADA TWP FIRE,,
5,2026-09-10T12:55:00Z,1789044900000,GRATTAN TWP,BELDING RD NE / LINCOLN LAKE AVE NE,GENERAL ASSIST,Police,KENT CO SHERIFF,,
1,2026-09-10T12:56:00Z,1789044960000,GRAND RAPIDS,500 BLOCK OF HALL ST SW,ANIMAL INCIDENT,Police,ANIMAL CONTROL,,
1,2026-09-10T13:01:00Z,1789045260000,WYOMING,3300 BLOCK OF WOODWARD AVE SW,MEDICAL EMERGENCY,Fire,WYOMING FIRE,,
1,2026-09-10T13:10:00Z,1789045800000,WYOMING,2500 BLOCK OF FOX RUN RD SW,MEDICAL EMERGENCY,Fire,WYOMING FIRE,,
3,2026-09-10T13:18:00Z,1789046280000,WYOMING,5500 BLOCK OF CARAVEL DR SW,LARCENY,Police,WYOMING POLICE,,
1,2026-09-10T13:20:00Z,1789046400000,GAINES TWP,6700 BLOCK OF BENTON LN SE,MEDICAL EMERGENCY,Fire,GAINES TWP FIRE,,
1,2026-09-10T13:20:00Z,1789046400000,GRAND RAPIDS TWP,1500 BLOCK OF EAST BELTLINE AVE NE,MEDICAL EMERGENCY,Fire,KENT CO SHERIFF,,
6,2026-09-10T13:20:00Z,1789046400000,KENTWOOD,2900 BLOCK OF PATTERSON AVE SE,OBSCENITY,Police,KENTWOOD POLICE,,
3,2026-09-10T13:26:00Z,1789046760000,GAINES TWP,7000 BLOCK OF TERRA COTTA AVE SE,MISSING PERSON,Police,KENT CO SHERIFF,,
3,2026-09-10T13:34:00Z,1789047240000,KENTWOOD,5300 BLOCK OF KELLOGG WOODS DR SE,SUSPICIOUS INCIDENT,Police,KENTWOOD POLICE,,
4,2026-09-10T13:34:00Z,1789047240000,PLAINFIELD TWP,6000 BLOCK OF COIT AVE NE,MEDICAL EMERGENCY,Fire,PLAINFIELD TWP FIRE,,
2,2026-09-10T13:35:00Z,1789047300000,WALKER,800 BLOCK OF FERRIS ST NW,MEDICAL EMERGENCY,Fire,WALKER FIRE,,
1,2026-09-10T13:35:00Z,1789047300000,WALKER,800 BLOCK OF FERRIS ST NW,BROADCAST,Police,WALKER POLICE,,
4,2026-09-10T13:36:00Z,1789047360000,WYOMING,2900 BLOCK OF LONGSTREET AVE SW,ANIMAL INCIDENT,Police,ANIMAL CONTROL,,
12,2026-09-10T13:47:00Z,1789048020000,VERGENNES TWP,13300 BLOCK OF BURROUGHS ST NE,WELFARE CHECK,Police,KENT CO SHERIFF,,
1,2026-09-10T13:53:00Z,1789048380000,BYRON TWP,700 BLOCK OF 68TH ST SW,STOLEN VEHICLE,Police,KENT CO SHERIFF,,
2,2026-09-10T13:56:00Z,1789048560000,PLAINFIELD TWP,4300 BLOCK OF CANNONSBURG RD NE,SUSPICIOUS INCIDENT,Police,KENT CO SHERIFF,,
2,2026-09-10T14:03:00Z,1789048980000,CALEDONIA TWP,BROADMOOR AVE SE / 60TH ST SE,VEHICLE CRASH,Police,KENT CO SHERIFF,,
1,2026-09-10T14:04:00Z,1789049040000,WYOMING,2800 BLOCK OF 44TH ST SW,FRAUD,Police,WYOMING POLICE,,
10,2026-09-10T14:06:00Z,1789049160000,GAINES TWP,8000 BLOCK OF BREWER WOODS CT SE,FRAUD,Police,KENT CO SHERIFF,,
1,2026-09-10T14:07:00Z,1789049220000,CEDAR SPRINGS,4200 BLOCK OF 17 MILE RD NE,FOUND PROPERTY,Police,KENT CO SHERIFF,,
4,2026-09-10T14:09:00Z,1789049340000,GRAND RAPIDS TWP,3400 BLOCK OF PLAINFIELD AVE NE,WELFARE CHECK,Police,KENT CO SHERIFF,,
2,2026-09-10T14:11:00Z,1789049460000,GRANDVILLE,4300 BLOCK OF WILFRED AVE SW,ABANDONED VEHICLE,Police,GRANDVILLE POLICE,,
3,2026-09-10T14:11:00Z,1789049460000,PLAINFIELD TWP,1500 BLOCK OF WOODWORTH ST NE,DAMAGE TO PROPERTY,Police,KENT CO SHERIFF,,
9,2026-09-10T14:11:00Z,1789049460000,PLAINFIELD TWP,1500 BLOCK OF WOODWORTH ST NE,LARCENY,Police,KENT CO SHERIFF,,
1,2026-09-10T14:16:00Z,1789049760000,GAINES TWP,KALAMAZOO AVE SE / MARKETPLACE DR SE,VEHICLE CRASH,Police,KENT CO SHERIFF,,
2,2026-09-10T14:19:00Z,1789049940000,EAST GRAND RAPIDS,500 BLOCK OF GREENWOOD AVE SE,PARKING VIOLATION,Police,EAST GRAND RAPIDS POLICE,,
1,2026-09-10T14:25:00Z,1789050300000,WYOMING,GRAND RIDGE DR SW / CANAL AVE SW,GENERAL ASSIST,Police,WYOMING POLICE,,
7,2026-09-10T14:27:00Z,1789050420000,LOWELL,12700 BLOCK OF FOREMAN ST SE,GENERAL ASSIST,Police,KENT CO SHERIFF,,
11,2026-09-10T14:27:00Z,1789050420000,GAINES TWP,7200 BLOCK OF EASTERN AVE SE,FRAUD,Police,KENT CO SHERIFF,,
3,2026-09-10T14:29:00Z,1789050540000,GAINES TWP,66TH ST SE / PARIS AVE SE,VEHICLE CRASH,Police,KENT CO SHERIFF,,
2,2026-09-10T14:32:00Z,1789050720000,GAINES TWP,900 BLOCK OF COPPER WOOD DR SE,MEDICAL EMERGENCY,Fire,GAINES TWP FIRE,,
4,2026-09-10T14:34:00Z,1789050840000,PLAINFIELD TWP,5000 BLOCK OF PLEASANTCREEK AVE NE,SUSPICIOUS INCIDENT,Police,KENT CO SHERIFF,,
12,2026-09-10T14:35:00Z,1789050900000,WYOMING,WENDLER AVE SW / ENGLE ST SW,FOUND PROPERTY,Police,WYOMING POLICE,,
1,2026-09-10T14:37:00Z,1789051020000,ADA TWP,500 BLOCK OF EDGEWORTHE DR SE,ANIMAL INCIDENT,Police,ANIMAL CONTROL,,
3,2026-09-10T14:38:00Z,1789051080000,WALKER,900 BLOCK OF CEDAR RUN CT NW,WELFARE CHECK,Police,WALKER POLICE,,
2,2026-09-10T14:40:00Z,1789051200000,BYRON TWP,2300 BLOCK OF BYRON VIEW DR SW,MEDICAL EMERGENCY,Fire,BYRON TWP FIRE,,
1,2026-09-10T14:41:00Z,1789051260000,BYRON TWP,7500 BLOCK OF CROOKED CREEK DR SW,MEDICAL EMERGENCY,Fire,BYRON TWP FIRE,,
4,2026-09-10T14:44:00Z,1789051440000,WALKER,900 BLOCK OF 4 MILE RD NW,ANIMAL INCIDENT,Police,ANIMAL CONTROL,,
2,2026-09-10T14:44:00Z,1789051440000,OAKFIELD TWP,11600 BLOCK OF 13 MILE RD NE,MEDICAL EMERGENCY,Fire,OAKFIELD TWP FIRE,,
1,2026-09-10T14:46:00Z,1789051560000,ALGOMA TWP,14 MILE RD NE / US-131 FWY,GENERAL ASSIST,Police,KENT CO SHERIFF,,
9,2026-09-10T14:50:00Z,1789051800000,WYOMING,5600 BLOCK OF CLYDE PARK AVE SW,DAMAGE TO PROPERTY,Police,WYOMING POLICE,,
1,2026-09-10T14:51:00Z,1789051860000,WALKER,900 BLOCK OF 4 MILE RD NW,MEDICAL EMERGENCY,Fire,WALKER FIRE,,
13,2026-09-10T14:54:00Z,1789052040000,GRANDVILLE,CHICAGO DR AT OTTAWA CO LINE,MEDICAL EMERGENCY,Fire,GRANDVILLE FIRE,42.90447771,-85.7820505
2,2026-09-10T14:56:00Z,1789052160000,BYRON TWP,7000 BLOCK OF HOLLYHILL CT SW,MEDICAL EMERGENCY,Fire,BYRON TWP FIRE,,
3,2026-09-10T14:56:00Z,1789052160000,KENTWOOD,EAST GROVE DR SE / BAILEYS GROVE DR SE,WELFARE CHECK,Police,KENTWOOD POLICE,,
10,2026-09-10T14:57:00Z,1789052220000,GRAND RAPIDS,0 BLOCK OF GRIGGS ST SW,ANIMAL INCIDENT,Police,ANIMAL CONTROL,,
4,2026-09-10T14:59:00Z,1789052340000,GRAND RAPIDS TWP,2000 BLOCK OF DECIDUOUS DR NE,BURGLAR ALARM,Police,KENT CO SHERIFF,,
3,2026-09-10T15:04:00Z,1789052640000,WALKER,200 BLOCK OF MANZANA CT NW,MEDICAL EMERGENCY,Fire,WALKER FIRE,,
2,2026-09-10T15:04:00Z,1789052640000,WALKER,200 BLOCK OF MANZANA CT NW,BROADCAST,Police,WALKER POLICE,,
5,2026-09-10T15:05:00Z,1789052700000,WYOMING,1700 BLOCK OF CLYDE PARK AVE SW,STRUCTURE FIRE,Fire,WYOMING FIRE,,
8,2026-09-10T15:06:00Z,1789052760000,KENTWOOD,2100 BLOCK OF SANDY SHORES DR SE,SUSPICIOUS INCIDENT,Police,KENTWOOD POLICE,,
4,2026-09-10T15:06:00Z,1789052760000,KENTWOOD,2800 BLOCK OF HEARTHSTONE DR SE,BURGLAR ALARM,Police,KENTWOOD POLICE,,
3,2026-09-10T15:07:00Z,1789052820000,GAINES TWP,100 BLOCK OF BREWER PARK CIR SE,MEDICAL EMERGENCY,Fire,GAINES TWP FIRE,,
2,2026-09-10T15:10:00Z,1789053000000,EAST GRAND RAPIDS,2300 BLOCK OF WEALTHY ST SE,MEDICAL EMERGENCY,Fire,EAST GRAND RAPIDS FIRE,,
1,2026-09-10T15:11:00Z,1789053060000,ALPINE TWP,3800 BLOCK OF YORKLAND DR NW,MEDICAL EMERGENCY,Fire,ALPINE TWP FIRE,,
2,2026-09-10T15:11:00Z,1789053060000,ALPINE TWP,700 BLOCK OF HANSEL ST NW,MEDICAL EMERGENCY,Fire,ALPINE TWP FIRE,,
5,2026-09-10T15:14:00Z,1789053240000,SPARTA TWP,M-37 / SPARTA AVE NW,VEHICLE CRASH,Police,KENT CO SHERIFF,,
3,2026-09-10T15:14:00Z,1789053240000,SPARTA TWP,M-37 / SPARTA AVE NW,VEHICLE CRASH,Police,SPARTA FIRE,,
2,2026-09-10T15:17:00Z,1789053420000,GRANDVILLE,3600 BLOCK OF CHICKASAW CT SW,MEDICAL EMERGENCY,Fire,GRANDVILLE FIRE,,
1,2026-09-10T15:23:00Z,1789053780000,EAST GRAND RAPIDS,2200 BLOCK OF WEALTHY ST SE,PARKING VIOLATION,Police,EAST GRAND RAPIDS POLICE,,
3,2026-09-10T15:28:00Z,1789054080000,EAST GRAND RAPIDS,LAKE DR SE / HALL ST SE,VEHICLE CRASH,Police,EAST GRAND RAPIDS POLICE,,
11,2026-09-10T15:29:00Z,1789054140000,WYOMING,2800 BLOCK OF HIGHGATE AVE SW,ANIMAL INCIDENT,Police,ANIMAL CONTROL,,
2,2026-09-10T15:30:00Z,1789054200000,WYOMING,2400 BLOCK OF MC KEE AVE SW,PARKING VIOLATION,Police,WYOMING POLICE,,
1,2026-09-10T15:32:00Z,1789054320000,KENTWOOD,4100 BLOCK OF CAMELOT RIDGE DR SE,FIRE ALARM,Fire,KENTWOOD FIRE,,
3,2026-09-10T15:33:00Z,1789054380000,PLAINFIELD TWP,8000 BLOCK OF CHILDSDALE AVE NE,FIRE ALARM,Fire,PLAINFIELD TWP FIRE,,
4,2026-09-10T15:33:00Z,1789054380000,WYOMING,2100 BLOCK OF WRENWOOD ST SW,WELFARE CHECK,Police,WYOMING POLICE,,
2,2026-09-10T15:37:00Z,1789054620000,GAINES TWP,1400 BLOCK OF EASTPORT DR SE,MEDICAL EMERGENCY,Fire,GAINES TWP FIRE,,
2,2026-09-10T15:39:00Z,1789054740000,PLAINFIELD TWP,6300 BLOCK OF WEST RIVER DR NE,VEHICLE CRASH,Police,KENT CO SHERIFF,,
1,2026-09-10T15:41:00Z,1789054860000,GAINES TWP,300 BLOCK OF S GREEN MEADOW ST SE,BROADCAST,Police,KENT CO SHERIFF,,
1,2026-09-10T15:44:00Z,1789055040000,WYOMING,2400 BLOCK OF MC KEE AVE SW,PARKING VIOLATION,Police,WYOMING POLICE,,
2,2026-09-10T15:46:00Z,1789055160000,WYOMING,2400 BLOCK OF 36TH ST SW,WELFARE CHECK,Police,WYOMING POLICE,,
5,2026-09-10T15:46:00Z,1789055160000,WYOMING,700 BLOCK OF 44TH ST SW,LARCENY,Police,WYOMING POLICE,,
1,2026-09-10T15:48:00Z,1789055280000,GRANDVILLE,3400 BLOCK OF 44TH ST SW,MEDICAL EMERGENCY,Fire,GRANDVILLE FIRE,,
3,2026-09-10T15:50:00Z,1789055400000,OAKFIELD TWP,12900 BLOCK OF MONTCALM AVE NE,MEDICAL EMERGENCY,Fire,OAKFIELD TWP FIRE,,
13,2026-09-10T15:51:00Z,1789055460000,WYOMING,I-196 WB WO MARKET-WY,VEHICLE CRASH,Police,WYOMING POLICE,42.94175286,-85.7136497
3,2026-09-10T15:53:00Z,1789055580000,ALPINE TWP,500 BLOCK OF NETHERFIELD ST NW,WELFARE CHECK,Police,KENT CO SHERIFF,,
3,2026-09-10T15:56:00Z,1789055760000,CANNON TWP,CANNONSBURG RD NE / RAMSDELL DR NE,ANIMAL INCIDENT,Police,ANIMAL CONTROL,,
2,2026-09-10T15:56:00Z,1789055760000,COURTLAND TWP,5900 BLOCK OF TERRACE PARK DR NE,MEDICAL EMERGENCY,Fire,COURTLAND TWP FIRE,,
1,2026-09-10T16:03:00Z,1789056180000,LOWELL,400 BLOCK OF W MAIN ST SE,LARCENY,Police,LOWELL POLICE,,
4,2026-09-10T16:08:00Z,1789056480000,WYOMING,4900 BLOCK OF WILSON AVE SW,911 HANG UP,Police,WYOMING POLICE,,
10,2026-09-10T16:09:00Z,1789056540000,CALEDONIA TWP,8400 BLOCK OF KRAFT AVE SE,BURGLARY,Police,KENT CO SHERIFF,,
1,2026-09-10T16:10:00Z,1789056600000,EAST GRAND RAPIDS,2200 BLOCK OF LAKE DR SE,LARCENY,Police,EAST GRAND RAPIDS POLICE,,
1,2026-09-10T16:15:00Z,1789056900000,KENTWOOD,1500 BLOCK OF KATRINA DR SE,GENERAL ASSIST,Police,KENTWOOD POLICE,,
4,2026-09-10T16:19:00Z,1789057140000,GAINES TWP,3600 BLOCK OF 68TH ST SE,ANIMAL INCIDENT,Police,ANIMAL CONTROL,,
1,2026-09-10T16:24:00Z,1789057440000,CANNON TWP,7000 BLOCK OF CAMINO DEL REY DR NE,MEDICAL EMERGENCY,Fire,CANNON TWP FIRE,,
2,2026-09-10T16:24:00Z,1789057440000,KENTWOOD,700 BLOCK OF 52ND ST SE,FIRE ALARM,Fire,KENTWOOD FIRE,,
2,2026-09-10T16:28:00Z,1789057680000,WYOMING,BYRON CENTER AVE SW / 44TH ST SW,WEAPONS VIOLATION,Police,WYOMING POLICE,,
6,2026-09-10T16:29:00Z,1789057740000,ALGOMA TWP,4600 BLOCK OF 16 MILE RD NE,ANIMAL INCIDENT,Police,ANIMAL CONTROL,,
1,2026-09-10T16:35:00Z,1789058100000,WYOMING,28TH ST SW / BURLINGAME AVE SW,GENERAL ASSIST,Police,WYOMING POLICE,,
1,2026-09-10T16:44:00Z,1789058640000,WYOMING,2400 BLOCK OF MC KEE AVE SW,PARKING VIOLATION,Police,WYOMING POLICE,,
2,2026-09-10T16:47:00Z,1789058820000,GAINES TWP,400 BLOCK OF S GREEN MEADOW ST SE,WELFARE CHECK,Police,KENT CO SHERIFF,,
5,2026-09-10T16:52:00Z,1789059120000,SPENCER TWP,15800 BLOCK OF PENNY AVE NE,911 HANG UP,Police,KENT CO SHERIFF,,
3,2026-09-10T16:54:00Z,1789059240000,CALEDONIA TWP,6900 BLOCK OF CHERRY VALLEY AVE SE,DISORDERLY PERSON,Police,KENT CO SHERIFF,,
1,2026-09-10T16:54:00Z,1789059240000,KENTWOOD,6000 BLOCK OF LEISURE SOUTH DR SE,DAMAGE TO PROPERTY,Police,KENTWOOD POLICE,,
1,2026-09-10T16:54:00Z,1789059240000,KENTWOOD,BURGIS AVE SE / 48TH ST SE,ABANDONED VEHICLE,Police,KENTWOOD POLICE,,
1,2026-09-10T16:55:00Z,1789059300000,PLAINFIELD TWP,AIRWAY ST NE / PLAINFIELD AVE NE,VEHICLE CRASH,Police,KENT CO SHERIFF,,
4,2026-09-10T16:56:00Z,1789059360000,ALPINE TWP,3900 BLOCK OF YORKLAND DR NW,GENERAL ASSIST,Police,KENT CO SHERIFF,,
15,2026-09-10T17:01:00Z,1789059660000,GRANDVILLE,4300 BLOCK OF PRAIRIE ST SW,ANIMAL INCIDENT,Police,ANIMAL CONTROL,,
8,2026-09-10T17:01:00Z,1789059660000,WYOMING,4100 BLOCK OF WHITE OAK ST SW,FRAUD,Police,WYOMING POLICE,,
2,2026-09-10T17:01:00Z,1789059660000,WYOMING,4500 BLOCK OF CLYDE PARK AVE SW,DISORDERLY PERSON,Police,WYOMING POLICE,,
1,2026-09-10T17:10:00Z,1789060200000,KENTWOOD,400 BLOCK OF TAMPA ST SE,ABANDONED VEHICLE,Police,KENTWOOD POLICE,,
5,2026-09-10T17:23:00Z,1789060980000,LOWELL TWP,4400 BLOCK OF HILTON AVE SE,MEDICAL EMERGENCY,Fire,LOWELL AREA FIRE,,
1,2026-09-10T17:23:00Z,1789060980000,WYOMING,1300 BLOCK OF PRAIRIE PKWY SW,WELFARE CHECK,Police,WYOMING POLICE,,
1,2026-09-10T17:26:00Z,1789061160000,SPARTA TWP,100 BLOCK OF 15 MILE RD NW,FRAUD,Police,KENT CO SHERIFF,,
4,2026-09-10T17:26:00Z,1789061160000,WYOMING,3900 BLOCK OF S DIVISION AVE,TRESPASSING,Police,WYOMING POLICE,,
3,2026-09-10T17:27:00Z,1789061220000,WYOMING,2400 BLOCK OF ROYS AVE SW,WELFARE CHECK,Police,WYOMING POLICE,,
2,2026-09-10T17:28:00Z,1789061280000,WALKER,WILSON AVE NW / STANDALE CROSSING NW,VEHICLE CRASH,Police,WALKER POLICE,,
1,2026-09-10T17:29:00Z,1789061340000,BYRON TWP,S DIVISION AVE / 68TH ST SE,GENERAL ASSIST,Police,KENT CO SHERIFF,,
1,2026-09-10T17:35:00Z,1789061700000,GRANDVILLE,3000 BLOCK OF WILSON AVE SW,MEDICAL EMERGENCY,Fire,GRANDVILLE FIRE,,
3,2026-09-10T17:40:00Z,1789062000000,ALPINE TWP,6000 BLOCK OF ALPINE AVE NW,BURGLAR ALARM,Police,KENT CO SHERIFF,,
2,2026-09-10T17:41:00Z,1789062060000,WYOMING,2500 BLOCK OF OAKVIEW DR SW,WELFARE CHECK,Police,WYOMING POLICE,,
1,2026-09-10T17:44:00Z,1789062240000,GRAND RAPIDS,KENT SKILLS CENTER DR NE / KNAPP ST NE,WELFARE CHECK,Police,KENT CO SHERIFF,,
1,2026-09-10T17:46:00Z,1789062360000,GAINES TWP,7400 BLOCK OF REGAL AVE SE,HARASSMENT,Police,KENT CO SHERIFF,,
1,2026-09-10T17:53:00Z,1789062780000,SOLON TWP,13800 BLOCK OF PRIMROSE LN NE,HARASSMENT,Police,KENT CO SHERIFF,,
2,2026-09-10T18:06:00Z,1789063560000,BYRON TWP,CREEKSTONE LN SW / 68TH ST SW,SUSPICIOUS INCIDENT,Police,KENT CO SHERIFF,,
1,2026-09-10T18:09:00Z,1789063740000,BYRON TWP,1200 BLOCK OF 76TH ST SW,STRUCTURE FIRE,Fire,BYRON TWP FIRE,,
4,2026-09-10T18:15:00Z,1789064100000,CEDAR SPRINGS,S MAIN ST NE / E MUSKEGON ST NE,VEHICLE CRASH,Police,CEDAR SPRINGS FIRE,,
1,2026-09-10T18:15:00Z,1789064100000,CEDAR SPRINGS,S MAIN ST NE / E MUSKEGON ST NE,VEHICLE CRASH,Police,KENT CO SHERIFF,,
3,2026-09-10T18:18:00Z,1789064280000,PLAINFIELD TWP,4200 BLOCK OF SAND VALLEY DR NE,FRAUD,Police,KENT CO SHERIFF,,
2,2026-09-10T18:22:00Z,1789064520000,ADA TWP,1200 BLOCK OF BUTTRICK AVE SE,WELFARE CHECK,Police,KENT CO SHERIFF,,
2,2026-09-10T18:26:00Z,1789064760000,GAINES TWP,1400 BLOCK OF EASTPORT DR SE,TRESPASSING,Police,KENT CO SHERIFF,,
1,2026-09-10T18:27:00Z,1789064820000,ROCKFORD,NORTHLAND DR NE / 11 MILE RD NE,VEHICLE CRASH,Police,ROCKFORD POLICE,,
3,2026-09-10T18:32:00Z,1789065120000,WYOMING,2800 BLOCK OF S DIVISION AVE,911 HANG UP,Police,WYOMING POLICE,,
1,2026-09-10T18:32:00Z,1789065120000,WYOMING,3100 BLOCK OF COPLEY DR SW,WELFARE CHECK,Police,WYOMING POLICE,,
1,2026-09-10T18:37:00Z,1789065420000,ALPINE TWP,3600 BLOCK OF BRAMBLEBERRY DR NW,MEDICAL EMERGENCY,Fire,ALPINE TWP FIRE,,
3,2026-09-10T18:39:00Z,1789065540000,COURTLAND TWP,16 MILE RD NE / CRINNION AVE NE,SUSPICIOUS INCIDENT,Police,KENT CO SHERIFF,,
2,2026-09-10T18:39:00Z,1789065540000,WALKER,300 BLOCK OF RIVER RIDGE DR NW,FRAUD,Police,WALKER POLICE,,
6,2026-09-10T18:40:00Z,1789065600000,SPARTA TWP,2300 BLOCK OF 11 MILE RD NW,VEHICLE INSPECTION,Police,KENT CO SHERIFF,,
1,2026-09-10T18:45:00Z,1789065900000,WYOMING,2800 BLOCK OF S DIVISION AVE,MEDICAL EMERGENCY,Fire,WYOMING FIRE,,
3,2026-09-10T18:48:00Z,1789066080000,GRAND RAPIDS TWP,3200 BLOCK OF N EVERGREEN DR NE,911 HANG UP,Police,KENT CO SHERIFF,,
4,2026-09-10T18:50:00Z,1789066200000,GRAND RAPIDS TWP,3100 BLOCK OF BOYES AVE NE,FRAUD,Police,KENT CO SHERIFF,,
5,2026-09-10T18:51:00Z,1789066260000,WYOMING,2300 BLOCK OF DE HOOP AVE SW,VEHICLE INSPECTION,Police,WYOMING POLICE,,
1,2026-09-10T18:52:00Z,1789066320000,EAST GRAND RAPIDS,PLYMOUTH RD SE / WEALTHY ST SE,WELFARE CHECK,Police,EAST GRAND RAPIDS POLICE,,
2,2026-09-10T18:52:00Z,1789066320000,WYOMING,800 BLOCK OF 32ND ST SE,WELFARE CHECK,Police,WYOMING POLICE,,
2,2026-09-10T18:54:00Z,1789066440000,KENTWOOD,3400 BLOCK OF PHEASANT RIDGE DR SE,MEDICAL EMERGENCY,Fire,KENTWOOD FIRE,,
1,2026-09-10T19:05:00Z,1789067100000,KENTWOOD,400 BLOCK OF 48TH ST SE,FIGHT,Police,KENTWOOD POLICE,,
7,2026-09-10T19:05:00Z,1789067100000,WYOMING,4500 BLOCK OF CLYDE PARK AVE SW,WELFARE CHECK,Police,WYOMING POLICE,,
2,2026-09-10T19:10:00Z,1789067400000,GRANDVILLE,3200 BLOCK OF 44TH ST SW,DISORDERLY PERSON,Police,GRANDVILLE POLICE,,
1,2026-09-10T19:11:00Z,1789067460000,GAINES TWP,1100 BLOCK OF WOODFIELD EAST DR SE,WELFARE CHECK,Police,KENT CO SHERIFF,,
5,2026-09-10T19:12:00Z,1789067520000,CASCADE TWP,2500 BLOCK OF BUTTRICK AVE SE,HARASSMENT,Police,KENT CO SHERIFF,,
4,2026-09-10T19:21:00Z,1789068060000,WYOMING,28TH ST SW / BYRON CENTER AVE SW,VEHICLE CRASH,Police,WYOMING POLICE,,
11,2026-09-10T19:23:00Z,1789068180000,WYOMING,US-131 SB NO 28TH,VEHICLE CRASH,Police,WYOMING POLICE,42.914304,-85.678121
2,2026-09-10T19:30:00Z,1789068600000,WYOMING,2500 BLOCK OF CHICAGO DR SW,FRAUD,Police,WYOMING POLICE,,
1,2026-09-10T19:35:00Z,1789068900000,CASCADE TWP,7900 BLOCK OF ASPENWOOD DR SE,MEDICAL EMERGENCY,Fire,CASCADE TWP FIRE,,
3,2026-09-10T19:35:00Z,1789068900000,WYOMING,3600 BLOCK OF COPPER RIVER AVE SW,MEDICAL EMERGENCY,Fire,WYOMING FIRE,,
3,2026-09-10T19:43:00Z,1789069380000,WYOMING,4300 BLOCK OF CLYDE PARK AVE SW,BURGLAR ALARM,Police,WYOMING POLICE,,
12,2026-09-10T19:44:00Z,1789069440000,WYOMING,4900 BLOCK OF FLORIDA AVE SW,PARKING VIOLATION,Police,WYOMING POLICE,,
1,2026-09-10T19:47:00Z,1789069620000,GAINES TWP,100 BLOCK OF 68TH ST SE,MEDICAL EMERGENCY,Fire,GAINES TWP FIRE,,
2,2026-09-10T19:51:00Z,1789069860000,GAINES TWP,100 BLOCK OF BREWER PARK CIR SE,MEDICAL EMERGENCY,Fire,GAINES TWP FIRE,,
1,2026-09-10T19:52:00Z,1789069920000,CANNON TWP,6700 BLOCK OF WALNUT RUN DR NE,MEDICAL EMERGENCY,Fire,CANNON TWP FIRE,,
8,2026-09-10T19:54:00Z,1789070040000,WYOMING,1400 BLOCK OF PRAIRIE PKWY SW,LOUD NOISE,Police,WYOMING POLICE,,
1,2026-09-10T19:55:00Z,1789070100000,ALGOMA TWP,MAYWOOD DR NE / WARBLER DR NE,SUSPICIOUS INCIDENT,Police,KENT CO SHERIFF,,
2,2026-09-10T20:01:00Z,1789070460000,WYOMING,400 BLOCK OF ABBIE ST SE,ABANDONED VEHICLE,Police,WYOMING POLICE,,
2,2026-09-10T20:10:00Z,1789071000000,WALKER,2100 BLOCK OF 3 MILE RD NW,MEDICAL EMERGENCY,Fire,WALKER FIRE,,
1,2026-09-10T20:11:00Z,1789071060000,PLAINFIELD TWP,WEST RIVER DR NE / JUPITER AVE NE,VEHICLE CRASH,Police,KENT CO SHERIFF,,
1,2026-09-10T20:15:00Z,1789071300000,KENTWOOD,EAST DE BLAAY DR SE / EAST PARIS AVE SE,DEER PERMIT,Police,KENTWOOD POLICE,,
11,2026-09-10T20:15:00Z,1789071300000,WYOMING,2800 BLOCK OF CALGARY ST SW,LARCENY,Police,WYOMING POLICE,,
10,2026-09-10T20:15:00Z,1789071300000,WYOMING,4500 BLOCK OF CLYDE PARK AVE SW,FRAUD,Police,WYOMING POLICE,,
3,2026-09-10T20:16:00Z,1789071360000,PLAINFIELD TWP,5300 BLOCK OF WEST RIVER DR NE,BURGLAR ALARM,Police,KENT CO SHERIFF,,
4,2026-09-10T20:16:00Z,1789071360000,LOWELL,500 BLOCK OF AVERY ST SE,LARCENY,Police,LOWELL POLICE,,
2,2026-09-10T20:26:00Z,1789071960000,GRANDVILLE,RIVERTOWN PKWY SW / CANAL AVE SW,GENERAL ASSIST,Police,GRANDVILLE POLICE,,
6,2026-09-10T20:27:00Z,1789072020000,SOLON TWP,3100 BLOCK OF WIERSMA ST NE,STOLEN VEHICLE,Police,KENT CO SHERIFF,,
1,2026-09-10T20:28:00Z,1789072080000,WYOMING,1400 BLOCK OF PRAIRIE PKWY SW,FIRE ALARM,Fire,WYOMING FIRE,,
1,2026-09-10T20:30:00Z,1789072200000,KENTWOOD,4100 BLOCK OF LAKE DR SE,MEDICAL EMERGENCY,Fire,KENTWOOD FIRE,,
1,2026-09-10T20:31:00Z,1789072260000,ALGOMA TWP,1100 BLOCK OF KENALEX CT NE,MEDICAL EMERGENCY,Fire,ALGOMA TWP FIRE,,
5,2026-09-10T20:33:00Z,1789072380000,KENTWOOD,EAST BELTLINE AVE SE / LAKE EASTBROOK BLVD SE,VEHICLE CRASH,Police,KENTWOOD POLICE,,
3,2026-09-10T20:34:00Z,1789072440000,ADA TWP,7300 BLOCK OF BRONSON ST SE,VEHICLE CRASH,Police,KENT CO SHERIFF,,
7,2026-09-10T20:34:00Z,1789072440000,CALEDONIA TWP,7500 BLOCK OF 68TH ST SE,VEHICLE CRASH,Police,KENT CO SHERIFF,,
2,2026-09-10T20:35:00Z,1789072500000,WALKER,OBRIEN ST SW / CUMMINGS AVE SW,VEHICLE CRASH,Police,WALKER POLICE,,
5,2026-09-10T20:37:00Z,1789072620000,CASCADE TWP,5900 BLOCK OF WHITWORTH CT SE,SUSPICIOUS INCIDENT,Police,KENT CO SHERIFF,,
1,2026-09-10T20:39:00Z,1789072740000,WALKER,OBRIEN ST SW / CUMMINGS AVE SW,MEDICAL EMERGENCY,Fire,WALKER FIRE,,
3,2026-09-10T20:44:00Z,1789073040000,GRANDVILLE,4600 BLOCK OF IVANREST AVE SW,WELFARE CHECK,Police,GRANDVILLE POLICE,,
7,2026-09-10T20:45:00Z,1789073100000,GRAND RAPIDS,700 BLOCK OF GRIGGS ST SW,ANIMAL INCIDENT,Police,ANIMAL CONTROL,,
3,2026-09-10T20:48:00Z,1789073280000,ROCKFORD,5000 BLOCK OF 11 MILE RD NE,MEDICAL EMERGENCY,Fire,ROCKFORD FIRE,,
2,2026-09-10T20:48:00Z,1789073280000,ROCKFORD,5000 BLOCK OF 11 MILE RD NE,GENERAL ASSIST,Police,ROCKFORD POLICE,,
1,2026-09-10T20:50:00Z,1789073400000,GAINES TWP,8600 BLOCK OF KALAMAZOO AVE SE,GENERAL ASSIST,Police,KENT CO SHERIFF,,
3,2026-09-10T20:53:00Z,1789073580000,CANNON TWP,7700 BLOCK OF CANNONSBURG RD NE,VEHICLE CRASH,Police,KENT CO SHERIFF,,
10,2026-09-10T20:54:00Z,1789073640000,CASCADE TWP,M-6 EB WO I-96,WELFARE CHECK,Police,KENT CO SHERIFF,42.8814927,-85.49087878
11,2026-09-10T20:54:00Z,1789073640000,PLAINFIELD TWP,US-131 NB NO POST,VEHICLE CRASH,Police,KENT CO SHERIFF,43.09060684,-85.63053893
11,2026-09-10T20:55:00Z,1789073700000,PLAINFIELD TWP,US-131 NB SO 10 MILE,VEHICLE CRASH,Police,KENT CO SHERIFF,43.11569508,-85.60711125
11,2026-09-10T20:55:00Z,1789073700000,PLAINFIELD TWP,US-131 NB SO 10 MILE,VEHICLE CRASH,Police,PLAINFIELD TWP FIRE,43.11569508,-85.60711125
1,2026-09-10T21:00:00Z,1789074000000,BYRON TWP,92ND ST SW / S DIVISION AVE,WIRE DOWN,Fire,BYRON TWP FIRE,,
3,2026-09-10T21:11:00Z,1789074660000,GRAND RAPIDS TWP,1800 BLOCK OF EAST BELTLINE AVE NE,DISORDERLY PERSON,Police,KENT CO SHERIFF,,
2,2026-09-10T21:13:00Z,1789074780000,KENTWOOD,3200 BLOCK OF 28TH ST SE,FRAUD,Police,KENTWOOD POLICE,,
1,2026-09-10T21:14:00Z,1789074840000,WALKER,VISTA VIEW CT NW / VISTA VIEW DR NW,SUSPICIOUS INCIDENT,Police,WALKER POLICE,,
14,2026-09-10T21:21:00Z,1789075260000,ALPINE TWP,4300 BLOCK OF ALPENHORN DR NW,STOLEN VEHICLE,Police,KENT CO SHERIFF,,
3,2026-09-10T21:22:00Z,1789075320000,GAINES TWP,6200 BLOCK OF WOODFIELD PL SE,911 HANG UP,Police,KENT CO SHERIFF,,
2,2026-09-10T21:23:00Z,1789075380000,WYOMING,2600 BLOCK OF CHICAGO DR SW,MEDICAL EMERGENCY,Fire,WYOMING FIRE,,
6,2026-09-10T21:26:00Z,1789075560000,WYOMING,1500 BLOCK OF SOUTHLAWN DR SW,HARASSMENT,Police,WYOMING POLICE,,
10,2026-09-10T21:27:00Z,1789075620000,CALEDONIA TWP,6200 BLOCK OF KRAFT AVE SE,VEHICLE CRASH,Police,KENT CO SHERIFF,,
1,2026-09-10T21:28:00Z,1789075680000,WYOMING,BURTON ST SW / CLEVELAND AVE SW,ASSAULT,Police,WYOMING POLICE,,
1,2026-09-10T21:29:00Z,1789075740000,WYOMING,400 BLOCK OF 54TH ST SW,FRAUD,Police,WYOMING POLICE,,
7,2026-09-10T21:32:00Z,1789075920000,GAINES TWP,100TH ST SE / S DIVISION AVE,VEHICLE CRASH,Police,KENT CO SHERIFF,,
6,2026-09-10T21:37:00Z,1789076220000,WYOMING,2000 BLOCK OF FLOSSIE AVE SW,DISORDERLY PERSON,Police,WYOMING POLICE,,
6,2026-09-10T21:38:00Z,1789076280000,SAND LAKE,100 BLOCK OF S 3RD ST NE,GENERAL ASSIST,Police,KENT CO SHERIFF,,
3,2026-09-10T21:41:00Z,1789076460000,GAINES TWP,6600 BLOCK OF CRYSTAL DOWNES DR SE,DISORDERLY PERSON,Police,KENT CO SHERIFF,,
1,2026-09-10T21:42:00Z,1789076520000,WYOMING,1400 BLOCK OF PRAIRIE PKWY SW,MEDICAL EMERGENCY,Fire,WYOMING FIRE,,
5,2026-09-10T21:51:00Z,1789077060000,WYOMING,2100 BLOCK OF CLEVELAND AVE SW,SUSPICIOUS INCIDENT,Police,WYOMING POLICE,,
6,2026-09-10T21:54:00Z,1789077240000,CEDAR SPRINGS,100 BLOCK OF N PARK ST NE,GENERAL ASSIST,Police,KENT CO SHERIFF,,
1,2026-09-10T21:56:00Z,1789077360000,CEDAR SPRINGS,300 BLOCK OF 4TH ST NE,MEDICAL EMERGENCY,Fire,CEDAR SPRINGS FIRE,,
2,2026-09-10T21:56:00Z,1789077360000,SPENCER TWP,12800 BLOCK OF FARGO ST NE,MEDICAL EMERGENCY,Fire,SPENCER TWP FIRE,,
1,2026-09-10T22:07:00Z,1789078020000,CASCADE TWP,5100 BLOCK OF 28TH ST SE,VEHICLE CRASH,Police,KENT CO SHERIFF,,
5,2026-09-10T22:09:00Z,1789078140000,WYOMING,3500 BLOCK OF HILLCROFT AVE SW,PARKING VIOLATION,Police,WYOMING POLICE,,
14,2026-09-10T22:10:00Z,1789078200000,PLAINFIELD TWP,US-131 NB SO WEST RIVER,VEHICLE CRASH,Police,KENT CO SHERIFF,43.03898665,-85.66115501
1,2026-09-10T22:12:00Z,1789078320000,GRAND RAPIDS TWP,4700 BLOCK OF E FULTON ST,MISC FIRE,Fire,ADA TWP FIRE,,
4,2026-09-10T22:12:00Z,1789078320000,CALEDONIA TWP,84TH ST SE / BROADMOOR AVE SE,VEHICLE CRASH,Police,KENT CO SHERIFF,,
1,2026-09-10T22:19:00Z,1789078740000,WYOMING,800 BLOCK OF 44TH ST SW,VEHICLE FIRE,Fire,WYOMING FIRE,,
2,2026-09-10T22:20:00Z,1789078800000,GAINES TWP,100TH ST SE / S DIVISION AVE,MISC FIRE,Fire,GAINES TWP FIRE,,
1,2026-09-10T22:21:00Z,1789078860000,BYRON TWP,200 BLOCK OF 84TH ST SW,BURGLAR ALARM,Police,KENT CO SHERIFF,,
1,2026-09-10T22:22:00Z,1789078920000,PLAINFIELD TWP,7200 BLOCK OF WILLOW WOOD DR NE,MEDICAL EMERGENCY,Fire,PLAINFIELD TWP FIRE,,
1,2026-09-10T22:33:00Z,1789079580000,CASCADE TWP,1200 BLOCK OF SPAULDING AVE SE,MEDICAL EMERGENCY,Fire,CASCADE TWP FIRE,,
3,2026-09-10T22:34:00Z,1789079640000,PLAINFIELD TWP,5900 BLOCK OF WOODBRIAR DR NE,MEDICAL EMERGENCY,Fire,PLAINFIELD TWP FIRE,,
2,2026-09-10T22:35:00Z,1789079700000,GAINES TWP,1100 BLOCK OF WOODFIELD EAST DR SE,FIRE ALARM,Fire,GAINES TWP FIRE,,
1,2026-09-10T22:37:00Z,1789079820000,PLAINFIELD TWP,PLAINFIELD AVE NE / WOODWORTH ST NE,WELFARE CHECK,Police,KENT CO SHERIFF,,
3,2026-09-10T22:46:00Z,1789080360000,CASCADE TWP,2600 BLOCK OF SPRINGMILL AVE SE,MEDICAL EMERGENCY,Fire,CASCADE TWP FIRE,,
7,2026-09-10T22:46:00Z,1789080360000,WYOMING,2600 BLOCK OF WOODWARD AVE SW,RECKLESS DRIVER,Police,WYOMING POLICE,,
6,2026-09-10T22:47:00Z,1789080420000,OAKFIELD TWP,OLD 14 MILE RD NE / MORGAN MILLS AVE NE,WEAPONS VIOLATION,Police,KENT CO SHERIFF,,
1,2026-09-10T22:49:00Z,1789080540000,BYRON TWP,100TH ST SE / S DIVISION AVE,GENERAL ASSIST,Police,KENT CO SHERIFF,,
4,2026-09-10T22:49:00Z,1789080540000,WALKER,200 BLOCK OF MANZANA CT NW,WELFARE CHECK,Police,WALKER POLICE,,
1,2026-09-10T22:53:00Z,1789080780000,PLAINFIELD TWP,6100 BLOCK OF NORTHLAND DR NE,MEDICAL EMERGENCY,Fire,PLAINFIELD TWP FIRE,,
4,2026-09-10T23:08:00Z,1789081680000,WYOMING,2100 BLOCK OF CLEVELAND AVE SW,WELFARE CHECK,Police,WYOMING POLICE,,
2,2026-09-10T23:08:00Z,1789081680000,WYOMING,700 BLOCK OF 44TH ST SW,GENERAL ASSIST,Police,WYOMING POLICE,,
1,2026-09-10T23:12:00Z,1789081920000,LOWELL,AMITY ST SE / W MAIN ST SE,FOUND PROPERTY,Police,LOWELL POLICE,,
2,2026-09-10T23:12:00Z,1789081920000,WYOMING,700 BLOCK OF 44TH ST SW,MEDICAL EMERGENCY,Fire,WYOMING FIRE,,
4,2026-09-10T23:15:00Z,1789082100000,CALEDONIA TWP,6400 BLOCK OF BROADMOOR AVE SE,PARKING VIOLATION,Police,KENT CO SHERIFF,,
4,2026-09-10T23:16:00Z,1789082160000,PLAINFIELD TWP,EAST BELTLINE AVE NE / DEVONWOOD DR NE,VEHICLE CRASH,Police,KENT CO SHERIFF,,
1,2026-09-10T23:27:00Z,1789082820000,ADA TWP,1200 BLOCK OF BOYNTON HILLS AVE SE,CARBON MONOXIDE INVESTIGATION,Fire,ADA TWP FIRE,,
1,2026-09-10T23:29:00Z,1789082940000,CASCADE TWP,9100 BLOCK OF 52ND ST SE,MEDICAL EMERGENCY,Fire,CASCADE TWP FIRE,,
2,2026-09-10T23:29:00Z,1789082940000,WALKER,300 BLOCK OF WILSON AVE NW,FRAUD,Police,WALKER POLICE,,
1,2026-09-10T23:41:00Z,1789083660000,ADA TWP,6400 BLOCK OF E FULTON ST,VEHICLE CRASH,Police,ADA TWP FIRE,,
3,2026-09-10T23:41:00Z,1789083660000,ADA TWP,6400 BLOCK OF E FULTON ST,VEHICLE CRASH,Police,KENT CO SHERIFF,,
1,2026-09-10T23:49:00Z,1789084140000,EAST GRAND RAPIDS,WEALTHY ST SE / PLYMOUTH RD SE,WELFARE CHECK,Police,EAST GRAND RAPIDS POLICE,,
1,2026-09-10T23:54:00Z,1789084440000,GRANDVILLE,3800 BLOCK OF IVANREST AVE SW,MEDICAL EMERGENCY,Fire,GRANDVILLE FIRE,,
4,2026-09-10T23:54:00Z,1789084440000,SPENCER TWP,13400 BLOCK OF HARVARD AVE NE,ANIMAL INCIDENT,Police,KENT CO SHERIFF,,
2,2026-09-10T23:55:00Z,1789084500000,SOLON TWP,14700 BLOCK OF HANNA AVE NE,FIRE ALARM,Fire,SOLON TWP FIRE,,
1,2026-09-10T23:56:00Z,1789084560000,KENTWOOD,2300 BLOCK OF STOWEVALLEY DR SE,MEDICAL EMERGENCY,Fire,KENTWOOD FIRE,,
2,2026-09-11T00:02:00Z,1789084920000,SOLON TWP,2000 BLOCK OF SOLON ST NE,GENERAL ASSIST,Police,KENT CO SHERIFF,,
1,2026-09-11T00:14:00Z,1789085640000,EAST GRAND RAPIDS,900 BLOCK OF PRINCETON BLVD SE,MEDICAL EMERGENCY,Fire,EAST GRAND RAPIDS FIRE,,
9,2026-09-11T00:16:00Z,1789085760000,CEDAR SPRINGS,400 BLOCK OF S LINDA ST NE,DISORDERLY PERSON,Police,KENT CO SHERIFF,,
1,2026-09-11T00:25:00Z,1789086300000,VERGENNES TWP,1000 BLOCK OF N WASHINGTON ST SE,MEDICAL EMERGENCY,Fire,LOWELL AREA FIRE,,
1,2026-09-11T00:28:00Z,1789086480000,ROCKFORD,0 BLOCK OF S MONROE ST NE,FOUND PROPERTY,Police,ROCKFORD POLICE,,
7,2026-09-11T00:37:00Z,1789087020000,WYOMING,2800 BLOCK OF S DIVISION AVE,WELFARE CHECK,Police,WYOMING POLICE,,
1,2026-09-11T00:41:00Z,1789087260000,GAINES TWP,300 BLOCK OF 68TH ST SE,ASSAULT,Police,KENT CO SHERIFF,,
3,2026-09-11T00:44:00Z,1789087440000,ROCKFORD,5000 BLOCK OF 11 MILE RD NE,MEDICAL EMERGENCY,Fire,ROCKFORD FIRE,,
2,2026-09-11T00:44:00Z,1789087440000,ROCKFORD,5000 BLOCK OF 11 MILE RD NE,GENERAL ASSIST,Police,ROCKFORD POLICE,,
5,2026-09-11T00:44:00Z,1789087440000,WALKER,2500 BLOCK OF WALKER WOODS CT NW,MEDICAL EMERGENCY,Fire,WALKER FIRE,,
4,2026-09-11T00:44:00Z,1789087440000,WALKER,2500 BLOCK OF WALKER WOODS CT NW,BROADCAST,Police,WALKER POLICE,,
2,2026-09-11T00:47:00Z,1789087620000,OAKFIELD TWP,13000 BLOCK OF BEARDSLEE ST NE,MEDICAL EMERGENCY,Fire,OAKFIELD TWP FIRE,,
1,2026-09-11T00:50:00Z,1789087800000,CEDAR SPRINGS,100 BLOCK OF W MUSKEGON ST NE,FOUND PROPERTY,Police,KENT CO SHERIFF,,
1,2026-09-11T00:51:00Z,1789087860000,GRANDVILLE,2700 BLOCK OF GRAND CASTLE BLVD SW,FIRE ALARM,Fire,GRANDVILLE FIRE,,
1,2026-09-11T00:52:00Z,1789087920000,BYRON TWP,7500 BLOCK OF INDIGO RIDGE AVE SW,HARASSMENT,Police,KENT CO SHERIFF,,
2,2026-09-11T01:01:00Z,1789088460000,WYOMING,4400 BLOCK OF KNICKERBOCKER CT SW,GENERAL ASSIST,Police,WYOMING POLICE,,
1,2026-09-11T01:07:00Z,1789088820000,GRAND RAPIDS TWP,3300 BLOCK OF EAST BELTLINE AVE NE,FIRE ALARM,Fire,GRAND RAPIDS TWP FIRE,,
5,2026-09-11T01:09:00Z,1789088940000,WYOMING,4800 BLOCK OF CLYDE PARK AVE SW,BURGLAR ALARM,Police,WYOMING POLICE,,
2,2026-09-11T01:24:00Z,1789089840000,CASCADE TWP,5500 BLOCK OF 28TH ST SE,BURGLAR ALARM,Police,KENT CO SHERIFF,,
3,2026-09-11T01:24:00Z,1789089840000,WYOMING,MADISON AVE SE / MAE-THY ST SE,WELFARE CHECK,Police,WYOMING POLICE,,
2,2026-09-11T01:27:00Z,1789090020000,PLAINFIELD TWP,WOLVERINE BLVD NE / BELDING RD NE,VEHICLE CRASH,Police,KENT CO SHERIFF,,
1,2026-09-11T01:27:00Z,1789090020000,PLAINFIELD TWP,WOLVERINE BLVD NE / BELDING RD NE,VEHICLE CRASH,Police,PLAINFIELD TWP FIRE,,
1,2026-09-11T01:34:00Z,1789090440000,BYRON TWP,8500 BLOCK OF BYRON CENTER AVE SW,GENERAL ASSIST,Police,KENT CO SHERIFF,,
1,2026-09-11T01:37:00Z,1789090620000,KENTWOOD,0 BLOCK OF 58TH ST SE,MEDICAL EMERGENCY,Fire,KENTWOOD FIRE,,
1,2026-09-11T01:47:00Z,1789091220000,KENTWOOD,4400 BLOCK OF BRETON AVE SE,SUSPICIOUS INCIDENT,Police,KENTWOOD POLICE,,
2,2026-09-11T01:51:00Z,1789091460000,WYOMING,200 BLOCK OF 28TH ST SW,DISORDERLY PERSON,Police,WYOMING POLICE,,
4,2026-09-11T01:52:00Z,1789091520000,GRANDVILLE,4700 BLOCK OF CANAL AVE SW,STOLEN VEHICLE,Police,GRANDVILLE POLICE,,
1,2026-09-11T01:54:00Z,1789091640000,WALKER,1100 BLOCK OF 4 MILE RD NW,MEDICAL EMERGENCY,Fire,WALKER FIRE,,
3,2026-09-11T02:00:00Z,1789092000000,KENTWOOD,4200 BLOCK OF NATURE TRAIL DR SE,MEDICAL EMERGENCY,Fire,KENTWOOD FIRE,,
2,2026-09-11T02:01:00Z,1789092060000,WYOMING,3400 BLOCK OF WOODWARD AVE SW,MEDICAL EMERGENCY,Fire,WYOMING FIRE,,
1,2026-09-11T02:02:00Z,1789092120000,WYOMING,1600 BLOCK OF 28TH ST SW,ASSAULT,Police,WYOMING POLICE,,
1,2026-09-11T02:08:00Z,1789092480000,ADA TWP,1000 BLOCK OF MAPLE HILL AVE SE,WELFARE CHECK,Police,KENT CO SHERIFF,,
1,2026-09-11T02:09:00Z,1789092540000,ALPINE TWP,3900 BLOCK OF ALPINE AVE NW,OBSCENITY,Police,KENT CO SHERIFF,,
1,2026-09-11T02:11:00Z,1789092660000,KENTWOOD,44TH ST SE / EAST PARIS AVE SE,VEHICLE CRASH,Police,KENTWOOD POLICE,,
1,2026-09-11T02:24:00Z,1789093440000,KENTWOOD,4600 BLOCK OF DRUMMOND BLVD SE,DISORDERLY PERSON,Police,KENTWOOD POLICE,,
1,2026-09-11T02:26:00Z,1789093560000,WYOMING,5400 BLOCK OF S DIVISION AVE,ASSAULT,Police,WYOMING POLICE,,
4,2026-09-11T02:35:00Z,1789094100000,COURTLAND TWP,8400 BLOCK OF MYERS LAKE AVE NE,GENERAL ASSIST,Police,KENT CO SHERIFF,,
2,2026-09-11T02:38:00Z,1789094280000,KENTWOOD,4600 BLOCK OF HUNTERS RIDGE DR SE,SUSPICIOUS INCIDENT,Police,KENTWOOD POLICE,,
1,2026-09-11T02:41:00Z,1789094460000,SPARTA,600 BLOCK OF EDWARD ST NW,SUSPICIOUS INCIDENT,Police,SPARTA POLICE,,
2,2026-09-11T02:45:00Z,1789094700000,KENTWOOD,3100 BLOCK OF WOODBRIDGE DR SE,MEDICAL EMERGENCY,Fire,KENTWOOD FIRE,,
1,2026-09-11T02:48:00Z,1789094880000,KENTWOOD,3100 BLOCK OF WOODBRIDGE DR SE,GENERAL ASSIST,Police,KENTWOOD POLICE,,
2,2026-09-11T03:06:00Z,1789095960000,WYOMING,1700 BLOCK OF 34TH ST SW,MEDICAL EMERGENCY,Fire,WYOMING FIRE,,
1,2026-09-11T03:06:00Z,1789095960000,WYOMING,1700 BLOCK OF 34TH ST SW,BROADCAST,Police,WYOMING POLICE,,
1,2026-09-11T03:23:00Z,1789096980000,WYOMING,400 BLOCK OF JANET ST SE,SUSPICIOUS INCIDENT,Police,WYOMING POLICE,,
3,2026-09-11T03:39:00Z,1789097940000,GRAND RAPIDS TWP,800 BLOCK OF EAST BELTLINE AVE SE,VEHICLE CRASH,Police,KENT CO SHERIFF,,
2,2026-09-11T03:44:00Z,1789098240000,WYOMING,1000 BLOCK OF IOWA ST SW,MISSING PERSON,Police,WYOMING POLICE,,
1,2026-09-11T03:45:00Z,1789098300000,KENTWOOD,EAST PARIS AVE SE / 32ND ST SE,GENERAL ASSIST,Police,KENTWOOD POLICE,,
1,2026-09-11T03:57:00Z,1789099020000,PLAINFIELD TWP,4100 BLOCK OF WEST RIVER DR NE,FRAUD,Police,KENT CO SHERIFF,,
5,2026-09-11T03:58:00Z,1789099080000,KENTWOOD,3300 BLOCK OF PHEASANT RIDGE DR SE,LOUD NOISE,Police,KENTWOOD POLICE,,
1,2026-09-11T04:11:00Z,1789099860000,CASCADE TWP,2900 BLOCK OF THORNHILLS AVE SE,MEDICAL EMERGENCY,Fire,CASCADE TWP FIRE,,
3,2026-09-11T04:14:00Z,1789100040000,GRANDVILLE,3700 BLOCK OF RIVERTOWN PKWY SW,GENERAL ASSIST,Police,GRANDVILLE POLICE,,
2,2026-09-11T04:15:00Z,1789100100000,BYRON TWP,200 BLOCK OF TOTTENHAM DR SW,MISSING PERSON,Police,KENT CO SHERIFF,,
1,2026-09-11T04:17:00Z,1789100220000,KENTWOOD,2500 BLOCK OF 60TH ST SE,GENERAL ASSIST,Police,KENTWOOD POLICE,,
1,2026-09-11T04:18:00Z,1789100280000,CASCADE TWP,5100 BLOCK OF 28TH ST SE,DISORDERLY PERSON,Police,KENT CO SHERIFF,,
1,2026-09-11T04:48:00Z,1789102080000,WYOMING,100 BLOCK OF 28TH ST SW,SUSPICIOUS INCIDENT,Police,WYOMING POLICE,,
2,2026-09-11T04:54:00Z,1789102440000,KENTWOOD,800 BLOCK OF 52ND ST SE,PROPERTY CHECK,Police,KENTWOOD POLICE,,
1,2026-09-11T05:04:00Z,1789103040000,WALKER,FRUIT RIDGE AVE NW / 3 MILE RD NW,GENERAL ASSIST,Police,WALKER POLICE,,
1,2026-09-11T05:04:00Z,1789103040000,WALKER,FRUIT RIDGE AVE NW / 4 MILE RD NW,GENERAL ASSIST,Police,WALKER POLICE,,
1,2026-09-11T05:53:00Z,1789105980000,KENTWOOD,4700 BLOCK OF N BRETON CT SE,TRESPASSING,Police,KENTWOOD POLICE,,
1,2026-09-11T06:05:00Z,1789106700000,KENTWOOD,2700 BLOCK OF EAST BELTLINE AVE SE,MEDICAL EMERGENCY,Fire,KENTWOOD FIRE,,
6,2026-09-11T06:10:00Z,1789107000000,WYOMING,KENT TRAILS_INDIAN MOUNDS DR SW EAST,WELFARE CHECK,Police,WYOMING POLICE,42.93695784,-85.72246771
3,2026-09-11T06:12:00Z,1789107120000,CASCADE TWP,2400 BLOCK OF CANDLEWICK CT SE,MEDICAL EMERGENCY,Fire,CASCADE TWP FIRE,,
1,2026-09-11T06:13:00Z,1789107180000,CASCADE TWP,CASCADE RD SE / THORNCREST DR SE,DEER PERMIT,Police,KENT CO SHERIFF,,
2,2026-09-11T06:13:00Z,1789107180000,WYOMING,2500 BLOCK OF FOX RUN RD SW,MEDICAL EMERGENCY,Fire,WYOMING FIRE,,
3,2026-09-11T06:16:00Z,1789107360000,CASCADE TWP,5700 BLOCK OF MANCHESTER HILLS DR SE,BURGLAR ALARM,Police,KENT CO SHERIFF,,
1,2026-09-11T06:17:00Z,1789107420000,LOWELL,700 BLOCK OF GRINDLE DR SE,BURGLAR ALARM,Police,LOWELL POLICE,,
1,2026-09-11T06:24:00Z,1789107840000,WALKER,2300 BLOCK OF WILSON AVE NW,SUSPICIOUS INCIDENT,Police,WALKER POLICE,,
3,2026-09-11T06:29:00Z,1789108140000,GRANDVILLE,KENT TRAILS_INDIAN MOUNDS DR SW WEST,MEDICAL EMERGENCY,Fire,GRANDVILLE FIRE,42.92964018,-85.74353357
1,2026-09-11T06:32:00Z,1789108320000,LOWELL,300 BLOCK OF W MAIN ST SE,SUSPICIOUS INCIDENT,Police,LOWELL POLICE,,
1,2026-09-11T06:33:00Z,1789108380000,WYOMING,2200 BLOCK OF BEVERLY AVE SW,911 HANG UP,Police,WYOMING POLICE,,
2,2026-09-11T06:36:00Z,1789108560000,CALEDONIA TWP,7100 BLOCK OF ANCHORAGE CT SE,MEDICAL EMERGENCY,Fire,CALEDONIA TWP FIRE,,
2,2026-09-11T06:40:00Z,1789108800000,WYOMING,3500 BLOCK OF WOODWARD AVE SW,LOUD NOISE,Police,WYOMING POLICE,,
1,2026-09-11T06:44:00Z,1789109040000,WYOMING,3100 BLOCK OF BYRON CENTER AVE SW,SUSPICIOUS INCIDENT,Police,WYOMING POLICE,,
1,2026-09-11T06:44:00Z,1789109040000,WYOMING,BYRON CENTER AVE ACCESS,SUSPICIOUS INCIDENT,Police,WYOMING POLICE,,
2,2026-09-11T07:11:00Z,1789110660000,WYOMING,900 BLOCK OF OAKCREST ST SW,MEDICAL EMERGENCY,Fire,WYOMING FIRE,,
1,2026-09-11T07:18:00Z,1789111080000,PLAINFIELD TWP,3800 BLOCK OF PLAINFIELD AVE NE,SUSPICIOUS INCIDENT,Police,KENT CO SHERIFF,,
2,2026-09-11T07:18:00Z,1789111080000,WYOMING,1000 BLOCK OF IOWA ST SW,ASSAULT,Police,WYOMING POLICE,,
1,2026-09-11T07:28:00Z,1789111680000,WYOMING,3700 BLOCK OF HAGEN DR SE,SUSPICIOUS INCIDENT,Police,WYOMING POLICE,,
1,2026-09-11T07:37:00Z,1789112220000,KENTWOOD,4200 BLOCK OF 28TH ST SE,GENERAL ASSIST,Police,KENTWOOD POLICE,,
1,2026-09-11T07:44:00Z,1789112640000,ALGOMA TWP,400 BLOCK OF HULL ST NE,911 HANG UP,Police,KENT CO SHERIFF,,
1,2026-09-11T07:58:00Z,1789113480000,GRANDVILLE,3500 BLOCK OF YELLOWSTONE DR SW,MEDICAL EMERGENCY,Fire,GRANDVILLE FIRE,,
1,2026-09-11T08:27:00Z,1789115220000,WYOMING,3100 BLOCK OF WATERCHASE WAY SW,SUSPICIOUS INCIDENT,Police,WYOMING POLICE,,
4,2026-09-11T08:30:00Z,1789115400000,ADA TWP,5800 BLOCK OF MONTREUX HILLS DR NE,FIRE ALARM,Fire,ADA TWP FIRE,,
1,2026-09-11T08:37:00Z,1789115820000,KENTWOOD,3200 BLOCK OF 28TH ST SE,BURGLAR ALARM,Police,KENTWOOD POLICE,,
2,2026-09-11T08:41:00Z,1789116060000,WYOMING,3800 BLOCK OF MADISON AVE SE,MEDICAL EMERGENCY,Fire,WYOMING FIRE,,
1,2026-09-11T08:44:00Z,1789116240000,BYRON TWP,2900 BLOCK OF BELLE MEADOW DR SW,MEDICAL EMERGENCY,Fire,BYRON TWP FIRE,,
1,2026-09-11T09:06:00Z,1789117560000,WYOMING,1400 BLOCK OF PRAIRIE PKWY SW,MEDICAL EMERGENCY,Fire,WYOMING FIRE,,
1,2026-09-11T09:33:00Z,1789119180000,ALGOMA TWP,10100 BLOCK OF SERENITY SHORES DR NE,FRAUD,Police,KENT CO SHERIFF,,
1,2026-09-11T09:41:00Z,1789119660000,GRANDVILLE,4300 BLOCK OF SPARTAN INDUSTRIAL DR SW,BURGLAR ALARM,Police,GRANDVILLE POLICE,,
1,2026-09-11T09:48:00Z,1789120080000,ALPINE TWP,4200 BLOCK OF CHASSERAL DR NW,MEDICAL EMERGENCY,Fire,ALPINE TWP FIRE,,
1,2026-09-11T10:01:00Z,1789120860000,ALPINE TWP,3800 BLOCK OF YORKLAND DR NW,LOITERING,Police,KENT CO SHERIFF,,
1,2026-09-11T10:13:00Z,1789121580000,WYOMING,1200 BLOCK OF 52ND ST SW,WIRE DOWN,Fire,WYOMING FIRE,,
2,2026-09-11T10:30:00Z,1789122600000,WYOMING,3000 BLOCK OF BURLINGAME AVE SW,911 HANG UP,Police,WYOMING POLICE,,
2,2026-09-11T10:31:00Z,1789122660000,CASCADE TWP,5400 BLOCK OF HALL ST SE,BURGLAR ALARM,Police,KENT CO SHERIFF,,
1,2026-09-11T10:35:00Z,1789122900000,WYOMING,300 BLOCK OF 28TH ST SW,SUSPICIOUS INCIDENT,Police,WYOMING POLICE,,
1,2026-09-11T10:42:00Z,1789123320000,KENTWOOD,4400 BLOCK OF BRETON AVE SE,MEDICAL EMERGENCY,Fire,KENTWOOD FIRE,,
1,2026-09-11T10:53:00Z,1789123980000,KENTWOOD,BROADMOOR AVE SE / 44TH ST SE,VEHICLE CRASH,Police,KENTWOOD POLICE,,
1,2026-09-11T10:58:00Z,1789124280000,SOLON TWP,13400 BLOCK OF WHITE CREEK AVE NE,STRUCTURE FIRE,Fire,SOLON TWP FIRE,,
3,2026-09-11T11:01:00Z,1789124460000,CASCADE TWP,I-96 EB TO 28TH WB RAMP,VEHICLE CRASH,Police,KENT CO SHERIFF,42.91366169,-85.53837525
1,2026-09-11T11:18:00Z,1789125480000,WALKER,2900 BLOCK OF WALKENT DR NW,BURGLAR ALARM,Police,WALKER POLICE,,
1,2026-09-11T11:27:00Z,1789126020000,WYOMING,1500 BLOCK OF SOUTHLAWN DR SW,ABANDONED VEHICLE,Police,WYOMING POLICE,,
8,2026-09-11T11:32:00Z,1789126320000,WYOMING,36TH ST SW / TAFT AVE SW,ANIMAL INCIDENT,Police,ANIMAL CONTROL,,
2,2026-09-11T11:40:00Z,1789126800000,WYOMING,4900 BLOCK OF CLYDE PARK AVE SW,MEDICAL EMERGENCY,Fire,WYOMING FIRE,,
1,2026-09-11T11:40:00Z,1789126800000,WYOMING,2300 BLOCK OF DE HOOP AVE SW,SUSPICIOUS INCIDENT,Police,WYOMING POLICE,,
1,2026-09-11T11:41:00Z,1789126860000,WYOMING,56TH ST SW / CLAY AVE SW,SUSPICIOUS INCIDENT,Police,WYOMING POLICE,,
1,2026-09-11T11:49:00Z,1789127340000,WYOMING,5500 BLOCK OF S DIVISION AVE,DISORDERLY PERSON,Police,WYOMING POLICE,,
4,2026-09-11T11:54:00Z,1789127640000,GRAND RAPIDS,200 BLOCK OF CARRIER ST NE,ANIMAL INCIDENT,Police,ANIMAL CONTROL,,
2,2026-09-11T11:59:00Z,1789127940000,GRAND RAPIDS TWP,2400 BLOCK OF ALCOTT AVE NE,WIRE DOWN,Fire,GRAND RAPIDS TWP FIRE,,
1,2026-09-11T11:59:00Z,1789127940000,GRAND RAPIDS TWP,ALCOTT AVE NE / KNAPP VALLEY DR NE,WIRE DOWN,Fire,GRAND RAPIDS TWP FIRE,,
1,2026-09-11T11:59:00Z,1789127940000,ALPINE TWP,100 BLOCK OF MABEL ST NW,DISORDERLY PERSON,Police,KENT CO SHERIFF,,
5,2026-09-11T12:02:00Z,1789128120000,OAKFIELD TWP,11900 BLOCK OF REDBERRY CT NE,VEHICLE CRASH,Police,KENT CO SHERIFF,,
5,2026-09-11T12:07:00Z,1789128420000,PLAINFIELD TWP,5800 BLOCK OF BELMONT AVE NE,GENERAL ASSIST,Police,KENT CO SHERIFF,,
1,2026-09-11T12:18:00Z,1789129080000,GRAND RAPIDS TWP,MIRAMAR AVE NE / 4 MILE RD NE,RECKLESS DRIVER,Police,KENT CO SHERIFF,,
2,2026-09-11T12:22:00Z,1789129320000,BYRON TWP,6200 BLOCK OF SKIPTON DR SW,CARBON MONOXIDE INVESTIGATION,Fire,BYRON TWP FIRE,,
3,2026-09-11T12:22:00Z,1789129320000,KENTWOOD,5700 BLOCK OF GENTIAN CT SE,MEDICAL EMERGENCY,Fire,KENTWOOD FIRE,,
1,2026-09-11T12:23:00Z,1789129380000,CEDAR SPRINGS,14200 BLOCK OF WHITE CREEK AVE NE,MEDICAL EMERGENCY,Fire,CEDAR SPRINGS FIRE,,
1,2026-09-11T12:29:00Z,1789129740000,KENTWOOD,BROADMOOR AVE SE / 44TH ST SE,VEHICLE CRASH,Police,KENTWOOD POLICE,,
1,2026-09-11T12:29:00Z,1789129740000,WYOMING,MURRAY ST SW / BUCHANAN AVE SW,WIRE DOWN,Fire,WYOMING FIRE,,
4,2026-09-11T12:43:00Z,1789130580000,GRAND RAPIDS,400 BLOCK OF HOBART ST SE,ANIMAL INCIDENT,Police,ANIMAL CONTROL,,
5,2026-09-11T12:47:00Z,1789130820000,PLAINFIELD TWP,5800 BLOCK OF BELMONT AVE NE,ANIMAL INCIDENT,Police,ANIMAL CONTROL,,
1,2026-09-11T12:50:00Z,1789131000000,PLAINFIELD TWP,4600 BLOCK OF KEENA CT NE,FIRE ALARM,Fire,PLAINFIELD TWP FIRE,,
1,2026-09-11T12:55:00Z,1789131300000,KENTWOOD,4400 BLOCK OF 28TH ST SE,BURGLAR ALARM,Police,KENTWOOD POLICE,,
1,2026-09-11T12:57:00Z,1789131420000,WYOMING,2300 BLOCK OF DE HOOP AVE SW,GENERAL ASSIST,Police,WYOMING POLICE,,
4,2026-09-11T13:01:00Z,1789131660000,WALKER,WILSON AVE SW / OBRIEN ST SW,VEHICLE CRASH,Police,WALKER POLICE,,
1,2026-09-11T13:04:00Z,1789131840000,GRANDVILLE,3900 BLOCK OF 44TH ST SW,MEDICAL EMERGENCY,Fire,GRANDVILLE FIRE,,
3,2026-09-11T13:15:00Z,1789132500000,WYOMING,2400 BLOCK OF NEWSTEAD AVE SW,MEDICAL EMERGENCY,Fire,WYOMING FIRE,,
1,2026-09-11T13:15:00Z,1789132500000,WYOMING,2300 BLOCK OF DE HOOP AVE SW,FOUND PROPERTY,Police,WYOMING POLICE,,
1,2026-09-11T13:18:00Z,1789132680000,GRAND RAPIDS,700 BLOCK OF OAKDALE ST SE,FIELD INVESTIGATION,Police,MICHIGAN STATE POLICE,,
1,2026-09-11T13:28:00Z,1789133280000,GRANDVILLE,4100 BLOCK OF MAPLE ST SW,911 HANG UP,Police,GRANDVILLE POLICE,,
1,2026-09-11T13:31:00Z,1789133460000,WYOMING,3600 BLOCK OF ROGER B CHAFFEE MEMORIAL BLVD SE,DAMAGE TO PROPERTY,Police,WYOMING POLICE,,
2,2026-09-11T13:41:00Z,1789134060000,PLAINFIELD TWP,3900 BLOCK OF WEST RIVER DR NE,WELFARE CHECK,Police,KENT CO SHERIFF,,
1,2026-09-11T13:44:00Z,1789134240000,GRANDVILLE,CHICAGO DR SW / PORTER ST SW,TRAFFIC VIOLATION,Police,GRANDVILLE POLICE,,
1,2026-09-11T13:45:00Z,1789134300000,LOWELL,MERCER ST SE / N HUDSON ST SE,TRAFFIC VIOLATION,Police,LOWELL POLICE,,
3,2026-09-11T14:00:00Z,1789135200000,EAST GRAND RAPIDS,2800 BLOCK OF LAKE DR SE,GENERAL ASSIST,Police,EAST GRAND RAPIDS POLICE,,
1,2026-09-11T14:00:00Z,1789135200000,EAST GRAND RAPIDS,800 BLOCK OF PINECREST AVE SE,PARKING VIOLATION,Police,EAST GRAND RAPIDS POLICE,,
3,2026-09-11T14:03:00Z,1789135380000,KENTWOOD,4100 BLOCK OF SHAFFER AVE SE,ABANDONED VEHICLE,Police,KENTWOOD POLICE,,
2,2026-09-11T14:10:00Z,1789135800000,WYOMING,MART ST SW / BUCHANAN AVE SW,SUSPICIOUS INCIDENT,Police,WYOMING POLICE,,
1,2026-09-11T14:11:00Z,1789135860000,CANNON TWP,8400 BLOCK OF BELDING RD NE,WIRE DOWN,Fire,CANNON TWP FIRE,,
1,2026-09-11T14:13:00Z,1789135980000,KENTWOOD,4900 BLOCK OF BURGIS AVE SE,MEDICAL EMERGENCY,Fire,KENTWOOD FIRE,,
2,2026-09-11T14:16:00Z,1789136160000,PLAINFIELD TWP,4000 BLOCK OF PLAINFIELD AVE NE,VEHICLE CRASH,Police,KENT CO SHERIFF,,
1,2026-09-11T14:19:00Z,1789136340000,GRANDVILLE,4100 BLOCK OF MAPLE ST SW,911 HANG UP,Police,GRANDVILLE POLICE,,
1,2026-09-11T14:24:00Z,1789136640000,EAST GRAND RAPIDS,2200 BLOCK OF WEALTHY ST SE,PARKING VIOLATION,Police,EAST GRAND RAPIDS POLICE,,
6,2026-09-11T14:25:00Z,1789136700000,BYRON TWP,8300 BLOCK OF PFEIFFER FARMS DR SW,STOLEN VEHICLE,Police,KENT CO SHERIFF,,
2,2026-09-11T14:27:00Z,1789136820000,WYOMING,5300 BLOCK OF PINE SLOPE DR SW,VEHICLE CRASH,Police,WYOMING POLICE,,
7,2026-09-11T14:29:00Z,1789136940000,KENTWOOD,KALAMAZOO AVE SE / 52ND ST SE,VEHICLE CRASH,Police,KENTWOOD POLICE,,
4,2026-09-11T14:33:00Z,1789137180000,OAKFIELD TWP,13200 BLOCK OF OLD 14 MILE RD NE,WELFARE CHECK,Police,KENT CO SHERIFF,,
1,2026-09-11T14:34:00Z,1789137240000,WYOMING,1100 BLOCK OF 28TH ST SW,WELFARE CHECK,Police,WYOMING POLICE,,
3,2026-09-11T14:35:00Z,1789137300000,NELSON TWP,17000 BLOCK OF MYERS LAKE AVE NE,STRUCTURE FIRE,Fire,SAND LAKE FIRE,,
3,2026-09-11T14:37:00Z,1789137420000,GAINES TWP,1100 BLOCK OF 60TH ST SE,ORDINANCE VIOLATION,Police,KENT CO SHERIFF,,
2,2026-09-11T14:37:00Z,1789137420000,WYOMING,1100 BLOCK OF 28TH ST SW,MEDICAL EMERGENCY,Fire,WYOMING FIRE,,
5,2026-09-11T14:41:00Z,1789137660000,GRANDVILLE,4500 BLOCK OF WILSON AVE SW,FRAUD,Police,GRANDVILLE POLICE,,
5,2026-09-11T14:41:00Z,1789137660000,KENTWOOD,1900 BLOCK OF 44TH ST SE,SUSPICIOUS INCIDENT,Police,KENTWOOD POLICE,,
1,2026-09-11T14:42:00Z,1789137720000,CANNON TWP,6900 BLOCK OF BELDING RD NE,SUSPICIOUS INCIDENT,Police,KENT CO SHERIFF,,
11,2026-09-11T14:44:00Z,1789137840000,WYOMING,US-131 NB SO 54TH,VEHICLE CRASH,Police,WYOMING POLICE,42.86512698,-85.67933691
3,2026-09-11T14:47:00Z,1789138020000,WALKER,2300 BLOCK OF 4 MILE RD NW,FIELD INVESTIGATION,Police,MICHIGAN STATE POLICE,,
2,2026-09-11T14:48:00Z,1789138080000,WALKER,3 MILE RD NW / WALKER AVE NW,VEHICLE CRASH,Police,WALKER POLICE,,
6,2026-09-11T14:48:00Z,1789138080000,WYOMING,1000 BLOCK OF 28TH ST SW,PARKING VIOLATION,Police,WYOMING POLICE,,
1,2026-09-11T14:49:00Z,1789138140000,KENTWOOD,4700 BLOCK OF 50TH ST SE,VEHICLE INSPECTION,Police,KENTWOOD POLICE,,
2,2026-09-11T15:04:00Z,1789139040000,ALPINE TWP,4100 BLOCK OF ALPINE AVE NW,DISORDERLY PERSON,Police,KENT CO SHERIFF,,
1,2026-09-11T15:07:00Z,1789139220000,WYOMING,300 BLOCK OF 28TH ST SW,SUSPICIOUS INCIDENT,Police,WYOMING POLICE,,
3,2026-09-11T15:11:00Z,1789139460000,LOWELL TWP,10900 BLOCK OF SETTLEWOOD DR SE,DISORDERLY PERSON,Police,KENT CO SHERIFF,,
2,2026-09-11T15:19:00Z,1789139940000,KENTWOOD,4400 BLOCK OF OVERLOOK TERRACE SE,WELFARE CHECK,Police,KENTWOOD POLICE,,
1,2026-09-11T15:24:00Z,1789140240000,WYOMING,200 BLOCK OF 28TH ST SW,SUSPICIOUS INCIDENT,Police,WYOMING POLICE,,
1,2026-09-11T15:26:00Z,1789140360000,ADA TWP,6600 BLOCK OF ADARIDGE DR SE,MEDICAL EMERGENCY,Fire,ADA TWP FIRE,,
5,2026-09-11T15:27:00Z,1789140420000,WYOMING,6200 BLOCK OF WINTERBERRY AVE SW,FRAUD,Police,WYOMING POLICE,,
1,2026-09-11T15:30:00Z,1789140600000,WYOMING,2200 BLOCK OF BANNER DR SW,MEDICAL EMERGENCY,Fire,WYOMING FIRE,,
2,2026-09-11T15:36:00Z,1789140960000,GAINES TWP,6200 BLOCK OF WOODFIELD PL SE,MEDICAL EMERGENCY,Fire,GAINES TWP FIRE,,
2,2026-09-11T15:37:00Z,1789141020000,WYOMING,1700 BLOCK OF MAYFLOWER DR SW,LARCENY,Police,WYOMING POLICE,,
1,2026-09-11T15:44:00Z,1789141440000,PLAINFIELD TWP,3800 BLOCK OF VINEYARD AVE NE,MEDICAL EMERGENCY,Fire,PLAINFIELD TWP FIRE,,
9,2026-09-11T15:57:00Z,1789142220000,WYOMING,2500 BLOCK OF DE LAAT AVE SW,FRAUD,Police,WYOMING POLICE,,
4,2026-09-11T15:58:00Z,1789142280000,GRANDVILLE,RIVERTOWN PKWY SW / POTOMAC AVE SW,GENERAL ASSIST,Police,GRANDVILLE POLICE,,
1,2026-09-11T15:58:00Z,1789142280000,WALKER,1700 BLOCK OF KINNEY AVE NW,MEDICAL EMERGENCY,Fire,WALKER FIRE,,
2,2026-09-11T16:01:00Z,1789142460000,GAINES TWP,100 BLOCK OF CENTERBROOK DR SE,ANIMAL INCIDENT,Police,ANIMAL CONTROL,,
1,2026-09-11T16:01:00Z,1789142460000,GRANDVILLE,4300 BLOCK OF WILSON AVE SW,GENERAL ASSIST,Police,GRANDVILLE POLICE,,
1,2026-09-11T16:13:00Z,1789143180000,GAINES TWP,7900 BLOCK OF KALAMAZOO AVE SE,FIRE ALARM,Fire,GAINES TWP FIRE,,
2,2026-09-11T16:14:00Z,1789143240000,GRAND RAPIDS TWP,3500 BLOCK OF PLAINFIELD AVE NE,FRAUD,Police,KENT CO SHERIFF,,
9,2026-09-11T16:15:00Z,1789143300000,KENTWOOD,4500 BLOCK OF BRETON AVE SE,FRAUD,Police,KENTWOOD POLICE,,
1,2026-09-11T16:21:00Z,1789143660000,ADA TWP,400 BLOCK OF ALTA DALE AVE SE,GENERAL ASSIST,Police,KENT CO SHERIFF,,
1,2026-09-11T16:21:00Z,1789143660000,KENTWOOD,4000 BLOCK OF BURTON ST SE,MISC FIRE,Fire,KENTWOOD FIRE,,
13,2026-09-11T16:25:00Z,1789143900000,OAKFIELD TWP,11000 BLOCK OF HEINTZELMAN AVE NE,WELFARE CHECK,Police,KENT CO SHERIFF,,
1,2026-09-11T16:26:00Z,1789143960000,WYOMING,2100 BLOCK OF CLEVELAND AVE SW,WELFARE CHECK,Police,WYOMING POLICE,,
10,2026-09-11T16:28:00Z,1789144080000,ALPINE TWP,FRUIT RIDGE AVE NW / 6 MILE RD NW,VEHICLE CRASH,Police,KENT CO SHERIFF,,
4,2026-09-11T16:43:00Z,1789144980000,ALPINE TWP,ALPINE AVE NW / MENARD ST NW,VEHICLE CRASH,Police,KENT CO SHERIFF,,
1,2026-09-11T16:45:00Z,1789145100000,BYRON TWP,6700 BLOCK OF PLEASANT HILL DR SW,MEDICAL EMERGENCY,Fire,BYRON TWP FIRE,,
3,2026-09-11T16:49:00Z,1789145340000,WYOMING,4900 BLOCK OF WILSON AVE SW,MEDICAL EMERGENCY,Fire,WYOMING FIRE,,
2,2026-09-11T16:52:00Z,1789145520000,ROCKFORD,400 BLOCK OF PARK PLACE DR NE,MEDICAL EMERGENCY,Fire,ROCKFORD FIRE,,
1,2026-09-11T16:52:00Z,1789145520000,ROCKFORD,400 BLOCK OF PARK PLACE DR NE,GENERAL ASSIST,Police,ROCKFORD POLICE,,
12,2026-09-11T16:58:00Z,1789145880000,GAINES TWP,KALAMAZOO AT M-6,VEHICLE CRASH,Police,KENT CO SHERIFF,42.8471385,-85.62489172
1,2026-09-11T17:00:00Z,1789146000000,GRANDVILLE,2700 BLOCK OF GRAND CASTLE BLVD SW,ASSAULT,Police,GRANDVILLE POLICE,,
7,2026-09-11T17:03:00Z,1789146180000,SOLON TWP,ALGOMA AVE NE / 21 MILE RD NE,ANIMAL INCIDENT,Police,ANIMAL CONTROL,,
1,2026-09-11T17:05:00Z,1789146300000,WYOMING,0 BLOCK OF 28TH ST SW,WELFARE CHECK,Police,WYOMING POLICE,,
10,2026-09-11T17:09:00Z,1789146540000,GRANDVILLE,4300 BLOCK OF WILSON AVE SW,ANIMAL INCIDENT,Police,ANIMAL CONTROL,,
4,2026-09-11T17:09:00Z,1789146540000,PLAINFIELD TWP,WOLVERINE BLVD NE / BELDING RD NE,VEHICLE CRASH,Police,KENT CO SHERIFF,,
2,2026-09-11T17:12:00Z,1789146720000,ADA TWP,8600 BLOCK OF E FULTON ST,FRAUD,Police,KENT CO SHERIFF,,
1,2026-09-11T17:14:00Z,1789146840000,GRANDVILLE,4000 BLOCK OF PRAIRIE ST SW,HARASSMENT,Police,GRANDVILLE POLICE,,
1,2026-09-11T17:21:00Z,1789147260000,TYRONE TWP,4100 BLOCK OF 17 MILE RD NW,MEDICAL EMERGENCY,Fire,KENT CITY FIRE,,
2,2026-09-11T17:32:00Z,1789147920000,WALKER,1400 BLOCK OF WILLIS CT NW,WELFARE CHECK,Police,WALKER POLICE,,
3,2026-09-11T17:32:00Z,1789147920000,WYOMING,3900 BLOCK OF S DIVISION AVE,DISORDERLY PERSON,Police,WYOMING POLICE,,
9,2026-09-11T17:33:00Z,1789147980000,WYOMING,3900 BLOCK OF S DIVISION AVE,LARCENY,Police,WYOMING POLICE,,
3,2026-09-11T17:33:00Z,1789147980000,WYOMING,4400 BLOCK OF S DIVISION AVE,LARCENY,Police,WYOMING POLICE,,
8,2026-09-11T17:34:00Z,1789148040000,KENTWOOD,3200 BLOCK OF 32ND ST SE,VEHICLE CRASH,Police,KENTWOOD POLICE,,
1,2026-09-11T17:35:00Z,1789148100000,WALKER,4100 BLOCK OF CREELY CT NW,MEDICAL EMERGENCY,Fire,WALKER FIRE,,
1,2026-09-11T17:39:00Z,1789148340000,GAINES TWP,300 BLOCK OF 68TH ST SE,GENERAL ASSIST,Police,KENT CO SHERIFF,,
1,2026-09-11T17:43:00Z,1789148580000,WYOMING,2400 BLOCK OF 36TH ST SW,FIRE INVESTIGATION,Fire,WYOMING FIRE,,
2,2026-09-11T17:43:00Z,1789148580000,WYOMING,2600 BLOCK OF BUCHANAN AVE SW,STOLEN VEHICLE,Police,WYOMING POLICE,,
5,2026-09-11T17:48:00Z,1789148880000,GAINES TWP,KALAMAZOO AVE SE / MARKETPLACE DR SE,VEHICLE CRASH,Police,KENT CO SHERIFF,,
4,2026-09-11T17:52:00Z,1789149120000,KENTWOOD,52ND ST SE / EASTERN AVE SE,VEHICLE CRASH,Police,KENTWOOD POLICE,,
1,2026-09-11T17:55:00Z,1789149300000,GRANDVILLE,4500 BLOCK OF KENOWA AVE SW,FRAUD,Police,GRANDVILLE POLICE,,
3,2026-09-11T17:55:00Z,1789149300000,PLAINFIELD TWP,2600 BLOCK OF NORTHVALE DR NE,STOLEN VEHICLE,Police,KENT CO SHERIFF,,
1,2026-09-11T17:57:00Z,1789149420000,GRATTAN TWP,5600 BLOCK OF GAVIN LAKE AVE NE,MEDICAL EMERGENCY,Fire,GRATTAN TWP FIRE,,
16,2026-09-11T18:05:00Z,1789149900000,GRAND RAPIDS,500 BLOCK OF S DIVISION AVE,ANIMAL INCIDENT,Police,ANIMAL CONTROL,,
15,2026-09-11T18:37:00Z,1789151820000,CEDAR SPRINGS,100 BLOCK OF N MAIN ST NE,FIRE ALARM,Fire,CEDAR SPRINGS FIRE,,
14,2026-09-11T18:39:00Z,1789151940000,WYOMING,4900 BLOCK OF WILSON AVE SW,ANIMAL INCIDENT,Police,ANIMAL CONTROL,,
13,2026-09-11T18:46:00Z,1789152360000,WYOMING,300 BLOCK OF MAPLELAWN ST SW,FOUND PROPERTY,Police,WYOMING POLICE,,
11,2026-09-11T18:55:00Z,1789152900000,GAINES TWP,100TH ST SE / S DIVISION AVE,VEHICLE CRASH,Police,GAINES TWP FIRE,,
12,2026-09-11T18:55:00Z,1789152900000,GAINES TWP,100TH ST SE / S DIVISION AVE,VEHICLE CRASH,Police,KENT CO SHERIFF,,
10,2026-09-11T18:59:00Z,1789153140000,CEDAR SPRINGS,0 BLOCK OF S MAIN ST NE,HARASSMENT,Police,KENT CO SHERIFF,,
9,2026-09-11T19:04:00Z,1789153440000,GRANDVILLE,2800 BLOCK OF DORMAX ST SW,LARCENY,Police,GRANDVILLE POLICE,,
8,2026-09-11T19:06:00Z,1789153560000,WYOMING,HOLLY ST SW / WALTON AVE SW,VEHICLE CRASH,Police,WYOMING POLICE,,
5,2026-09-11T19:10:00Z,1789153800000,KENTWOOD,6000 BLOCK OF LEISURE SOUTH DR SE,WELFARE CHECK,Police,KENTWOOD POLICE,,
6,2026-09-11T19:10:00Z,1789153800000,WALKER,WILSON AVE SW / BUTTERWORTH DR SW,VEHICLE CRASH,Police,WALKER FIRE,,
7,2026-09-11T19:10:00Z,1789153800000,WALKER,WILSON AVE SW / BUTTERWORTH DR SW,VEHICLE CRASH,Police,WALKER POLICE,,
3,2026-09-11T19:16:00Z,1789154160000,BYRON TWP,68TH ST SW / EDGEVIEW AVE SW,VEHICLE CRASH,Police,BYRON TWP FIRE,,
4,2026-09-11T19:16:00Z,1789154160000,BYRON TWP,68TH ST SW / EDGEVIEW AVE SW,VEHICLE CRASH,Police,KENT CO SHERIFF,,
4,2026-09-11T19:16:00Z,1789154160000,WYOMING,36TH ST SW / BADGER AVE SW,SUSPICIOUS INCIDENT,Police,WYOMING POLICE,,
1,2026-09-11T19:17:00Z,1789154220000,ALPINE TWP,4200 BLOCK OF ALPENHORN DR NW,MEDICAL EMERGENCY,Fire,ALPINE TWP FIRE,,
2,2026-09-11T19:17:00Z,1789154220000,WYOMING,HOLLY ST SW / WALTON AVE SW,MEDICAL EMERGENCY,Fire,WYOMING FIRE,,
2,2026-09-11T19:19:00Z,1789154340000,WYOMING,5100 BLOCK OF HOBAN AVE SW,LARCENY,Police,WYOMING POLICE,,
4,2026-09-11T19:26:00Z,1789154760000,BYRON TWP,3100 BLOCK OF 64TH ST SW,GENERAL ASSIST,Police,KENT CO SHERIFF,,
2,2026-09-11T19:31:00Z,1789155060000,KENTWOOD,0 BLOCK OF DANIEL ST SE,MEDICAL EMERGENCY,Fire,KENTWOOD FIRE,,
1,2026-09-11T19:32:00Z,1789155120000,GRANDVILLE,3800 BLOCK OF RIVERTOWN PKWY SW,WELFARE CHECK,Police,GRANDVILLE POLICE,,
2,2026-09-11T19:37:00Z,1789155420000,PLAINFIELD TWP,1400 BLOCK OF HOUSE ST NE,WIRE DOWN,Fire,PLAINFIELD TWP FIRE,,
1,2026-09-11T19:42:00Z,1789155720000,WALKER,WILSON AVE NW / LEONARD ST NW,VEHICLE CRASH,Police,WALKER POLICE,,
1,2026-09-11T19:55:00Z,1789156500000,KENTWOOD,100 BLOCK OF TRAVERSE DR SE,MEDICAL EMERGENCY,Fire,KENTWOOD FIRE,,
1,2026-09-11T19:56:00Z,1789156560000,GAINES TWP,1200 BLOCK OF WOODFIELD EAST DR SE,MEDICAL EMERGENCY,Fire,GAINES TWP FIRE,,
10,2026-09-11T20:01:00Z,1789156860000,BYRON TWP,US-131 NB SO 84TH,VEHICLE CRASH,Police,KENT CO SHERIFF,42.810963,-85.66872626
4,2026-09-11T20:03:00Z,1789156980000,ALGOMA TWP,12200 BLOCK OF NORTHLAND DR NE,BURGLAR ALARM,Police,KENT CO SHERIFF,,
1,2026-09-11T20:03:00Z,1789156980000,ALPINE TWP,4200 BLOCK OF ALPINE AVE NW,FRAUD,Police,KENT CO SHERIFF,,
11,2026-09-11T20:05:00Z,1789157100000,PLAINFIELD TWP,3900 BLOCK OF WEST RIVER DR NE,DISORDERLY PERSON,Police,KENT CO SHERIFF,,
3,2026-09-11T20:06:00Z,1789157160000,WYOMING,300 BLOCK OF 54TH ST SW,ASSAULT,Police,WYOMING POLICE,,
10,2026-09-11T20:06:00Z,1789157160000,WYOMING,5400 BLOCK OF AVERILL AVE SW,ASSAULT,Police,WYOMING POLICE,,
2,2026-09-11T20:07:00Z,1789157220000,NELSON TWP,5100 BLOCK OF DIO DR NE,MEDICAL EMERGENCY,Fire,CEDAR SPRINGS FIRE,,
7,2026-09-11T20:09:00Z,1789157340000,KENTWOOD,6000 BLOCK OF LEISURE SOUTH DR SE,GENERAL ASSIST,Police,KENTWOOD POLICE,,
2,2026-09-11T20:11:00Z,1789157460000,GRANDVILLE,28TH ST SW / IVANREST AVE SW,ASSAULT,Police,GRANDVILLE POLICE,,
1,2026-09-11T20:11:00Z,1789157460000,KENTWOOD,2500 BLOCK OF BRETON WOODS DR SE,FIRE ALARM,Fire,KENTWOOD FIRE,,
6,2026-09-11T20:11:00Z,1789157460000,WYOMING,5100 BLOCK OF HARBOR HOUSE LN SW,LARCENY,Police,WYOMING POLICE,,
1,2026-09-11T20:12:00Z,1789157520000,GRANDVILLE,4100 BLOCK OF CHICAGO DR SW,SUSPICIOUS INCIDENT,Police,GRANDVILLE POLICE,,
5,2026-09-11T20:16:00Z,1789157760000,GRANDVILLE,3600 BLOCK OF RIVERTOWN PKWY SW,FIRE ALARM,Fire,GRANDVILLE FIRE,,
1,2026-09-11T20:21:00Z,1789158060000,PLAINFIELD TWP,6100 BLOCK OF IDAHO AVE NE,MEDICAL EMERGENCY,Fire,KENT CO SHERIFF,,
3,2026-09-11T20:21:00Z,1789158060000,PLAINFIELD TWP,6100 BLOCK OF IDAHO AVE NE,MEDICAL EMERGENCY,Fire,PLAINFIELD TWP FIRE,,
2,2026-09-11T20:21:00Z,1789158060000,WYOMING,1500 BLOCK OF 28TH ST SW,WELFARE CHECK,Police,WYOMING POLICE,,
8,2026-09-11T20:21:00Z,1789158060000,WYOMING,4500 BLOCK OF BUCHANAN AVE SW,FRAUD,Police,WYOMING POLICE,,
1,2026-09-11T20:22:00Z,1789158120000,WYOMING,1500 BLOCK OF 28TH ST SW,MEDICAL EMERGENCY,Fire,WYOMING FIRE,,
10,2026-09-11T20:24:00Z,1789158240000,KENTWOOD,EDSEL ST SE / CARRICK AVE SE,VEHICLE CRASH,Police,KENTWOOD POLICE,,
2,2026-09-11T20:28:00Z,1789158480000,CALEDONIA,100 BLOCK OF MILL ST SE,ORDINANCE VIOLATION,Police,KENT CO SHERIFF,,
10,2026-09-11T20:33:00Z,1789158780000,WYOMING,200 BLOCK OF WALTER ST SE,BURGLARY,Police,WYOMING POLICE,,
3,2026-09-11T20:34:00Z,1789158840000,WYOMING,1100 BLOCK OF 36TH ST SW,LOITERING,Police,WYOMING POLICE,,
1,2026-09-11T20:34:00Z,1789158840000,WYOMING,1800 BLOCK OF CHICAGO DR SW,LARCENY,Police,WYOMING POLICE,,
3,2026-09-11T20:38:00Z,1789159080000,GAINES TWP,700 BLOCK OF PRESERVE CIRCLE DR SE,SUSPICIOUS INCIDENT,Police,KENT CO SHERIFF,,
2,2026-09-11T20:41:00Z,1789159260000,VERGENNES TWP,12300 BLOCK OF MCPHERSON ST NE,WIRE DOWN,Fire,LOWELL AREA FIRE,,
2,2026-09-11T20:41:00Z,1789159260000,VERGENNES TWP,MCPHERSON ST NE / LINCOLN LAKE AVE NE,WIRE DOWN,Fire,LOWELL AREA FIRE,,
5,2026-09-11T20:44:00Z,1789159440000,ALPINE TWP,ALPINE AVE NW / 4 MILE RD NW,VEHICLE CRASH,Police,WALKER POLICE,,
1,2026-09-11T20:49:00Z,1789159740000,GRANDVILLE,3200 BLOCK OF WILSON AVE SW,WELFARE CHECK,Police,GRANDVILLE POLICE,,
3,2026-09-11T20:50:00Z,1789159800000,KENTWOOD,3300 BLOCK OF 36TH ST SE,DISORDERLY PERSON,Police,KENTWOOD POLICE,,
8,2026-09-11T20:51:00Z,1789159860000,SPENCER TWP,16200 BLOCK OF LARSEN AVE NE,VEHICLE INSPECTION,Police,KENT CO SHERIFF,,
2,2026-09-11T20:54:00Z,1789160040000,KENTWOOD,300 BLOCK OF 43RD ST SE,DISORDERLY PERSON,Police,KENTWOOD POLICE,,
2,2026-09-11T20:56:00Z,1789160160000,WYOMING,2400 BLOCK OF 30TH ST SW,MEDICAL EMERGENCY,Fire,WYOMING FIRE,,
1,2026-09-11T20:59:00Z,1789160340000,WYOMING,2300 BLOCK OF LEE ST SW,LOITERING,Police,WYOMING POLICE,,
2,2026-09-11T21:00:00Z,1789160400000,BYRON TWP,7700 BLOCK OF CATERPILLAR CT SW,BURGLAR ALARM,Police,KENT CO SHERIFF,,
8,2026-09-11T21:03:00Z,1789160580000,WYOMING,2300 BLOCK OF CAMDEN AVE SW,ANIMAL INCIDENT,Police,ANIMAL CONTROL,,
1,2026-09-11T21:07:00Z,1789160820000,GRANDVILLE,3200 BLOCK OF WILSON AVE SW,MEDICAL EMERGENCY,Fire,GRANDVILLE FIRE,,
10,2026-09-11T21:09:00Z,1789160940000,WYOMING,US-131 NB NO 28TH-WY,VEHICLE CRASH,Police,WYOMING FIRE,42.91402608,-85.6778398
11,2026-09-11T21:09:00Z,1789160940000,WYOMING,US-131 NB NO 28TH-WY,VEHICLE CRASH,Police,WYOMING POLICE,42.91402608,-85.6778398
1,2026-09-11T21:10:00Z,1789161000000,GRANDVILLE,PIUTE DR SW / CHEYENNE DR SW,SUSPICIOUS INCIDENT,Police,GRANDVILLE POLICE,,
4,2026-09-11T21:14:00Z,1789161240000,WYOMING,4100 BLOCK OF MADISON AVE SE,MISC FIRE,Fire,WYOMING FIRE,,
3,2026-09-11T21:15:00Z,1789161300000,WYOMING,2300 BLOCK OF 29TH ST SW,HARASSMENT,Police,WYOMING POLICE,,
2,2026-09-11T21:19:00Z,1789161540000,WYOMING,0 BLOCK OF 36TH ST SW,GENERAL ASSIST,Police,WYOMING POLICE,,
5,2026-09-11T21:23:00Z,1789161780000,CALEDONIA TWP,8100 BLOCK OF 84TH ST SE,FRAUD,Police,KENT CO SHERIFF,,
1,2026-09-11T21:23:00Z,1789161780000,WYOMING,4100 BLOCK OF BURLINGAME AVE SW,GENERAL ASSIST,Police,WYOMING POLICE,,
4,2026-09-11T21:25:00Z,1789161900000,WYOMING,4300 BLOCK OF CROOKED TREE RD SW,SUSPICIOUS INCIDENT,Police,WYOMING POLICE,,
2,2026-09-11T21:25:00Z,1789161900000,WYOMING,5600 BLOCK OF CLYDE PARK AVE SW,VEHICLE CRASH,Police,WYOMING POLICE,,
1,2026-09-11T21:30:00Z,1789162200000,KENTWOOD,EDSEL ST SE / CARRICK AVE SE,VEHICLE CRASH,Police,KENTWOOD FIRE,,
7,2026-09-11T21:31:00Z,1789162260000,GRATTAN TWP,12100 BLOCK OF OLD BELDING RD NE,SUSPICIOUS INCIDENT,Police,KENT CO SHERIFF,,
1,2026-09-11T21:32:00Z,1789162320000,KENTWOOD,4000 BLOCK OF WOODLAND CREEK DR SE,MEDICAL EMERGENCY,Fire,KENTWOOD FIRE,,
1,2026-09-11T21:37:00Z,1789162620000,GAINES TWP,3400 BLOCK OF MISTYWOOD ST SE,GENERAL ASSIST,Police,KENT CO SHERIFF,,
11,2026-09-11T21:37:00Z,1789162620000,WYOMING,200 BLOCK OF JEAN ST SW,WELFARE CHECK,Police,WYOMING POLICE,,
6,2026-09-11T21:40:00Z,1789162800000,WALKER,3300 BLOCK OF MILO ST NW,BARKING DOG,Police,WALKER POLICE,,
1,2026-09-11T21:40:00Z,1789162800000,WALKER,3400 BLOCK OF ALPINE AVE NW,WELFARE CHECK,Police,WALKER POLICE,,
2,2026-09-11T21:49:00Z,1789163340000,GAINES TWP,6000 BLOCK OF WOODFIELD DR SE,MEDICAL EMERGENCY,Fire,GAINES TWP FIRE,,
1,2026-09-11T21:54:00Z,1789163640000,WALKER,FERRIS ST NW / ALPINE AVE NW,911 HANG UP,Police,WALKER POLICE,,
3,2026-09-11T21:56:00Z,1789163760000,PLAINFIELD TWP,200 BLOCK OF TEASEL ST NE,MEDICAL EMERGENCY,Fire,PLAINFIELD TWP FIRE,,
5,2026-09-11T22:00:00Z,1789164000000,NELSON TWP,14600 BLOCK OF WHITE PINE RIDGE CT NE,MEDICAL EMERGENCY,Fire,CEDAR SPRINGS FIRE,,
8,2026-09-11T22:01:00Z,1789164060000,WYOMING,1100 BLOCK OF 35TH ST SW,FOUND PROPERTY,Police,WYOMING POLICE,,
2,2026-09-11T22:02:00Z,1789164120000,PLAINFIELD TWP,4200 BLOCK OF BELL AVE NE,MEDICAL EMERGENCY,Fire,PLAINFIELD TWP FIRE,,
2,2026-09-11T22:02:00Z,1789164120000,ROCKFORD,100 BLOCK OF N MONROE ST NE,MEDICAL EMERGENCY,Fire,ROCKFORD FIRE,,
1,2026-09-11T22:02:00Z,1789164120000,ROCKFORD,100 BLOCK OF N MONROE ST NE,GENERAL ASSIST,Police,ROCKFORD POLICE,,
4,2026-09-11T22:03:00Z,1789164180000,ALPINE TWP,ALPINE AVE NW / ALPENHORN DR NW,GENERAL ASSIST,Police,KENT CO SHERIFF,,
1,2026-09-11T22:05:00Z,1789164300000,WYOMING,400 BLOCK OF 54TH ST SW,DISORDERLY PERSON,Police,WYOMING POLICE,,
2,2026-09-11T22:07:00Z,1789164420000,KENTWOOD,900 BLOCK OF HARDWICK ST SE,911 HANG UP,Police,KENTWOOD POLICE,,
5,2026-09-11T22:07:00Z,1789164420000,WALKER,1700 BLOCK OF WILSON AVE NW,ASSAULT,Police,WALKER POLICE,,
4,2026-09-11T22:10:00Z,1789164600000,WYOMING,100 BLOCK OF CANTERBURY ST SW,WELFARE CHECK,Police,WYOMING POLICE,,
1,2026-09-11T22:10:00Z,1789164600000,WYOMING,2400 BLOCK OF 30TH ST SW,WELFARE CHECK,Police,WYOMING POLICE,,
2,2026-09-11T22:11:00Z,1789164660000,ADA TWP,7500 BLOCK OF THORNAPPLE RIVER DR SE,WELFARE CHECK,Police,KENT CO SHERIFF,,
4,2026-09-11T22:11:00Z,1789164660000,WYOMING,800 BLOCK OF 44TH ST SW,GENERAL ASSIST,Police,WYOMING POLICE,,
2,2026-09-11T22:13:00Z,1789164780000,GRANDVILLE,3500 BLOCK OF CANAL AVE SW,MEDICAL EMERGENCY,Fire,GRANDVILLE FIRE,,
1,2026-09-11T22:15:00Z,1789164900000,SOLON TWP,100 BLOCK OF 19 MILE RD NE,WELFARE CHECK,Police,KENT CO SHERIFF,,
10,2026-09-11T22:17:00Z,1789165020000,PLAINFIELD TWP,US-131 NB NO WEST RIVER,VEHICLE CRASH,Police,KENT CO SHERIFF,43.04264983,-85.66191366
7,2026-09-11T22:19:00Z,1789165140000,PLAINFIELD TWP,3100 BLOCK OF CRISFIELD DR NE,GENERAL ASSIST,Police,KENT CO SHERIFF,,
1,2026-09-11T22:20:00Z,1789165200000,EAST GRAND RAPIDS,800 BLOCK OF LAKESIDE DR SE,FOUND PROPERTY,Police,EAST GRAND RAPIDS POLICE,,
4,2026-09-11T22:23:00Z,1789165380000,WYOMING,5200 BLOCK OF BURLINGAME AVE SW,DAMAGE TO PROPERTY,Police,WYOMING POLICE,,
2,2026-09-11T22:27:00Z,1789165620000,GRANDVILLE,4100 BLOCK OF PINEVIEW ST SW,MEDICAL EMERGENCY,Fire,GRANDVILLE FIRE,,
1,2026-09-11T22:29:00Z,1789165740000,PLAINFIELD TWP,7800 BLOCK OF HERRINGTON AVE NE,MEDICAL EMERGENCY,Fire,PLAINFIELD TWP FIRE,,
5,2026-09-11T22:31:00Z,1789165860000,BYRON TWP,S DIVISION AVE / 60TH ST SE,UNKNOWN TYPE INCIDENT,Unknown,KENT CO SHERIFF,,
13,2026-09-11T22:34:00Z,1789166040000,WYOMING,1900 BLOCK OF 36TH ST SW,GENERAL ASSIST,Police,WYOMING POLICE,,
4,2026-09-11T22:37:00Z,1789166220000,WYOMING,4100 BLOCK OF JEFFERSON AVE SE,DISORDERLY PERSON,Police,WYOMING POLICE,,
1,2026-09-11T22:38:00Z,1789166280000,KENTWOOD,1800 BLOCK OF ANDREW ST SE,MEDICAL EMERGENCY,Fire,KENTWOOD FIRE,,
4,2026-09-11T22:48:00Z,1789166880000,GRAND RAPIDS TWP,3400 BLOCK OF PLAINFIELD AVE NE,FIGHT,Police,KENT CO SHERIFF,,
1,2026-09-11T22:49:00Z,1789166940000,GAINES TWP,3400 BLOCK OF MISTYWOOD ST SE,MEDICAL EMERGENCY,Fire,GAINES TWP FIRE,,
2,2026-09-11T22:53:00Z,1789167180000,NEWAYGO ENSLEY TWP,7000 BLOCK OF E 104TH ST,MEDICAL EMERGENCY,Fire,SAND LAKE FIRE,,
1,2026-09-11T22:57:00Z,1789167420000,GRANDVILLE,3400 BLOCK OF CENTURY CENTER ST SW,FRAUD,Police,GRANDVILLE POLICE,,
1,2026-09-11T23:13:00Z,1789168380000,GRANDVILLE,IVANREST AVE SW / 44TH ST SW,VEHICLE CRASH,Police,GRANDVILLE FIRE,,
5,2026-09-11T23:13:00Z,1789168380000,GRANDVILLE,IVANREST AVE SW / 44TH ST SW,VEHICLE CRASH,Police,GRANDVILLE POLICE,,
3,2026-09-11T23:17:00Z,1789168620000,BYRON TWP,400 BLOCK OF 84TH ST SW,FRAUD,Police,KENT CO SHERIFF,,
2,2026-09-11T23:21:00Z,1789168860000,WYOMING,900 BLOCK OF KENNETH ST SW,MISSING PERSON,Police,WYOMING POLICE,,
1,2026-09-11T23:25:00Z,1789169100000,CEDAR SPRINGS,400 BLOCK OF SUSAN ST NE,GENERAL ASSIST,Police,KENT CO SHERIFF,,
5,2026-09-11T23:39:00Z,1789169940000,SOLON TWP,ALGOMA AVE NE / 20 MILE RD NE,RECKLESS DRIVER,Police,KENT CO SHERIFF,,
2,2026-09-11T23:39:00Z,1789169940000,WYOMING,32ND ST SW / BUCHANAN AVE SW,VEHICLE CRASH,Police,WYOMING FIRE,,
3,2026-09-11T23:39:00Z,1789169940000,WYOMING,32ND ST SW / BUCHANAN AVE SW,VEHICLE CRASH,Police,WYOMING POLICE,,
7,2026-09-11T23:40:00Z,1789170000000,GRATTAN TWP,7100 BLOCK OF NUGENT AVE NE,LOUD NOISE,Police,KENT CO SHERIFF,,
1,2026-09-11T23:40:00Z,1789170000000,WALKER,KINNEY AVE NW / LAKE MICHIGAN DR NW,VEHICLE CRASH,Police,WALKER POLICE,,
1,2026-09-11T23:42:00Z,1789170120000,CASCADE TWP,6300 BLOCK OF QUAILEY DR SE,CARBON MONOXIDE INVESTIGATION,Fire,CASCADE TWP FIRE,,
4,2026-09-11T23:47:00Z,1789170420000,WYOMING,3500 BLOCK OF ROBIN AVE SW,WELFARE CHECK,Police,WYOMING POLICE,,
3,2026-09-11T23:48:00Z,1789170480000,WYOMING,1700 BLOCK OF PLAS ST SW,DISORDERLY PERSON,Police,WYOMING POLICE,,
2,2026-09-11T23:51:00Z,1789170660000,PLAINFIELD TWP,2100 BLOCK OF DAYLOR DR NE,SUSPICIOUS INCIDENT,Police,KENT CO SHERIFF,,
1,2026-09-11T23:55:00Z,1789170900000,GAINES TWP,300 BLOCK OF 68TH ST SE,GENERAL ASSIST,Police,KENT CO SHERIFF,,
8,2026-09-12T00:00:00Z,1789171200000,WYOMING,2000 BLOCK OF GREENFIELD AVE SW,PARKING VIOLATION,Police,WYOMING POLICE,,
1,2026-09-12T00:03:00Z,1789171380000,WALKER,FRED MEIJER MILLENNIUM TRAILS_BUTTERWORTH DR SW,BROADCAST,Police,KENT CO SHERIFF,,
2,2026-09-12T00:03:00Z,1789171380000,WALKER,FRED MEIJER MILLENNIUM TRAILS_BUTTERWORTH DR SW,FIRE INVESTIGATION,Fire,WALKER FIRE,,
1,2026-09-12T00:07:00Z,1789171620000,EAST GRAND RAPIDS,700 BLOCK OF LAKESIDE DR SE,PARKING VIOLATION,Police,EAST GRAND RAPIDS POLICE,,
8,2026-09-12T00:11:00Z,1789171860000,ALPINE TWP,9 MILE RD NW / M-37,ABANDONED VEHICLE,Police,KENT CO SHERIFF,,
2,2026-09-12T00:15:00Z,1789172100000,WALKER,1100 BLOCK OF POHENS CT NW,GENERAL ASSIST,Police,WALKER POLICE,,
1,2026-09-12T00:17:00Z,1789172220000,WYOMING,4300 BLOCK OF CLYDE PARK AVE SW,STRUCTURE FIRE,Fire,WYOMING FIRE,,
5,2026-09-12T00:19:00Z,1789172340000,WYOMING,ILLINOIS AVE SW / ARIEBILL ST SW,WELFARE CHECK,Police,WYOMING POLICE,,
6,2026-09-12T00:21:00Z,1789172460000,GAINES TWP,300 BLOCK OF 68TH ST SE,GENERAL ASSIST,Police,KENT CO SHERIFF,,
1,2026-09-12T00:21:00Z,1789172460000,WYOMING,2800 BLOCK OF S DIVISION AVE,WELFARE CHECK,Police,WYOMING POLICE,,
8,2026-09-12T00:23:00Z,1789172580000,WYOMING,3600 BLOCK OF COLLINGWOOD AVE SW,BARKING DOG,Police,WYOMING POLICE,,
7,2026-09-12T00:23:00Z,1789172580000,WYOMING,5900 BLOCK OF BYRON CENTER AVE SW,WELFARE CHECK,Police,WYOMING POLICE,,
3,2026-09-12T00:29:00Z,1789172940000,WYOMING,2900 BLOCK OF TAFT AVE SW,DISORDERLY PERSON,Police,WYOMING POLICE,,
2,2026-09-12T00:30:00Z,1789173000000,WALKER,2400 BLOCK OF ALPINE AVE NW,FRAUD,Police,WALKER POLICE,,
1,2026-09-12T00:33:00Z,1789173180000,PLAINFIELD TWP,3800 BLOCK OF PLAINFIELD AVE NE,MEDICAL EMERGENCY,Fire,PLAINFIELD TWP FIRE,,
3,2026-09-12T00:43:00Z,1789173780000,GRANDVILLE,44TH ST SW / IVANREST AVE SW,VEHICLE CRASH,Police,GRANDVILLE POLICE,,
2,2026-09-12T00:44:00Z,1789173840000,GRANDVILLE,4300 BLOCK OF GENESIS CT SW,MEDICAL EMERGENCY,Fire,GRANDVILLE FIRE,,
3,2026-09-12T00:45:00Z,1789173900000,KENTWOOD,700 BLOCK OF BRITTANY CT SE,MEDICAL EMERGENCY,Fire,KENTWOOD FIRE,,
1,2026-09-12T00:50:00Z,1789174200000,GRANDVILLE,4500 BLOCK OF KENOWA AVE SW,FRAUD,Police,GRANDVILLE POLICE,,
2,2026-09-12T00:53:00Z,1789174380000,GAINES TWP,300 BLOCK OF 68TH ST SE,GENERAL ASSIST,Police,KENT CO SHERIFF,,
1,2026-09-12T00:56:00Z,1789174560000,CEDAR SPRINGS,100 BLOCK OF W MAPLE ST NE,SUSPICIOUS INCIDENT,Police,KENT CO SHERIFF,,
1,2026-09-12T01:04:00Z,1789175040000,KENTWOOD,4900 BLOCK OF MADISON AVE SE,DAMAGE TO PROPERTY,Police,KENTWOOD POLICE,,
2,2026-09-12T01:10:00Z,1789175400000,KENTWOOD,44TH ST SE / KALAMAZOO AVE SE,VEHICLE CRASH,Police,KENTWOOD POLICE,,
1,2026-09-12T01:12:00Z,1789175520000,GRANDVILLE,3100 BLOCK OF 27TH ST SW,GENERAL ASSIST,Police,GRANDVILLE POLICE,,
9,2026-09-12T01:23:00Z,1789176180000,WALKER,US-131 NB TO I-96 EB RAMP,VEHICLE CRASH,Police,WALKER POLICE,43.01633192,-85.67862457
1,2026-09-12T01:32:00Z,1789176720000,WALKER,2500 BLOCK OF ALPINE AVE NW,DISORDERLY PERSON,Police,WALKER POLICE,,
1,2026-09-12T01:37:00Z,1789177020000,SAND LAKE,0 BLOCK OF E LAKE ST NE,MEDICAL EMERGENCY,Fire,SAND LAKE FIRE,,
2,2026-09-12T01:44:00Z,1789177440000,WYOMING,4300 BLOCK OF CROOKED TREE RD SW,HARASSMENT,Police,WYOMING POLICE,,
1,2026-09-12T01:45:00Z,1789177500000,ROCKFORD,LEWIS ST NE / N MAIN ST NE,SUSPICIOUS INCIDENT,Police,ROCKFORD POLICE,,
1,2026-09-12T01:51:00Z,1789177860000,SPARTA,ANDERSON ST NW / KINGS BLVD NW,WIRE DOWN,Fire,SPARTA FIRE,,
1,2026-09-12T01:56:00Z,1789178160000,WYOMING,1700 BLOCK OF SUNVALE DR SW,MEDICAL EMERGENCY,Fire,WYOMING FIRE,,
5,2026-09-12T02:06:00Z,1789178760000,SPARTA,500 BLOCK OF W SPARTAN DR NW,FIGHT,Police,SPARTA POLICE,,
2,2026-09-12T02:06:00Z,1789178760000,WYOMING,1800 BLOCK OF 35TH ST SW,DISORDERLY PERSON,Police,WYOMING POLICE,,
1,2026-09-12T02:07:00Z,1789178820000,CASCADE TWP,3000 BLOCK OF BUTTRICK AVE SE,GENERAL ASSIST,Police,KENT CO SHERIFF,,
2,2026-09-12T02:08:00Z,1789178880000,CALEDONIA TWP,9100 BLOCK OF KRAFT AVE SE,VEHICLE CRASH,Police,KENT CO SHERIFF,,
1,2026-09-12T02:17:00Z,1789179420000,GAINES TWP,500 BLOCK OF 68TH ST SE,OPEN DOOR,Police,KENT CO SHERIFF,,
1,2026-09-12T02:18:00Z,1789179480000,LOWELL TWP,13200 BLOCK OF GRAND RIVER DR SE,SUSPICIOUS INCIDENT,Police,KENT CO SHERIFF,,
4,2026-09-12T02:31:00Z,1789180260000,CALEDONIA TWP,84TH ST SE / BROADMOOR AVE SE,VEHICLE CRASH,Police,KENT CO SHERIFF,,
1,2026-09-12T02:33:00Z,1789180380000,GAINES TWP,700 BLOCK OF BRAESIDE DR SE,FIRE ALARM,Fire,GAINES TWP FIRE,,
1,2026-09-12T02:38:00Z,1789180680000,BYRON TWP,2100 BLOCK OF 84TH ST SW,MEDICAL EMERGENCY,Fire,BYRON TWP FIRE,,
1,2026-09-12T02:42:00Z,1789180920000,CASCADE TWP,3800 BLOCK OF KRAFT AVE SE,BURGLAR ALARM,Police,KENT CO SHERIFF,,
1,2026-09-12T02:48:00Z,1789181280000,SOLON TWP,PINE ISLAND DR NE / 17 MILE RD NE,VEHICLE CRASH,Police,KENT CO SHERIFF,,
1,2026-09-12T02:49:00Z,1789181340000,KENTWOOD,3300 BLOCK OF PHEASANT RIDGE DR SE,LOUD NOISE,Police,KENTWOOD POLICE,,
1,2026-09-12T02:55:00Z,1789181700000,EAST GRAND RAPIDS,PLYMOUTH RD SE / LAKE DR SE,VEHICLE CRASH,Police,EAST GRAND RAPIDS POLICE,,
4,2026-09-12T02:55:00Z,1789181700000,WALKER,3300 BLOCK OF ALPINE AVE NW,VEHICLE CRASH,Police,WALKER POLICE,,
2,2026-09-12T03:06:00Z,1789182360000,PLAINFIELD TWP,5300 BLOCK OF S SILVERSTONE DR NE,GENERAL ASSIST,Police,KENT CO SHERIFF,,
1,2026-09-12T03:07:00Z,1789182420000,WYOMING,0 BLOCK OF 44TH ST SW,DISORDERLY PERSON,Police,WYOMING POLICE,,
5,2026-09-12T03:09:00Z,1789182540000,BYRON TWP,US-131 SB NO 76TH,GENERAL ASSIST,Police,KENT CO SHERIFF,42.82648321,-85.67220583
2,2026-09-12T03:21:00Z,1789183260000,WALKER,800 BLOCK OF 3 MILE RD NW,WELFARE CHECK,Police,WALKER POLICE,,
1,2026-09-12T03:27:00Z,1789183620000,CALEDONIA TWP,8500 BLOCK OF BROADMOOR AVE SE,MEDICAL EMERGENCY,Fire,CALEDONIA TWP FIRE,,
1,2026-09-12T03:29:00Z,1789183740000,KENTWOOD,300 BLOCK OF RUNIDO ST SE,911 HANG UP,Police,KENTWOOD POLICE,,
1,2026-09-12T03:36:00Z,1789184160000,WALKER,3400 BLOCK OF 3 MILE RD NW,BURGLAR ALARM,Police,WALKER POLICE,,
7,2026-09-12T03:38:00Z,1789184280000,BYRON TWP,M-6 WB WO BYRON CENTER,VEHICLE CRASH,Police,BYRON TWP FIRE,42.8529775,-85.72568792
8,2026-09-12T03:38:00Z,1789184280000,BYRON TWP,M-6 WB WO BYRON CENTER,VEHICLE CRASH,Police,KENT CO SHERIFF,42.8529775,-85.72568792
2,2026-09-12T03:49:00Z,1789184940000,PLAINFIELD TWP,300 BLOCK OF DODGE ST NE,SUSPICIOUS INCIDENT,Police,KENT CO SHERIFF,,
3,2026-09-12T03:51:00Z,1789185060000,WYOMING,28TH AT US-131,VEHICLE CRASH,Police,WYOMING FIRE,42.91324858,-85.67755701
6,2026-09-12T03:51:00Z,1789185060000,WYOMING,28TH AT US-131,VEHICLE CRASH,Police,WYOMING POLICE,42.91324858,-85.67755701
1,2026-09-12T04:00:00Z,1789185600000,KENTWOOD,4700 BLOCK OF N BRETON CT SE,LOUD NOISE,Police,KENTWOOD POLICE,,
1,2026-09-12T04:05:00Z,1789185900000,WYOMING,DEN HERTOG ST SW / MICHAEL AVE SW,WIRE DOWN,Fire,WYOMING FIRE,,
5,2026-09-12T04:06:00Z,1789185960000,WYOMING,2100 BLOCK OF METRO CT SW,PARKING VIOLATION,Police,WYOMING POLICE,,
1,2026-09-12T04:22:00Z,1789186920000,ALGOMA TWP,9500 BLOCK OF DOUGLAS FIR CT NE,MEDICAL EMERGENCY,Fire,ALGOMA TWP FIRE,,
1,2026-09-12T04:36:00Z,1789187760000,KENTWOOD,3200 BLOCK OF 28TH ST SE,WELFARE CHECK,Police,KENTWOOD POLICE,,
2,2026-09-12T04:41:00Z,1789188060000,WALKER,3300 BLOCK OF ALPINE AVE NW,FIRE ALARM,Fire,WALKER FIRE,,
1,2026-09-12T04:42:00Z,1789188120000,GRAND RAPIDS TWP,2700 BLOCK OF CASCADE RD SE,CARBON MONOXIDE INVESTIGATION,Fire,GRAND RAPIDS TWP FIRE,,
6,2026-09-12T04:52:00Z,1789188720000,BYRON TWP,7700 BLOCK OF S DIVISION AVE,TRAFFIC VIOLATION,Police,KENT CO SHERIFF,,
2,2026-09-12T05:00:00Z,1789189200000,ALPINE TWP,5200 BLOCK OF ALPINE AVE NW,HARASSMENT,Police,KENT CO SHERIFF,,
1,2026-09-12T05:07:00Z,1789189620000,KENTWOOD,4300 BLOCK OF KALAMAZOO AVE SE,SUSPICIOUS INCIDENT,Police,KENTWOOD POLICE,,
4,2026-09-12T05:08:00Z,1789189680000,KENTWOOD,4700 BLOCK OF BRETON AVE SE,LOITERING,Police,KENTWOOD POLICE,,
1,2026-09-12T05:13:00Z,1789189980000,GRANDVILLE,4700 BLOCK OF RIVERTOWN COMMONS DR SW,SUSPICIOUS INCIDENT,Police,GRANDVILLE POLICE,,
3,2026-09-12T05:14:00Z,1789190040000,KENT CITY,100 BLOCK OF N VILLAGE DR NW,SUSPICIOUS INCIDENT,Police,KENT CO SHERIFF,,
3,2026-09-12T05:14:00Z,1789190040000,KENT CITY,100 BLOCK OF N VILLAGE DR NW,TRAFFIC VIOLATION,Police,KENT CO SHERIFF,,
2,2026-09-12T05:21:00Z,1789190460000,KENTWOOD,5700 BLOCK OF KALAMAZOO AVE SE,911 HANG UP,Police,KENTWOOD POLICE,,
1,2026-09-12T05:23:00Z,1789190580000,WYOMING,3500 BLOCK OF WOODWARD AVE SW,VEHICLE CRASH,Police,WYOMING POLICE,,
1,2026-09-12T05:33:00Z,1789191180000,KENT CITY,100 BLOCK OF N VILLAGE DR NW,MEDICAL EMERGENCY,Fire,KENT CITY FIRE,,
1,2026-09-12T05:40:00Z,1789191600000,WYOMING,1800 BLOCK OF BERKLEY AVE SW,SUSPICIOUS INCIDENT,Police,WYOMING POLICE,,
1,2026-09-12T05:47:00Z,1789192020000,GAINES TWP,1100 BLOCK OF WOODFIELD EAST DR SE,WELFARE CHECK,Police,KENT CO SHERIFF,,
1,2026-09-12T06:00:00Z,1789192800000,PLAINFIELD TWP,4300 BLOCK OF ABRIGADOR TRL NE,FIRE INVESTIGATION,Fire,PLAINFIELD TWP FIRE,,
1,2026-09-12T06:18:00Z,1789193880000,CEDAR SPRINGS,14200 BLOCK OF WHITE CREEK AVE NE,SUSPICIOUS INCIDENT,Police,KENT CO SHERIFF,,
2,2026-09-12T06:26:00Z,1789194360000,GRAND RAPIDS TWP,E FULTON ST / BRIDGESTONE DR NE,TRAFFIC VIOLATION,Police,KENT CO SHERIFF,,
1,2026-09-12T06:28:00Z,1789194480000,GRANDVILLE,4700 BLOCK OF BRUSHWOOD BLVD SW,WELFARE CHECK,Police,GRANDVILLE POLICE,,
1,2026-09-12T06:41:00Z,1789195260000,CEDAR SPRINGS,14100 BLOCK OF WHITE CREEK AVE NE,SUSPICIOUS INCIDENT,Police,KENT CO SHERIFF,,
1,2026-09-12T06:47:00Z,1789195620000,WYOMING,44TH ST SW / US-131 FWY,GENERAL ASSIST,Police,WYOMING POLICE,,
2,2026-09-12T06:53:00Z,1789195980000,ALGOMA TWP,12600 BLOCK OF PINE ISLAND DR NE,GENERAL ASSIST,Police,KENT CO SHERIFF,,
1,2026-09-12T06:57:00Z,1789196220000,WYOMING,CHICAGO DR SW / ROYS AVE SW,PARKING VIOLATION,Police,WYOMING POLICE,,
1,2026-09-12T07:14:00Z,1789197240000,GRANDVILLE,3500 BLOCK OF VIADUCT ST SW,BURGLAR ALARM,Police,GRANDVILLE POLICE,,
1,2026-09-12T07:30:00Z,1789198200000,LOWELL,1600 BLOCK OF W MAIN ST SE,BURGLAR ALARM,Police,LOWELL POLICE,,
2,2026-09-12T07:49:00Z,1789199340000,KENTWOOD,4700 BLOCK OF HICKORY WAY SE,MEDICAL EMERGENCY,Fire,KENTWOOD FIRE,,
1,2026-09-12T07:52:00Z,1789199520000,WYOMING,800 BLOCK OF BRYANT ST SW,MEDICAL EMERGENCY,Fire,WYOMING FIRE,,
1,2026-09-12T08:09:00Z,1789200540000,KENTWOOD,3900 BLOCK OF 28TH ST SE,BURGLAR ALARM,Police,KENTWOOD POLICE,,
1,2026-09-12T08:25:00Z,1789201500000,WYOMING,1500 BLOCK OF BEECH ST SW,SUSPICIOUS INCIDENT,Police,WYOMING POLICE,,
3,2026-09-12T08:34:00Z,1789202040000,TYRONE TWP,1700 BLOCK OF DAISY LN NW,MISSING PERSON,Police,KENT CO SHERIFF,,
3,2026-09-12T08:46:00Z,1789202760000,BOWNE TWP,MORSE LAKE AVE SE / 76TH ST SE,VEHICLE CRASH,Police,KENT CO SHERIFF,,
2,2026-09-12T08:55:00Z,1789203300000,BYRON TWP,9000 BLOCK OF CLYDE PARK AVE SW,CARBON MONOXIDE INVESTIGATION,Fire,BYRON TWP FIRE,,
1,2026-09-12T08:57:00Z,1789203420000,ALPINE TWP,4300 BLOCK OF CHASSERAL DR NW,MEDICAL EMERGENCY,Fire,ALPINE TWP FIRE,,
2,2026-09-12T09:06:00Z,1789203960000,GAINES TWP,1200 BLOCK OF 60TH ST SE,BURGLAR ALARM,Police,KENT CO SHERIFF,,
1,2026-09-12T09:12:00Z,1789204320000,PLAINFIELD TWP,6500 BLOCK OF NUGGET AVE NE,MEDICAL EMERGENCY,Fire,PLAINFIELD TWP FIRE,,
2,2026-09-12T09:26:00Z,1789205160000,KENTWOOD,4000 BLOCK OF WOODLAND CREEK DR SE,LOUD NOISE,Police,KENTWOOD POLICE,,
1,2026-09-12T09:31:00Z,1789205460000,SPENCER TWP,11300 BLOCK OF 21 MILE RD NE,MEDICAL EMERGENCY,Fire,SPENCER TWP FIRE,,
1,2026-09-12T09:53:00Z,1789206780000,KENTWOOD,LAKE EASTBROOK BLVD SE / 28TH ST SE,VEHICLE CRASH,Police,KENTWOOD FIRE,,
1,2026-09-12T09:53:00Z,1789206780000,KENTWOOD,LAKE EASTBROOK BLVD SE / 28TH ST SE,VEHICLE CRASH,Police,KENTWOOD POLICE,,
1,2026-09-12T10:11:00Z,1789207860000,BYRON TWP,100 BLOCK OF 76TH ST SW,BURGLAR ALARM,Police,KENT CO SHERIFF,,
2,2026-09-12T10:43:00Z,1789209780000,CASCADE TWP,2600 BLOCK OF PATTERSON AVE SE,BURGLAR ALARM,Police,KENT CO SHERIFF,,
1,2026-09-12T10:45:00Z,1789209900000,GRANDVILLE,3000 BLOCK OF 44TH ST SW,BURGLAR ALARM,Police,GRANDVILLE POLICE,,
2,2026-09-12T10:52:00Z,1789210320000,CASCADE TWP,4900 BLOCK OF 28TH ST SE,LARCENY,Police,KENT CO SHERIFF,,
2,2026-09-12T10:54:00Z,1789210440000,SPARTA,600 BLOCK OF E DIVISION ST NW,FIRE INVESTIGATION,Fire,SPARTA FIRE,,
1,2026-09-12T10:56:00Z,1789210560000,PLAINFIELD TWP,3000 BLOCK OF ISLE WATER DR NE,MEDICAL EMERGENCY,Fire,PLAINFIELD TWP FIRE,,
1,2026-09-12T10:58:00Z,1789210680000,GAINES TWP,6700 BLOCK OF COLLEGE AVE SE,GENERAL ASSIST,Police,KENT CO SHERIFF,,
1,2026-09-12T11:14:00Z,1789211640000,WYOMING,4900 BLOCK OF CLYDE PARK AVE SW,BURGLAR ALARM,Police,WYOMING POLICE,,
1,2026-09-12T11:31:00Z,1789212660000,EAST GRAND RAPIDS,800 BLOCK OF LAKESIDE DR SE,GENERAL ASSIST,Police,EAST GRAND RAPIDS POLICE,,
2,2026-09-12T11:33:00Z,1789212780000,GRAND RAPIDS,1400 BLOCK OF ALPINE AVE NW,ANIMAL INCIDENT,Police,ANIMAL CONTROL,,
1,2026-09-12T11:35:00Z,1789212900000,CALEDONIA TWP,WHITNEYVILLE AVE SE / 68TH ST SE,WIRE DOWN,Fire,CALEDONIA TWP FIRE,,
1,2026-09-12T11:48:00Z,1789213680000,ALPINE TWP,3800 BLOCK OF HENDERSHOT AVE NW,MEDICAL EMERGENCY,Fire,ALPINE TWP FIRE,,
1,2026-09-12T12:01:00Z,1789214460000,GAINES TWP,7800 BLOCK OF NIGHTINGALE DR SE,MEDICAL EMERGENCY,Fire,GAINES TWP FIRE,,
2,2026-09-12T12:01:00Z,1789214460000,PLAINFIELD TWP,5000 BLOCK OF CEDAR RIDGE DR NE,MEDICAL EMERGENCY,Fire,PLAINFIELD TWP FIRE,,
1,2026-09-12T12:05:00Z,1789214700000,SPARTA,400 BLOCK OF W DIVISION ST NW,MEDICAL EMERGENCY,Fire,SPARTA FIRE,,
1,2026-09-12T12:14:00Z,1789215240000,ROCKFORD,5000 BLOCK OF 11 MILE RD NE,MEDICAL EMERGENCY,Fire,ROCKFORD FIRE,,
1,2026-09-12T12:14:00Z,1789215240000,ROCKFORD,5000 BLOCK OF 11 MILE RD NE,GENERAL ASSIST,Police,ROCKFORD POLICE,,
1,2026-09-12T12:27:00Z,1789216020000,KENTWOOD,4400 BLOCK OF 28TH ST SE,BURGLAR ALARM,Police,KENTWOOD POLICE,,
1,2026-09-12T12:36:00Z,1789216560000,CASCADE TWP,5300 BLOCK OF 28TH ST SE,MEDICAL EMERGENCY,Fire,CASCADE TWP FIRE,,
1,2026-09-12T12:39:00Z,1789216740000,CASCADE TWP,1400 BLOCK OF BALLYBUNION CT SE,BURGLAR ALARM,Police,KENT CO SHERIFF,,
1,2026-09-12T12:46:00Z,1789217160000,GAINES TWP,8000 BLOCK OF KALAMAZOO AVE SE,MEDICAL EMERGENCY,Fire,GAINES TWP FIRE,,
2,2026-09-12T12:47:00Z,1789217220000,KENTWOOD,4000 BLOCK OF WOODLAND CREEK DR SE,HARASSMENT,Police,KENTWOOD POLICE,,
1,2026-09-12T12:54:00Z,1789217640000,GAINES TWP,1800 BLOCK OF MARKETPLACE DR SE,VEHICLE CRASH,Police,KENT CO SHERIFF,,
4,2026-09-12T12:55:00Z,1789217700000,GRATTAN TWP,4400 BLOCK OF QUILLAN CT NE,WELFARE CHECK,Police,KENT CO SHERIFF,,
1,2026-09-12T13:00:00Z,1789218000000,PLAINFIELD TWP,6100 BLOCK OF BELSHIRE AVE NE,CARBON MONOXIDE INVESTIGATION,Fire,PLAINFIELD TWP FIRE,,
3,2026-09-12T13:02:00Z,1789218120000,KENTWOOD,1100 BLOCK OF GENTIAN DR SE,ANIMAL INCIDENT,Police,ANIMAL CONTROL,,
9,2026-09-12T13:02:00Z,1789218120000,WYOMING,2200 BLOCK OF LEE ST SW,ANIMAL INCIDENT,Police,ANIMAL CONTROL,,
1,2026-09-12T13:19:00Z,1789219140000,GRANDVILLE,POTOMAC AVE SW / RIVERTOWN PKWY SW,VEHICLE CRASH,Police,GRANDVILLE FIRE,,
2,2026-09-12T13:19:00Z,1789219140000,GRANDVILLE,POTOMAC AVE SW / RIVERTOWN PKWY SW,VEHICLE CRASH,Police,GRANDVILLE POLICE,,
10,2026-09-12T13:27:00Z,1789219620000,GRATTAN TWP,7200 BLOCK OF WABASIS AVE NE,HARASSMENT,Police,KENT CO SHERIFF,,
5,2026-09-12T13:30:00Z,1789219800000,PLAINFIELD TWP,200 BLOCK OF LAMOREAUX DR NE,BURGLAR ALARM,Police,KENT CO SHERIFF,,
2,2026-09-12T13:45:00Z,1789220700000,WYOMING,2700 BLOCK OF BURLINGAME AVE SW,FIRE ALARM,Fire,WYOMING FIRE,,
1,2026-09-12T13:46:00Z,1789220760000,WYOMING,2500 BLOCK OF WOODLAKE RD SW,LOUD NOISE,Police,WYOMING POLICE,,
1,2026-09-12T13:47:00Z,1789220820000,COURTLAND TWP,10900 BLOCK OF NORTHLAND DR NE,MEDICAL EMERGENCY,Fire,COURTLAND TWP FIRE,,
3,2026-09-12T13:54:00Z,1789221240000,GRATTAN TWP,11600 BLOCK OF 7 MILE RD NE,MEDICAL EMERGENCY,Fire,GRATTAN TWP FIRE,,
2,2026-09-12T13:55:00Z,1789221300000,PLAINFIELD TWP,4400 BLOCK OF MEADOWSWEET LN NE,MEDICAL EMERGENCY,Fire,PLAINFIELD TWP FIRE,,
1,2026-09-12T14:03:00Z,1789221780000,KENTWOOD,300 BLOCK OF 60TH ST SE,MEDICAL EMERGENCY,Fire,KENTWOOD FIRE,,
3,2026-09-12T14:07:00Z,1789222020000,KENTWOOD,100 BLOCK OF INDIANAPOLIS DR SE,MEDICAL EMERGENCY,Fire,KENTWOOD FIRE,,
2,2026-09-12T14:10:00Z,1789222200000,WYOMING,BURLINGAME AVE SW / 43RD ST SW,VEHICLE CRASH,Police,WYOMING POLICE,,
1,2026-09-12T14:11:00Z,1789222260000,WALKER,BRISTOL AVE NW / WALDORF ST NW,BROADCAST,Police,WALKER POLICE,,
1,2026-09-12T14:12:00Z,1789222320000,VERGENNES TWP,2700 BLOCK OF ALDEN NASH AVE NE,MEDICAL EMERGENCY,Fire,LOWELL AREA FIRE,,
6,2026-09-12T14:15:00Z,1789222500000,WYOMING,BURLINGAME AVE SW / 44TH ST SW,ANIMAL INCIDENT,Police,ANIMAL CONTROL,,
2,2026-09-12T14:18:00Z,1789222680000,GRAND RAPIDS,900 BLOCK OF 28TH ST SE,ANIMAL INCIDENT,Police,ANIMAL CONTROL,,
5,2026-09-12T14:18:00Z,1789222680000,OAKFIELD TWP,10800 BLOCK OF HARVARD AVE NE,CARBON MONOXIDE INVESTIGATION,Fire,OAKFIELD TWP FIRE,,
2,2026-09-12T14:18:00Z,1789222680000,WYOMING,800 BLOCK OF 54TH ST SW,WELFARE CHECK,Police,WYOMING POLICE,,
1,2026-09-12T14:19:00Z,1789222740000,ALGOMA TWP,10900 BLOCK OF NORTHLAND DR NE,BURGLAR ALARM,Police,KENT CO SHERIFF,,
3,2026-09-12T14:22:00Z,1789222920000,LOWELL TWP,36TH ST SE / SNOW AVE SE,VEHICLE CRASH,Police,KENT CO SHERIFF,,
8,2026-09-12T14:23:00Z,1789222980000,PLAINFIELD TWP,3800 BLOCK OF PLAINFIELD AVE NE,DAMAGE TO PROPERTY,Police,KENT CO SHERIFF,,
2,2026-09-12T14:23:00Z,1789222980000,LOWELL TWP,36TH ST SE / SNOW AVE SE,VEHICLE CRASH,Police,LOWELL AREA FIRE,,
1,2026-09-12T14:24:00Z,1789223040000,PLAINFIELD TWP,3900 BLOCK OF WEST RIVER DR NE,WELFARE CHECK,Police,KENT CO SHERIFF,,
2,2026-09-12T14:27:00Z,1789223220000,VERGENNES TWP,3300 BLOCK OF PARNELL AVE NE,BURGLAR ALARM,Police,KENT CO SHERIFF,,
1,2026-09-12T14:27:00Z,1789223220000,MONTCALM PIERSON TWP,3500 BLOCK OF SHORECREST DR,FIRE INVESTIGATION,Fire,SAND LAKE FIRE,,
4,2026-09-12T14:31:00Z,1789223460000,WYOMING,800 BLOCK OF 28TH ST SW,FRAUD,Police,WYOMING POLICE,,
6,2026-09-12T14:32:00Z,1789223520000,CASCADE TWP,3300 BLOCK OF KRAFT AVE SE,BURGLAR ALARM,Police,KENT CO SHERIFF,,
2,2026-09-12T14:36:00Z,1789223760000,WYOMING,1400 BLOCK OF NAGEL AVE SW,ANIMAL INCIDENT,Police,ANIMAL CONTROL,,
1,2026-09-12T14:39:00Z,1789223940000,WYOMING,1200 BLOCK OF BLANCHARD ST SW,CARBON MONOXIDE INVESTIGATION,Fire,WYOMING FIRE,,
1,2026-09-12T14:43:00Z,1789224180000,LOWELL,100 BLOCK OF N MONROE ST SE,GENERAL ASSIST,Police,LOWELL POLICE,,
2,2026-09-12T14:44:00Z,1789224240000,BYRON TWP,8300 BLOCK OF PFEIFFER FARMS DR SW,FIRE ALARM,Fire,BYRON TWP FIRE,,
5,2026-09-12T14:47:00Z,1789224420000,TYRONE TWP,2300 BLOCK OF 18 MILE RD NW,WELFARE CHECK,Police,KENT CO SHERIFF,,
1,2026-09-12T14:47:00Z,1789224420000,KENTWOOD,5400 BLOCK OF S DIVISION AVE,MEDICAL EMERGENCY,Fire,KENTWOOD FIRE,,
4,2026-09-12T14:52:00Z,1789224720000,CANNON TWP,7900 BLOCK OF WOODHURST DR NE,SUSPICIOUS INCIDENT,Police,KENT CO SHERIFF,,
3,2026-09-12T14:54:00Z,1789224840000,WALKER,900 BLOCK OF JONES ST NW,GENERAL ASSIST,Police,WALKER POLICE,,
1,2026-09-12T14:56:00Z,1789224960000,GRANDVILLE,3900 BLOCK OF 44TH ST SW,FIRE ALARM,Fire,GRANDVILLE FIRE,,
1,2026-09-12T14:58:00Z,1789225080000,GRANDVILLE,4100 BLOCK OF PINE CREEK RD SW,911 HANG UP,Police,GRANDVILLE POLICE,,
8,2026-09-12T15:04:00Z,1789225440000,WYOMING,3700 BLOCK OF DUNBAR AVE SW,MISSING PERSON,Police,WYOMING POLICE,,
7,2026-09-12T15:08:00Z,1789225680000,WYOMING,2600 BLOCK OF FOX RUN RD SW,WELFARE CHECK,Police,WYOMING POLICE,,
3,2026-09-12T15:12:00Z,1789225920000,WYOMING,3700 BLOCK OF 52ND ST SW,MISC FIRE,Fire,WYOMING FIRE,,
2,2026-09-12T15:13:00Z,1789225980000,WYOMING,400 BLOCK OF 54TH ST SW,FRAUD,Police,WYOMING POLICE,,
6,2026-09-12T15:14:00Z,1789226040000,KENT CITY,0 BLOCK OF SPRING ST NW,LOITERING,Police,KENT CO SHERIFF,,
3,2026-09-12T15:17:00Z,1789226220000,KENTWOOD,4600 BLOCK OF 28TH ST SE,LARCENY,Police,KENTWOOD POLICE,,
1,2026-09-12T15:18:00Z,1789226280000,BYRON TWP,900 BLOCK OF CENTER PARK DR SW,MEDICAL EMERGENCY,Fire,BYRON TWP FIRE,,
1,2026-09-12T15:22:00Z,1789226520000,WYOMING,600 BLOCK OF ABBIE LN SW,MEDICAL EMERGENCY,Fire,WYOMING FIRE,,
2,2026-09-12T15:24:00Z,1789226640000,CASCADE TWP,5000 BLOCK OF 28TH ST SE,MEDICAL EMERGENCY,Fire,CASCADE TWP FIRE,,
4,2026-09-12T15:27:00Z,1789226820000,KENTWOOD,3100 BLOCK OF 28TH ST SE,VEHICLE CRASH,Police,KENTWOOD POLICE,,
2,2026-09-12T15:31:00Z,1789227060000,BYRON TWP,6100 BLOCK OF S DIVISION AVE,VEHICLE FIRE,Fire,BYRON TWP FIRE,,
1,2026-09-12T15:31:00Z,1789227060000,BYRON TWP,PEONY ST SW / S DIVISION AVE,BROADCAST,Police,KENT CO SHERIFF,,
3,2026-09-12T15:31:00Z,1789227060000,BYRON TWP,PEONY ST SW / S DIVISION AVE,GENERAL ASSIST,Police,KENT CO SHERIFF,,
1,2026-09-12T15:40:00Z,1789227600000,EAST GRAND RAPIDS,LAKESIDE DR SE / LAKE DR SE,GENERAL ASSIST,Police,EAST GRAND RAPIDS POLICE,,
2,2026-09-12T15:44:00Z,1789227840000,BYRON TWP,1100 BLOCK OF AMBER COVE DR SW,FIRE ALARM,Fire,BYRON TWP FIRE,,
10,2026-09-12T15:50:00Z,1789228200000,EAST GRAND RAPIDS,2300 BLOCK OF REEDS LAKE BLVD SE,PBT TEST,Police,EAST GRAND RAPIDS POLICE,,
1,2026-09-12T15:50:00Z,1789228200000,WYOMING,BURTON ST SW / CLYDE PARK AVE SW,GENERAL ASSIST,Police,WYOMING POLICE,,
1,2026-09-12T15:54:00Z,1789228440000,GAINES TWP,68TH ST SE / S DIVISION AVE,VEHICLE CRASH,Police,KENT CO SHERIFF,,
9,2026-09-12T15:57:00Z,1789228620000,LOWELL TWP,11400 BLOCK OF DENISE ST SE,ANIMAL INCIDENT,Police,ANIMAL CONTROL,,
5,2026-09-12T15:58:00Z,1789228680000,ROCKFORD,400 BLOCK OF SHAW ESTATES DR NE,WELFARE CHECK,Police,ROCKFORD POLICE,,
1,2026-09-12T16:01:00Z,1789228860000,BYRON TWP,1200 BLOCK OF 84TH ST SW,ANIMAL INCIDENT,Police,KENT CO SHERIFF,,
4,2026-09-12T16:03:00Z,1789228980000,SPARTA TWP,10000 BLOCK OF BAUMHOFF AVE NW,MEDICAL EMERGENCY,Fire,SPARTA FIRE,,
2,2026-09-12T16:05:00Z,1789229100000,CASCADE TWP,28TH ST SE / LUCERNE DR SE,TRAFFIC HAZARD,Police,KENT CO SHERIFF,,
4,2026-09-12T16:07:00Z,1789229220000,GRANDVILLE,3400 BLOCK OF CENTURY CENTER ST SW,FRAUD,Police,GRANDVILLE POLICE,,
3,2026-09-12T16:07:00Z,1789229220000,SPARTA TWP,12000 BLOCK OF FRUIT RIDGE AVE NW,MEDICAL EMERGENCY,Fire,SPARTA FIRE,,
1,2026-09-12T16:08:00Z,1789229280000,WYOMING,MARLIN AVE SW / CLYDE PARK AVE SW,MEDICAL EMERGENCY,Fire,WYOMING FIRE,,
4,2026-09-12T16:09:00Z,1789229340000,WYOMING,400 BLOCK OF 54TH ST SW,FRAUD,Police,WYOMING POLICE,,
9,2026-09-12T16:10:00Z,1789229400000,PLAINFIELD TWP,5500 BLOCK OF NORTHLAND DR NE,VEHICLE CRASH,Police,KENT CO SHERIFF,,
1,2026-09-12T16:11:00Z,1789229460000,GAINES TWP,400 BLOCK OF MOURNING DOVE DR SE,MEDICAL EMERGENCY,Fire,GAINES TWP FIRE,,
2,2026-09-12T16:14:00Z,1789229640000,GAINES TWP,7500 BLOCK OF OLD LANTERN DR SE,FIRE ALARM,Fire,GAINES TWP FIRE,,
1,2026-09-12T16:17:00Z,1789229820000,EAST GRAND RAPIDS,2100 BLOCK OF BOSTON ST SE,MEDICAL EMERGENCY,Fire,EAST GRAND RAPIDS FIRE,,
7,2026-09-12T16:18:00Z,1789229880000,LOWELL TWP,2900 BLOCK OF COURT DR SE,HARASSMENT,Police,KENT CO SHERIFF,,
2,2026-09-12T16:24:00Z,1789230240000,WYOMING,1300 BLOCK OF 28TH ST SW,DISORDERLY PERSON,Police,WYOMING POLICE,,
8,2026-09-12T16:25:00Z,1789230300000,GRATTAN TWP,10400 BLOCK OF KEN-KAN-KEI RD NE,ANIMAL INCIDENT,Police,ANIMAL CONTROL,,
1,2026-09-12T16:25:00Z,1789230300000,GRANDVILLE,3900 BLOCK OF 44TH ST SW,FIRE ALARM,Fire,GRANDVILLE FIRE,,
1,2026-09-12T16:33:00Z,1789230780000,WYOMING,2500 BLOCK OF 36TH ST SW,MEDICAL EMERGENCY,Fire,WYOMING FIRE,,
3,2026-09-12T16:34:00Z,1789230840000,BYRON TWP,6300 BLOCK OF VENTURE HILLS BLVD SW,MEDICAL EMERGENCY,Fire,BYRON TWP FIRE,,
6,2026-09-12T16:41:00Z,1789231260000,KENTWOOD,4500 BLOCK OF BRETON AVE SE,TRESPASSING,Police,KENTWOOD POLICE,,
1,2026-09-12T16:43:00Z,1789231380000,SPARTA,700 BLOCK OF S STATE ST NW,SUSPICIOUS INCIDENT,Police,SPARTA POLICE,,
5,2026-09-12T16:43:00Z,1789231380000,WYOMING,2400 BLOCK OF 28TH ST SW,WELFARE CHECK,Police,WYOMING POLICE,,
2,2026-09-12T16:45:00Z,1789231500000,ALPINE TWP,9 MILE RD NW / BAUMHOFF AVE NW,DEER PERMIT,Police,KENT CO SHERIFF,,
1,2026-09-12T16:46:00Z,1789231560000,WYOMING,36TH ST SE / S DIVISION AVE,LOUD NOISE,Police,WYOMING POLICE,,
1,2026-09-12T16:49:00Z,1789231740000,PLAINFIELD TWP,4300 BLOCK OF N DIVISION AVE,FIRE INVESTIGATION,Fire,PLAINFIELD TWP FIRE,,
4,2026-09-12T16:50:00Z,1789231800000,BYRON TWP,6300 BLOCK OF VENTURE HILLS BLVD SW,ASSAULT,Police,KENT CO SHERIFF,,
3,2026-09-12T16:54:00Z,1789232040000,BYRON TWP,6300 BLOCK OF VENTURE HILLS BLVD SW,MEDICAL EMERGENCY,Fire,BYRON TWP FIRE,,
3,2026-09-12T16:56:00Z,1789232160000,KENTWOOD,800 BLOCK OF 48TH ST SE,WELFARE CHECK,Police,KENTWOOD POLICE,,
2,2026-09-12T16:59:00Z,1789232340000,WYOMING,BYRON CENTER AVE SW / 52ND ST SW,SUSPICIOUS INCIDENT,Police,WYOMING POLICE,,
1,2026-09-12T17:01:00Z,1789232460000,ALPINE TWP,4000 BLOCK OF ALPINE AVE NW,MEDICAL EMERGENCY,Fire,ALPINE TWP FIRE,,
1,2026-09-12T17:04:00Z,1789232640000,CASCADE TWP,5500 BLOCK OF GLENWOOD HILLS PKWY SE,BURGLAR ALARM,Police,KENT CO SHERIFF,,
8,2026-09-12T17:26:00Z,1789233960000,BYRON TWP,7000 BLOCK OF INDEPENDENCE LN SW,ANIMAL INCIDENT,Police,ANIMAL CONTROL,,
2,2026-09-12T17:26:00Z,1789233960000,CASCADE TWP,6500 BLOCK OF 28TH ST SE,VEHICLE CRASH,Police,CASCADE TWP FIRE,,
1,2026-09-12T17:26:00Z,1789233960000,CASCADE TWP,28TH ST SE / THORNHILLS AVE SE,VEHICLE CRASH,Police,KENT CO SHERIFF,,
1,2026-09-12T17:31:00Z,1789234260000,GAINES TWP,7400 BLOCK OF SUNVIEW DR SE,ABANDONED VEHICLE,Police,KENT CO SHERIFF,,
2,2026-09-12T17:36:00Z,1789234560000,WYOMING,800 BLOCK OF 28TH ST SW,DISORDERLY PERSON,Police,WYOMING POLICE,,
1,2026-09-12T17:40:00Z,1789234800000,KENTWOOD,2800 BLOCK OF 28TH ST SE,FIGHT,Police,KENTWOOD POLICE,,
4,2026-09-12T17:43:00Z,1789234980000,GRANDVILLE,44TH ST SW / SPARTAN INDUSTRIAL DR SW,VEHICLE CRASH,Police,GRANDVILLE POLICE,,
7,2026-09-12T17:45:00Z,1789235100000,WALKER,3100 BLOCK OF WILSON DR NW,ANIMAL INCIDENT,Police,ANIMAL CONTROL,,
1,2026-09-12T17:47:00Z,1789235220000,WYOMING,900 BLOCK OF 36TH ST SW,HARASSMENT,Police,WYOMING POLICE,,
2,2026-09-12T17:50:00Z,1789235400000,CEDAR SPRINGS,300 BLOCK OF N MAIN ST NE,FRAUD,Police,KENT CO SHERIFF,,
1,2026-09-12T17:50:00Z,1789235400000,KENTWOOD,2800 BLOCK OF 28TH ST SE,MEDICAL EMERGENCY,Fire,KENTWOOD FIRE,,
2,2026-09-12T17:50:00Z,1789235400000,WALKER,900 BLOCK OF COVENTRY DR NW,ASSAULT,Police,WALKER POLICE,,
3,2026-09-12T17:52:00Z,1789235520000,CASCADE TWP,5500 BLOCK OF 28TH ST SE,VEHICLE CRASH,Police,KENT CO SHERIFF,,
1,2026-09-12T17:52:00Z,1789235520000,CASCADE TWP,MEIJER DR SE / 28TH ST SE,VEHICLE CRASH,Police,KENT CO SHERIFF,,
7,2026-09-12T18:04:00Z,1789236240000,KENTWOOD,4000 BLOCK OF WOODLAND CREEK DR SE,WELFARE CHECK,Police,KENTWOOD POLICE,,
1,2026-09-12T18:09:00Z,1789236540000,ALPINE TWP,4000 BLOCK OF ALPINE AVE NW,OPEN DOOR,Police,KENT CO SHERIFF,,
1,2026-09-12T18:09:00Z,1789236540000,ALGOMA TWP,SUMMIT AVE NE / 13 MILE RD NE,VEHICLE CRASH,Police,KENT CO SHERIFF,,
4,2026-09-12T18:14:00Z,1789236840000,KENTWOOD,3100 BLOCK OF VILLA RIDGE DR SE,WELFARE CHECK,Police,KENTWOOD POLICE,,
1,2026-09-12T18:23:00Z,1789237380000,PLAINFIELD TWP,4600 BLOCK OF CHANDY DR NE,WELFARE CHECK,Police,KENT CO SHERIFF,,
2,2026-09-12T18:25:00Z,1789237500000,WYOMING,2500 BLOCK OF 36TH ST SW,MEDICAL EMERGENCY,Fire,WYOMING FIRE,,
3,2026-09-12T18:26:00Z,1789237560000,KENTWOOD,4200 BLOCK OF 28TH ST SE,GENERAL ASSIST,Police,KENTWOOD POLICE,,
1,2026-09-12T18:28:00Z,1789237680000,BYRON TWP,100 BLOCK OF 76TH ST SW,BURGLAR ALARM,Police,KENT CO SHERIFF,,
2,2026-09-12T18:34:00Z,1789238040000,GRANDVILLE,4300 BLOCK OF KENOWA AVE SW,LARCENY,Police,GRANDVILLE POLICE,,
1,2026-09-12T18:35:00Z,1789238100000,EAST GRAND RAPIDS,800 BLOCK OF LAKESIDE DR SE,GENERAL ASSIST,Police,EAST GRAND RAPIDS POLICE,,
3,2026-09-12T18:35:00Z,1789238100000,WALKER,2400 BLOCK OF TURNER AVE NW,BURGLAR ALARM,Police,WALKER POLICE,,
1,2026-09-12T18:37:00Z,1789238220000,WALKER,2400 BLOCK OF ALPINE AVE NW,DISORDERLY PERSON,Police,WALKER POLICE,,
6,2026-09-12T18:39:00Z,1789238340000,PLAINFIELD TWP,1500 BLOCK OF WOODWORTH ST NE,DAMAGE TO PROPERTY,Police,KENT CO SHERIFF,,
2,2026-09-12T18:44:00Z,1789238640000,WYOMING,5900 BLOCK OF BYRON CENTER AVE SW,GENERAL ASSIST,Police,WYOMING POLICE,,
1,2026-09-12T18:46:00Z,1789238760000,LOWELL TWP,ALDEN NASH AVE SE / EMBERWOOD DR SE,BROADCAST,Police,KENT CO SHERIFF,,
1,2026-09-12T18:48:00Z,1789238880000,WYOMING,200 BLOCK OF WESLEY ST SE,WELFARE CHECK,Police,WYOMING POLICE,,
1,2026-09-12T18:50:00Z,1789239000000,KENTWOOD,KALAMAZOO AVE SE / 44TH ST SE,GENERAL ASSIST,Police,KENTWOOD POLICE,,
1,2026-09-12T18:59:00Z,1789239540000,GAINES TWP,400 BLOCK OF 84TH ST SE,ASSAULT,Police,KENT CO SHERIFF,,
3,2026-09-12T19:08:00Z,1789240080000,CANNON TWP,5800 BLOCK OF BLAKELY DR NE,WELFARE CHECK,Police,KENT CO SHERIFF,,
2,2026-09-12T19:12:00Z,1789240320000,CASCADE TWP,1500 BLOCK OF BRIARCLIFF DR SE,FIRE ALARM,Fire,CASCADE TWP FIRE,,
1,2026-09-12T19:13:00Z,1789240380000,ALGOMA TWP,10200 BLOCK OF ALGOMA AVE NE,MEDICAL EMERGENCY,Fire,ALGOMA TWP FIRE,,
8,2026-09-12T19:19:00Z,1789240740000,WYOMING,4700 BLOCK OF BYRON CENTER AVE SW,GENERAL ASSIST,Police,WYOMING POLICE,,
7,2026-09-12T19:21:00Z,1789240860000,GRANDVILLE,4200 BLOCK OF PINE CREEK RD SW,LOUD NOISE,Police,GRANDVILLE POLICE,,
1,2026-09-12T19:23:00Z,1789240980000,WYOMING,3300 BLOCK OF BUCHANAN AVE SW,ANIMAL INCIDENT,Police,ANIMAL CONTROL,,
5,2026-09-12T19:23:00Z,1789240980000,WYOMING,28TH ST SW / MICHAEL AVE SW,VEHICLE CRASH,Police,WYOMING POLICE,,
4,2026-09-12T19:26:00Z,1789241160000,CANNON TWP,5800 BLOCK OF BLAKELY DR NE,MEDICAL EMERGENCY,Fire,CANNON TWP FIRE,,
7,2026-09-12T19:27:00Z,1789241220000,EAST GRAND RAPIDS,2600 BLOCK OF REEDS LAKE CT SE,ANIMAL INCIDENT,Police,ANIMAL CONTROL,,
3,2026-09-12T19:28:00Z,1789241280000,KENTWOOD,2900 BLOCK OF RADCLIFF AVE SE,VEHICLE CRASH,Police,KENTWOOD POLICE,,
3,2026-09-12T19:28:00Z,1789241280000,SPARTA,100 BLOCK OF ELMWOOD ST NW,WIRE DOWN,Fire,SPARTA FIRE,,
2,2026-09-12T19:30:00Z,1789241400000,KENTWOOD,2100 BLOCK OF SANDY SHORES DR SE,WELFARE CHECK,Police,KENTWOOD POLICE,,
1,2026-09-12T19:32:00Z,1789241520000,KENTWOOD,2100 BLOCK OF SANDY SHORES DR SE,MEDICAL EMERGENCY,Fire,KENTWOOD FIRE,,
1,2026-09-12T19:38:00Z,1789241880000,PLAINFIELD TWP,1000 BLOCK OF 10 MILE RD NE,MEDICAL EMERGENCY,Fire,PLAINFIELD TWP FIRE,,
4,2026-09-12T19:43:00Z,1789242180000,WALKER,500 BLOCK OF WILSON AVE SW,DISORDERLY PERSON,Police,WALKER POLICE,,
6,2026-09-12T19:43:00Z,1789242180000,WYOMING,1300 BLOCK OF PRAIRIE PKWY SW,WELFARE CHECK,Police,WYOMING POLICE,,
11,2026-09-12T19:44:00Z,1789242240000,GRAND RAPIDS TWP,1100 BLOCK OF MEDICAL PARK DR SE,ASSAULT,Police,KENT CO SHERIFF,,
3,2026-09-12T19:46:00Z,1789242360000,CASCADE TWP,6700 BLOCK OF TRICKLEWOOD CT SE,MEDICAL EMERGENCY,Fire,CASCADE TWP FIRE,,
2,2026-09-12T19:47:00Z,1789242420000,PLAINFIELD TWP,NORTHLAND DR NE / VERSLUIS PARK DR NE,WELFARE CHECK,Police,KENT CO SHERIFF,,
1,2026-09-12T19:50:00Z,1789242600000,PLAINFIELD TWP,NORTHLAND DR NE / VERSLUIS PARK DR NE,MEDICAL EMERGENCY,Fire,PLAINFIELD TWP FIRE,,
1,2026-09-12T19:50:00Z,1789242600000,ROCKFORD,100 BLOCK OF LEWIS ST NE,MEDICAL EMERGENCY,Fire,ROCKFORD FIRE,,
2,2026-09-12T19:50:00Z,1789242600000,ROCKFORD,100 BLOCK OF LEWIS ST NE,GENERAL ASSIST,Police,ROCKFORD POLICE,,
2,2026-09-12T19:54:00Z,1789242840000,WYOMING,3200 BLOCK OF BIRCHWOOD AVE SW,PARKING VIOLATION,Police,WYOMING POLICE,,
2,2026-09-12T19:57:00Z,1789243020000,ALPINE TWP,400 BLOCK OF CHASSERAL DR NW,WELFARE CHECK,Police,KENT CO SHERIFF,,
10,2026-09-12T19:57:00Z,1789243020000,ALGOMA TWP,US-131 SB NO 10 MILE,RECKLESS DRIVER,Police,KENT CO SHERIFF,43.11862756,-85.60625162
1,2026-09-12T20:06:00Z,1789243560000,WYOMING,3700 BLOCK OF BURLINGAME AVE SW,GENERAL ASSIST,Police,WYOMING POLICE,,
1,2026-09-12T20:07:00Z,1789243620000,OAKFIELD TWP,11700 BLOCK OF REDBERRY CT NE,LARCENY,Police,KENT CO SHERIFF,,
1,2026-09-12T20:08:00Z,1789243680000,KENTWOOD,4700 BLOCK OF N BRETON CT SE,MEDICAL EMERGENCY,Fire,KENTWOOD FIRE,,
7,2026-09-12T20:14:00Z,1789244040000,WYOMING,1100 BLOCK OF SENECA ST SW,STOLEN VEHICLE,Police,WYOMING POLICE,,
1,2026-09-12T20:20:00Z,1789244400000,WYOMING,36TH ST SW / BUCHANAN AVE SW,VEHICLE CRASH,Police,WYOMING FIRE,,
1,2026-09-12T20:20:00Z,1789244400000,WYOMING,36TH ST SW / BUCHANAN AVE SW,VEHICLE CRASH,Police,WYOMING POLICE,,
2,2026-09-12T20:29:00Z,1789244940000,ALPINE TWP,3900 BLOCK OF YORKLAND DR NW,STRUCTURE FIRE,Fire,ALPINE TWP FIRE,,
4,2026-09-12T20:29:00Z,1789244940000,WYOMING,54TH ST SW / CLYDE PARK AVE SW,VEHICLE CRASH,Police,WYOMING POLICE,,
1,2026-09-12T20:31:00Z,1789245060000,WALKER,800 BLOCK OF 3 MILE RD NW,DISORDERLY PERSON,Police,WALKER POLICE,,
2,2026-09-12T20:34:00Z,1789245240000,OAKFIELD TWP,11500 BLOCK OF 13 MILE RD NE,INJUNCTIVE VIOLATION,Police,KENT CO SHERIFF,,
3,2026-09-12T20:34:00Z,1789245240000,CEDAR SPRINGS,4600 BLOCK OF TERRY TER NE,RECKLESS DRIVER,Police,KENT CO SHERIFF,,
1,2026-09-12T20:36:00Z,1789245360000,KENTWOOD,400 BLOCK OF 48TH ST SE,SUSPICIOUS INCIDENT,Police,KENTWOOD POLICE,,
1,2026-09-12T20:46:00Z,1789245960000,BYRON TWP,7600 BLOCK OF CATERPILLAR CT SW,FIRE ALARM,Fire,BYRON TWP FIRE,,
1,2026-09-12T20:50:00Z,1789246200000,CALEDONIA TWP,5500 BLOCK OF PERCHERON PL SE,MEDICAL EMERGENCY,Fire,CALEDONIA TWP FIRE,,
4,2026-09-12T20:59:00Z,1789246740000,ALPINE TWP,4000 BLOCK OF ALPINE AVE NW,SUSPICIOUS INCIDENT,Police,KENT CO SHERIFF,,
2,2026-09-12T21:02:00Z,1789246920000,PLAINFIELD TWP,4500 BLOCK OF HACKLEY DR NE,MEDICAL EMERGENCY,Fire,PLAINFIELD TWP FIRE,,
2,2026-09-12T21:03:00Z,1789246980000,ALPINE TWP,5900 BLOCK OF COMSTOCK PARK DR NW,MEDICAL EMERGENCY,Fire,ALPINE TWP FIRE,,
1,2026-09-12T21:03:00Z,1789246980000,KENTWOOD,5300 BLOCK OF BAILEY CENTER DR SE,MEDICAL EMERGENCY,Fire,KENTWOOD FIRE,,
7,2026-09-12T21:05:00Z,1789247100000,LOWELL TWP,11500 BLOCK OF E FULTON ST,GENERAL ASSIST,Police,KENT CO SHERIFF,,
1,2026-09-12T21:08:00Z,1789247280000,KENTWOOD,4500 BLOCK OF 28TH ST SE,BURGLAR ALARM,Police,KENTWOOD POLICE,,
12,2026-09-12T21:11:00Z,1789247460000,GRANDVILLE,I-196 WB EO CHICAGO DR-MM 69-GV,GENERAL ASSIST,Police,GRANDVILLE POLICE,42.90588127,-85.78036549
8,2026-09-12T21:11:00Z,1789247460000,WYOMING,300 BLOCK OF 28TH ST SW,GENERAL ASSIST,Police,WYOMING POLICE,,
2,2026-09-12T21:13:00Z,1789247580000,PLAINFIELD TWP,6400 BLOCK OF BODIE ST NE,MEDICAL EMERGENCY,Fire,PLAINFIELD TWP FIRE,,
1,2026-09-12T21:16:00Z,1789247760000,GRANDVILLE,WILSON AVE SW / 44TH ST SW,VEHICLE CRASH,Police,GRANDVILLE POLICE,,
3,2026-09-12T21:22:00Z,1789248120000,WALKER,4400 BLOCK OF REMEMBRANCE RD NW,MEDICAL EMERGENCY,Fire,WALKER FIRE,,
2,2026-09-12T21:24:00Z,1789248240000,KENTWOOD,2600 BLOCK OF BRIER CREEK ST SE,MISC FIRE,Fire,KENTWOOD FIRE,,
6,2026-09-12T21:25:00Z,1789248300000,CASCADE TWP,2500 BLOCK OF RED CLOVER DR SE,ASSAULT,Police,KENT CO SHERIFF,,
1,2026-09-12T21:25:00Z,1789248300000,WYOMING,1300 BLOCK OF 28TH ST SW,WELFARE CHECK,Police,WYOMING POLICE,,
1,2026-09-12T21:26:00Z,1789248360000,GRANDVILLE,4300 BLOCK OF WIMBLEDON DR SW,911 HANG UP,Police,GRANDVILLE POLICE,,
4,2026-09-12T21:32:00Z,1789248720000,ALPINE TWP,8400 BLOCK OF ALPINE AVE NW,VEHICLE CRASH,Police,KENT CO SHERIFF,,
3,2026-09-12T21:34:00Z,1789248840000,GRAND RAPIDS TWP,2100 BLOCK OF FRIESIAN CT NE,CARBON MONOXIDE INVESTIGATION,Fire,GRAND RAPIDS TWP FIRE,,
2,2026-09-12T21:38:00Z,1789249080000,KENTWOOD,5800 BLOCK OF CHRISTIE AVE SE,911 HANG UP,Police,KENTWOOD POLICE,,
7,2026-09-12T21:40:00Z,1789249200000,LOWELL,2200 BLOCK OF W MAIN ST SE,ANIMAL INCIDENT,Police,LOWELL POLICE,,
1,2026-09-12T21:40:00Z,1789249200000,ROCKFORD,600 BLOCK OF HILLVIEW PL NE,LOUD NOISE,Police,ROCKFORD POLICE,,
1,2026-09-12T21:43:00Z,1789249380000,WYOMING,36TH ST SE / EASTERN AVE SE,GENERAL ASSIST,Police,WYOMING POLICE,,
6,2026-09-12T21:46:00Z,1789249560000,GRANDVILLE,4600 BLOCK OF CANAL AVE SW,VEHICLE CRASH,Police,GRANDVILLE POLICE,,
2,2026-09-12T21:47:00Z,1789249620000,EAST GRAND RAPIDS,1900 BLOCK OF SHERMAN ST SE,MEDICAL EMERGENCY,Fire,EAST GRAND RAPIDS FIRE,,
1,2026-09-12T21:49:00Z,1789249740000,WALKER,3300 BLOCK OF ALPINE AVE NW,MEDICAL EMERGENCY,Fire,WALKER FIRE,,
2,2026-09-12T21:55:00Z,1789250100000,GAINES TWP,300 BLOCK OF 68TH ST SE,GENERAL ASSIST,Police,KENT CO SHERIFF,,
1,2026-09-12T21:56:00Z,1789250160000,CANNON TWP,5200 BLOCK OF HARTWELL AVE NE,CARBON MONOXIDE INVESTIGATION,Fire,CANNON TWP FIRE,,
1,2026-09-12T21:58:00Z,1789250280000,GRAND RAPIDS TWP,1000 BLOCK OF EASTMONT DR SE,STRUCTURE FIRE,Fire,GRAND RAPIDS TWP FIRE,,
2,2026-09-12T21:58:00Z,1789250280000,WALKER,800 BLOCK OF ANITA AVE NW,DISORDERLY PERSON,Police,WALKER POLICE,,
1,2026-09-12T22:05:00Z,1789250700000,CALEDONIA TWP,6500 BLOCK OF CHERRY MEADOW DR SE,BURGLAR ALARM,Police,KENT CO SHERIFF,,
7,2026-09-12T22:13:00Z,1789251180000,GAINES TWP,6200 BLOCK OF WOODFIELD PL SE,SUSPICIOUS INCIDENT,Police,KENT CO SHERIFF,,
1,2026-09-12T22:16:00Z,1789251360000,ALPINE TWP,3900 BLOCK OF YORKLAND DR NW,LARCENY,Police,KENT CO SHERIFF,,
2,2026-09-12T22:19:00Z,1789251540000,PLAINFIELD TWP,700 BLOCK OF ROCKBLUFF CT NE,MEDICAL EMERGENCY,Fire,PLAINFIELD TWP FIRE,,
1,2026-09-12T22:21:00Z,1789251660000,GRANDVILLE,3200 BLOCK OF 44TH ST SW,FRAUD,Police,GRANDVILLE POLICE,,
3,2026-09-12T22:29:00Z,1789252140000,KENTWOOD,3100 BLOCK OF CREEK DR SE,MEDICAL EMERGENCY,Fire,KENTWOOD FIRE,,
1,2026-09-12T22:32:00Z,1789252320000,KENTWOOD,52ND ST SE / SOUTHGLOW CT SE,VEHICLE CRASH,Police,KENTWOOD POLICE,,
2,2026-09-12T22:32:00Z,1789252320000,WYOMING,3900 BLOCK OF S DIVISION AVE,TRESPASSING,Police,WYOMING POLICE,,
6,2026-09-12T22:34:00Z,1789252440000,WYOMING,100 BLOCK OF HONEOYE ST SW,LOUD NOISE,Police,WYOMING POLICE,,
5,2026-09-12T22:38:00Z,1789252680000,SPARTA TWP,2200 BLOCK OF 13 MILE RD NW,OBSCENITY,Police,KENT CO SHERIFF,,
4,2026-09-12T22:44:00Z,1789253040000,CASCADE TWP,5100 BLOCK OF 28TH ST SE,FRAUD,Police,KENT CO SHERIFF,,
3,2026-09-12T22:45:00Z,1789253100000,ALPINE TWP,4200 BLOCK OF ALPENHORN DR NW,LOUD NOISE,Police,KENT CO SHERIFF,,
1,2026-09-12T22:46:00Z,1789253160000,ALGOMA TWP,11200 BLOCK OF TEBEAU DR NE,MEDICAL EMERGENCY,Fire,ALGOMA TWP FIRE,,
3,2026-09-12T22:47:00Z,1789253220000,KENTWOOD,3500 BLOCK OF SHAFFER AVE SE,MISSING PERSON,Police,KENTWOOD POLICE,,
1,2026-09-12T22:50:00Z,1789253400000,GRANDVILLE,4400 BLOCK OF WIMBLEDON DR SW,911 HANG UP,Police,GRANDVILLE POLICE,,
1,2026-09-12T22:57:00Z,1789253820000,KENTWOOD,200 BLOCK OF 48TH ST SE,MEDICAL EMERGENCY,Fire,KENTWOOD FIRE,,
3,2026-09-12T22:59:00Z,1789253940000,ADA TWP,5400 BLOCK OF MAPLE HILL AVE SE,SUSPICIOUS INCIDENT,Police,KENT CO SHERIFF,,
2,2026-09-12T23:00:00Z,1789254000000,ALGOMA TWP,3500 BLOCK OF 15 MILE RD NE,MEDICAL EMERGENCY,Fire,ALGOMA TWP FIRE,,
3,2026-09-12T23:01:00Z,1789254060000,NELSON TWP,13900 BLOCK OF SUNSET SHORES DR NE,MEDICAL EMERGENCY,Fire,CEDAR SPRINGS FIRE,,
1,2026-09-12T23:04:00Z,1789254240000,CASCADE TWP,6100 BLOCK OF CHARLEVOIX WOODS CT SE,MEDICAL EMERGENCY,Fire,CASCADE TWP FIRE,,
1,2026-09-12T23:06:00Z,1789254360000,CASCADE TWP,6500 BLOCK OF GRENELEFE DR SE,MEDICAL EMERGENCY,Fire,CASCADE TWP FIRE,,
6,2026-09-12T23:06:00Z,1789254360000,WYOMING,2900 BLOCK OF HIGHGATE AVE SW,LOUD NOISE,Police,WYOMING POLICE,,
3,2026-09-12T23:12:00Z,1789254720000,GAINES TWP,300 BLOCK OF 68TH ST SE,GENERAL ASSIST,Police,KENT CO SHERIFF,,
4,2026-09-12T23:13:00Z,1789254780000,KENTWOOD,BRETON AVE SE / 32ND ST SE,VEHICLE CRASH,Police,KENTWOOD POLICE,,
2,2026-09-12T23:21:00Z,1789255260000,WYOMING,300 BLOCK OF LEROY ST SW,MEDICAL EMERGENCY,Fire,WYOMING FIRE,,
1,2026-09-12T23:25:00Z,1789255500000,EAST GRAND RAPIDS,800 BLOCK OF PINECREST AVE SE,GENERAL ASSIST,Police,EAST GRAND RAPIDS POLICE,,
2,2026-09-12T23:31:00Z,1789255860000,WYOMING,3600 BLOCK OF BLUEBIRD AVE SW,DISORDERLY PERSON,Police,WYOMING POLICE,,
1,2026-09-12T23:38:00Z,1789256280000,NELSON TWP,5100 BLOCK OF 18 MILE RD NE,VEHICLE CRASH,Police,KENT CO SHERIFF,,
6,2026-09-12T23:41:00Z,1789256460000,ALGOMA TWP,US-131 SB SO 14 MILE,GENERAL ASSIST,Police,KENT CO SHERIFF,43.17442288,-85.57587473
2,2026-09-12T23:42:00Z,1789256520000,KENTWOOD,3300 BLOCK OF 36TH ST SE,DISORDERLY PERSON,Police,KENTWOOD POLICE,,
1,2026-09-12T23:45:00Z,1789256700000,WYOMING,1000 BLOCK OF BLACKBURN ST SW,DISORDERLY PERSON,Police,WYOMING POLICE,,
2,2026-09-12T23:46:00Z,1789256760000,WYOMING,1000 BLOCK OF BLANCHARD ST SW,MISC FIRE,Fire,WYOMING FIRE,,
3,2026-09-12T23:48:00Z,1789256880000,PLAINFIELD TWP,4400 BLOCK OF PINE RIDGE PKWY NE,PARKING VIOLATION,Police,KENT CO SHERIFF,,
1,2026-09-12T23:50:00Z,1789257000000,CEDAR SPRINGS,100 BLOCK OF W MAPLE ST NE,RECKLESS DRIVER,Police,KENT CO SHERIFF,,
5,2026-09-12T23:59:00Z,1789257540000,BYRON TWP,1100 BLOCK OF 64TH ST SW,MISSING PERSON,Police,KENT CO SHERIFF,,
3,2026-09-13T00:00:00Z,1789257600000,WYOMING,1800 BLOCK OF DEEPWOOD DR SW,HARASSMENT,Police,WYOMING POLICE,,
1,2026-09-13T00:01:00Z,1789257660000,BYRON TWP,7600 BLOCK OF CATERPILLAR CT SW,SUSPICIOUS INCIDENT,Police,KENT CO SHERIFF,,
3,2026-09-13T00:03:00Z,1789257780000,WYOMING,3200 BLOCK OF HILLCROFT AVE SW,TRESPASSING,Police,WYOMING POLICE,,
2,2026-09-13T00:07:00Z,1789258020000,WALKER,1900 BLOCK OF RANDALL AVE NW,ANIMAL INCIDENT,Police,WALKER POLICE,,
1,2026-09-13T00:09:00Z,1789258140000,WYOMING,5700 BLOCK OF CLYDE PARK AVE SW,MEDICAL EMERGENCY,Fire,WYOMING FIRE,,
1,2026-09-13T00:11:00Z,1789258260000,CASCADE TWP,28TH ST SE / KRAFT AVE SE,LOUD NOISE,Police,KENT CO SHERIFF,,
2,2026-09-13T00:15:00Z,1789258500000,KENTWOOD,3700 BLOCK OF 28TH ST SE,LARCENY,Police,KENTWOOD POLICE,,
1,2026-09-13T00:35:00Z,1789259700000,KENTWOOD,4900 BLOCK OF GREEN OAK LN SE,LARCENY,Police,KENTWOOD POLICE,,
1,2026-09-13T00:46:00Z,1789260360000,BYRON TWP,2200 BLOCK OF AIMIE AVE SW,MEDICAL EMERGENCY,Fire,BYRON TWP FIRE,,
1,2026-09-13T00:51:00Z,1789260660000,WYOMING,6000 BLOCK OF S DIVISION AVE,VEHICLE CRASH,Police,WYOMING FIRE,,
2,2026-09-13T00:51:00Z,1789260660000,WYOMING,6000 BLOCK OF S DIVISION AVE,VEHICLE CRASH,Police,WYOMING POLICE,,
6,2026-09-13T00:54:00Z,1789260840000,PLAINFIELD TWP,US-131 SB NO WEST RIVER,VEHICLE CRASH,Police,KENT CO SHERIFF,43.04256757,-85.66225299
5,2026-09-13T00:54:00Z,1789260840000,PLAINFIELD TWP,US-131 SB NO WEST RIVER,VEHICLE CRASH,Police,PLAINFIELD TWP FIRE,43.04256757,-85.66225299
3,2026-09-13T00:54:00Z,1789260840000,WYOMING,BUCHANAN AVE SW / CROWN ST SW,LOUD NOISE,Police,WYOMING POLICE,,
2,2026-09-13T00:58:00Z,1789261080000,WYOMING,2400 BLOCK OF 30TH ST SW,SUSPICIOUS INCIDENT,Police,WYOMING POLICE,,
1,2026-09-13T01:01:00Z,1789261260000,WYOMING,4300 BLOCK OF LIMOUSIN CT SW,MEDICAL EMERGENCY,Fire,WYOMING FIRE,,
1,2026-09-13T01:10:00Z,1789261800000,SPARTA,400 BLOCK OF GUNN ST NW,MEDICAL EMERGENCY,Fire,SPARTA FIRE,,
1,2026-09-13T01:33:00Z,1789263180000,GAINES TWP,300 BLOCK OF 68TH ST SE,GENERAL ASSIST,Police,KENT CO SHERIFF,,
7,2026-09-13T01:33:00Z,1789263180000,WALKER,I-96 EB EO FRUIT RIDGE,GENERAL ASSIST,Police,WALKER POLICE,,
1,2026-09-13T01:34:00Z,1789263240000,WYOMING,4500 BLOCK OF CLYDE PARK AVE SW,DISORDERLY PERSON,Police,WYOMING POLICE,,
2,2026-09-13T01:46:00Z,1789263960000,BYRON TWP,6700 BLOCK OF S DIVISION AVE,WELFARE CHECK,Police,KENT CO SHERIFF,,
1,2026-09-13T01:48:00Z,1789264080000,WYOMING,100 BLOCK OF 28TH ST SW,BURGLARY,Police,WYOMING POLICE,,
7,2026-09-13T01:53:00Z,1789264380000,KENTWOOD,5900 BLOCK OF CLEARSTREAM DR SE,WELFARE CHECK,Police,KENTWOOD POLICE,,
2,2026-09-13T01:56:00Z,1789264560000,CASCADE TWP,6000 BLOCK OF MCCORDS AVE SE,LOUD NOISE,Police,KENT CO SHERIFF,,
1,2026-09-13T01:57:00Z,1789264620000,ADA TWP,700 BLOCK OF MARBURY DR SE,BROADCAST,Police,KENT CO SHERIFF,,
1,2026-09-13T02:00:00Z,1789264800000,SOLON TWP,15200 BLOCK OF WHITE CREEK AVE NE,MEDICAL EMERGENCY,Fire,SOLON TWP FIRE,,
4,2026-09-13T02:07:00Z,1789265220000,BYRON TWP,N SWORD ST SW / S DIVISION AVE,TRAFFIC VIOLATION,Police,KENT CO SHERIFF,,
2,2026-09-13T02:13:00Z,1789265580000,CASCADE TWP,5100 BLOCK OF 36TH ST SE,BURGLAR ALARM,Police,KENT CO SHERIFF,,
8,2026-09-13T02:14:00Z,1789265640000,LOWELL TWP,I-96 WB EO ALDEN NASH,VEHICLE CRASH,Police,KENT CO SHERIFF,42.87886022,-85.36931515
4,2026-09-13T02:15:00Z,1789265700000,LOWELL TWP,I-96 WB EO ALDEN NASH,VEHICLE CRASH,Police,ALTO AREA FIRE,42.87886022,-85.36931515
1,2026-09-13T02:17:00Z,1789265820000,GRANDVILLE,3500 BLOCK OF KENOWA AVE SW,MEDICAL EMERGENCY,Fire,GRANDVILLE FIRE,,
1,2026-09-13T02:17:00Z,1789265820000,GRANDVILLE,3500 BLOCK OF KENOWA AVE SW,GENERAL ASSIST,Police,GRANDVILLE POLICE,,
1,2026-09-13T02:27:00Z,1789266420000,CASCADE TWP,7900 BLOCK OF ASPENWOOD DR SE,CARBON MONOXIDE INVESTIGATION,Fire,CASCADE TWP FIRE,,
2,2026-09-13T02:27:00Z,1789266420000,PLAINFIELD TWP,2400 BLOCK OF HOLTMAN DR NE,FIRE INVESTIGATION,Fire,PLAINFIELD TWP FIRE,,
3,2026-09-13T02:30:00Z,1789266600000,KENTWOOD,3300 BLOCK OF COACH LN SE,SUSPICIOUS INCIDENT,Police,KENTWOOD POLICE,,
1,2026-09-13T02:32:00Z,1789266720000,KENTWOOD,4800 BLOCK OF GREEN OAK LN SE,MEDICAL EMERGENCY,Fire,KENTWOOD FIRE,,
2,2026-09-13T02:32:00Z,1789266720000,WYOMING,3700 BLOCK OF BYRON CENTER AVE SW,MEDICAL EMERGENCY,Fire,WYOMING FIRE,,
2,2026-09-13T02:40:00Z,1789267200000,ALPINE TWP,3900 BLOCK OF CASPER AVE NW,MEDICAL EMERGENCY,Fire,ALPINE TWP FIRE,,
1,2026-09-13T02:40:00Z,1789267200000,ALPINE TWP,3900 BLOCK OF CASPER AVE NW,BROADCAST,Police,KENT CO SHERIFF,,
7,2026-09-13T02:40:00Z,1789267200000,WYOMING,3600 BLOCK OF GROVELAND AVE SW,LOUD NOISE,Police,WYOMING POLICE,,
1,2026-09-13T02:43:00Z,1789267380000,BYRON TWP,M-6 EB RAMP,VEHICLE FIRE,Fire,BYRON TWP FIRE,,
7,2026-09-13T02:43:00Z,1789267380000,BYRON TWP,M-6 EB EO US-131,BROADCAST,Police,KENT CO SHERIFF,42.84865674,-85.6771753
3,2026-09-13T02:48:00Z,1789267680000,CASCADE TWP,5100 BLOCK OF 28TH ST SE,DISORDERLY PERSON,Police,KENT CO SHERIFF,,
4,2026-09-13T02:49:00Z,1789267740000,KENTWOOD,4500 BLOCK OF WALMA AVE SE,LOUD NOISE,Police,KENTWOOD POLICE,,
1,2026-09-13T02:54:00Z,1789268040000,WYOMING,2000 BLOCK OF CANNON ST SW,TECH RESCUE,Fire,WYOMING FIRE,,
2,2026-09-13T02:54:00Z,1789268040000,WYOMING,300 BLOCK OF MURRAY ST SW,FIGHT,Police,WYOMING POLICE,,
3,2026-09-13T03:02:00Z,1789268520000,GAINES TWP,100 BLOCK OF NORTHBROOK ST SE,TRESPASSING,Police,KENT CO SHERIFF,,
2,2026-09-13T03:09:00Z,1789268940000,WYOMING,5700 BLOCK OF KENOWA AVE SW,LOUD NOISE,Police,WYOMING POLICE,,
1,2026-09-13T03:19:00Z,1789269540000,WYOMING,1300 BLOCK OF 28TH ST SW,LARCENY,Police,WYOMING POLICE,,
5,2026-09-13T03:27:00Z,1789270020000,TYRONE TWP,3000 BLOCK OF 21 MILE RD NW,SOUND OF GUNSHOTS,Police,KENT CO SHERIFF,,
1,2026-09-13T03:27:00Z,1789270020000,WYOMING,3600 BLOCK OF COPPER RIVER AVE SW,MEDICAL EMERGENCY,Fire,WYOMING FIRE,,
2,2026-09-13T03:35:00Z,1789270500000,BYRON TWP,7200 BLOCK OF HOUNDSTOOTH AVE SW,MEDICAL EMERGENCY,Fire,BYRON TWP FIRE,,
4,2026-09-13T03:35:00Z,1789270500000,WYOMING,4300 BLOCK OF STONEBRIDGE RD SW,MEDICAL EMERGENCY,Fire,WYOMING FIRE,,
2,2026-09-13T03:35:00Z,1789270500000,WYOMING,4300 BLOCK OF STONEBRIDGE RD SW,GENERAL ASSIST,Police,WYOMING POLICE,,
6,2026-09-13T03:35:00Z,1789270500000,WYOMING,4300 BLOCK OF STONEBRIDGE RD SW,SUSPICIOUS INCIDENT,Police,WYOMING POLICE,,
1,2026-09-13T03:39:00Z,1789270740000,BYRON TWP,68TH ST SE / S DIVISION AVE,ANIMAL INCIDENT,Police,KENT CO SHERIFF,,
3,2026-09-13T03:44:00Z,1789271040000,KENTWOOD,2100 BLOCK OF S SHORE DR SE,SUSPICIOUS INCIDENT,Police,KENTWOOD POLICE,,
2,2026-09-13T03:45:00Z,1789271100000,ADA TWP,1800 BLOCK OF MCCABE AVE NE,MEDICAL EMERGENCY,Fire,ADA TWP FIRE,,
3,2026-09-13T03:45:00Z,1789271100000,WYOMING,4100 BLOCK OF PIER LIGHT DR SW,LOUD NOISE,Police,WYOMING POLICE,,
1,2026-09-13T03:48:00Z,1789271280000,WYOMING,40TH ST SW / ORIOLE AVE SW,TRAFFIC HAZARD,Police,WYOMING POLICE,,
6,2026-09-13T03:55:00Z,1789271700000,KENTWOOD,4100 BLOCK OF 28TH ST SE,BURGLAR ALARM,Police,KENTWOOD POLICE,,
4,2026-09-13T04:04:00Z,1789272240000,CANNON TWP,8800 BLOCK OF 10 MILE RD NE,CARBON MONOXIDE INVESTIGATION,Fire,CANNON TWP FIRE,,
5,2026-09-13T04:04:00Z,1789272240000,KENTWOOD,4300 BLOCK OF WALNUT HILLS DR SE,MEDICAL EMERGENCY,Fire,KENTWOOD FIRE,,
3,2026-09-13T04:12:00Z,1789272720000,KENTWOOD,5300 BLOCK OF MADISON AVE SE,MEDICAL EMERGENCY,Fire,KENTWOOD FIRE,,
2,2026-09-13T04:14:00Z,1789272840000,NELSON TWP,NORTHLAND DR NE / GROSVENOR ST NE,WELFARE CHECK,Police,KENT CO SHERIFF,,
8,2026-09-13T04:17:00Z,1789273020000,WYOMING,4100 BLOCK OF CROOKED TREE RD SW,INJUNCTIVE VIOLATION,Police,WYOMING POLICE,,
1,2026-09-13T04:19:00Z,1789273140000,WYOMING,3600 BLOCK OF BLUEBIRD AVE SW,MEDICAL EMERGENCY,Fire,WYOMING FIRE,,
4,2026-09-13T04:24:00Z,1789273440000,PLAINFIELD TWP,3900 BLOCK OF WINDSOR RIDGE DR NE,MEDICAL EMERGENCY,Fire,PLAINFIELD TWP FIRE,,
1,2026-09-13T04:26:00Z,1789273560000,WALKER,500 BLOCK OF WILSON AVE SW,STOLEN VEHICLE,Police,WALKER POLICE,,
6,2026-09-13T04:26:00Z,1789273560000,WYOMING,100 BLOCK OF WEXFORD ST SE,SUSPICIOUS INCIDENT,Police,WYOMING POLICE,,
2,2026-09-13T04:27:00Z,1789273620000,ROCKFORD,100 BLOCK OF SPRING ST NE,MEDICAL EMERGENCY,Fire,ROCKFORD FIRE,,
1,2026-09-13T04:27:00Z,1789273620000,ROCKFORD,100 BLOCK OF SPRING ST NE,GENERAL ASSIST,Police,ROCKFORD POLICE,,
2,2026-09-13T04:28:00Z,1789273680000,GAINES TWP,1800 BLOCK OF MARKETPLACE DR SE,MEDICAL EMERGENCY,Fire,GAINES TWP FIRE,,
3,2026-09-13T04:31:00Z,1789273860000,WALKER,3400 BLOCK OF REMEMBRANCE RD NW,WELFARE CHECK,Police,WALKER POLICE,,
2,2026-09-13T04:32:00Z,1789273920000,WYOMING,2300 BLOCK OF 30TH ST SW,MEDICAL EMERGENCY,Fire,WYOMING FIRE,,
1,2026-09-13T04:35:00Z,1789274100000,ADA TWP,7300 BLOCK OF THORNAPPLE RIVER DR SE,SUSPICIOUS INCIDENT,Police,KENT CO SHERIFF,,
6,2026-09-13T04:47:00Z,1789274820000,KENT CITY,S MAIN ST NW / S VILLAGE DR NW,TRAFFIC VIOLATION,Police,KENT CO SHERIFF,,
1,2026-09-13T04:53:00Z,1789275180000,SPENCER TWP,13000 BLOCK OF 19 MILE RD NE,MEDICAL EMERGENCY,Fire,SPENCER TWP FIRE,,
1,2026-09-13T04:54:00Z,1789275240000,GRANDVILLE,3400 BLOCK OF CENTURY CENTER ST SW,WELFARE CHECK,Police,GRANDVILLE POLICE,,
3,2026-09-13T04:54:00Z,1789275240000,PLAINFIELD TWP,1500 BLOCK OF RUTH LN NE,911 HANG UP,Police,KENT CO SHERIFF,,
2,2026-09-13T05:02:00Z,1789275720000,WYOMING,1100 BLOCK OF WHITING ST SW,BURGLAR ALARM,Police,WYOMING POLICE,,
1,2026-09-13T05:07:00Z,1789276020000,ALGOMA TWP,2900 BLOCK OF 10 MILE RD NE,MEDICAL EMERGENCY,Fire,ALGOMA TWP FIRE,,
1,2026-09-13T05:07:00Z,1789276020000,CASCADE TWP,2900 BLOCK OF KRAFT AVE SE,DISORDERLY PERSON,Police,KENT CO SHERIFF,,
2,2026-09-13T05:10:00Z,1789276200000,KENTWOOD,5900 BLOCK OF CHRISTIE AVE SE,LOUD NOISE,Police,KENTWOOD POLICE,,
1,2026-09-13T05:19:00Z,1789276740000,GRANDVILLE,3900 BLOCK OF OAKES ST SW,SUSPICIOUS INCIDENT,Police,GRANDVILLE POLICE,,
1,2026-09-13T05:27:00Z,1789277220000,CASCADE TWP,2900 BLOCK OF KRAFT AVE SE,DISORDERLY PERSON,Police,KENT CO SHERIFF,,
2,2026-09-13T05:29:00Z,1789277340000,WALKER,700 BLOCK OF NORTH CENTER CT NW,DISORDERLY PERSON,Police,WALKER POLICE,,
1,2026-09-13T05:30:00Z,1789277400000,KENTWOOD,3900 BLOCK OF 28TH ST SE,MEDICAL EMERGENCY,Fire,KENTWOOD FIRE,,
2,2026-09-13T05:41:00Z,1789278060000,SOLON TWP,15700 BLOCK OF US-131 FWY,VEHICLE CRASH,Police,KENT CO SHERIFF,,
4,2026-09-13T05:41:00Z,1789278060000,SOLON TWP,15700 BLOCK OF US-131 FWY,VEHICLE CRASH,Police,SOLON TWP FIRE,,
1,2026-09-13T05:43:00Z,1789278180000,KENTWOOD,2500 BLOCK OF BRETON WOODS DR SE,MEDICAL EMERGENCY,Fire,KENTWOOD FIRE,,
1,2026-09-13T05:49:00Z,1789278540000,WYOMING,1200 BLOCK OF 28TH ST SW,DISORDERLY PERSON,Police,WYOMING POLICE,,
9,2026-09-13T05:52:00Z,1789278720000,GRANDVILLE,BOAT LAUNCH - INDIAN MOUNDS,LOUD NOISE,Police,GRANDVILLE POLICE,42.91405898,-85.76680485
1,2026-09-13T06:03:00Z,1789279380000,WALKER,1300 BLOCK OF WILSON AVE SW,GENERAL ASSIST,Police,WALKER POLICE,,
1,2026-09-13T06:04:00Z,1789279440000,KENTWOOD,500 BLOCK OF SLUYTER ST SE,CARBON MONOXIDE INVESTIGATION,Fire,KENTWOOD FIRE,,
1,2026-09-13T06:45:00Z,1789281900000,WALKER,700 BLOCK OF NORTH CENTER CT NW,MEDICAL EMERGENCY,Fire,WALKER FIRE,,
1,2026-09-13T07:04:00Z,1789283040000,KENTWOOD,5200 BLOCK OF WICHITA DR SE,LOUD NOISE,Police,KENTWOOD POLICE,,
1,2026-09-13T07:19:00Z,1789283940000,KENTWOOD,5200 BLOCK OF BROADMOOR AVE SE,FIRE ALARM,Fire,KENTWOOD FIRE,,
1,2026-09-13T07:40:00Z,1789285200000,WYOMING,800 BLOCK OF BLACKBURN ST SW,LOUD NOISE,Police,WYOMING POLICE,,
2,2026-09-13T07:54:00Z,1789286040000,WYOMING,2300 BLOCK OF NEWSTEAD AVE SW,MEDICAL EMERGENCY,Fire,WYOMING FIRE,,
1,2026-09-13T07:55:00Z,1789286100000,GRANDVILLE,4700 BLOCK OF BRUSHWOOD BLVD SW,WELFARE CHECK,Police,GRANDVILLE POLICE,,
2,2026-09-13T08:07:00Z,1789286820000,KENTWOOD,3300 BLOCK OF PINE MEADOW DR SE,MEDICAL EMERGENCY,Fire,KENTWOOD FIRE,,
4,2026-09-13T08:09:00Z,1789286940000,WALKER,I-96 WB WO FRUIT RIDGE,VEHICLE CRASH,Police,WALKER POLICE,43.01840759,-85.76435351
1,2026-09-13T08:10:00Z,1789287000000,CALEDONIA TWP,6300 BLOCK OF CHERRY VIEW DR SE,MEDICAL EMERGENCY,Fire,CALEDONIA TWP FIRE,,
1,2026-09-13T08:26:00Z,1789287960000,WYOMING,200 BLOCK OF BELLEVUE ST SW,MEDICAL EMERGENCY,Fire,WYOMING FIRE,,
1,2026-09-13T08:32:00Z,1789288320000,KENTWOOD,3700 BLOCK OF 29TH ST SE,FIRE ALARM,Fire,KENTWOOD FIRE,,
2,2026-09-13T08:32:00Z,1789288320000,KENTWOOD,4800 BLOCK OF ARBOR LN SE,MEDICAL EMERGENCY,Fire,KENTWOOD FIRE,,
2,2026-09-13T08:43:00Z,1789288980000,GRANDVILLE,4300 BLOCK OF WIMBLEDON DR SW,WELFARE CHECK,Police,GRANDVILLE POLICE,,
1,2026-09-13T09:21:00Z,1789291260000,LOWELL,1400 BLOCK OF W MAIN ST SE,BURGLAR ALARM,Police,LOWELL POLICE,,
1,2026-09-13T09:25:00Z,1789291500000,PLAINFIELD TWP,3800 BLOCK OF PLAINFIELD AVE NE,SUSPICIOUS INCIDENT,Police,KENT CO SHERIFF,,
3,2026-09-13T09:39:00Z,1789292340000,WYOMING,I-196 EB WO MARKET-WY,VEHICLE CRASH,Police,WYOMING POLICE,42.94165707,-85.71328533
1,2026-09-13T10:03:00Z,1789293780000,KENTWOOD,200 BLOCK OF DEBAAR ST SE,911 HANG UP,Police,KENTWOOD POLICE,,
1,2026-09-13T10:57:00Z,1789297020000,KENTWOOD,4600 BLOCK OF HAYWOOD DR SE,911 HANG UP,Police,KENTWOOD POLICE,,
3,2026-09-13T11:02:00Z,1789297320000,CASCADE TWP,5000 BLOCK OF VERDURE PKWY SE,STOLEN VEHICLE,Police,KENT CO SHERIFF,,
1,2026-09-13T11:07:00Z,1789297620000,WALKER,700 BLOCK OF NORTH CENTER CT NW,MEDICAL EMERGENCY,Fire,WALKER FIRE,,
2,2026-09-13T11:18:00Z,1789298280000,ROCKFORD,9100 BLOCK OF COURTLAND DR NE,MEDICAL EMERGENCY,Fire,ROCKFORD FIRE,,
1,2026-09-13T11:19:00Z,1789298340000,ROCKFORD,9100 BLOCK OF COURTLAND DR NE,GENERAL ASSIST,Police,ROCKFORD POLICE,,
1,2026-09-13T11:52:00Z,1789300320000,CASCADE TWP,6700 BLOCK OF TRICKLEWOOD CT SE,MEDICAL EMERGENCY,Fire,CASCADE TWP FIRE,,
2,2026-09-13T11:52:00Z,1789300320000,CASCADE TWP,6700 BLOCK OF TRICKLEWOOD CT SE,MEDICAL EMERGENCY,Fire,KENT CO SHERIFF,,
2,2026-09-13T12:03:00Z,1789300980000,GRANDVILLE,4700 BLOCK OF BRUSHWOOD BLVD SW,WELFARE CHECK,Police,GRANDVILLE POLICE,,
1,2026-09-13T12:08:00Z,1789301280000,WYOMING,3900 BLOCK OF S DIVISION AVE,DISORDERLY PERSON,Police,WYOMING POLICE,,
3,2026-09-13T12:16:00Z,1789301760000,WYOMING,800 BLOCK OF 54TH ST SW,GENERAL ASSIST,Police,WYOMING POLICE,,
1,2026-09-13T12:17:00Z,1789301820000,WYOMING,4800 BLOCK OF DENALI RIVER AVE SW,MEDICAL EMERGENCY,Fire,WYOMING FIRE,,
1,2026-09-13T12:17:00Z,1789301820000,WYOMING,4800 BLOCK OF DENALI RIVER AVE SW,GENERAL ASSIST,Police,WYOMING POLICE,,
2,2026-09-13T12:25:00Z,1789302300000,BYRON TWP,2600 BLOCK OF 84TH ST SW,BURGLAR ALARM,Police,KENT CO SHERIFF,,
1,2026-09-13T12:26:00Z,1789302360000,CASCADE TWP,6000 BLOCK OF 28TH ST SE,SUSPICIOUS INCIDENT,Police,KENT CO SHERIFF,,
3,2026-09-13T12:37:00Z,1789303020000,CALEDONIA TWP,7700 BLOCK OF BROADMOOR AVE SE,VEHICLE CRASH,Police,CALEDONIA TWP FIRE,,
7,2026-09-13T12:37:00Z,1789303020000,CALEDONIA TWP,BROADMOOR AVE SE / 76TH ST SE,VEHICLE CRASH,Police,KENT CO SHERIFF,,
2,2026-09-13T12:40:00Z,1789303200000,WALKER,1000 BLOCK OF 4 MILE RD NW,MEDICAL EMERGENCY,Fire,WALKER FIRE,,
1,2026-09-13T12:41:00Z,1789303260000,CEDAR SPRINGS,0 BLOCK OF N 2ND ST NE,SUSPICIOUS INCIDENT,Police,KENT CO SHERIFF,,
2,2026-09-13T12:47:00Z,1789303620000,SPARTA,200 BLOCK OF S STATE ST NW,HARASSMENT,Police,SPARTA POLICE,,
1,2026-09-13T12:51:00Z,1789303860000,WYOMING,600 BLOCK OF 36TH ST SW,MEDICAL EMERGENCY,Fire,WYOMING FIRE,,
1,2026-09-13T12:53:00Z,1789303980000,SAND LAKE,100 BLOCK OF W LAKE ST NE,SUSPICIOUS INCIDENT,Police,KENT CO SHERIFF,,
6,2026-09-13T13:01:00Z,1789304460000,GAINES TWP,1800 BLOCK OF MARKETPLACE DR SE,FOUND PROPERTY,Police,KENT CO SHERIFF,,
4,2026-09-13T13:03:00Z,1789304580000,CALEDONIA TWP,5500 BLOCK OF COLT DR SE,MEDICAL EMERGENCY,Fire,CALEDONIA TWP FIRE,,
3,2026-09-13T13:04:00Z,1789304640000,SPARTA,100 BLOCK OF W AVERILL ST NW,MEDICAL EMERGENCY,Fire,SPARTA FIRE,,
2,2026-09-13T13:05:00Z,1789304700000,LOWELL,400 BLOCK OF E MAIN ST SE,MEDICAL EMERGENCY,Fire,LOWELL AREA FIRE,,
1,2026-09-13T13:06:00Z,1789304760000,LOWELL,400 BLOCK OF E MAIN ST SE,BROADCAST,Police,LOWELL POLICE,,
1,2026-09-13T13:08:00Z,1789304880000,KENTWOOD,4400 BLOCK OF BRETON AVE SE,MEDICAL EMERGENCY,Fire,KENTWOOD FIRE,,
1,2026-09-13T13:11:00Z,1789305060000,KENTWOOD,3300 BLOCK OF 28TH ST SE,LOITERING,Police,KENTWOOD POLICE,,
2,2026-09-13T13:20:00Z,1789305600000,WYOMING,3100 BLOCK OF JEFFERSON AVE SE,911 HANG UP,Police,WYOMING POLICE,,
3,2026-09-13T13:23:00Z,1789305780000,PLAINFIELD TWP,4300 BLOCK OF MAYBECK DR NE,MEDICAL EMERGENCY,Fire,PLAINFIELD TWP FIRE,,
1,2026-09-13T13:25:00Z,1789305900000,CASCADE TWP,2600 BLOCK OF MOHICAN AVE SE,MEDICAL EMERGENCY,Fire,CASCADE TWP FIRE,,
1,2026-09-13T13:26:00Z,1789305960000,SPARTA TWP,1400 BLOCK OF GLEN PARK DR NW,WELFARE CHECK,Police,KENT CO SHERIFF,,
1,2026-09-13T13:28:00Z,1789306080000,KENTWOOD,5200 BLOCK OF WICHITA DR SE,LARCENY,Police,KENTWOOD POLICE,,
2,2026-09-13T13:37:00Z,1789306620000,ROCKFORD,500 BLOCK OF E DIVISION ST NE,GENERAL ASSIST,Police,ROCKFORD POLICE,,
1,2026-09-13T13:43:00Z,1789306980000,PLAINFIELD TWP,4200 BLOCK OF HUNSBERGER AVE NE,MEDICAL EMERGENCY,Fire,PLAINFIELD TWP FIRE,,
1,2026-09-13T13:54:00Z,1789307640000,NELSON TWP,8700 BLOCK OF BECKER ST NE,MISC FIRE,Fire,CEDAR SPRINGS FIRE,,
9,2026-09-13T14:11:00Z,1789308660000,GRAND RAPIDS,HOPSON ALY NE / COLLEGE ALY NE,ANIMAL INCIDENT,Police,ANIMAL CONTROL,,
2,2026-09-13T14:13:00Z,1789308780000,WALKER,RICHMOND ST NW / CIDER MILL TRL NW,VEHICLE CRASH,Police,WALKER FIRE,,
3,2026-09-13T14:13:00Z,1789308780000,WALKER,RICHMOND ST NW / CIDER MILL TRL NW,VEHICLE CRASH,Police,WALKER POLICE,,
1,2026-09-13T14:14:00Z,1789308840000,PLAINFIELD TWP,5900 BLOCK OF WOODBRIAR DR NE,MEDICAL EMERGENCY,Fire,PLAINFIELD TWP FIRE,,
3,2026-09-13T14:26:00Z,1789309560000,WALKER,1100 BLOCK OF POHENS CT NW,GENERAL ASSIST,Police,WALKER POLICE,,
2,2026-09-13T14:27:00Z,1789309620000,WYOMING,2000 BLOCK OF GODFREY AVE SW,MEDICAL EMERGENCY,Fire,WYOMING FIRE,,
1,2026-09-13T14:27:00Z,1789309620000,WYOMING,200 BLOCK OF 28TH ST SW,GENERAL ASSIST,Police,WYOMING POLICE,,
7,2026-09-13T14:29:00Z,1789309740000,WYOMING,3800 BLOCK OF GROVELAND AVE SW,SUSPICIOUS INCIDENT,Police,WYOMING POLICE,,
2,2026-09-13T14:37:00Z,1789310220000,GRANDVILLE,4700 BLOCK OF BRUSHWOOD BLVD SW,DISORDERLY PERSON,Police,GRANDVILLE POLICE,,
1,2026-09-13T14:39:00Z,1789310340000,KENTWOOD,SHAFFER AVE SE / 29TH ST SE,WELFARE CHECK,Police,KENTWOOD POLICE,,
2,2026-09-13T14:46:00Z,1789310760000,GRANDVILLE,4700 BLOCK OF BRUSHWOOD BLVD SW,MEDICAL EMERGENCY,Fire,GRANDVILLE FIRE,,
3,2026-09-13T14:46:00Z,1789310760000,ROCKFORD,8800 BLOCK OF CASTLE HILL DR NE,FIRE INVESTIGATION,Fire,ROCKFORD FIRE,,
4,2026-09-13T14:46:00Z,1789310760000,ROCKFORD,8800 BLOCK OF CASTLE HILL DR NE,GENERAL ASSIST,Police,ROCKFORD POLICE,,
4,2026-09-13T14:50:00Z,1789311000000,WYOMING,400 BLOCK OF 54TH ST SW,FOUND PROPERTY,Police,WYOMING POLICE,,
1,2026-09-13T14:51:00Z,1789311060000,PLAINFIELD TWP,1400 BLOCK OF MARK ST NE,MEDICAL EMERGENCY,Fire,PLAINFIELD TWP FIRE,,
1,2026-09-13T15:01:00Z,1789311660000,WALKER,1100 BLOCK OF POHENS CT NW,DAMAGE TO PROPERTY,Police,WALKER POLICE,,
1,2026-09-13T15:08:00Z,1789312080000,VERGENNES TWP,1200 BLOCK OF OE BIERI IND DR SE,STRUCTURE FIRE,Fire,LOWELL AREA FIRE,,
1,2026-09-13T15:08:00Z,1789312080000,VERGENNES TWP,1200 BLOCK OF OE BIERI IND DR SE,MISC FIRE,Fire,LOWELL AREA FIRE,,
2,2026-09-13T15:08:00Z,1789312080000,WYOMING,2600 BLOCK OF CHARLESGATE AVE SW,MEDICAL EMERGENCY,Fire,WYOMING FIRE,,
1,2026-09-13T15:22:00Z,1789312920000,WYOMING,6000 BLOCK OF SIMON CT SW,GENERAL ASSIST,Police,WYOMING POLICE,,
7,2026-09-13T15:23:00Z,1789312980000,SPARTA,W DIVISION ST NW / ECKLUND ST NW,ANIMAL INCIDENT,Police,ANIMAL CONTROL,,
5,2026-09-13T15:26:00Z,1789313160000,KENTWOOD,2700 BLOCK OF EAST BELTLINE AVE SE,TRESPASSING,Police,KENTWOOD POLICE,,
2,2026-09-13T15:35:00Z,1789313700000,ALPINE TWP,3800 BLOCK OF HENDERSHOT AVE NW,FIGHT,Police,KENT CO SHERIFF,,
3,2026-09-13T15:36:00Z,1789313760000,BYRON TWP,1700 BLOCK OF KINGSLAND DR SW,ABANDONED VEHICLE,Police,KENT CO SHERIFF,,
1,2026-09-13T15:40:00Z,1789314000000,WYOMING,5500 BLOCK OF AVERILL AVE SW,MEDICAL EMERGENCY,Fire,WYOMING FIRE,,
1,2026-09-13T15:46:00Z,1789314360000,LOWELL,400 BLOCK OF N CENTER ST SE,MEDICAL EMERGENCY,Fire,LOWELL AREA FIRE,,
2,2026-09-13T15:46:00Z,1789314360000,LOWELL,400 BLOCK OF N CENTER ST SE,MEDICAL EMERGENCY,Fire,LOWELL POLICE,,
4,2026-09-13T15:54:00Z,1789314840000,CASCADE TWP,6300 BLOCK OF 28TH ST SE,BURGLAR ALARM,Police,KENT CO SHERIFF,,
4,2026-09-13T15:56:00Z,1789314960000,BYRON TWP,7100 BLOCK OF BUCHANAN AVE SW,DAMAGE TO PROPERTY,Police,KENT CO SHERIFF,,
2,2026-09-13T15:57:00Z,1789315020000,ALGOMA TWP,10900 BLOCK OF NORTHLAND DR NE,BURGLAR ALARM,Police,KENT CO SHERIFF,,
8,2026-09-13T15:58:00Z,1789315080000,WYOMING,2300 BLOCK OF NEWSTEAD AVE SW,HARASSMENT,Police,WYOMING POLICE,,
1,2026-09-13T15:58:00Z,1789315080000,WYOMING,700 BLOCK OF 44TH ST SW,SUSPICIOUS INCIDENT,Police,WYOMING POLICE,,
2,2026-09-13T16:00:00Z,1789315200000,WYOMING,2900 BLOCK OF BYRON CENTER AVE SW,MEDICAL EMERGENCY,Fire,WYOMING FIRE,,
4,2026-09-13T16:00:00Z,1789315200000,WYOMING,1300 BLOCK OF ORIOLE CT SW,GENERAL ASSIST,Police,WYOMING POLICE,,
3,2026-09-13T16:04:00Z,1789315440000,GRANDVILLE,3100 BLOCK OF 44TH ST SW,SUSPICIOUS INCIDENT,Police,GRANDVILLE POLICE,,
1,2026-09-13T16:05:00Z,1789315500000,WYOMING,44TH ST SW / FOREST PARK DR SW,VEHICLE CRASH,Police,KENT CO SHERIFF,,
2,2026-09-13T16:08:00Z,1789315680000,CEDAR SPRINGS,E ASH ST NE / S GRANT ST NE,ANIMAL INCIDENT,Police,ANIMAL CONTROL,,
4,2026-09-13T16:09:00Z,1789315740000,WYOMING,900 BLOCK OF OAKCREST ST SW,WELFARE CHECK,Police,WYOMING POLICE,,
1,2026-09-13T16:14:00Z,1789316040000,GRAND RAPIDS,EAST BELTLINE AVE NE / KNAPP ST NE,MISC FIRE,Fire,GRAND RAPIDS TWP FIRE,,
1,2026-09-13T16:17:00Z,1789316220000,CALEDONIA TWP,7600 BLOCK OF 68TH ST SE,SUSPICIOUS INCIDENT,Police,KENT CO SHERIFF,,
3,2026-09-13T16:23:00Z,1789316580000,CASCADE TWP,28TH ST SE / KRAFT AVE SE,SUSPICIOUS INCIDENT,Police,KENT CO SHERIFF,,
2,2026-09-13T16:26:00Z,1789316760000,WYOMING,4500 BLOCK OF EDGEMONT DR SW,MEDICAL EMERGENCY,Fire,WYOMING FIRE,,
3,2026-09-13T16:28:00Z,1789316880000,PLAINFIELD TWP,2200 BLOCK OF DAYLOR DR NE,BURGLAR ALARM,Police,KENT CO SHERIFF,,
1,2026-09-13T16:28:00Z,1789316880000,PLAINFIELD TWP,4100 BLOCK OF WHISPERING LN NE,SUSPICIOUS INCIDENT,Police,KENT CO SHERIFF,,
2,2026-09-13T16:29:00Z,1789316940000,WYOMING,100 BLOCK OF HIMES ST SE,TRESPASSING,Police,WYOMING POLICE,,
1,2026-09-13T16:33:00Z,1789317180000,PLAINFIELD TWP,5700 BLOCK OF WEST RIVER DR NE,BURGLAR ALARM,Police,KENT CO SHERIFF,,
1,2026-09-13T16:47:00Z,1789318020000,WYOMING,2600 BLOCK OF MC KEE AVE SW,ANIMAL INCIDENT,Police,ANIMAL CONTROL,,
1,2026-09-13T17:03:00Z,1789318980000,EAST GRAND RAPIDS,2200 BLOCK OF ARGENTINA DR SE,GENERAL ASSIST,Police,EAST GRAND RAPIDS POLICE,,
3,2026-09-13T17:08:00Z,1789319280000,PLAINFIELD TWP,6800 BLOCK OF CHILDSDALE AVE NE,SOUND OF GUNSHOTS,Police,KENT CO SHERIFF,,
2,2026-09-13T17:11:00Z,1789319460000,WYOMING,2400 BLOCK OF BYRON CENTER AVE SW,SUSPICIOUS INCIDENT,Police,WYOMING POLICE,,
1,2026-09-13T17:14:00Z,1789319640000,PLAINFIELD TWP,1500 BLOCK OF WOODWORTH ST NE,MEDICAL EMERGENCY,Fire,PLAINFIELD TWP FIRE,,
1,2026-09-13T17:19:00Z,1789319940000,KENTWOOD,5500 BLOCK OF EASTERN AVE SE,MEDICAL EMERGENCY,Fire,KENTWOOD FIRE,,
2,2026-09-13T17:23:00Z,1789320180000,WYOMING,6000 BLOCK OF METRO WAY SW,DISORDERLY PERSON,Police,WYOMING POLICE,,
3,2026-09-13T17:27:00Z,1789320420000,WALKER,1800 BLOCK OF MOELKER AVE SW,MEDICAL EMERGENCY,Fire,WALKER FIRE,,
1,2026-09-13T17:28:00Z,1789320480000,WYOMING,900 BLOCK OF OAKCREST ST SW,SUSPICIOUS INCIDENT,Police,WYOMING POLICE,,
1,2026-09-13T17:34:00Z,1789320840000,CANNON TWP,6700 BLOCK OF SUMMER MEADOWS CT NE,FRAUD,Police,KENT CO SHERIFF,,
2,2026-09-13T17:39:00Z,1789321140000,WALKER,NORTH OAK ST NW / MONTCLAIR AVE NW,SUSPICIOUS INCIDENT,Police,WALKER POLICE,,
1,2026-09-13T17:42:00Z,1789321320000,KENTWOOD,3400 BLOCK OF PHEASANT RIDGE DR SE,BURGLARY,Police,KENTWOOD POLICE,,
5,2026-09-13T17:44:00Z,1789321440000,OAKFIELD TWP,9300 BLOCK OF ASHLEY AVE NE,STOLEN VEHICLE,Police,KENT CO SHERIFF,,
7,2026-09-13T17:45:00Z,1789321500000,GRAND RAPIDS TWP,CASCADE AT I-96,GENERAL ASSIST,Police,KENT CO SHERIFF,42.94687401,-85.5669956
12,2026-09-13T17:48:00Z,1789321680000,KENTWOOD,5900 BLOCK OF CHRISTIE AVE SE,DISORDERLY PERSON,Police,KENTWOOD POLICE,,
2,2026-09-13T18:05:00Z,1789322700000,CASCADE TWP,28TH ST SE / HOTEL AVE SE,VEHICLE CRASH,Police,KENT CO SHERIFF,,
1,2026-09-13T18:10:00Z,1789323000000,KENTWOOD,1900 BLOCK OF MAPLEVIEW ST SE,MEDICAL EMERGENCY,Fire,KENTWOOD FIRE,,
4,2026-09-13T18:13:00Z,1789323180000,CANNON TWP,7800 BLOCK OF CANNONSBURG RD NE,WELFARE CHECK,Police,KENT CO SHERIFF,,
3,2026-09-13T18:18:00Z,1789323480000,KENTWOOD,1900 BLOCK OF MIDDLEGROUND DR SE,MEDICAL EMERGENCY,Fire,KENTWOOD FIRE,,
2,2026-09-13T18:19:00Z,1789323540000,WYOMING,2300 BLOCK OF 29TH ST SW,DISORDERLY PERSON,Police,WYOMING POLICE,,
1,2026-09-13T18:24:00Z,1789323840000,BYRON TWP,2900 BLOCK OF RAILVIEW DR SW,FIRE ALARM,Fire,BYRON TWP FIRE,,
5,2026-09-13T18:24:00Z,1789323840000,SOLON TWP,13800 BLOCK OF PRIMROSE LN NE,INJUNCTIVE VIOLATION,Police,KENT CO SHERIFF,,
2,2026-09-13T18:26:00Z,1789323960000,GRAND RAPIDS TWP,SWEETSPIRE LN NE / KNAPP ST NE,SUSPICIOUS INCIDENT,Police,KENT CO SHERIFF,,
1,2026-09-13T18:30:00Z,1789324200000,WYOMING,900 BLOCK OF BELFIELD ST SW,MEDICAL EMERGENCY,Fire,WYOMING FIRE,,
5,2026-09-13T18:32:00Z,1789324320000,KENTWOOD,BRETON AVE SE / N BRETON CT SE,VEHICLE CRASH,Police,KENTWOOD POLICE,,
4,2026-09-13T18:33:00Z,1789324380000,PLAINFIELD TWP,1500 BLOCK OF RUTH LN NE,INJUNCTIVE VIOLATION,Police,KENT CO SHERIFF,,
2,2026-09-13T18:33:00Z,1789324380000,WYOMING,3500 BLOCK OF S DIVISION AVE,WELFARE CHECK,Police,WYOMING POLICE,,
2,2026-09-13T18:37:00Z,1789324620000,ALPINE TWP,4200 BLOCK OF ALPENHORN DR NW,WELFARE CHECK,Police,KENT CO SHERIFF,,
1,2026-09-13T18:39:00Z,1789324740000,BYRON TWP,6700 BLOCK OF AIRFIELD CT SW,911 HANG UP,Police,KENT CO SHERIFF,,
2,2026-09-13T18:39:00Z,1789324740000,KENTWOOD,44TH ST SE / KALAMAZOO AVE SE,VEHICLE CRASH,Police,KENTWOOD POLICE,,
1,2026-09-13T18:43:00Z,1789324980000,ALPINE TWP,3600 BLOCK OF GILLETTE RIDGE DR NW,INJUNCTIVE VIOLATION,Police,KENT CO SHERIFF,,
3,2026-09-13T18:52:00Z,1789325520000,KENTWOOD,3100 BLOCK OF BROADMOOR AVE SE,BURGLAR ALARM,Police,KENTWOOD POLICE,,
2,2026-09-13T18:56:00Z,1789325760000,BYRON TWP,76TH ST / BURLINGAME AVE SW,VEHICLE CRASH,Police,KENT CO SHERIFF,,
5,2026-09-13T18:57:00Z,1789325820000,GRAND RAPIDS,800 BLOCK OF OAKHILL ST SE,ANIMAL INCIDENT,Police,ANIMAL CONTROL,,
1,2026-09-13T19:03:00Z,1789326180000,WYOMING,1600 BLOCK OF 28TH ST SW,ASSAULT,Police,WYOMING POLICE,,
5,2026-09-13T19:09:00Z,1789326540000,TYRONE TWP,14100 BLOCK OF RED PINE DR NW,WELFARE CHECK,Police,KENT CO SHERIFF,,
4,2026-09-13T19:10:00Z,1789326600000,SOLON TWP,14900 BLOCK OF HANNA AVE NE,WEAPONS VIOLATION,Police,KENT CO SHERIFF,,
5,2026-09-13T19:10:00Z,1789326600000,CASCADE TWP,3600 BLOCK OF RIDGEMONT CT SE,OBSCENITY,Police,KENT CO SHERIFF,,
7,2026-09-13T19:11:00Z,1789326660000,KENTWOOD,2600 BLOCK OF RIDGECROFT DR SE,WELFARE CHECK,Police,KENTWOOD POLICE,,
2,2026-09-13T19:11:00Z,1789326660000,WYOMING,4200 BLOCK OF STONEBRIDGE RD SW,MEDICAL EMERGENCY,Fire,WYOMING FIRE,,
1,2026-09-13T19:16:00Z,1789326960000,CANNON TWP,8200 BLOCK OF MYERS LAKE AVE NE,MEDICAL EMERGENCY,Fire,CANNON TWP FIRE,,
9,2026-09-13T19:17:00Z,1789327020000,KENTWOOD,5100 BLOCK OF WICHITA DR SE,LARCENY,Police,KENTWOOD POLICE,,
3,2026-09-13T19:19:00Z,1789327140000,WALKER,700 BLOCK OF CENTER DR NW,RECKLESS DRIVER,Police,WALKER POLICE,,
2,2026-09-13T19:27:00Z,1789327620000,WYOMING,2400 BLOCK OF NEWSTEAD AVE SW,GENERAL ASSIST,Police,WYOMING POLICE,,
1,2026-09-13T19:27:00Z,1789327620000,WYOMING,MICHAEL AVE SW / PRAIRIE PKWY SW,WELFARE CHECK,Police,WYOMING POLICE,,
1,2026-09-13T19:29:00Z,1789327740000,GRANDVILLE,3600 BLOCK OF KENOWA AVE SW,MEDICAL EMERGENCY,Fire,GRANDVILLE FIRE,,
1,2026-09-13T19:33:00Z,1789327980000,ADA TWP,600 BLOCK OF SPAULDING AVE SE,GENERAL ASSIST,Police,KENT CO SHERIFF,,
2,2026-09-13T19:35:00Z,1789328100000,KENTWOOD,700 BLOCK OF ANDOVER ST SE,WELFARE CHECK,Police,KENTWOOD POLICE,,
1,2026-09-13T19:42:00Z,1789328520000,ALPINE TWP,4200 BLOCK OF ALPENHORN DR NW,MEDICAL EMERGENCY,Fire,ALPINE TWP FIRE,,
9,2026-09-13T19:43:00Z,1789328580000,GRAND RAPIDS,3300 BLOCK OF PLAINFIELD AVE NE,ANIMAL INCIDENT,Police,ANIMAL CONTROL,,
1,2026-09-13T19:54:00Z,1789329240000,GAINES TWP,100 BLOCK OF NORTHBROOK ST SE,MEDICAL EMERGENCY,Fire,GAINES TWP FIRE,,
1,2026-09-13T19:58:00Z,1789329480000,ALGOMA TWP,1700 BLOCK OF 10 MILE RD NE,VEHICLE CRASH,Police,ALGOMA TWP FIRE,,
2,2026-09-13T19:58:00Z,1789329480000,ALGOMA TWP,1700 BLOCK OF 10 MILE RD NE,VEHICLE CRASH,Police,KENT CO SHERIFF,,
8,2026-09-13T20:15:00Z,1789330500000,WALKER,ALPINE AT I-96,WELFARE CHECK,Police,WALKER POLICE,43.01647542,-85.68889947
7,2026-09-13T20:22:00Z,1789330920000,KENTWOOD,4500 BLOCK OF 28TH ST SE,SUSPICIOUS INCIDENT,Police,KENTWOOD POLICE,,
1,2026-09-13T20:25:00Z,1789331100000,WALKER,200 BLOCK OF MANZANA CT NW,GENERAL ASSIST,Police,WALKER POLICE,,
12,2026-09-13T20:26:00Z,1789331160000,ALPINE TWP,300 BLOCK OF HAYES ST NW,GENERAL ASSIST,Police,KENT CO SHERIFF,,
5,2026-09-13T20:30:00Z,1789331400000,KENTWOOD,300 BLOCK OF MONTEBELLO ST SE,MISSING PERSON,Police,KENTWOOD POLICE,,
10,2026-09-13T20:34:00Z,1789331640000,PLAINFIELD TWP,6700 BLOCK OF JUNEVIEW DR NE,FIREWORKS,Police,KENT CO SHERIFF,,
5,2026-09-13T20:36:00Z,1789331760000,PLAINFIELD TWP,4800 BLOCK OF PINEDELL AVE NE,HARASSMENT,Police,KENT CO SHERIFF,,
4,2026-09-13T20:37:00Z,1789331820000,KENTWOOD,1900 BLOCK OF OBSERVATORY AVE SE,MEDICAL EMERGENCY,Fire,KENTWOOD FIRE,,
2,2026-09-13T20:40:00Z,1789332000000,CASCADE TWP,2600 BLOCK OF SATINWOOD AVE SE,MEDICAL EMERGENCY,Fire,CASCADE TWP FIRE,,
3,2026-09-13T20:40:00Z,1789332000000,WYOMING,2500 BLOCK OF BOULEVARD DR SW,MEDICAL EMERGENCY,Fire,WYOMING FIRE,,
1,2026-09-13T20:41:00Z,1789332060000,WYOMING,3700 BLOCK OF MILAN AVE SW,WELFARE CHECK,Police,WYOMING POLICE,,
5,2026-09-13T20:50:00Z,1789332600000,PLAINFIELD TWP,6100 BLOCK OF KUTTSHILL DR NE,WELFARE CHECK,Police,KENT CO SHERIFF,,
3,2026-09-13T20:54:00Z,1789332840000,WALKER,700 BLOCK OF NORTH CENTER CT NW,MEDICAL EMERGENCY,Fire,WALKER FIRE,,
2,2026-09-13T20:56:00Z,1789332960000,ALPINE TWP,3900 BLOCK OF ALPINE AVE NW,MEDICAL EMERGENCY,Fire,ALPINE TWP FIRE,,
1,2026-09-13T20:56:00Z,1789332960000,ALPINE TWP,3900 BLOCK OF ALPINE AVE NW,BROADCAST,Police,KENT CO SHERIFF,,
3,2026-09-13T20:58:00Z,1789333080000,CASCADE TWP,8900 BLOCK OF CASCADE RD SE,FIRE ALARM,Fire,CASCADE TWP FIRE,,
2,2026-09-13T20:59:00Z,1789333140000,PLAINFIELD TWP,4100 BLOCK OF CHADWICK AVE NE,MEDICAL EMERGENCY,Fire,PLAINFIELD TWP FIRE,,
1,2026-09-13T21:03:00Z,1789333380000,PLAINFIELD TWP,6100 BLOCK OF WEST RIVER DR NE,MEDICAL EMERGENCY,Fire,PLAINFIELD TWP FIRE,,
1,2026-09-13T21:12:00Z,1789333920000,KENTWOOD,4300 BLOCK OF WALNUT HILLS DR SE,MEDICAL EMERGENCY,Fire,KENTWOOD FIRE,,
9,2026-09-13T21:14:00Z,1789334040000,BYRON TWP,300 BLOCK OF PALMS ST SW,FRAUD,Police,KENT CO SHERIFF,,
1,2026-09-13T21:21:00Z,1789334460000,KENTWOOD,900 BLOCK OF ANDOVER CT SE,MEDICAL EMERGENCY,Fire,KENTWOOD FIRE,,
7,2026-09-13T21:23:00Z,1789334580000,CASCADE TWP,5900 BLOCK OF 28TH ST SE,SUSPICIOUS INCIDENT,Police,KENT CO SHERIFF,,
5,2026-09-13T21:24:00Z,1789334640000,GAINES TWP,1400 BLOCK OF EASTPORT DR SE,DISORDERLY PERSON,Police,KENT CO SHERIFF,,
1,2026-09-13T21:24:00Z,1789334640000,WYOMING,2300 BLOCK OF BYRON CENTER AVE SW,MEDICAL EMERGENCY,Fire,WYOMING FIRE,,
3,2026-09-13T21:26:00Z,1789334760000,BYRON TWP,2200 BLOCK OF CREEKSIDE DR SW,MEDICAL EMERGENCY,Fire,BYRON TWP FIRE,,
4,2026-09-13T21:26:00Z,1789334760000,WYOMING,3000 BLOCK OF BURLINGAME AVE SW,WELFARE CHECK,Police,WYOMING POLICE,,
2,2026-09-13T21:27:00Z,1789334820000,WYOMING,100 BLOCK OF BURT ST SE,ABANDONED VEHICLE,Police,WYOMING POLICE,,
1,2026-09-13T21:31:00Z,1789335060000,GAINES TWP,6800 BLOCK OF KALAMAZOO AVE SE,BURGLAR ALARM,Police,KENT CO SHERIFF,,
1,2026-09-13T21:33:00Z,1789335180000,ADA TWP,7400 BLOCK OF RIVER ST SE,OPEN DOOR,Police,KENT CO SHERIFF,,
2,2026-09-13T21:45:00Z,1789335900000,ADA TWP,MCCABE AVE NE / 3 MILE RD NE,VEHICLE CRASH,Police,KENT CO SHERIFF,,
1,2026-09-13T21:50:00Z,1789336200000,KENTWOOD,2900 BLOCK OF WINGATE DR SE,MEDICAL EMERGENCY,Fire,KENTWOOD FIRE,,
10,2026-09-13T21:52:00Z,1789336320000,WALKER,ALPINE AT I-96,VEHICLE CRASH,Police,WALKER POLICE,43.01647542,-85.68889947
15,2026-09-13T21:59:00Z,1789336740000,PLAINFIELD TWP,5900 BLOCK OF ETHELWIN AVE NE,DISORDERLY PERSON,Police,KENT CO SHERIFF,,
9,2026-09-13T22:02:00Z,1789336920000,KENTWOOD,4700 BLOCK OF QUAKER HILL DR SE,ANIMAL INCIDENT,Police,KENTWOOD POLICE,,
2,2026-09-13T22:09:00Z,1789337340000,WYOMING,2400 BLOCK OF AURORA POND DR SW,MEDICAL EMERGENCY,Fire,WYOMING FIRE,,
3,2026-09-13T22:09:00Z,1789337340000,WYOMING,1100 BLOCK OF BLANCHARD ST SW,PARKING VIOLATION,Police,WYOMING POLICE,,
3,2026-09-13T22:09:00Z,1789337340000,WYOMING,2900 BLOCK OF OAK VALLEY AVE SW,WELFARE CHECK,Police,WYOMING POLICE,,
1,2026-09-13T22:10:00Z,1789337400000,BYRON TWP,8100 BLOCK OF AMBER CREST DR SW,MEDICAL EMERGENCY,Fire,BYRON TWP FIRE,,
1,2026-09-13T22:11:00Z,1789337460000,WYOMING,5200 BLOCK OF HARBOR HOUSE LN SW,HARASSMENT,Police,WYOMING POLICE,,
6,2026-09-13T22:16:00Z,1789337760000,GRANDVILLE,4300 BLOCK OF TURTLE BEND DR SW,HARASSMENT,Police,GRANDVILLE POLICE,,
4,2026-09-13T22:16:00Z,1789337760000,SPENCER TWP,13200 BLOCK OF 17 MILE RD NE,MEDICAL EMERGENCY,Fire,SPENCER TWP FIRE,,
3,2026-09-13T22:20:00Z,1789338000000,CEDAR SPRINGS,300 BLOCK OF W MUSKEGON ST NE,MEDICAL EMERGENCY,Fire,CEDAR SPRINGS FIRE,,
2,2026-09-13T22:24:00Z,1789338240000,GAINES TWP,1500 BLOCK OF EDGEKNOLL DR SE,MISSING PERSON,Police,KENT CO SHERIFF,,
3,2026-09-13T22:26:00Z,1789338360000,PLAINFIELD TWP,3900 BLOCK OF MAYFIELD AVE NE,STRUCTURE FIRE,Fire,PLAINFIELD TWP FIRE,,
4,2026-09-13T22:27:00Z,1789338420000,BYRON TWP,6200 BLOCK OF IVANREST AVE SW,BURGLAR ALARM,Police,KENT CO SHERIFF,,
1,2026-09-13T22:27:00Z,1789338420000,WALKER,LEONARD ST NW / WILSON AVE NW,VEHICLE CRASH,Police,WALKER POLICE,,
4,2026-09-13T22:29:00Z,1789338540000,CALEDONIA TWP,6200 BLOCK OF KRAFT AVE SE,HARASSMENT,Police,KENT CO SHERIFF,,
1,2026-09-13T22:31:00Z,1789338660000,WYOMING,3600 BLOCK OF COPPER RIVER AVE SW,MEDICAL EMERGENCY,Fire,WYOMING FIRE,,
11,2026-09-13T22:35:00Z,1789338900000,WALKER,LAKE MICHIGAN DR NW / FERNDALE AVE NW,VEHICLE CRASH,Police,WALKER POLICE,,
15,2026-09-13T22:39:00Z,1789339140000,PLAINFIELD TWP,1500 BLOCK OF RUTH LN NE,GENERAL ASSIST,Police,KENT CO SHERIFF,,
2,2026-09-13T22:39:00Z,1789339140000,WYOMING,500 BLOCK OF 44TH ST SW,BURGLAR ALARM,Police,WYOMING POLICE,,
1,2026-09-13T22:41:00Z,1789339260000,GAINES TWP,6800 BLOCK OF KALAMAZOO AVE SE,BURGLAR ALARM,Police,KENT CO SHERIFF,,
2,2026-09-13T22:42:00Z,1789339320000,WALKER,2400 BLOCK OF ALPINE AVE NW,FRAUD,Police,WALKER POLICE,,
1,2026-09-13T22:44:00Z,1789339440000,WALKER,2600 BLOCK OF ALPINE AVE NW,LITTERING,Police,WALKER POLICE,,
4,2026-09-13T22:47:00Z,1789339620000,VERGENNES TWP,LINCOLN LAKE AVE SE / VERGENNES ST SE,WELFARE CHECK,Police,KENT CO SHERIFF,,
3,2026-09-13T22:48:00Z,1789339680000,GRANDVILLE,4200 BLOCK OF CHICAGO DR SW,DISORDERLY PERSON,Police,GRANDVILLE POLICE,,
2,2026-09-13T22:51:00Z,1789339860000,ADA TWP,1100 BLOCK OF SARGENT AVE SE,MEDICAL EMERGENCY,Fire,ADA TWP FIRE,,
7,2026-09-13T22:54:00Z,1789340040000,WALKER,3600 BLOCK OF REMEMBRANCE RD NW,GENERAL ASSIST,Police,WALKER POLICE,,
1,2026-09-13T22:57:00Z,1789340220000,WYOMING,32ND ST SW / BUCHANAN AVE SW,VEHICLE CRASH,Police,WYOMING FIRE,,
1,2026-09-13T22:57:00Z,1789340220000,WYOMING,32ND ST SW / BUCHANAN AVE SW,VEHICLE CRASH,Police,WYOMING POLICE,,
1,2026-09-13T22:59:00Z,1789340340000,ALPINE TWP,4200 BLOCK OF ALPENHORN DR NW,SUSPICIOUS INCIDENT,Police,KENT CO SHERIFF,,
4,2026-09-13T23:00:00Z,1789340400000,KENTWOOD,3200 BLOCK OF 28TH ST SE,ASSAULT,Police,KENTWOOD POLICE,,
7,2026-09-13T23:01:00Z,1789340460000,WYOMING,2500 BLOCK OF WOODLAKE RD SW,LOUD NOISE,Police,WYOMING POLICE,,
3,2026-09-13T23:02:00Z,1789340520000,GRANDVILLE,3300 BLOCK OF CENTURY CENTER ST SW,MEDICAL EMERGENCY,Fire,GRANDVILLE FIRE,,
5,2026-09-13T23:02:00Z,1789340520000,GAINES TWP,HANNA LAKE AVE SE / 60TH ST SE,VEHICLE CRASH,Police,KENT CO SHERIFF,,
3,2026-09-13T23:10:00Z,1789341000000,GAINES TWP,500 BLOCK OF 72ND ST SE,MEDICAL EMERGENCY,Fire,GAINES TWP FIRE,,
2,2026-09-13T23:10:00Z,1789341000000,GRANDVILLE,3700 BLOCK OF CHICKASAW CT SW,GENERAL ASSIST,Police,GRANDVILLE POLICE,,
5,2026-09-13T23:10:00Z,1789341000000,KENTWOOD,WALNUT HILLS DR SE / PFEIFFER WOODS DR SE,SUSPICIOUS INCIDENT,Police,KENTWOOD POLICE,,
1,2026-09-13T23:12:00Z,1789341120000,CEDAR SPRINGS,200 BLOCK OF N MAIN ST NE,WELFARE CHECK,Police,KENT CO SHERIFF,,
2,2026-09-13T23:12:00Z,1789341120000,WALKER,4100 BLOCK OF CHASKA CT NW,MEDICAL EMERGENCY,Fire,WALKER FIRE,,
3,2026-09-13T23:13:00Z,1789341180000,GRANDVILLE,3700 BLOCK OF CHICKASAW CT SW,MEDICAL EMERGENCY,Fire,GRANDVILLE FIRE,,
5,2026-09-13T23:13:00Z,1789341180000,WALKER,800 BLOCK OF 3 MILE RD NW,WELFARE CHECK,Police,WALKER POLICE,,
6,2026-09-13T23:14:00Z,1789341240000,WYOMING,HIMES ST SE / S DIVISION AVE,PARKING VIOLATION,Police,WYOMING POLICE,,
1,2026-09-13T23:16:00Z,1789341360000,WYOMING,4500 BLOCK OF CLYDE PARK AVE SW,911 HANG UP,Police,WYOMING POLICE,,
1,2026-09-13T23:23:00Z,1789341780000,CASCADE TWP,5200 BLOCK OF 28TH ST SE,TRESPASSING,Police,KENT CO SHERIFF,,
2,2026-09-13T23:24:00Z,1789341840000,ALPINE TWP,FRUIT RIDGE AVE NW / 4 MILE RD NW,SUSPICIOUS INCIDENT,Police,KENT CO SHERIFF,,
1,2026-09-13T23:30:00Z,1789342200000,WYOMING,2400 BLOCK OF NEWSTEAD AVE SW,WELFARE CHECK,Police,WYOMING POLICE,,
1,2026-09-13T23:31:00Z,1789342260000,WYOMING,2600 BLOCK OF FOX RUN RD SW,911 HANG UP,Police,WYOMING POLICE,,
2,2026-09-13T23:43:00Z,1789342980000,KENTWOOD,4600 BLOCK OF BOWEN BLVD SE,SUSPICIOUS INCIDENT,Police,KENTWOOD POLICE,,
5,2026-09-13T23:44:00Z,1789343040000,WYOMING,1000 BLOCK OF 28TH ST SW,BURGLAR ALARM,Police,WYOMING POLICE,,
1,2026-09-13T23:47:00Z,1789343220000,COURTLAND TWP,10400 BLOCK OF COURTLAND DR NE,MISC FIRE,Fire,COURTLAND TWP FIRE,,
3,2026-09-13T23:49:00Z,1789343340000,WYOMING,3600 BLOCK OF COPPER RIVER AVE SW,MEDICAL EMERGENCY,Fire,WYOMING FIRE,,
2,2026-09-13T23:49:00Z,1789343340000,WYOMING,3600 BLOCK OF COPPER RIVER AVE SW,BROADCAST,Police,WYOMING POLICE,,
2,2026-09-13T23:52:00Z,1789343520000,WALKER,2400 BLOCK OF NOLAN AVE NW,LARCENY,Police,WALKER POLICE,,
1,2026-09-13T23:54:00Z,1789343640000,KENTWOOD,3300 BLOCK OF 36TH ST SE,DISORDERLY PERSON,Police,KENTWOOD POLICE,,
12,2026-09-13T23:55:00Z,1789343700000,CASCADE TWP,I-96 WB WO 36TH,BROADCAST,Police,KENT CO SHERIFF,42.90649699,-85.52619305
6,2026-09-13T23:55:00Z,1789343700000,CASCADE TWP,I-96 WB WO 36TH,TRAFFIC VIOLATION,Police,KENT CO SHERIFF,42.90649699,-85.52619305
1,2026-09-14T00:04:00Z,1789344240000,GRANDVILLE,3900 BLOCK OF 44TH ST SW,MEDICAL EMERGENCY,Fire,GRANDVILLE FIRE,,
1,2026-09-14T00:11:00Z,1789344660000,GRAND RAPIDS TWP,1600 BLOCK OF 4 MILE RD NE,SUSPICIOUS INCIDENT,Police,KENT CO SHERIFF,,
6,2026-09-14T00:14:00Z,1789344840000,WALKER,4400 BLOCK OF LAKE MICHIGAN DR NW,FRAUD,Police,WALKER POLICE,,
1,2026-09-14T00:16:00Z,1789344960000,WYOMING,3600 BLOCK OF CLYDE PARK AVE SW,DISORDERLY PERSON,Police,WYOMING POLICE,,
2,2026-09-14T00:31:00Z,1789345860000,CASCADE TWP,6600 BLOCK OF WENDELL ST SE,MEDICAL EMERGENCY,Fire,CASCADE TWP FIRE,,
1,2026-09-14T00:32:00Z,1789345920000,ROCKFORD,WOLVERINE ST NE / E MAIN ST NE,RECKLESS DRIVER,Police,ROCKFORD POLICE,,
1,2026-09-14T00:35:00Z,1789346100000,WALKER,MAYNARD AVE SW / VETERANS MEMORIAL DR SW,DEER PERMIT,Police,KENT CO SHERIFF,,
5,2026-09-14T00:36:00Z,1789346160000,WALKER,200 BLOCK OF MANZANA CT NW,DAMAGE TO PROPERTY,Police,WALKER POLICE,,
2,2026-09-14T00:37:00Z,1789346220000,KENTWOOD,2300 BLOCK OF BRIDLE CREEK ST SE,MEDICAL EMERGENCY,Fire,KENTWOOD FIRE,,
16,2026-09-14T00:37:00Z,1789346220000,WYOMING,4400 BLOCK OF BUCHANAN AVE SW,TRESPASSING,Police,WYOMING POLICE,,
1,2026-09-14T00:38:00Z,1789346280000,GAINES TWP,300 BLOCK OF 68TH ST SE,GENERAL ASSIST,Police,KENT CO SHERIFF,,
2,2026-09-14T00:45:00Z,1789346700000,CALEDONIA TWP,5200 BLOCK OF NORTH TROTTER TRL SE,MEDICAL EMERGENCY,Fire,CALEDONIA TWP FIRE,,
1,2026-09-14T00:46:00Z,1789346760000,WALKER,3500 BLOCK OF REMEMBRANCE RD NW,WELFARE CHECK,Police,WALKER POLICE,,
4,2026-09-14T00:51:00Z,1789347060000,WALKER,1000 BLOCK OF 4 MILE RD NW,WELFARE CHECK,Police,WALKER POLICE,,
2,2026-09-14T00:53:00Z,1789347180000,GAINES TWP,9500 BLOCK OF MEADOW VALLEY SE,CARBON MONOXIDE INVESTIGATION,Fire,GAINES TWP FIRE,,
4,2026-09-14T00:53:00Z,1789347180000,WYOMING,2700 BLOCK OF BURLINGAME AVE SW,FIRE ALARM,Fire,WYOMING FIRE,,
2,2026-09-14T00:57:00Z,1789347420000,WALKER,3500 BLOCK OF REMEMBRANCE RD NW,MEDICAL EMERGENCY,Fire,WALKER FIRE,,
1,2026-09-14T00:59:00Z,1789347540000,WYOMING,2100 BLOCK OF COLLINGWOOD AVE SW,HARASSMENT,Police,WYOMING POLICE,,
1,2026-09-14T01:01:00Z,1789347660000,PLAINFIELD TWP,5300 BLOCK OF CIRCLE DR NE,MEDICAL EMERGENCY,Fire,PLAINFIELD TWP FIRE,,
1,2026-09-14T01:07:00Z,1789348020000,CALEDONIA TWP,7700 BLOCK OF ABBY LANE RD SE,BURGLAR ALARM,Police,KENT CO SHERIFF,,
1,2026-09-14T01:08:00Z,1789348080000,PLAINFIELD TWP,4800 BLOCK OF PINEDELL AVE NE,HARASSMENT,Police,KENT CO SHERIFF,,
1,2026-09-14T01:17:00Z,1789348620000,KENTWOOD,4400 BLOCK OF OVERLOOK TERRACE SE,MEDICAL EMERGENCY,Fire,KENTWOOD FIRE,,
1,2026-09-14T01:26:00Z,1789349160000,BYRON TWP,9400 BLOCK OF WILSON AVE SW,FIRE ALARM,Fire,BYRON TWP FIRE,,
1,2026-09-14T01:42:00Z,1789350120000,ADA TWP,800 BLOCK OF ALTA DALE AVE SE,SUSPICIOUS INCIDENT,Police,KENT CO SHERIFF,,
2,2026-09-14T01:58:00Z,1789351080000,GAINES TWP,200 BLOCK OF N KENBROOK ST SE,WELFARE CHECK,Police,KENT CO SHERIFF,,
1,2026-09-14T02:02:00Z,1789351320000,KENTWOOD,5800 BLOCK OF S DIVISION AVE,LOITERING,Police,KENTWOOD POLICE,,
3,2026-09-14T02:11:00Z,1789351860000,LOWELL,2300 BLOCK OF W MAIN ST SE,VEHICLE CRASH,Police,LOWELL POLICE,,
2,2026-09-14T02:13:00Z,1789351980000,GRANDVILLE,3300 BLOCK OF 28TH ST SW,MEDICAL EMERGENCY,Fire,GRANDVILLE FIRE,,
1,2026-09-14T02:13:00Z,1789351980000,GRANDVILLE,3300 BLOCK OF 28TH ST SW,GENERAL ASSIST,Police,GRANDVILLE POLICE,,
1,2026-09-14T02:17:00Z,1789352220000,CALEDONIA TWP,9400 BLOCK OF 76TH ST SE,MEDICAL EMERGENCY,Fire,CALEDONIA TWP FIRE,,
2,2026-09-14T02:29:00Z,1789352940000,ROCKFORD,0 BLOCK OF S DAYTON ST NE,MEDICAL EMERGENCY,Fire,ROCKFORD FIRE,,
1,2026-09-14T02:29:00Z,1789352940000,ROCKFORD,0 BLOCK OF S DAYTON ST NE,GENERAL ASSIST,Police,ROCKFORD POLICE,,
1,2026-09-14T02:32:00Z,1789353120000,KENTWOOD,2100 BLOCK OF ENGLESIDE AVE SE,MISC FIRE,Fire,KENTWOOD FIRE,,
3,2026-09-14T02:33:00Z,1789353180000,CASCADE TWP,4600 BLOCK OF HARBOR VIEW DR SE,SUSPICIOUS INCIDENT,Police,KENT CO SHERIFF,,
2,2026-09-14T02:36:00Z,1789353360000,PLAINFIELD TWP,7800 BLOCK OF CHILDSDALE AVE NE,MEDICAL EMERGENCY,Fire,PLAINFIELD TWP FIRE,,
2,2026-09-14T02:37:00Z,1789353420000,KENTWOOD,1900 BLOCK OF CROSSWINDS CT SE,VEHICLE CRASH,Police,KENTWOOD POLICE,,
2,2026-09-14T02:37:00Z,1789353420000,WYOMING,800 BLOCK OF 54TH ST SW,MEDICAL EMERGENCY,Fire,WYOMING FIRE,,
1,2026-09-14T02:38:00Z,1789353480000,GRAND RAPIDS TWP,200 BLOCK OF GREENBRIER DR SE,BURGLAR ALARM,Police,KENT CO SHERIFF,,
2,2026-09-14T02:45:00Z,1789353900000,KENTWOOD,BROOKCROSS DR SE / RIDGEBROOK DR SE,LOUD NOISE,Police,KENTWOOD POLICE,,
1,2026-09-14T02:46:00Z,1789353960000,GAINES TWP,1700 BLOCK OF MARKETPLACE DR SE,BURGLAR ALARM,Police,KENT CO SHERIFF,,
2,2026-09-14T02:46:00Z,1789353960000,KENTWOOD,100 BLOCK OF 52ND ST SE,LOITERING,Police,KENTWOOD POLICE,,
9,2026-09-14T03:02:00Z,1789354920000,WYOMING,US-131 SB SO 44TH,GENERAL ASSIST,Police,MICHIGAN STATE POLICE,42.88047202,-85.68188992
2,2026-09-14T03:05:00Z,1789355100000,KENTWOOD,5700 BLOCK OF S DIVISION AVE,WELFARE CHECK,Police,KENTWOOD POLICE,,
3,2026-09-14T03:05:00Z,1789355100000,KENTWOOD,5700 BLOCK OF S DIVISION AVE,TRESPASSING,Police,KENTWOOD POLICE,,
1,2026-09-14T03:09:00Z,1789355340000,PLAINFIELD TWP,4700 BLOCK OF WEST RIVER DR NE,MEDICAL EMERGENCY,Fire,PLAINFIELD TWP FIRE,,
3,2026-09-14T03:17:00Z,1789355820000,PLAINFIELD TWP,6200 BLOCK OF SAMRICK AVE NE,MEDICAL EMERGENCY,Fire,PLAINFIELD TWP FIRE,,
1,2026-09-14T03:24:00Z,1789356240000,SOLON TWP,15900 BLOCK OF SPRUCE AVE NE,GENERAL ASSIST,Police,MICHIGAN STATE POLICE,,
2,2026-09-14T03:27:00Z,1789356420000,PLAINFIELD TWP,8100 BLOCK OF HERRINGTON AVE NE,MEDICAL EMERGENCY,Fire,PLAINFIELD TWP FIRE,,
1,2026-09-14T03:27:00Z,1789356420000,WYOMING,2700 BLOCK OF BURLINGAME AVE SW,SUSPICIOUS INCIDENT,Police,WYOMING POLICE,,
1,2026-09-14T03:30:00Z,1789356600000,WYOMING,0 BLOCK OF 28TH ST SW,SUSPICIOUS INCIDENT,Police,WYOMING POLICE,,
2,2026-09-14T03:39:00Z,1789357140000,ALPINE TWP,4800 BLOCK OF WESTSHIRE DR NW,MEDICAL EMERGENCY,Fire,ALPINE TWP FIRE,,
1,2026-09-14T03:46:00Z,1789357560000,WALKER,900 BLOCK OF 4 MILE RD NW,MEDICAL EMERGENCY,Fire,WALKER FIRE,,
2,2026-09-14T03:51:00Z,1789357860000,WYOMING,2600 BLOCK OF MONTREAL ST SW,SUSPICIOUS INCIDENT,Police,WYOMING POLICE,,
1,2026-09-14T03:53:00Z,1789357980000,GRANDVILLE,3200 BLOCK OF RIVERVALE DR SW,WELFARE CHECK,Police,GRANDVILLE POLICE,,
3,2026-09-14T03:53:00Z,1789357980000,ALPINE TWP,100 BLOCK OF 6 MILE RD NW,SUSPICIOUS INCIDENT,Police,KENT CO SHERIFF,,
1,2026-09-14T04:05:00Z,1789358700000,KENTWOOD,4400 BLOCK OF BRETON AVE SE,MEDICAL EMERGENCY,Fire,KENTWOOD FIRE,,
1,2026-09-14T04:14:00Z,1789359240000,KENTWOOD,4200 BLOCK OF SANDPIPER DR SE,DISORDERLY PERSON,Police,KENTWOOD POLICE,,
1,2026-09-14T04:33:00Z,1789360380000,GAINES TWP,6800 BLOCK OF DUTTON TRAIL DR SE,MEDICAL EMERGENCY,Fire,GAINES TWP FIRE,,
4,2026-09-14T04:37:00Z,1789360620000,WYOMING,2900 BLOCK OF UNION AVE SE,WELFARE CHECK,Police,WYOMING POLICE,,
3,2026-09-14T04:39:00Z,1789360740000,ROCKFORD,100 BLOCK OF S MAIN ST NE,MISC FIRE,Fire,ROCKFORD FIRE,,
2,2026-09-14T04:39:00Z,1789360740000,ROCKFORD,100 BLOCK OF S MAIN ST NE,GENERAL ASSIST,Police,ROCKFORD POLICE,,
1,2026-09-14T04:45:00Z,1789361100000,ADA TWP,7400 BLOCK OF RIVER ST SE,STOLEN VEHICLE,Police,KENT CO SHERIFF,,
1,2026-09-14T04:48:00Z,1789361280000,PLAINFIELD TWP,5300 BLOCK OF NORTHLAND DR NE,WELFARE CHECK,Police,KENT CO SHERIFF,,
1,2026-09-14T05:05:00Z,1789362300000,WYOMING,LEE ST SW / COLLINGWOOD AVE SW,OPEN DOOR,Police,WYOMING POLICE,,
1,2026-09-14T05:06:00Z,1789362360000,WYOMING,1200 BLOCK OF COLRAIN ST SW,VEHICLE CRASH,Police,WYOMING POLICE,,
2,2026-09-14T05:09:00Z,1789362540000,WYOMING,1100 BLOCK OF OAKCREST ST SW,LARCENY,Police,WYOMING POLICE,,
1,2026-09-14T05:22:00Z,1789363320000,KENTWOOD,2500 BLOCK OF FOREST HILL AVE SE,MEDICAL EMERGENCY,Fire,KENTWOOD FIRE,,
3,2026-09-14T05:27:00Z,1789363620000,SPENCER TWP,13000 BLOCK OF 19 MILE RD NE,MEDICAL EMERGENCY,Fire,SPENCER TWP FIRE,,
2,2026-09-14T05:32:00Z,1789363920000,ADA TWP,300 BLOCK OF CLEMENTS MILL CT SE,MEDICAL EMERGENCY,Fire,ADA TWP FIRE,,
1,2026-09-14T05:32:00Z,1789363920000,ADA TWP,300 BLOCK OF CLEMENTS MILL CT SE,BROADCAST,Police,KENT CO SHERIFF,,
2,2026-09-14T05:49:00Z,1789364940000,WYOMING,5800 BLOCK OF BYRON CENTER AVE SW,BURGLAR ALARM,Police,WYOMING POLICE,,
1,2026-09-14T05:50:00Z,1789365000000,KENTWOOD,3100 BLOCK OF WINGATE DR SE,MEDICAL EMERGENCY,Fire,KENTWOOD FIRE,,
1,2026-09-14T06:02:00Z,1789365720000,WYOMING,WALTER ST SE / JEFFERSON AVE SE,VEHICLE CRASH,Police,WYOMING POLICE,,
2,2026-09-14T06:12:00Z,1789366320000,KENTWOOD,4600 BLOCK OF N BRETON CT SE,MEDICAL EMERGENCY,Fire,KENTWOOD FIRE,,
1,2026-09-14T06:13:00Z,1789366380000,CASCADE TWP,2700 BLOCK OF SPRINGMILL AVE SE,MEDICAL EMERGENCY,Fire,CASCADE TWP FIRE,,
1,2026-09-14T06:40:00Z,1789368000000,WYOMING,3600 BLOCK OF BURLINGAME AVE SW,PARKING VIOLATION,Police,WYOMING POLICE,,
2,2026-09-14T06:50:00Z,1789368600000,GRAND RAPIDS,I-196 EB AT LANE,ABANDONED VEHICLE,Police,MICHIGAN STATE POLICE,42.97252533,-85.69243343
1,2026-09-14T06:50:00Z,1789368600000,WALKER,3600 BLOCK OF REMEMBRANCE RD NW,WELFARE CHECK,Police,WALKER POLICE,,
2,2026-09-14T07:07:00Z,1789369620000,CALEDONIA TWP,6500 BLOCK OF THORNAPPLE RIVER DR SE,MEDICAL EMERGENCY,Fire,CALEDONIA TWP FIRE,,
1,2026-09-14T07:10:00Z,1789369800000,WYOMING,3500 BLOCK OF MICHAEL AVE SW,SUSPICIOUS INCIDENT,Police,WYOMING POLICE,,
1,2026-09-14T07:16:00Z,1789370160000,CASCADE TWP,5400 BLOCK OF 28TH ST CT SE,MEDICAL EMERGENCY,Fire,CASCADE TWP FIRE,,
2,2026-09-14T07:16:00Z,1789370160000,WYOMING,1400 BLOCK OF PRAIRIE PKWY SW,MEDICAL EMERGENCY,Fire,WYOMING FIRE,,
3,2026-09-14T07:19:00Z,1789370340000,CALEDONIA TWP,7500 BLOCK OF HARDWOOD ST SE,MEDICAL EMERGENCY,Fire,CALEDONIA TWP FIRE,,
1,2026-09-14T07:27:00Z,1789370820000,GAINES TWP,6500 BLOCK OF EAST MILL RUN SE,MEDICAL EMERGENCY,Fire,GAINES TWP FIRE,,
2,2026-09-14T07:27:00Z,1789370820000,PLAINFIELD TWP,3700 BLOCK OF PLAINFIELD AVE NE,BURGLAR ALARM,Police,KENT CO SHERIFF,,
1,2026-09-14T07:41:00Z,1789371660000,ROCKFORD,900 BLOCK OF NORTHLAND DR NE,BURGLAR ALARM,Police,ROCKFORD POLICE,,
1,2026-09-14T07:57:00Z,1789372620000,GAINES TWP,900 BLOCK OF 72ND ST SE,GENERAL ASSIST,Police,KENT CO SHERIFF,,
2,2026-09-14T08:05:00Z,1789373100000,WYOMING,5500 BLOCK OF CLYDE PARK AVE SW,BURGLAR ALARM,Police,WYOMING POLICE,,
1,2026-09-14T08:09:00Z,1789373340000,CANNON TWP,6800 BLOCK OF CRAFTSMAN SQUARE DR NE,MEDICAL EMERGENCY,Fire,CANNON TWP FIRE,,
1,2026-09-14T08:11:00Z,1789373460000,WYOMING,4300 BLOCK OF CROOKED TREE RD SW,DAMAGE TO PROPERTY,Police,WYOMING POLICE,,
1,2026-09-14T08:24:00Z,1789374240000,WYOMING,2500 BLOCK OF LONGSTREET AVE SW,GENERAL ASSIST,Police,WYOMING POLICE,,
2,2026-09-14T08:29:00Z,1789374540000,PLAINFIELD TWP,4500 BLOCK OF NORTH VALLEY DR NE,BURGLAR ALARM,Police,KENT CO SHERIFF,,
2,2026-09-14T08:29:00Z,1789374540000,BYRON TWP,9700 BLOCK OF WILSON AVE SW,SUSPICIOUS INCIDENT,Police,KENT CO SHERIFF,,
2,2026-09-14T08:32:00Z,1789374720000,CANNON TWP,9000 BLOCK OF 5 MILE RD NE,BURGLAR ALARM,Police,KENT CO SHERIFF,,
1,2026-09-14T08:33:00Z,1789374780000,KENTWOOD,5800 BLOCK OF LEISURE SOUTH DR SE,MEDICAL EMERGENCY,Fire,KENTWOOD FIRE,,
2,2026-09-14T08:51:00Z,1789375860000,GRAND RAPIDS TWP,E FULTON ST / CRAHEN AVE NE,VEHICLE CRASH,Police,KENT CO SHERIFF,,
2,2026-09-14T09:06:00Z,1789376760000,WYOMING,3600 BLOCK OF BURLINGAME AVE SW,PARKING VIOLATION,Police,WYOMING POLICE,,
1,2026-09-14T09:07:00Z,1789376820000,WALKER,1200 BLOCK OF WALKER VILLAGE DR NW,MEDICAL EMERGENCY,Fire,WALKER FIRE,,
2,2026-09-14T09:20:00Z,1789377600000,WYOMING,5900 BLOCK OF CLYDE PARK AVE SW,DISORDERLY PERSON,Police,WYOMING POLICE,,
1,2026-09-14T09:29:00Z,1789378140000,BYRON TWP,8000 BLOCK OF BYRON CENTER AVE SW,MEDICAL EMERGENCY,Fire,BYRON TWP FIRE,,
1,2026-09-14T09:40:00Z,1789378800000,PLAINFIELD TWP,4500 BLOCK OF WEST RIVER DR NE,FIRE ALARM,Fire,PLAINFIELD TWP FIRE,,
2,2026-09-14T09:47:00Z,1789379220000,CALEDONIA TWP,9100 BLOCK OF 84TH ST SE,MEDICAL EMERGENCY,Fire,CALEDONIA TWP FIRE,,
1,2026-09-14T09:51:00Z,1789379460000,PLAINFIELD TWP,3700 BLOCK OF PLAINFIELD AVE NE,BURGLAR ALARM,Police,KENT CO SHERIFF,,
2,2026-09-14T10:21:00Z,1789381260000,GAINES TWP,7100 BLOCK OF HAMMOND AVE SE,WELFARE CHECK,Police,KENT CO SHERIFF,,
1,2026-09-14T10:23:00Z,1789381380000,GAINES TWP,6100 BLOCK OF WOODFIELD DR SE,FIRE ALARM,Fire,GAINES TWP FIRE,,
2,2026-09-14T10:24:00Z,1789381440000,ADA TWP,E FULTON ST / ADA DR SE,VEHICLE CRASH,Police,KENT CO SHERIFF,,
2,2026-09-14T10:28:00Z,1789381680000,WALKER,2100 BLOCK OF BRISTOL AVE NW,DAMAGE TO PROPERTY,Police,WALKER POLICE,,
1,2026-09-14T10:31:00Z,1789381860000,WYOMING,100 BLOCK OF 44TH ST SW,BURGLAR ALARM,Police,WYOMING POLICE,,
2,2026-09-14T10:34:00Z,1789382040000,GAINES TWP,EASTERN AVE SE / 76TH ST SE,VEHICLE CRASH,Police,KENT CO SHERIFF,,
1,2026-09-14T10:38:00Z,1789382280000,PLAINFIELD TWP,6900 BLOCK OF COURTLAND DR NE,MEDICAL EMERGENCY,Fire,PLAINFIELD TWP FIRE,,
6,2026-09-14T10:39:00Z,1789382340000,COURTLAND TWP,14 MILE RD NE / BERRIGAN AVE NE,VEHICLE CRASH,Police,KENT CO SHERIFF,,
4,2026-09-14T11:03:00Z,1789383780000,SPENCER TWP,LARSEN AVE NE / 18 MILE RD NE,VEHICLE CRASH,Police,KENT CO SHERIFF,,
2,2026-09-14T11:03:00Z,1789383780000,SPENCER TWP,LARSEN AVE NE / 18 MILE RD NE,VEHICLE CRASH,Police,SPENCER TWP FIRE,,
3,2026-09-14T11:08:00Z,1789384080000,WYOMING,4400 BLOCK OF S DIVISION AVE,DAMAGE TO PROPERTY,Police,WYOMING POLICE,,
15,2026-09-14T11:09:00Z,1789384140000,WYOMING,5600 BLOCK OF WILSON AVE SW,LARCENY,Police,WYOMING POLICE,,
1,2026-09-14T11:12:00Z,1789384320000,ADA TWP,1000 BLOCK OF BUTTRICK AVE SE,DEER PERMIT,Police,KENT CO SHERIFF,,
3,2026-09-14T11:20:00Z,1789384800000,ROCKFORD,4900 BLOCK OF MAPLE SHADE CT NE,MEDICAL EMERGENCY,Fire,ROCKFORD FIRE,,
1,2026-09-14T11:20:00Z,1789384800000,ROCKFORD,4900 BLOCK OF MAPLE SHADE CT NE,GENERAL ASSIST,Police,ROCKFORD POLICE,,
1,2026-09-14T11:27:00Z,1789385220000,EAST GRAND RAPIDS,LAKE DR SE / RIDGEWOOD AVE SE,VEHICLE CRASH,Police,EAST GRAND RAPIDS POLICE,,
2,2026-09-14T11:27:00Z,1789385220000,WALKER,4100 BLOCK OF CREELY CT NW,MEDICAL EMERGENCY,Fire,WALKER FIRE,,
5,2026-09-14T11:40:00Z,1789386000000,CASCADE TWP,5000 BLOCK OF 28TH ST SE,DISORDERLY PERSON,Police,KENT CO SHERIFF,,
2,2026-09-14T11:40:00Z,1789386000000,GRAND RAPIDS,28TH ST SW / S DIVISION AVE,TRAFFIC CONTROL,Police,MICHIGAN STATE POLICE,,
1,2026-09-14T11:41:00Z,1789386060000,GAINES TWP,60TH ST SE / VALLEY LANE DR SE,VEHICLE CRASH,Police,KENT CO SHERIFF,,
3,2026-09-14T11:42:00Z,1789386120000,GAINES TWP,60TH ST SE / VALLEY LANE DR SE,VEHICLE CRASH,Police,GAINES TWP FIRE,,
5,2026-09-14T11:46:00Z,1789386360000,MONTCALM PIERSON TWP,0 BLOCK OF N NEVE RD,MEDICAL EMERGENCY,Fire,SAND LAKE FIRE,,
2,2026-09-14T11:47:00Z,1789386420000,WYOMING,44TH ST SW / US-131 FWY,VEHICLE CRASH,Police,WYOMING POLICE,,
3,2026-09-14T11:50:00Z,1789386600000,ALGOMA TWP,10100 BLOCK OF NORTHLAND DR NE,FIRE INVESTIGATION,Fire,ALGOMA TWP FIRE,,
6,2026-09-14T11:54:00Z,1789386840000,CASCADE TWP,5400 BLOCK OF 28TH ST CT SE,GENERAL ASSIST,Police,KENT CO SHERIFF,,
5,2026-09-14T11:54:00Z,1789386840000,CASCADE TWP,5500 BLOCK OF 28TH ST SE,GENERAL ASSIST,Police,KENT CO SHERIFF,,
1,2026-09-14T11:54:00Z,1789386840000,ROCKFORD,200 BLOCK OF E DIVISION ST NE,GENERAL ASSIST,Police,ROCKFORD POLICE,,
3,2026-09-14T11:55:00Z,1789386900000,WYOMING,PORTER ST SW / MIAMI AVE SW,VEHICLE CRASH,Police,WYOMING FIRE,,
1,2026-09-14T11:55:00Z,1789386900000,WYOMING,2500 BLOCK OF PORTER ST SW,VEHICLE CRASH,Police,WYOMING POLICE,,
13,2026-09-14T11:56:00Z,1789386960000,WYOMING,44TH AT US-131,GENERAL ASSIST,Police,WYOMING POLICE,42.88413075,-85.68073266
1,2026-09-14T12:01:00Z,1789387260000,KENTWOOD,700 BLOCK OF 52ND ST SE,VEHICLE CRASH,Police,KENTWOOD FIRE,,
2,2026-09-14T12:01:00Z,1789387260000,KENTWOOD,700 BLOCK OF 52ND ST SE,VEHICLE CRASH,Police,KENTWOOD POLICE,,
6,2026-09-14T12:04:00Z,1789387440000,WALKER,2100 BLOCK OF CIDER MILL TRL NW,OBSCENITY,Police,WALKER POLICE,,
5,2026-09-14T12:06:00Z,1789387560000,WYOMING,1300 BLOCK OF 36TH ST SW,GENERAL ASSIST,Police,WYOMING POLICE,,
4,2026-09-14T12:11:00Z,1789387860000,KENTWOOD,BROADMOOR AVE SE / 29TH ST SE,VEHICLE CRASH,Police,KENTWOOD POLICE,,
3,2026-09-14T12:12:00Z,1789387920000,KENTWOOD,29TH ST SE / BROADMOOR AVE SE,VEHICLE CRASH,Police,KENTWOOD FIRE,,
1,2026-09-14T12:12:00Z,1789387920000,KENTWOOD,3400 BLOCK OF 29TH ST SE,VEHICLE CRASH,Police,KENTWOOD FIRE,,
2,2026-09-14T12:14:00Z,1789388040000,WALKER,700 BLOCK OF NORTH CENTER CT NW,MEDICAL EMERGENCY,Fire,WALKER FIRE,,
6,2026-09-14T12:15:00Z,1789388100000,ALPINE TWP,6 MILE RD NW / N DIVISION AVE,VEHICLE CRASH,Police,KENT CO SHERIFF,,
4,2026-09-14T12:15:00Z,1789388100000,PLAINFIELD TWP,6100 BLOCK OF PINE ISLAND DR NE,VEHICLE CRASH,Police,KENT CO SHERIFF,,
3,2026-09-14T12:18:00Z,1789388280000,PLAINFIELD TWP,1600 BLOCK OF 10 MILE RD NE,STOLEN VEHICLE,Police,KENT CO SHERIFF,,
4,2026-09-14T12:18:00Z,1789388280000,ALPINE TWP,1600 BLOCK OF 10 MILE RD NW,STOLEN VEHICLE,Police,KENT CO SHERIFF,,
1,2026-09-14T12:19:00Z,1789388340000,EAST GRAND RAPIDS,700 BLOCK OF LAKESIDE DR SE,RECKLESS DRIVER,Police,EAST GRAND RAPIDS POLICE,,
1,2026-09-14T12:21:00Z,1789388460000,WALKER,700 BLOCK OF NORTH CENTER DR NW,FIRE ALARM,Fire,WALKER FIRE,,
5,2026-09-14T12:22:00Z,1789388520000,WYOMING,1800 BLOCK OF KENTFIELD ST SW,SUSPICIOUS INCIDENT,Police,WYOMING POLICE,,
11,2026-09-14T12:24:00Z,1789388640000,GAINES TWP,10300 BLOCK OF PEASE AVE SE,SUSPICIOUS INCIDENT,Police,KENT CO SHERIFF,,
6,2026-09-14T12:25:00Z,1789388700000,KENTWOOD,5100 BLOCK OF EAST PARIS AVE SE,BURGLARY,Police,KENTWOOD POLICE,,
4,2026-09-14T12:32:00Z,1789389120000,GRAND RAPIDS,1800 BLOCK OF EASTERN AVE SE,ANIMAL INCIDENT,Police,ANIMAL CONTROL,,
2,2026-09-14T12:32:00Z,1789389120000,SPARTA,100 BLOCK OF CENTENNIAL AVE NW,MEDICAL EMERGENCY,Fire,SPARTA FIRE,,
3,2026-09-14T12:32:00Z,1789389120000,WYOMING,BURLINGAME AVE SW / PRAIRIE PKWY SW,VEHICLE CRASH,Police,WYOMING POLICE,,
2,2026-09-14T12:34:00Z,1789389240000,PLAINFIELD TWP,6900 BLOCK OF COURTLAND DR NE,MEDICAL EMERGENCY,Fire,PLAINFIELD TWP FIRE,,
1,2026-09-14T12:35:00Z,1789389300000,CANNON TWP,6800 BLOCK OF YOUNG AVE NE,WELFARE CHECK,Police,KENT CO SHERIFF,,
2,2026-09-14T12:35:00Z,1789389300000,WYOMING,PORTER ST SW / MIAMI AVE SW,HAZMAT,Fire,WYOMING FIRE,,
8,2026-09-14T12:53:00Z,1789390380000,GRAND RAPIDS,1200 BLOCK OF VALLEY AVE NW,ANIMAL INCIDENT,Police,ANIMAL CONTROL,,
3,2026-09-14T12:53:00Z,1789390380000,KENTWOOD,N BRETON CT SE / BRETON AVE SE,DISORDERLY PERSON,Police,KENTWOOD POLICE,,
6,2026-09-14T12:57:00Z,1789390620000,PLAINFIELD TWP,6700 BLOCK OF WINDSOR RIDGE CT NE,MEDICAL EMERGENCY,Fire,PLAINFIELD TWP FIRE,,
4,2026-09-14T12:59:00Z,1789390740000,MONTCALM PIERSON TWP,23400 BLOCK OF S COUNTY LINE RD,MEDICAL EMERGENCY,Fire,SAND LAKE FIRE,,
4,2026-09-14T13:00:00Z,1789390800000,GRAND RAPIDS TWP,0 BLOCK OF WHITE HILLS AVE NE,ASSAULT,Police,KENT CO SHERIFF,,
2,2026-09-14T13:02:00Z,1789390920000,PLAINFIELD TWP,KUTTSHILL DR NE / ROGUE RIVER RD NE,SUSPICIOUS INCIDENT,Police,KENT CO SHERIFF,,
1,2026-09-14T13:03:00Z,1789390980000,LOWELL,1600 BLOCK OF GEE DR SE,DAMAGE TO PROPERTY,Police,LOWELL POLICE,,
1,2026-09-14T13:04:00Z,1789391040000,KENTWOOD,4700 BLOCK OF BROOKMEADOW DR SE,FRAUD,Police,KENTWOOD POLICE,,
1,2026-09-14T13:06:00Z,1789391160000,PLAINFIELD TWP,6700 BLOCK OF KUTTSHILL DR NE,MEDICAL EMERGENCY,Fire,PLAINFIELD TWP FIRE,,
13,2026-09-14T13:10:00Z,1789391400000,PLAINFIELD TWP,US-131 NB SO WEST RIVER,VEHICLE CRASH,Police,KENT CO SHERIFF,43.03898665,-85.66115501
1,2026-09-14T13:20:00Z,1789392000000,WALKER,1100 BLOCK OF WILSON AVE NW,MEDICAL EMERGENCY,Fire,WALKER FIRE,,
1,2026-09-14T13:24:00Z,1789392240000,CANNON TWP,6400 BLOCK OF COURTLAND DR NE,MEDICAL EMERGENCY,Fire,CANNON TWP FIRE,,
15,2026-09-14T13:31:00Z,1789392660000,PLAINFIELD TWP,US-131 SB SO POST,VEHICLE CRASH,Police,KENT CO SHERIFF,43.0873945,-85.63351246
4,2026-09-14T13:38:00Z,1789393080000,PLAINFIELD TWP,10 MILE RD NE / US-131 FWY,GENERAL ASSIST,Police,KENT CO SHERIFF,,
1,2026-09-14T13:38:00Z,1789393080000,ALGOMA TWP,11900 BLOCK OF ALGOMA AVE NE,DEER PERMIT,Police,KENT CO SHERIFF,,
2,2026-09-14T13:45:00Z,1789393500000,BYRON TWP,2100 BLOCK OF 84TH ST SW,MEDICAL EMERGENCY,Fire,BYRON TWP FIRE,,
1,2026-09-14T13:50:00Z,1789393800000,GRAND RAPIDS,1100 BLOCK OF SHERIDAN AVE SW,ANIMAL INCIDENT,Police,ANIMAL CONTROL,,
8,2026-09-14T13:56:00Z,1789394160000,BYRON TWP,6800 BLOCK OF EDGEVIEW AVE SW,ANIMAL INCIDENT,Police,ANIMAL CONTROL,,
1,2026-09-14T14:01:00Z,1789394460000,WYOMING,HOLLY ST SW / S DIVISION AVE,VEHICLE CRASH,Police,WYOMING POLICE,,
6,2026-09-14T14:05:00Z,1789394700000,KENTWOOD,5000 BLOCK OF BRETON AVE SE,LARCENY,Police,KENTWOOD POLICE,,
11,2026-09-14T14:05:00Z,1789394700000,WYOMING,2900 BLOCK OF HARMONY CT SW,SUSPICIOUS INCIDENT,Police,WYOMING POLICE,,
1,2026-09-14T14:09:00Z,1789394940000,CALEDONIA TWP,6200 BLOCK OF KRAFT AVE SE,VEHICLE CRASH,Police,KENT CO SHERIFF,,
4,2026-09-14T14:13:00Z,1789395180000,OAKFIELD TWP,14300 BLOCK OF KEIBER ST NE,VEHICLE CRASH,Police,KENT CO SHERIFF,,
16,2026-09-14T14:13:00Z,1789395180000,WYOMING,4000 BLOCK OF PIER LIGHT DR SW,LARCENY,Police,WYOMING POLICE,,
2,2026-09-14T14:18:00Z,1789395480000,WALKER,1100 BLOCK OF KENSINGTON NW,MEDICAL EMERGENCY,Fire,WALKER FIRE,,
1,2026-09-14T14:21:00Z,1789395660000,GRAND RAPIDS,1600 BLOCK OF LEFFINGWELL AVE NE,ASSAULT,Police,KENT CO SHERIFF,,
3,2026-09-14T14:21:00Z,1789395660000,PLAINFIELD TWP,4700 BLOCK OF WEST RIVER DR NE,WELFARE CHECK,Police,KENT CO SHERIFF,,
3,2026-09-14T14:24:00Z,1789395840000,WYOMING,1100 BLOCK OF ROGERS PLAZA SW,911 HANG UP,Police,WYOMING POLICE,,
6,2026-09-14T14:25:00Z,1789395900000,KENTWOOD,1300 BLOCK OF 60TH ST SE,FRAUD,Police,KENTWOOD POLICE,,
1,2026-09-14T14:28:00Z,1789396080000,WALKER,WILSON AVE NW / REMEMBRANCE RD NW,VEHICLE CRASH,Police,WALKER POLICE,,
5,2026-09-14T14:33:00Z,1789396380000,WYOMING,100 BLOCK OF 36TH ST SW,ANIMAL INCIDENT,Police,ANIMAL CONTROL,,
11,2026-09-14T14:34:00Z,1789396440000,GRAND RAPIDS,28TH ST SE / KALAMAZOO AVE SE,ANIMAL INCIDENT,Police,ANIMAL CONTROL,,
1,2026-09-14T14:36:00Z,1789396560000,GAINES TWP,6300 BLOCK OF AKRON AVE SE,MEDICAL EMERGENCY,Fire,GAINES TWP FIRE,,
1,2026-09-14T14:38:00Z,1789396680000,KENTWOOD,1500 BLOCK OF HIDDEN VALLEY DR SE,SUSPICIOUS INCIDENT,Police,KENTWOOD POLICE,,
1,2026-09-14T14:47:00Z,1789397220000,KENTWOOD,4000 BLOCK OF WOODLAND CREEK DR SE,GENERAL ASSIST,Police,KENTWOOD POLICE,,
2,2026-09-14T14:53:00Z,1789397580000,KENTWOOD,2700 BLOCK OF EAST BELTLINE AVE SE,VEHICLE CRASH,Police,KENTWOOD POLICE,,
1,2026-09-14T14:55:00Z,1789397700000,WYOMING,100 BLOCK OF FRONTENAC ST SE,MEDICAL EMERGENCY,Fire,WYOMING FIRE,,
1,2026-09-14T14:57:00Z,1789397820000,GAINES TWP,6300 BLOCK OF S DIVISION AVE,MISC FIRE,Fire,GAINES TWP FIRE,,
6,2026-09-14T15:07:00Z,1789398420000,SPARTA TWP,LONG LAKE DR NW / 13 MILE RD NW,WELFARE CHECK,Police,KENT CO SHERIFF,,
1,2026-09-14T15:07:00Z,1789398420000,WALKER,4200 BLOCK OF CHASKA CT NW,FRAUD,Police,WALKER POLICE,,
3,2026-09-14T15:14:00Z,1789398840000,GRAND RAPIDS TWP,1100 BLOCK OF MEDICAL PARK DR SE,SUSPICIOUS INCIDENT,Police,KENT CO SHERIFF,,
5,2026-09-14T15:14:00Z,1789398840000,PLAINFIELD TWP,1300 BLOCK OF 10 MILE RD NE,WELFARE CHECK,Police,KENT CO SHERIFF,,
6,2026-09-14T15:14:00Z,1789398840000,KENTWOOD,BROADMOOR AVE SE / 28TH ST SE,VEHICLE CRASH,Police,KENTWOOD POLICE,,
2,2026-09-14T15:16:00Z,1789398960000,LOWELL,200 BLOCK OF N BROADWAY ST SE,MEDICAL EMERGENCY,Fire,LOWELL AREA FIRE,,
5,2026-09-14T15:16:00Z,1789398960000,LOWELL,200 BLOCK OF N BROADWAY ST SE,BROADCAST,Police,LOWELL POLICE,,
4,2026-09-14T15:20:00Z,1789399200000,KENTWOOD,2200 BLOCK OF 44TH ST SE,BURGLARY,Police,KENTWOOD POLICE,,
1,2026-09-14T15:21:00Z,1789399260000,GRANDVILLE,4600 BLOCK OF CANAL AVE SW,ANIMAL INCIDENT,Police,ANIMAL CONTROL,,
2,2026-09-14T15:23:00Z,1789399380000,WYOMING,2500 BLOCK OF LONGSTREET AVE SW,WELFARE CHECK,Police,WYOMING POLICE,,
4,2026-09-14T15:23:00Z,1789399380000,WYOMING,800 BLOCK OF 28TH ST SW,TRESPASSING,Police,WYOMING POLICE,,
3,2026-09-14T15:24:00Z,1789399440000,PLAINFIELD TWP,5800 BLOCK OF BELMONT AVE NE,BURGLARY,Police,KENT CO SHERIFF,,
1,2026-09-14T15:25:00Z,1789399500000,WYOMING,200 BLOCK OF COLRAIN ST SW,LARCENY,Police,WYOMING POLICE,,
1,2026-09-14T15:29:00Z,1789399740000,WYOMING,4300 BLOCK OF TIMBER RIDGE TRL SW,MEDICAL EMERGENCY,Fire,WYOMING FIRE,,
1,2026-09-14T15:38:00Z,1789400280000,WYOMING,1300 BLOCK OF LEE ST SW,MISSING PERSON,Police,WYOMING POLICE,,
1,2026-09-14T15:41:00Z,1789400460000,WYOMING,4900 BLOCK OF WILSON AVE SW,ANIMAL INCIDENT,Police,ANIMAL CONTROL,,
1,2026-09-14T15:46:00Z,1789400760000,WALKER,100 BLOCK OF MANZANA CT NW,SUSPICIOUS INCIDENT,Police,WALKER POLICE,,
6,2026-09-14T15:47:00Z,1789400820000,GRAND RAPIDS,1400 BLOCK OF PORTLAND AVE NE,ANIMAL INCIDENT,Police,ANIMAL CONTROL,,
8,2026-09-14T16:00:00Z,1789401600000,BYRON TWP,7100 BLOCK OF MARSHWOOD DR SW,HARASSMENT,Police,KENT CO SHERIFF,,
6,2026-09-14T16:01:00Z,1789401660000,CASCADE TWP,THORNAPPLE RIVER DR SE / 48TH ST SE,VEHICLE CRASH,Police,KENT CO SHERIFF,,
1,2026-09-14T16:01:00Z,1789401660000,WALKER,2600 BLOCK OF POWERS AVE NW,LARCENY,Police,WALKER POLICE,,
1,2026-09-14T16:06:00Z,1789401960000,WALKER,900 BLOCK OF FERRIS ST NW,LARCENY,Police,WALKER POLICE,,
4,2026-09-14T16:12:00Z,1789402320000,GRANDVILLE,3200 BLOCK OF WILSON AVE SW,VEHICLE INSPECTION,Police,GRANDVILLE POLICE,,
2,2026-09-14T16:15:00Z,1789402500000,GRANDVILLE,3700 BLOCK OF SOCORRO DR SW,MEDICAL EMERGENCY,Fire,GRANDVILLE FIRE,,
2,2026-09-14T16:15:00Z,1789402500000,PLAINFIELD TWP,7000 BLOCK OF BREWER AVE NE,FRAUD,Police,KENT CO SHERIFF,,
3,2026-09-14T16:15:00Z,1789402500000,KENTWOOD,1400 BLOCK OF MAPLEVIEW ST SE,FIRE INVESTIGATION,Fire,KENTWOOD FIRE,,
6,2026-09-14T16:16:00Z,1789402560000,PLAINFIELD TWP,WOLVERINE BLVD NE / BELDING RD NE,VEHICLE CRASH,Police,KENT CO SHERIFF,,
1,2026-09-14T16:17:00Z,1789402620000,WYOMING,3400 BLOCK OF MICHAEL AVE SW,DISORDERLY PERSON,Police,WYOMING POLICE,,
3,2026-09-14T16:20:00Z,1789402800000,WYOMING,400 BLOCK OF 54TH ST SW,FRAUD,Police,WYOMING POLICE,,
2,2026-09-14T16:26:00Z,1789403160000,GAINES TWP,1200 BLOCK OF 100TH ST SE,MEDICAL EMERGENCY,Fire,GAINES TWP FIRE,,
1,2026-09-14T16:31:00Z,1789403460000,WYOMING,2400 BLOCK OF AURORA POND DR SW,MEDICAL EMERGENCY,Fire,WYOMING FIRE,,
12,2026-09-14T16:43:00Z,1789404180000,WYOMING,BYRON CENTER AVE SW / GEZON PKWY SW,VEHICLE CRASH,Police,WYOMING POLICE,,
2,2026-09-14T16:45:00Z,1789404300000,EAST GRAND RAPIDS,800 BLOCK OF CAMBRIDGE DR SE,SUSPICIOUS INCIDENT,Police,EAST GRAND RAPIDS POLICE,,
1,2026-09-14T16:46:00Z,1789404360000,WYOMING,300 BLOCK OF 32ND ST SW,ANIMAL INCIDENT,Police,ANIMAL CONTROL,,
1,2026-09-14T16:46:00Z,1789404360000,WYOMING,600 BLOCK OF 36TH ST SW,MEDICAL EMERGENCY,Fire,WYOMING FIRE,,
11,2026-09-14T16:49:00Z,1789404540000,WYOMING,1900 BLOCK OF 30TH ST SW,HARASSMENT,Police,WYOMING POLICE,,
3,2026-09-14T16:49:00Z,1789404540000,WYOMING,300 BLOCK OF 28TH ST SW,ROBBERY,Police,WYOMING POLICE,,
8,2026-09-14T16:53:00Z,1789404780000,KENTWOOD,5500 BLOCK OF W ROSEBUD CT SE,FRAUD,Police,KENTWOOD POLICE,,
11,2026-09-14T16:53:00Z,1789404780000,WYOMING,2000 BLOCK OF CANNON ST SW,ABANDONED VEHICLE,Police,WYOMING POLICE,,
2,2026-09-14T16:54:00Z,1789404840000,CALEDONIA TWP,7000 BLOCK OF WHITNEYVILLE AVE SE,MEDICAL EMERGENCY,Fire,CALEDONIA TWP FIRE,,
4,2026-09-14T16:55:00Z,1789404900000,WYOMING,2200 BLOCK OF THORNWOOD ST SW,GENERAL ASSIST,Police,WYOMING POLICE,,
1,2026-09-14T16:57:00Z,1789405020000,OAKFIELD TWP,12300 BLOCK OF MACCLAIN ST NE,MEDICAL EMERGENCY,Fire,OAKFIELD TWP FIRE,,
2,2026-09-14T17:01:00Z,1789405260000,NELSON TWP,7300 BLOCK OF 17 MILE RD NE,MEDICAL EMERGENCY,Fire,CEDAR SPRINGS FIRE,,
3,2026-09-14T17:01:00Z,1789405260000,ROCKFORD,400 BLOCK OF SIGSBEE ST NE,ORDINANCE VIOLATION,Police,ROCKFORD POLICE,,
1,2026-09-14T17:05:00Z,1789405500000,ALPINE TWP,3900 BLOCK OF YORKLAND DR NW,MEDICAL EMERGENCY,Fire,ALPINE TWP FIRE,,
4,2026-09-14T17:05:00Z,1789405500000,NELSON TWP,US-131 FWY,VEHICLE CRASH,Police,KENT CO SHERIFF,,
5,2026-09-14T17:05:00Z,1789405500000,NELSON TWP,US-131 FWY,VEHICLE CRASH,Police,SAND LAKE FIRE,,
7,2026-09-14T17:07:00Z,1789405620000,CALEDONIA,300 BLOCK OF S MAPLE ST SE,SUSPICIOUS INCIDENT,Police,KENT CO SHERIFF,,
1,2026-09-14T17:09:00Z,1789405740000,GRANDVILLE,WILSON AVE SW / 28TH ST SW,VEHICLE CRASH,Police,GRANDVILLE POLICE,,
2,2026-09-14T17:10:00Z,1789405800000,KENTWOOD,4700 BLOCK OF EASTERN AVE SE,BURGLAR ALARM,Police,KENTWOOD POLICE,,
4,2026-09-14T17:12:00Z,1789405920000,ALPINE TWP,4100 BLOCK OF ALPINE AVE NW,SUSPICIOUS INCIDENT,Police,KENT CO SHERIFF,,
1,2026-09-14T17:12:00Z,1789405920000,KENTWOOD,4300 BLOCK OF KALAMAZOO AVE SE,MEDICAL EMERGENCY,Fire,KENTWOOD FIRE,,
3,2026-09-14T17:15:00Z,1789406100000,GRAND RAPIDS,SINCLAIR AVE NE / MORE ST NE,ANIMAL INCIDENT,Police,ANIMAL CONTROL,,
6,2026-09-14T17:22:00Z,1789406520000,KENTWOOD,3300 BLOCK OF 36TH ST SE,MEDICAL EMERGENCY,Fire,KENTWOOD FIRE,,
2,2026-09-14T17:26:00Z,1789406760000,ROCKFORD,4800 BLOCK OF MAPLE SHADE CT NE,MEDICAL EMERGENCY,Fire,ROCKFORD FIRE,,
1,2026-09-14T17:26:00Z,1789406760000,ROCKFORD,4800 BLOCK OF MAPLE SHADE CT NE,GENERAL ASSIST,Police,ROCKFORD POLICE,,
1,2026-09-14T17:30:00Z,1789407000000,CEDAR SPRINGS,4100 BLOCK OF 17 MILE RD NE,MEDICAL EMERGENCY,Fire,CEDAR SPRINGS FIRE,,
3,2026-09-14T17:30:00Z,1789407000000,GAINES TWP,200 BLOCK OF N KENBROOK ST SE,GENERAL ASSIST,Police,KENT CO SHERIFF,,
2,2026-09-14T17:32:00Z,1789407120000,CANNON TWP,7000 BLOCK OF DUNLOE CT NE,MEDICAL EMERGENCY,Fire,CANNON TWP FIRE,,
1,2026-09-14T17:33:00Z,1789407180000,BYRON TWP,400 BLOCK OF 84TH ST SW,MEDICAL EMERGENCY,Fire,BYRON TWP FIRE,,
1,2026-09-14T17:41:00Z,1789407660000,KENTWOOD,1700 BLOCK OF 44TH ST SE,WIRE DOWN,Fire,KENTWOOD FIRE,,
5,2026-09-14T17:45:00Z,1789407900000,BYRON TWP,7500 BLOCK OF BYRON CENTER AVE SW,FRAUD,Police,KENT CO SHERIFF,,
2,2026-09-14T17:50:00Z,1789408200000,GAINES TWP,2900 BLOCK OF HIDDEN VIEW DR SE,FRAUD,Police,KENT CO SHERIFF,,
1,2026-09-14T17:57:00Z,1789408620000,SOLON TWP,15900 BLOCK OF TAMARACK AVE NE,FRAUD,Police,KENT CO SHERIFF,,
1,2026-09-14T17:58:00Z,1789408680000,WYOMING,400 BLOCK OF 54TH ST SW,FRAUD,Police,WYOMING POLICE,,
1,2026-09-14T18:03:00Z,1789408980000,GRANDVILLE,4200 BLOCK OF SPARTAN INDUSTRIAL DR SW,VEHICLE INSPECTION,Police,GRANDVILLE POLICE,,
2,2026-09-14T18:16:00Z,1789409760000,GRANDVILLE,4400 BLOCK OF CANAL AVE SW,FIRE ALARM,Fire,GRANDVILLE FIRE,,
4,2026-09-14T18:16:00Z,1789409760000,GRANDVILLE,WIMBLEDON DR SW / CANAL AVE SW,VEHICLE FIRE,Fire,GRANDVILLE FIRE,,
3,2026-09-14T18:16:00Z,1789409760000,GRANDVILLE,WIMBLEDON DR SW / CANAL AVE SW,BROADCAST,Police,GRANDVILLE POLICE,,
4,2026-09-14T18:20:00Z,1789410000000,WYOMING,3600 BLOCK OF BURLINGAME AVE SW,DISORDERLY PERSON,Police,WYOMING POLICE,,
3,2026-09-14T18:22:00Z,1789410120000,CANNON TWP,10 MILE RD NE / BROWER LAKE DR NE,GENERAL ASSIST,Police,KENT CO SHERIFF,,
1,2026-09-14T18:23:00Z,1789410180000,PLAINFIELD TWP,BELMONT AVE NE / LYNHURST ST NE,VEHICLE CRASH,Police,KENT CO SHERIFF,,
1,2026-09-14T18:23:00Z,1789410180000,PLAINFIELD TWP,WEST RIVER DR NE / US-131 FWY,DAMAGE TO PROPERTY,Police,KENT CO SHERIFF,,
2,2026-09-14T18:23:00Z,1789410180000,PLAINFIELD TWP,BELMONT AVE NE / LYNHURST ST NE,VEHICLE CRASH,Police,PLAINFIELD TWP FIRE,,
2,2026-09-14T18:25:00Z,1789410300000,ALGOMA TWP,8500 BLOCK OF MEADOW CREEK DR NE,MEDICAL EMERGENCY,Fire,ALGOMA TWP FIRE,,
1,2026-09-14T18:28:00Z,1789410480000,NELSON TWP,7400 BLOCK OF BECKER ST NE,GENERAL ASSIST,Police,KENT CO SHERIFF,,
1,2026-09-14T18:35:00Z,1789410900000,GAINES TWP,1200 BLOCK OF M-6 FWY,GENERAL ASSIST,Police,MICHIGAN STATE POLICE,,
10,2026-09-14T18:37:00Z,1789411020000,WYOMING,1300 BLOCK OF BURTON ST SW,LARCENY,Police,WYOMING POLICE,,
2,2026-09-14T18:38:00Z,1789411080000,PLAINFIELD TWP,2600 BLOCK OF NORTHVALE DR NE,WELFARE CHECK,Police,KENT CO SHERIFF,,
1,2026-09-14T18:38:00Z,1789411080000,PLAINFIELD TWP,WEST RIVER DR NE / N DIVISION AVE,DAMAGE TO PROPERTY,Police,KENT CO SHERIFF,,
6,2026-09-14T18:43:00Z,1789411380000,KENTWOOD,5400 BLOCK OF LONDONDERRY DR SE,SUSPICIOUS INCIDENT,Police,KENTWOOD POLICE,,
2,2026-09-14T18:47:00Z,1789411620000,CASCADE TWP,4900 BLOCK OF KENDRICK ST SE,BURGLAR ALARM,Police,KENT CO SHERIFF,,
1,2026-09-14T18:48:00Z,1789411680000,CASCADE TWP,8300 BLOCK OF I-96 FWY,GENERAL ASSIST,Police,MICHIGAN STATE POLICE,,
14,2026-09-14T18:48:00Z,1789411680000,CASCADE TWP,I-96 EB AT WHITNEYVILLE,GENERAL ASSIST,Police,MICHIGAN STATE POLICE,42.87806008,-85.46351494
1,2026-09-14T18:50:00Z,1789411800000,ROCKFORD,100 BLOCK OF S LINCOLN ST NE,GENERAL ASSIST,Police,ROCKFORD POLICE,,
5,2026-09-14T18:54:00Z,1789412040000,ADA TWP,2600 BLOCK OF LANSDOWNE DR NE,MEDICAL EMERGENCY,Fire,ADA TWP FIRE,,
1,2026-09-14T18:55:00Z,1789412100000,PLAINFIELD TWP,6700 BLOCK OF PLEASANTVIEW DR NE,MISC FIRE,Fire,PLAINFIELD TWP FIRE,,
3,2026-09-14T18:57:00Z,1789412220000,WYOMING,44TH ST SE / S DIVISION AVE,DISORDERLY PERSON,Police,WYOMING POLICE,,
3,2026-09-14T19:03:00Z,1789412580000,BYRON TWP,500 BLOCK OF 68TH ST SW,WELFARE CHECK,Police,KENT CO SHERIFF,,
5,2026-09-14T19:06:00Z,1789412760000,SAND LAKE,100 BLOCK OF S 3RD ST NE,DISORDERLY PERSON,Police,KENT CO SHERIFF,,
1,2026-09-14T19:09:00Z,1789412940000,GAINES TWP,2300 BLOCK OF 68TH ST SE,MEDICAL EMERGENCY,Fire,GAINES TWP FIRE,,
2,2026-09-14T19:09:00Z,1789412940000,KENTWOOD,4700 BLOCK OF N BRETON CT SE,TRESPASSING,Police,KENTWOOD POLICE,,
9,2026-09-14T19:10:00Z,1789413000000,WYOMING,3400 BLOCK OF HERON AVE SW,ABANDONED VEHICLE,Police,WYOMING POLICE,,
1,2026-09-14T19:11:00Z,1789413060000,SPARTA,100 BLOCK OF N UNION ST NW,LOITERING,Police,SPARTA POLICE,,
2,2026-09-14T19:14:00Z,1789413240000,GRANDVILLE,CANAL AVE SW / GRANDVILLE HIGH SCHOOL ACCESS SW,VEHICLE CRASH,Police,GRANDVILLE POLICE,,
2,2026-09-14T19:18:00Z,1789413480000,KENTWOOD,5300 BLOCK OF EASTERN AVE SE,DISORDERLY PERSON,Police,KENTWOOD POLICE,,
1,2026-09-14T19:19:00Z,1789413540000,KENTWOOD,900 BLOCK OF SILVERLEAF ST SE,MEDICAL EMERGENCY,Fire,KENTWOOD FIRE,,
9,2026-09-14T19:23:00Z,1789413780000,ALPINE TWP,WALLINGFORD AVE NW / BROOKGATE DR NW,ANIMAL INCIDENT,Police,ANIMAL CONTROL,,
8,2026-09-14T19:24:00Z,1789413840000,GRAND RAPIDS,1500 BLOCK OF KALAMAZOO AVE SE,ANIMAL INCIDENT,Police,ANIMAL CONTROL,,
9,2026-09-14T19:24:00Z,1789413840000,PLAINFIELD TWP,4200 BLOCK OF PLAINFIELD AVE NE,SUSPICIOUS INCIDENT,Police,KENT CO SHERIFF,,
5,2026-09-14T19:26:00Z,1789413960000,KENTWOOD,KELLOGG WOODS DR SE / 52ND ST SE,VEHICLE CRASH,Police,KENTWOOD POLICE,,
4,2026-09-14T19:26:00Z,1789413960000,KENTWOOD,KELLOGG WOODS DR SE / KELLOGG WOODS PARK DR SE,VEHICLE CRASH,Police,KENTWOOD POLICE,,
3,2026-09-14T19:30:00Z,1789414200000,KENTWOOD,EASTERN AVE SE / 44TH ST SE,LOUD NOISE,Police,KENTWOOD POLICE,,
1,2026-09-14T19:31:00Z,1789414260000,ALPINE TWP,5100 BLOCK OF ALPINE AVE NW,WELFARE CHECK,Police,KENT CO SHERIFF,,
2,2026-09-14T19:31:00Z,1789414260000,WALKER,4100 BLOCK OF LAKE MICHIGAN DR NW,MISC FIRE,Fire,WALKER FIRE,,
1,2026-09-14T19:32:00Z,1789414320000,KENTWOOD,4000 BLOCK OF WOODLAND CREEK DR SE,MEDICAL EMERGENCY,Fire,KENTWOOD FIRE,,
3,2026-09-14T19:33:00Z,1789414380000,WYOMING,3600 BLOCK OF BURLINGAME AVE SW,DISORDERLY PERSON,Police,WYOMING POLICE,,
8,2026-09-14T19:34:00Z,1789414440000,ADA TWP,7800 BLOCK OF 4 MILE RD NE,ABANDONED VEHICLE,Police,KENT CO SHERIFF,,
2,2026-09-14T19:38:00Z,1789414680000,WYOMING,6000 BLOCK OF CROSS ROADS COMMERCE DR SW,MEDICAL EMERGENCY,Fire,WYOMING FIRE,,
1,2026-09-14T19:41:00Z,1789414860000,ALPINE TWP,3800 BLOCK OF ALPINE AVE NW,TRESPASSING,Police,KENT CO SHERIFF,,
5,2026-09-14T19:41:00Z,1789414860000,WALKER,600 BLOCK OF HAMPTON CIR NW,DAMAGE TO PROPERTY,Police,WALKER POLICE,,
13,2026-09-14T19:43:00Z,1789414980000,WYOMING,US-131 SB TO 44TH RAMP,VEHICLE CRASH,Police,WYOMING POLICE,42.88525113,-85.6808387
1,2026-09-14T19:50:00Z,1789415400000,KENTWOOD,BRETON AVE SE / 44TH CROSSOVER ST SE,VEHICLE CRASH,Police,KENTWOOD POLICE,,
1,2026-09-14T19:56:00Z,1789415760000,WYOMING,5600 BLOCK OF S DIVISION AVE,VEHICLE CRASH,Police,KENT CO SHERIFF,,
2,2026-09-14T19:58:00Z,1789415880000,GRAND RAPIDS TWP,700 BLOCK OF FOREST HILL AVE SE,FIRE ALARM,Fire,GRAND RAPIDS TWP FIRE,,
1,2026-09-14T19:59:00Z,1789415940000,WYOMING,5600 BLOCK OF S DIVISION AVE,VEHICLE CRASH,Police,WYOMING FIRE,,
1,2026-09-14T20:00:00Z,1789416000000,WYOMING,5600 BLOCK OF S DIVISION AVE,VEHICLE CRASH,Police,WYOMING POLICE,,
6,2026-09-14T20:01:00Z,1789416060000,CANNON TWP,5600 BLOCK OF 5 MILE RD NE,VEHICLE CRASH,Police,KENT CO SHERIFF,,
6,2026-09-14T20:01:00Z,1789416060000,GRAND RAPIDS TWP,700 BLOCK OF FOREST HILL AVE SE,GENERAL ASSIST,Police,KENT CO SHERIFF,,
2,2026-09-14T20:06:00Z,1789416360000,GRAND RAPIDS TWP,600 BLOCK OF FOREST HILL AVE SE,FIRE ALARM,Fire,GRAND RAPIDS TWP FIRE,,
1,2026-09-14T20:09:00Z,1789416540000,KENTWOOD,300 BLOCK OF 43RD ST SE,MEDICAL EMERGENCY,Fire,KENTWOOD FIRE,,
4,2026-09-14T20:11:00Z,1789416660000,PLAINFIELD TWP,5800 BLOCK OF JUPITER AVE NE,WELFARE CHECK,Police,KENT CO SHERIFF,,
7,2026-09-14T20:13:00Z,1789416780000,WALKER,3700 BLOCK OF 3 MILE RD NW,DAMAGE TO PROPERTY,Police,WALKER POLICE,,
3,2026-09-14T20:14:00Z,1789416840000,KENTWOOD,4300 BLOCK OF KALAMAZOO AVE SE,FRAUD,Police,KENTWOOD POLICE,,
3,2026-09-14T20:15:00Z,1789416900000,KENTWOOD,200 BLOCK OF MAJESTIC ST SE,FRAUD,Police,KENTWOOD POLICE,,
4,2026-09-14T20:16:00Z,1789416960000,COURTLAND TWP,5600 BLOCK OF COURTLAND MEADOWS CT NE,MEDICAL EMERGENCY,Fire,COURTLAND TWP FIRE,,
2,2026-09-14T20:16:00Z,1789416960000,GRANDVILLE,4200 BLOCK OF PINE CREEK RD SW,WELFARE CHECK,Police,GRANDVILLE POLICE,,
1,2026-09-14T20:17:00Z,1789417020000,ADA TWP,E FULTON ST / RIPPLING DR SE,VEHICLE CRASH,Police,ADA TWP FIRE,,
3,2026-09-14T20:17:00Z,1789417020000,ADA TWP,E FULTON ST / RIPPLING DR SE,VEHICLE CRASH,Police,KENT CO SHERIFF,,
7,2026-09-14T20:22:00Z,1789417320000,ALGOMA TWP,13000 BLOCK OF FOXWOOD DR NE,LITTERING,Police,KENT CO SHERIFF,,
1,2026-09-14T20:23:00Z,1789417380000,CEDAR SPRINGS,300 BLOCK OF N MAIN ST NE,OPEN DOOR,Police,KENT CO SHERIFF,,
5,2026-09-14T20:24:00Z,1789417440000,KENTWOOD,5100 BLOCK OF MINNEAPOLIS DR SE,MISSING PERSON,Police,KENTWOOD POLICE,,
1,2026-09-14T20:35:00Z,1789418100000,NELSON TWP,5300 BLOCK OF EGNER ST NE,MEDICAL EMERGENCY,Fire,SAND LAKE FIRE,,
3,2026-09-14T20:36:00Z,1789418160000,GRAND RAPIDS,1000 BLOCK OF THOMAS ST SE,ANIMAL INCIDENT,Police,ANIMAL CONTROL,,
1,2026-09-14T20:39:00Z,1789418340000,GAINES TWP,92ND ST SE / PATTERSON AVE SE,WIRE DOWN,Fire,GAINES TWP FIRE,,
7,2026-09-14T20:41:00Z,1789418460000,LOWELL TWP,14200 BLOCK OF SPRUCE FOREST DR SE,FRAUD,Police,KENT CO SHERIFF,,
1,2026-09-14T20:49:00Z,1789418940000,PLAINFIELD TWP,4200 BLOCK OF BELL AVE NE,MEDICAL EMERGENCY,Fire,PLAINFIELD TWP FIRE,,
3,2026-09-14T20:55:00Z,1789419300000,PLAINFIELD TWP,1500 BLOCK OF RUTH LN NE,INJUNCTIVE VIOLATION,Police,KENT CO SHERIFF,,
1,2026-09-14T20:56:00Z,1789419360000,GAINES TWP,3600 BLOCK OF COBBLEFIELD CIR SE,MEDICAL EMERGENCY,Fire,GAINES TWP FIRE,,
2,2026-09-14T20:56:00Z,1789419360000,GRANDVILLE,3400 BLOCK OF CENTURY CENTER ST SW,FRAUD,Police,GRANDVILLE POLICE,,
6,2026-09-14T21:07:00Z,1789420020000,WYOMING,1900 BLOCK OF CHICAGO DR SW,WELFARE CHECK,Police,WYOMING POLICE,,
1,2026-09-14T21:11:00Z,1789420260000,BYRON TWP,76TH ST SW / RAILSIDE DR SW,VEHICLE CRASH,Police,BYRON TWP FIRE,,
3,2026-09-14T21:11:00Z,1789420260000,BYRON TWP,76TH ST SW / RAILSIDE DR SW,VEHICLE CRASH,Police,KENT CO SHERIFF,,
1,2026-09-14T21:13:00Z,1789420380000,BYRON TWP,8600 BLOCK OF SKYLINE ST SW,MEDICAL EMERGENCY,Fire,BYRON TWP FIRE,,
2,2026-09-14T21:15:00Z,1789420500000,GRAND RAPIDS TWP,3400 BLOCK OF PLAINFIELD AVE NE,WELFARE CHECK,Police,KENT CO SHERIFF,,
1,2026-09-14T21:16:00Z,1789420560000,WALKER,1000 BLOCK OF 4 MILE RD NW,ANIMAL INCIDENT,Police,ANIMAL CONTROL,,
1,2026-09-14T21:26:00Z,1789421160000,WYOMING,200 BLOCK OF 28TH ST SW,BURGLAR ALARM,Police,WYOMING POLICE,,
1,2026-09-14T21:35:00Z,1789421700000,WYOMING,S DIVISION AVE / 44TH ST SE,VEHICLE CRASH,Police,WYOMING FIRE,,
1,2026-09-14T21:35:00Z,1789421700000,WYOMING,S DIVISION AVE / 44TH ST SE,VEHICLE CRASH,Police,WYOMING POLICE,,
14,2026-09-14T21:38:00Z,1789421880000,LOWELL TWP,I-96 WB AT MORSE LAKE,VEHICLE CRASH,Police,ALTO AREA FIRE,42.87862717,-85.41029286
2,2026-09-14T21:38:00Z,1789421880000,ALGOMA TWP,11900 BLOCK OF STAUFFER DR NE,BROADCAST,Police,KENT CO SHERIFF,,
17,2026-09-14T21:38:00Z,1789421880000,LOWELL TWP,I-96 WB AT MORSE LAKE,VEHICLE CRASH,Police,KENT CO SHERIFF,42.87862717,-85.41029286
4,2026-09-14T21:43:00Z,1789422180000,ADA TWP,7700 BLOCK OF FASE ST SE,WELFARE CHECK,Police,KENT CO SHERIFF,,
2,2026-09-14T21:47:00Z,1789422420000,BYRON TWP,BURLINGAME AVE SW / THYME DR SW,TRAFFIC VIOLATION,Police,KENT CO SHERIFF,,
3,2026-09-14T21:47:00Z,1789422420000,WYOMING,300 BLOCK OF 28TH ST SW,GENERAL ASSIST,Police,WYOMING POLICE,,
1,2026-09-14T21:48:00Z,1789422480000,WYOMING,5100 BLOCK OF HAUGHEY AVE SW,MEDICAL EMERGENCY,Fire,WYOMING FIRE,,
5,2026-09-14T21:59:00Z,1789423140000,WYOMING,2600 BLOCK OF NOEL AVE SW,GENERAL ASSIST,Police,WYOMING POLICE,,
1,2026-09-14T22:00:00Z,1789423200000,GRANDVILLE,4200 BLOCK OF PRAIRIE ST SW,MEDICAL EMERGENCY,Fire,GRANDVILLE FIRE,,
3,2026-09-14T22:03:00Z,1789423380000,WYOMING,600 BLOCK OF 28TH ST SE,SUSPICIOUS INCIDENT,Police,WYOMING POLICE,,
8,2026-09-14T22:07:00Z,1789423620000,GRAND RAPIDS TWP,2200 BLOCK OF MERLIN ST NE,WELFARE CHECK,Police,KENT CO SHERIFF,,
4,2026-09-14T22:07:00Z,1789423620000,CALEDONIA TWP,5900 BLOCK OF CROSSMOOR ST SE,FRAUD,Police,KENT CO SHERIFF,,
2,2026-09-14T22:07:00Z,1789423620000,WALKER,1100 BLOCK OF POHENS CT NW,WELFARE CHECK,Police,WALKER POLICE,,
1,2026-09-14T22:10:00Z,1789423800000,KENTWOOD,400 BLOCK OF 44TH ST SE,MEDICAL EMERGENCY,Fire,KENTWOOD FIRE,,
7,2026-09-14T22:13:00Z,1789423980000,KENTWOOD,4400 BLOCK OF EASTERN AVE SE,WELFARE CHECK,Police,KENTWOOD POLICE,,
1,2026-09-14T22:16:00Z,1789424160000,WYOMING,3900 BLOCK OF ROGER B CHAFFEE MEMORIAL BLVD SE,SUSPICIOUS INCIDENT,Police,WYOMING POLICE,,
2,2026-09-14T22:17:00Z,1789424220000,WYOMING,4700 BLOCK OF KAREL JEAN CT SW,SUSPICIOUS INCIDENT,Police,WYOMING POLICE,,
1,2026-09-14T22:18:00Z,1789424280000,KENTWOOD,44TH ST SE / EASTERN AVE SE,GENERAL ASSIST,Police,KENTWOOD POLICE,,
2,2026-09-14T22:26:00Z,1789424760000,ALPINE TWP,4000 BLOCK OF YORKLAND DR NW,SUSPICIOUS INCIDENT,Police,KENT CO SHERIFF,,
3,2026-09-14T22:30:00Z,1789425000000,KENTWOOD,52ND ST SE / SOUTHGLOW CT SE,VEHICLE CRASH,Police,KENTWOOD POLICE,,
1,2026-09-14T22:31:00Z,1789425060000,KENTWOOD,52ND ST SE / SOUTHGLOW CT SE,VEHICLE CRASH,Police,KENTWOOD FIRE,,
1,2026-09-14T22:33:00Z,1789425180000,KENTWOOD,3100 BLOCK OF VILLA RIDGE DR SE,MEDICAL EMERGENCY,Fire,KENTWOOD FIRE,,
3,2026-09-14T22:35:00Z,1789425300000,WYOMING,5300 BLOCK OF VILLAGE DR SW,ASSAULT,Police,WYOMING POLICE,,
2,2026-09-14T22:38:00Z,1789425480000,CASCADE TWP,1200 BLOCK OF SPAULDING AVE SE,MEDICAL EMERGENCY,Fire,CASCADE TWP FIRE,,
1,2026-09-14T22:41:00Z,1789425660000,WYOMING,JOOSTEN ST SW / CLEVELAND AVE SW,FIGHT,Police,WYOMING POLICE,,
3,2026-09-14T22:43:00Z,1789425780000,WALKER,2600 BLOCK OF LINCOLN AVE NW,LARCENY,Police,WALKER POLICE,,
1,2026-09-14T22:44:00Z,1789425840000,PLAINFIELD TWP,7100 BLOCK OF PINE ISLAND DR NE,STRUCTURE FIRE,Fire,PLAINFIELD TWP FIRE,,
1,2026-09-14T22:47:00Z,1789426020000,EAST GRAND RAPIDS,ROBINSON RD SE / MARYLAND AVE SE,TRAFFIC HAZARD,Police,EAST GRAND RAPIDS POLICE,,
1,2026-09-14T22:53:00Z,1789426380000,ROCKFORD,N MAIN ST NE / COURTLAND ST NE,BROADCAST,Police,ROCKFORD POLICE,,
1,2026-09-14T23:03:00Z,1789426980000,GAINES TWP,7100 BLOCK OF MADISON AVE SE,FIRE ALARM,Fire,GAINES TWP FIRE,,
1,2026-09-14T23:08:00Z,1789427280000,KENTWOOD,200 BLOCK OF 43RD ST SE,MISC FIRE,Fire,KENTWOOD FIRE,,
1,2026-09-14T23:08:00Z,1789427280000,WYOMING,3600 BLOCK OF GOODMAN AVE SW,MEDICAL EMERGENCY,Fire,WYOMING FIRE,,
4,2026-09-14T23:09:00Z,1789427340000,OAKFIELD TWP,12800 BLOCK OF LINCOLN LAKE AVE NE,BURGLAR ALARM,Police,KENT CO SHERIFF,,
1,2026-09-14T23:16:00Z,1789427760000,PLAINFIELD TWP,7100 BLOCK OF HASS DR NE,MEDICAL EMERGENCY,Fire,PLAINFIELD TWP FIRE,,
3,2026-09-14T23:16:00Z,1789427760000,WYOMING,4200 BLOCK OF EASTERN AVE SE,DISORDERLY PERSON,Police,WYOMING POLICE,,
1,2026-09-14T23:21:00Z,1789428060000,KENTWOOD,4500 BLOCK OF STAUFFER AVE SE,MEDICAL EMERGENCY,Fire,KENTWOOD FIRE,,
2,2026-09-14T23:23:00Z,1789428180000,WYOMING,3900 BLOCK OF HAZELWOOD AVE SW,ANIMAL INCIDENT,Police,WYOMING POLICE,,
2,2026-09-14T23:28:00Z,1789428480000,GAINES TWP,4500 BLOCK OF 68TH ST SE,FRAUD,Police,KENT CO SHERIFF,,
1,2026-09-14T23:29:00Z,1789428540000,KENTWOOD,4700 BLOCK OF N BRETON CT SE,GENERAL ASSIST,Police,KENTWOOD POLICE,,
9,2026-09-14T23:36:00Z,1789428960000,WALKER,US-131 NB NO I-96,VEHICLE CRASH,Police,WALKER POLICE,43.02214083,-85.66728881
5,2026-09-14T23:44:00Z,1789429440000,LOWELL,700 BLOCK OF ELIZABETH ST SE,MISSING PERSON,Police,LOWELL POLICE,,
3,2026-09-14T23:46:00Z,1789429560000,KENTWOOD,5300 BLOCK OF EASTERN AVE SE,INJUNCTIVE VIOLATION,Police,KENTWOOD POLICE,,
1,2026-09-14T23:47:00Z,1789429620000,BYRON TWP,8500 BLOCK OF SKYLINE ST SW,MEDICAL EMERGENCY,Fire,BYRON TWP FIRE,,
3,2026-09-14T23:47:00Z,1789429620000,GRANDVILLE,3200 BLOCK OF 28TH ST SW,MEDICAL EMERGENCY,Fire,GRANDVILLE FIRE,,
2,2026-09-14T23:47:00Z,1789429620000,GRANDVILLE,3200 BLOCK OF 28TH ST SW,GENERAL ASSIST,Police,GRANDVILLE POLICE,,
3,2026-09-14T23:49:00Z,1789429740000,ADA TWP,7300 BLOCK OF CONSERVATION ST NE,MISC FIRE,Fire,ADA TWP FIRE,,
3,2026-09-14T23:53:00Z,1789429980000,GRANDVILLE,2500 BLOCK OF WATERCREST CT SW,SOUND OF GUNSHOTS,Police,GRANDVILLE POLICE,,
1,2026-09-14T23:53:00Z,1789429980000,GRANDVILLE,BLUEWATER CT SW / BLUEWATER LN SW,SOUND OF GUNSHOTS,Police,GRANDVILLE POLICE,,
2,2026-09-14T23:59:00Z,1789430340000,GAINES TWP,900 BLOCK OF IRONWOOD DR SE,CARBON MONOXIDE INVESTIGATION,Fire,GAINES TWP FIRE,,
1,2026-09-15T00:01:00Z,1789430460000,KENTWOOD,6000 BLOCK OF LEISURE SOUTH DR SE,FIRE INVESTIGATION,Fire,KENTWOOD FIRE,,
2,2026-09-15T00:10:00Z,1789431000000,WYOMING,4300 BLOCK OF CROOKED TREE RD SW,FIRE INVESTIGATION,Fire,WYOMING FIRE,,
4,2026-09-15T00:12:00Z,1789431120000,KENTWOOD,5200 BLOCK OF MINNEAPOLIS DR SE,ASSAULT,Police,KENTWOOD POLICE,,
1,2026-09-15T00:12:00Z,1789431120000,KENTWOOD,6000 BLOCK OF LEISURE SOUTH DR SE,GENERAL ASSIST,Police,KENTWOOD POLICE,,
1,2026-09-15T00:18:00Z,1789431480000,WALKER,1500 BLOCK OF PRESTON RIDGE NW,MEDICAL EMERGENCY,Fire,WALKER FIRE,,
2,2026-09-15T00:19:00Z,1789431540000,WALKER,1500 BLOCK OF PRESTON RIDGE NW,BROADCAST,Police,WALKER POLICE,,
1,2026-09-15T00:21:00Z,1789431660000,KENTWOOD,4400 BLOCK OF EASTERN AVE SE,DISORDERLY PERSON,Police,KENTWOOD POLICE,,
3,2026-09-15T00:24:00Z,1789431840000,GRANDVILLE,4100 BLOCK OF PINE CREEK RD SW,MEDICAL EMERGENCY,Fire,GRANDVILLE FIRE,,
2,2026-09-15T00:24:00Z,1789431840000,GRANDVILLE,4100 BLOCK OF PINE CREEK RD SW,GENERAL ASSIST,Police,GRANDVILLE POLICE,,
2,2026-09-15T00:30:00Z,1789432200000,WALKER,3400 BLOCK OF ALPINE AVE NW,MEDICAL EMERGENCY,Fire,WALKER FIRE,,
1,2026-09-15T00:33:00Z,1789432380000,PLAINFIELD TWP,7300 BLOCK OF EAST MAIZE DR NE,FIRE ALARM,Fire,PLAINFIELD TWP FIRE,,
2,2026-09-15T00:35:00Z,1789432500000,WALKER,1100 BLOCK OF BARRINGTON NW,BURGLAR ALARM,Police,WALKER POLICE,,
3,2026-09-15T00:37:00Z,1789432620000,GRANDVILLE,4800 BLOCK OF RAVENSWOOD DR SW,MEDICAL EMERGENCY,Fire,GRANDVILLE FIRE,,
1,2026-09-15T00:37:00Z,1789432620000,GRANDVILLE,4800 BLOCK OF RAVENSWOOD DR SW,GENERAL ASSIST,Police,GRANDVILLE POLICE,,
4,2026-09-15T00:43:00Z,1789432980000,TYRONE TWP,2700 BLOCK OF 21 MILE RD NW,FRAUD,Police,KENT CO SHERIFF,,
1,2026-09-15T00:47:00Z,1789433220000,KENTWOOD,4200 BLOCK OF NATURE TRAIL DR SE,SOUND OF GUNSHOTS,Police,KENTWOOD POLICE,,
3,2026-09-15T00:51:00Z,1789433460000,LOWELL,500 BLOCK OF AVERY ST SE,LOUD NOISE,Police,LOWELL POLICE,,
1,2026-09-15T00:53:00Z,1789433580000,CASCADE TWP,BUTTRICK AVE SE / KIRKWOOD TRL SE,HARASSMENT,Police,KENT CO SHERIFF,,
1,2026-09-15T00:53:00Z,1789433580000,KENTWOOD,3800 BLOCK OF WEST DE BLAAY CT SE,ANIMAL INCIDENT,Police,KENTWOOD POLICE,,
1,2026-09-15T00:53:00Z,1789433580000,WYOMING,2500 BLOCK OF WOODLAKE RD SW,MEDICAL EMERGENCY,Fire,WYOMING FIRE,,
1,2026-09-15T00:59:00Z,1789433940000,GRANDVILLE,2900 BLOCK OF GABLE ST SW,MEDICAL EMERGENCY,Fire,GRANDVILLE FIRE,,
1,2026-09-15T00:59:00Z,1789433940000,WALKER,700 BLOCK OF KINNEY AVE NW,PROWLER,Police,WALKER POLICE,,
1,2026-09-15T01:08:00Z,1789434480000,OAKFIELD TWP,LINCOLN LAKE AVE NE / MACCLAIN ST NE,GENERAL ASSIST,Police,KENT CO SHERIFF,,
3,2026-09-15T01:39:00Z,1789436340000,WYOMING,4900 BLOCK OF BUCHANAN AVE SW,HARASSMENT,Police,WYOMING POLICE,,
4,2026-09-15T01:42:00Z,1789436520000,SOLON TWP,15500 BLOCK OF SIMMONS AVE NE,HARASSMENT,Police,KENT CO SHERIFF,,
2,2026-09-15T01:43:00Z,1789436580000,WYOMING,3000 BLOCK OF BURLINGAME AVE SW,WELFARE CHECK,Police,WYOMING POLICE,,
1,2026-09-15T01:44:00Z,1789436640000,GAINES TWP,300 BLOCK OF 68TH ST SE,UNKNOWN TYPE INCIDENT,Unknown,KENT CO SHERIFF,,
6,2026-09-15T01:49:00Z,1789436940000,LOWELL TWP,10900 BLOCK OF CARMEN OAK DR SE,TRESPASSING,Police,KENT CO SHERIFF,,
5,2026-09-15T01:53:00Z,1789437180000,CEDAR SPRINGS,400 BLOCK OF S LINDA ST NE,TRAFFIC VIOLATION,Police,KENT CO SHERIFF,,
4,2026-09-15T02:03:00Z,1789437780000,BYRON TWP,6700 BLOCK OF CUTLER PARK DR SW,LOITERING,Police,KENT CO SHERIFF,,
1,2026-09-15T02:04:00Z,1789437840000,KENTWOOD,4500 BLOCK OF BROOKMEADOW DR SE,FIRE INVESTIGATION,Fire,KENTWOOD FIRE,,
3,2026-09-15T02:16:00Z,1789438560000,PLAINFIELD TWP,6300 BLOCK OF BELMONT FARMS DR NE,GENERAL ASSIST,Police,KENT CO SHERIFF,,
2,2026-09-15T02:20:00Z,1789438800000,WYOMING,3300 BLOCK OF WOODWARD AVE SW,MEDICAL EMERGENCY,Fire,WYOMING FIRE,,
5,2026-09-15T02:20:00Z,1789438800000,WYOMING,1800 BLOCK OF 35TH ST SW,GENERAL ASSIST,Police,WYOMING POLICE,,
1,2026-09-15T02:22:00Z,1789438920000,WYOMING,3600 BLOCK OF MICHAEL AVE SW,SUSPICIOUS INCIDENT,Police,WYOMING POLICE,,
1,2026-09-15T02:32:00Z,1789439520000,ADA TWP,5400 BLOCK OF E FULTON ST,MEDICAL EMERGENCY,Fire,ADA TWP FIRE,,
2,2026-09-15T02:34:00Z,1789439640000,WYOMING,MADISON AVE SE / WALTER ST SE,VEHICLE CRASH,Police,WYOMING POLICE,,
1,2026-09-15T02:35:00Z,1789439700000,WYOMING,4700 BLOCK OF MELEANA CT SW,FIRE INVESTIGATION,Fire,WYOMING FIRE,,
3,2026-09-15T02:51:00Z,1789440660000,BYRON TWP,6700 BLOCK OF WOODSPOINTE CT SW,MEDICAL EMERGENCY,Fire,BYRON TWP FIRE,,
2,2026-09-15T02:53:00Z,1789440780000,WYOMING,4100 BLOCK OF CROOKED TREE RD SW,MEDICAL EMERGENCY,Fire,WYOMING FIRE,,
1,2026-09-15T02:58:00Z,1789441080000,LOWELL,W MAIN ST SE / S HUDSON ST SE,RECKLESS DRIVER,Police,LOWELL POLICE,,
1,2026-09-15T03:03:00Z,1789441380000,WYOMING,0 BLOCK OF 50TH ST SW,STRUCTURE FIRE,Fire,WYOMING FIRE,,
1,2026-09-15T03:06:00Z,1789441560000,WYOMING,54TH ST SW / S DIVISION AVE,911 HANG UP,Police,WYOMING POLICE,,
1,2026-09-15T03:35:00Z,1789443300000,WYOMING,2000 BLOCK OF ARNOLD AVE SW,LOUD NOISE,Police,WYOMING POLICE,,
1,2026-09-15T03:44:00Z,1789443840000,COURTLAND TWP,12800 BLOCK OF RAMSDELL DR NE,MEDICAL EMERGENCY,Fire,COURTLAND TWP FIRE,,
4,2026-09-15T03:52:00Z,1789444320000,WYOMING,5000 BLOCK OF IVANREST AVE SW,WELFARE CHECK,Police,WYOMING POLICE,,
2,2026-09-15T03:53:00Z,1789444380000,WYOMING,2000 BLOCK OF HEALTH DR SW,SUSPICIOUS INCIDENT,Police,WYOMING POLICE,,
1,2026-09-15T03:55:00Z,1789444500000,KENTWOOD,4400 BLOCK OF BRETON AVE SE,MEDICAL EMERGENCY,Fire,KENTWOOD FIRE,,
4,2026-09-15T03:57:00Z,1789444620000,CASCADE TWP,5500 BLOCK OF 28TH ST SE,MEDICAL EMERGENCY,Fire,CASCADE TWP FIRE,,
2,2026-09-15T03:59:00Z,1789444740000,GRANDVILLE,3700 BLOCK OF RUSTIC AVE SW,MEDICAL EMERGENCY,Fire,GRANDVILLE FIRE,,
1,2026-09-15T03:59:00Z,1789444740000,GRANDVILLE,3700 BLOCK OF RUSTIC AVE SW,GENERAL ASSIST,Police,GRANDVILLE POLICE,,
3,2026-09-15T03:59:00Z,1789444740000,WYOMING,40TH ST SW / ORIOLE AVE SW,SUSPICIOUS INCIDENT,Police,WYOMING POLICE,,
2,2026-09-15T04:07:00Z,1789445220000,WYOMING,1400 BLOCK OF PRAIRIE PKWY SW,DISORDERLY PERSON,Police,WYOMING POLICE,,
1,2026-09-15T04:16:00Z,1789445760000,SPENCER TWP,LINCOLN LAKE AVE NE / GILLMAN ST NE,BROADCAST,Police,KENT CO SHERIFF,,
1,2026-09-15T04:41:00Z,1789447260000,ALPINE TWP,FRUIT RIDGE AVE NW / 5 MILE RD NW,GENERAL ASSIST,Police,KENT CO SHERIFF,,
1,2026-09-15T04:46:00Z,1789447560000,CEDAR SPRINGS,4000 BLOCK OF 17 MILE RD NE,BURGLAR ALARM,Police,KENT CO SHERIFF,,
2,2026-09-15T04:57:00Z,1789448220000,KENTWOOD,3300 BLOCK OF SOUTHBURY DR SE,FIRE ALARM,Fire,KENTWOOD FIRE,,
1,2026-09-15T05:01:00Z,1789448460000,WYOMING,1400 BLOCK OF PRAIRIE PKWY SW,WELFARE CHECK,Police,WYOMING POLICE,,
1,2026-09-15T05:06:00Z,1789448760000,KENTWOOD,4700 BLOCK OF N BRETON CT SE,DISORDERLY PERSON,Police,KENTWOOD POLICE,,
2,2026-09-15T05:27:00Z,1789450020000,KENTWOOD,4000 BLOCK OF LAKE DR SE,BURGLAR ALARM,Police,KENTWOOD POLICE,,
1,2026-09-15T05:29:00Z,1789450140000,LOWELL,400 BLOCK OF N CENTER ST SE,MEDICAL EMERGENCY,Fire,LOWELL AREA FIRE,,
1,2026-09-15T05:41:00Z,1789450860000,KENTWOOD,5300 BLOCK OF EASTERN AVE SE,MEDICAL EMERGENCY,Fire,KENTWOOD FIRE,,
1,2026-09-15T05:44:00Z,1789451040000,WYOMING,5000 BLOCK OF CURTIS DR SW,LOUD NOISE,Police,WYOMING POLICE,,
1,2026-09-15T05:51:00Z,1789451460000,WYOMING,4200 BLOCK OF S DIVISION AVE,BURGLAR ALARM,Police,WYOMING POLICE,,
2,2026-09-15T05:55:00Z,1789451700000,ALGOMA TWP,8500 BLOCK OF ALGOMA AVE NE,BURGLAR ALARM,Police,KENT CO SHERIFF,,
1,2026-09-15T05:57:00Z,1789451820000,KENTWOOD,4500 BLOCK OF WALMA AVE SE,CARBON MONOXIDE INVESTIGATION,Fire,KENTWOOD FIRE,,
1,2026-09-15T06:07:00Z,1789452420000,WYOMING,1100 BLOCK OF CRICKLEWOOD ST SW,SUSPICIOUS INCIDENT,Police,WYOMING POLICE,,
1,2026-09-15T06:16:00Z,1789452960000,WYOMING,1100 BLOCK OF CRICKLEWOOD ST SW,MEDICAL EMERGENCY,Fire,WYOMING FIRE,,
1,2026-09-15T06:20:00Z,1789453200000,KENTWOOD,300 BLOCK OF MAPLELAWN ST SE,SUSPICIOUS INCIDENT,Police,KENTWOOD POLICE,,
1,2026-09-15T06:29:00Z,1789453740000,WYOMING,300 BLOCK OF WILBUR ST SE,SUSPICIOUS INCIDENT,Police,WYOMING POLICE,,
1,2026-09-15T06:55:00Z,1789455300000,ROCKFORD,500 BLOCK OF E DIVISION ST NE,TRESPASSING,Police,ROCKFORD POLICE,,
2,2026-09-15T06:59:00Z,1789455540000,OTTAWA TALLMADGE TWP,700 BLOCK OF COUNTRY LANE DR,MISC FIRE,Fire,WALKER FIRE,,
1,2026-09-15T07:05:00Z,1789455900000,WYOMING,2400 BLOCK OF KNOLLVIEW ST SW,MEDICAL EMERGENCY,Fire,WYOMING FIRE,,
2,2026-09-15T07:10:00Z,1789456200000,WYOMING,2500 BLOCK OF 28TH ST SW,BURGLAR ALARM,Police,WYOMING POLICE,,
1,2026-09-15T07:13:00Z,1789456380000,PLAINFIELD TWP,7600 BLOCK OF CHANDLER DR NE,MEDICAL EMERGENCY,Fire,PLAINFIELD TWP FIRE,,
1,2026-09-15T08:18:00Z,1789460280000,WYOMING,100 BLOCK OF HIMES ST SE,MEDICAL EMERGENCY,Fire,WYOMING FIRE,,
2,2026-09-15T08:25:00Z,1789460700000,WYOMING,1300 BLOCK OF PRAIRIE PKWY SW,GENERAL ASSIST,Police,WYOMING POLICE,,
1,2026-09-15T08:27:00Z,1789460820000,PLAINFIELD TWP,3100 BLOCK OF RIVERWOODS DR NE,MEDICAL EMERGENCY,Fire,PLAINFIELD TWP FIRE,,
4,2026-09-15T08:53:00Z,1789462380000,CALEDONIA TWP,M-6 WB TO BROADMOOR RAMP,GENERAL ASSIST,Police,KENT CO SHERIFF,42.8532765,-85.53725288
1,2026-09-15T08:55:00Z,1789462500000,PLAINFIELD TWP,6200 BLOCK OF KUTTSHILL DR NE,MEDICAL EMERGENCY,Fire,PLAINFIELD TWP FIRE,,
1,2026-09-15T09:17:00Z,1789463820000,COURTLAND TWP,5000 BLOCK OF 15 MILE RD NE,PROWLER,Police,KENT CO SHERIFF,,
2,2026-09-15T09:49:00Z,1789465740000,WYOMING,4200 BLOCK OF EASTERN AVE SE,PARKING VIOLATION,Police,WYOMING POLICE,,
3,2026-09-15T09:50:00Z,1789465800000,ALPINE TWP,7 MILE RD NW / PEACH RIDGE AVE NW,VEHICLE CRASH,Police,KENT CO SHERIFF,,
2,2026-09-15T10:22:00Z,1789467720000,WYOMING,900 BLOCK OF BRYANT ST SW,MEDICAL EMERGENCY,Fire,WYOMING FIRE,,
1,2026-09-15T10:23:00Z,1789467780000,WYOMING,3500 BLOCK OF BUCHANAN AVE SW,MEDICAL EMERGENCY,Fire,WYOMING FIRE,,
2,2026-09-15T10:48:00Z,1789469280000,BYRON TWP,8500 BLOCK OF WOODHAVEN DR SW,STOLEN VEHICLE,Police,KENT CO SHERIFF,,
1,2026-09-15T10:59:00Z,1789469940000,PLAINFIELD TWP,6300 BLOCK OF BELSHIRE AVE NE,SUSPICIOUS INCIDENT,Police,KENT CO SHERIFF,,
7,2026-09-15T11:12:00Z,1789470720000,GRANDVILLE,4400 BLOCK OF GENESIS CT SW,ANIMAL INCIDENT,Police,ANIMAL CONTROL,,
3,2026-09-15T11:26:00Z,1789471560000,PLAINFIELD TWP,NORTHLAND DR NE / ROGUE RIVER RD NE,VEHICLE CRASH,Police,KENT CO SHERIFF,,
2,2026-09-15T11:26:00Z,1789471560000,PLAINFIELD TWP,NORTHLAND DR NE / ROGUE RIVER RD NE,VEHICLE CRASH,Police,PLAINFIELD TWP FIRE,,
1,2026-09-15T11:29:00Z,1789471740000,WYOMING,1000 BLOCK OF 36TH ST SW,MEDICAL EMERGENCY,Fire,WYOMING FIRE,,
8,2026-09-15T11:34:00Z,1789472040000,WYOMING,I-196 EB EO CHICAGO DR-MM 72-WY,VEHICLE CRASH,Police,WYOMING POLICE,42.93148829,-85.73123037
2,2026-09-15T11:35:00Z,1789472100000,WYOMING,5400 BLOCK OF S DIVISION AVE,MEDICAL EMERGENCY,Fire,WYOMING FIRE,,
2,2026-09-15T11:35:00Z,1789472100000,WYOMING,5400 BLOCK OF S DIVISION AVE,MEDICAL EMERGENCY,Fire,WYOMING POLICE,,
7,2026-09-15T11:36:00Z,1789472160000,CASCADE TWP,I-96 EB WO M-6,VEHICLE CRASH,Police,KENT CO SHERIFF,42.888862,-85.49500055
1,2026-09-15T11:39:00Z,1789472340000,ROCKFORD,S WOLVERINE BLVD NE / E DIVISION ST NE,GENERAL ASSIST,Police,KENT CO SHERIFF,,
2,2026-09-15T11:42:00Z,1789472520000,WALKER,2300 BLOCK OF WILSON AVE SW,VEHICLE CRASH,Police,WALKER POLICE,,
1,2026-09-15T11:47:00Z,1789472820000,EAST GRAND RAPIDS,800 BLOCK OF ROSS CT SE,SUSPICIOUS INCIDENT,Police,EAST GRAND RAPIDS POLICE,,
2,2026-09-15T12:03:00Z,1789473780000,SPARTA TWP,1000 BLOCK OF COSBY WAY DR NW,SUSPICIOUS INCIDENT,Police,KENT CO SHERIFF,,
1,2026-09-15T12:03:00Z,1789473780000,WALKER,3 MILE RD NW / ROYAL VISTA DR NW,VEHICLE CRASH,Police,WALKER POLICE,,
2,2026-09-15T12:06:00Z,1789473960000,KENTWOOD,4600 BLOCK OF HAYWOOD DR SE,WELFARE CHECK,Police,KENTWOOD POLICE,,
1,2026-09-15T12:11:00Z,1789474260000,WYOMING,44TH ST SW / STAFFORD AVE SW,SUSPICIOUS INCIDENT,Police,WYOMING POLICE,,
1,2026-09-15T12:15:00Z,1789474500000,CASCADE TWP,THORNAPPLE RIVER DR SE / CASCADE RD SE,VEHICLE CRASH,Police,KENT CO SHERIFF,,
1,2026-09-15T12:32:00Z,1789475520000,BYRON TWP,0 BLOCK OF 68TH ST SW,SUSPICIOUS INCIDENT,Police,KENT CO SHERIFF,,
2,2026-09-15T12:34:00Z,1789475640000,BYRON TWP,0 BLOCK OF 68TH ST SW,MEDICAL EMERGENCY,Fire,BYRON TWP FIRE,,
4,2026-09-15T12:34:00Z,1789475640000,COURTLAND TWP,9500 BLOCK OF BENHAM ST NE,GENERAL ASSIST,Police,KENT CO SHERIFF,,
4,2026-09-15T12:34:00Z,1789475640000,WALKER,I-96 WB TO US-131 NB RAMP,VEHICLE CRASH,Police,WALKER FIRE,43.02173862,-85.66663184
4,2026-09-15T12:46:00Z,1789476360000,CASCADE TWP,28TH ST SE / HOTEL AVE SE,VEHICLE CRASH,Police,KENT CO SHERIFF,,
1,2026-09-15T12:50:00Z,1789476600000,SPARTA,0 BLOCK OF IDA RED AVE NW,WELFARE CHECK,Police,SPARTA POLICE,,
3,2026-09-15T12:51:00Z,1789476660000,KENTWOOD,5100 BLOCK OF HEYBOER AVE SE,WELFARE CHECK,Police,KENTWOOD POLICE,,
1,2026-09-15T12:54:00Z,1789476840000,BYRON TWP,8000 BLOCK OF BYRON CENTER AVE SW,MEDICAL EMERGENCY,Fire,BYRON TWP FIRE,,
1,2026-09-15T12:54:00Z,1789476840000,KENTWOOD,4700 BLOCK OF DRUMMOND BLVD SE,SUSPICIOUS INCIDENT,Police,KENTWOOD POLICE,,
3,2026-09-15T12:56:00Z,1789476960000,KENTWOOD,4300 BLOCK OF 36TH ST SE,911 HANG UP,Police,KENTWOOD POLICE,,
2,2026-09-15T13:00:00Z,1789477200000,KENTWOOD,3300 BLOCK OF 36TH ST SE,FIRE ALARM,Fire,KENTWOOD FIRE,,
1,2026-09-15T13:01:00Z,1789477260000,PLAINFIELD TWP,6600 BLOCK OF TIMBER CREST DR NE,GENERAL ASSIST,Police,KENT CO SHERIFF,,
7,2026-09-15T13:04:00Z,1789477440000,PLAINFIELD TWP,4200 BLOCK OF WILLOW DR NE,WELFARE CHECK,Police,KENT CO SHERIFF,,
1,2026-09-15T13:06:00Z,1789477560000,PLAINFIELD TWP,5400 BLOCK OF NORTHLAND DR NE,BURGLAR ALARM,Police,KENT CO SHERIFF,,
3,2026-09-15T13:09:00Z,1789477740000,ADA TWP,500 BLOCK OF ADA DR SE,DEER PERMIT,Police,KENT CO SHERIFF,,
4,2026-09-15T13:09:00Z,1789477740000,KENTWOOD,4600 BLOCK OF N BRETON CT SE,HARASSMENT,Police,KENTWOOD POLICE,,
2,2026-09-15T13:11:00Z,1789477860000,PLAINFIELD TWP,400 BLOCK OF DODGE ST NE,FIRE ALARM,Fire,PLAINFIELD TWP FIRE,,
1,2026-09-15T13:13:00Z,1789477980000,OAKFIELD TWP,10800 BLOCK OF HARVARD AVE NE,CARBON MONOXIDE INVESTIGATION,Fire,OAKFIELD TWP FIRE,,
1,2026-09-15T13:14:00Z,1789478040000,WYOMING,3600 BLOCK OF COLBY AVE SW,ABANDONED VEHICLE,Police,WYOMING POLICE,,
10,2026-09-15T13:21:00Z,1789478460000,GAINES TWP,8300 BLOCK OF S DIVISION AVE,MISSING PERSON,Police,KENT CO SHERIFF,,
15,2026-09-15T13:26:00Z,1789478760000,WYOMING,3900 BLOCK OF HAZELWOOD AVE SW,ANIMAL INCIDENT,Police,ANIMAL CONTROL,,
2,2026-09-15T13:28:00Z,1789478880000,GAINES TWP,6100 BLOCK OF RYE LN SE,DISORDERLY PERSON,Police,KENT CO SHERIFF,,
1,2026-09-15T13:29:00Z,1789478940000,CEDAR SPRINGS,100 BLOCK OF CEDAR ST NE,MEDICAL EMERGENCY,Fire,CEDAR SPRINGS FIRE,,
5,2026-09-15T13:30:00Z,1789479000000,KENTWOOD,4600 BLOCK OF 28TH ST SE,GENERAL ASSIST,Police,KENTWOOD POLICE,,
1,2026-09-15T13:30:00Z,1789479000000,WYOMING,4300 BLOCK OF TIMBER RIDGE TRL SW,WELFARE CHECK,Police,WYOMING POLICE,,
7,2026-09-15T13:34:00Z,1789479240000,PLAINFIELD TWP,NORTHLAND DR NE / PLAINFIELD AVE NE,VEHICLE CRASH,Police,KENT CO SHERIFF,,
8,2026-09-15T13:38:00Z,1789479480000,WYOMING,44TH ST SW / CLYDE PARK AVE SW,VEHICLE CRASH,Police,WYOMING POLICE,,
4,2026-09-15T13:39:00Z,1789479540000,GAINES TWP,1900 BLOCK OF MARKETPLACE DR SE,LARCENY,Police,KENT CO SHERIFF,,
2,2026-09-15T13:40:00Z,1789479600000,OAKFIELD TWP,12200 BLOCK OF MACCLAIN ST NE,GENERAL ASSIST,Police,KENT CO SHERIFF,,
1,2026-09-15T13:43:00Z,1789479780000,ROCKFORD,700 BLOCK OF BYRNE INDUSTRIAL DR NE,GENERAL ASSIST,Police,ROCKFORD POLICE,,
11,2026-09-15T13:45:00Z,1789479900000,LOWELL TWP,I-96 EB AT SEGWUN,ABANDONED VEHICLE,Police,KENT CO SHERIFF,42.87680549,-85.34618095
4,2026-09-15T13:46:00Z,1789479960000,GRAND RAPIDS TWP,400 BLOCK OF SYCAMORE WAY DR SE,WELFARE CHECK,Police,KENT CO SHERIFF,,
5,2026-09-15T13:46:00Z,1789479960000,WYOMING,1900 BLOCK OF GODFREY AVE SW,FIRE ALARM,Fire,WYOMING FIRE,,
1,2026-09-15T13:50:00Z,1789480200000,GRAND RAPIDS,1600 BLOCK OF LEFFINGWELL AVE NE,ASSAULT,Police,KENT CO SHERIFF,,
2,2026-09-15T13:50:00Z,1789480200000,WYOMING,0 BLOCK OF 40TH ST SW,MEDICAL EMERGENCY,Fire,WYOMING FIRE,,
1,2026-09-15T13:51:00Z,1789480260000,KENTWOOD,5900 BLOCK OF RIDGEBROOK DR SE,MEDICAL EMERGENCY,Fire,KENTWOOD FIRE,,
11,2026-09-15T13:53:00Z,1789480380000,GRANDVILLE,3200 BLOCK OF CHESTNUT ST SW,GENERAL ASSIST,Police,GRANDVILLE POLICE,,
3,2026-09-15T13:56:00Z,1789480560000,KENTWOOD,3200 BLOCK OF 32ND ST SE,MEDICAL EMERGENCY,Fire,KENTWOOD FIRE,,
4,2026-09-15T13:58:00Z,1789480680000,BYRON TWP,6100 BLOCK OF DEANNA CT SW,GENERAL ASSIST,Police,KENT CO SHERIFF,,
1,2026-09-15T14:01:00Z,1789480860000,KENTWOOD,2900 BLOCK OF 32ND ST SE,MEDICAL EMERGENCY,Fire,KENTWOOD FIRE,,
2,2026-09-15T14:01:00Z,1789480860000,WYOMING,1100 BLOCK OF 28TH ST SW,SUSPICIOUS INCIDENT,Police,WYOMING POLICE,,
2,2026-09-15T14:07:00Z,1789481220000,GAINES TWP,8300 BLOCK OF S DIVISION AVE,MEDICAL EMERGENCY,Fire,GAINES TWP FIRE,,
11,2026-09-15T14:09:00Z,1789481340000,ROCKFORD,100 BLOCK OF CHELSEA CT NE,ANIMAL INCIDENT,Police,ANIMAL CONTROL,,
1,2026-09-15T14:09:00Z,1789481340000,CASCADE TWP,6300 BLOCK OF 28TH ST SE,MEDICAL EMERGENCY,Fire,CASCADE TWP FIRE,,
1,2026-09-15T14:12:00Z,1789481520000,KENTWOOD,4900 BLOCK OF MARLETTE AVE SE,MEDICAL EMERGENCY,Fire,KENTWOOD FIRE,,
3,2026-09-15T14:13:00Z,1789481580000,WALKER,1100 BLOCK OF POWERS CT NW,LARCENY,Police,WALKER POLICE,,
2,2026-09-15T14:16:00Z,1789481760000,WYOMING,2700 BLOCK OF DE HOOP AVE SW,MEDICAL EMERGENCY,Fire,WYOMING FIRE,,
5,2026-09-15T14:17:00Z,1789481820000,GRAND RAPIDS TWP,E FULTON ST / MARYLAND AVE NE,WIRE DOWN,Fire,GRAND RAPIDS TWP FIRE,,
1,2026-09-15T14:17:00Z,1789481820000,WYOMING,2700 BLOCK OF DE HOOP AVE SW,BROADCAST,Police,WYOMING POLICE,,
4,2026-09-15T14:19:00Z,1789481940000,GRATTAN TWP,LINCOLN LAKE AVE NE / BELDING RD NE,VEHICLE CRASH,Police,GRATTAN TWP FIRE,,
12,2026-09-15T14:19:00Z,1789481940000,GRATTAN TWP,LINCOLN LAKE AVE NE / BELDING RD NE,VEHICLE CRASH,Police,KENT CO SHERIFF,,
3,2026-09-15T14:22:00Z,1789482120000,WYOMING,1800 BLOCK OF 28TH ST SW,WELFARE CHECK,Police,WYOMING POLICE,,
2,2026-09-15T14:25:00Z,1789482300000,WYOMING,1300 BLOCK OF LEE ST SW,WELFARE CHECK,Police,WYOMING POLICE,,
4,2026-09-15T14:25:00Z,1789482300000,WYOMING,3700 BLOCK OF LINDEN AVE SE,HARASSMENT,Police,WYOMING POLICE,,
1,2026-09-15T14:26:00Z,1789482360000,OAKFIELD TWP,13000 BLOCK OF PODUNK AVE NE,MEDICAL EMERGENCY,Fire,OAKFIELD TWP FIRE,,
1,2026-09-15T14:26:00Z,1789482360000,WYOMING,2100 BLOCK OF HEALTH DR SW,MEDICAL EMERGENCY,Fire,WYOMING FIRE,,
2,2026-09-15T14:31:00Z,1789482660000,CALEDONIA TWP,10300 BLOCK OF RIVER SHORE DR SE,MEDICAL EMERGENCY,Fire,CALEDONIA TWP FIRE,,
10,2026-09-15T14:34:00Z,1789482840000,WYOMING,S DIVISION AVE / 39TH ST SW,VEHICLE CRASH,Police,WYOMING POLICE,,
1,2026-09-15T14:38:00Z,1789483080000,CASCADE TWP,5200 BLOCK OF 52ND ST SE,ANIMAL INCIDENT,Police,ANIMAL CONTROL,,
3,2026-09-15T14:38:00Z,1789483080000,KENTWOOD,4900 BLOCK OF BRETON AVE SE,FRAUD,Police,KENTWOOD POLICE,,
7,2026-09-15T14:40:00Z,1789483200000,GRAND RAPIDS TWP,2600 BLOCK OF ATWATER HILLS DR NE,HARASSMENT,Police,KENT CO SHERIFF,,
4,2026-09-15T14:42:00Z,1789483320000,WYOMING,2100 BLOCK OF BURTON ST SW,MISSING PERSON,Police,WYOMING POLICE,,
3,2026-09-15T14:44:00Z,1789483440000,CASCADE TWP,4900 BLOCK OF N QUAIL CREST DR SE,MEDICAL EMERGENCY,Fire,CASCADE TWP FIRE,,
7,2026-09-15T14:45:00Z,1789483500000,WALKER,700 BLOCK OF KINGSBURY ST NW,ANIMAL INCIDENT,Police,ANIMAL CONTROL,,
1,2026-09-15T14:47:00Z,1789483620000,WYOMING,2700 BLOCK OF DE HOOP AVE SW,GENERAL ASSIST,Police,WYOMING POLICE,,
1,2026-09-15T14:50:00Z,1789483800000,LOWELL,800 BLOCK OF HILLSIDE CT SE,GENERAL ASSIST,Police,LOWELL POLICE,,
2,2026-09-15T14:51:00Z,1789483860000,LOWELL,800 BLOCK OF HILLSIDE CT SE,MEDICAL EMERGENCY,Fire,LOWELL AREA FIRE,,
1,2026-09-15T14:55:00Z,1789484100000,GAINES TWP,900 BLOCK OF WOODFIELD EAST DR SE,MEDICAL EMERGENCY,Fire,GAINES TWP FIRE,,
5,2026-09-15T14:59:00Z,1789484340000,WALKER,600 BLOCK OF 4 MILE RD NW,ANIMAL INCIDENT,Police,ANIMAL CONTROL,,
1,2026-09-15T15:03:00Z,1789484580000,WYOMING,1200 BLOCK OF OAKCREST ST SW,FRAUD,Police,WYOMING POLICE,,
2,2026-09-15T15:08:00Z,1789484880000,WALKER,1400 BLOCK OF HARDING ST NW,MEDICAL EMERGENCY,Fire,WALKER FIRE,,
1,2026-09-15T15:11:00Z,1789485060000,GAINES TWP,6500 BLOCK OF MILL RUN SE,MEDICAL EMERGENCY,Fire,GAINES TWP FIRE,,
2,2026-09-15T15:11:00Z,1789485060000,LOWELL,200 BLOCK OF N CENTER ST SE,WELFARE CHECK,Police,LOWELL POLICE,,
5,2026-09-15T15:23:00Z,1789485780000,LOWELL,E MAIN ST SE / N WASHINGTON ST SE,BROADCAST,Police,LOWELL POLICE,,
1,2026-09-15T15:28:00Z,1789486080000,BYRON TWP,8500 BLOCK OF BURLINGAME AVE SW,FIRE ALARM,Fire,BYRON TWP FIRE,,
1,2026-09-15T15:31:00Z,1789486260000,GAINES TWP,3100 BLOCK OF GLENCREEK CT SE,MEDICAL EMERGENCY,Fire,GAINES TWP FIRE,,
3,2026-09-15T15:39:00Z,1789486740000,WALKER,3200 BLOCK OF WALKER AVE NW,WELFARE CHECK,Police,WALKER POLICE,,
4,2026-09-15T15:39:00Z,1789486740000,WALKER,3500 BLOCK OF ALPINE AVE NW,VEHICLE CRASH,Police,WALKER POLICE,,
3,2026-09-15T15:40:00Z,1789486800000,CASCADE TWP,28TH ST SE / THORNHILLS AVE SE,VEHICLE CRASH,Police,KENT CO SHERIFF,,
2,2026-09-15T15:41:00Z,1789486860000,ALPINE TWP,3900 BLOCK OF ALPINE AVE NW,MEDICAL EMERGENCY,Fire,ALPINE TWP FIRE,,
1,2026-09-15T15:44:00Z,1789487040000,SPARTA,300 BLOCK OF W DIVISION ST NW,VEHICLE INSPECTION,Police,SPARTA POLICE,,
4,2026-09-15T15:45:00Z,1789487100000,GRAND RAPIDS,2100 BLOCK OF BATCHAWANA ST SE,ANIMAL INCIDENT,Police,ANIMAL CONTROL,,
1,2026-09-15T15:48:00Z,1789487280000,KENTWOOD,4400 BLOCK OF BRETON AVE SE,MEDICAL EMERGENCY,Fire,KENTWOOD FIRE,,
1,2026-09-15T15:52:00Z,1789487520000,COURTLAND TWP,MYERS LAKE AVE NE / 10 MILE RD NE,VEHICLE CRASH,Police,COURTLAND TWP FIRE,,
2,2026-09-15T15:52:00Z,1789487520000,COURTLAND TWP,MYERS LAKE AVE NE / 10 MILE RD NE,VEHICLE CRASH,Police,KENT CO SHERIFF,,
2,2026-09-15T16:12:00Z,1789488720000,CALEDONIA TWP,7900 BLOCK OF BROADMOOR AVE SE,MEDICAL EMERGENCY,Fire,CALEDONIA TWP FIRE,,
1,2026-09-15T16:14:00Z,1789488840000,GRAND RAPIDS,3900 BLOCK OF STAHL DR SE,GENERAL ASSIST,Police,KENT CO SHERIFF,,
1,2026-09-15T16:18:00Z,1789489080000,CALEDONIA TWP,6300 BLOCK OF LANE VIEW DR SE,MEDICAL EMERGENCY,Fire,CALEDONIA TWP FIRE,,
16,2026-09-15T16:21:00Z,1789489260000,CALEDONIA TWP,10200 BLOCK OF EAST CROSSROADS CIR SE,FRAUD,Police,KENT CO SHERIFF,,
12,2026-09-15T16:26:00Z,1789489560000,WYOMING,4100 BLOCK OF PIER LIGHT DR SW,LARCENY,Police,WYOMING POLICE,,
1,2026-09-15T16:27:00Z,1789489620000,KENTWOOD,4900 BLOCK OF BURGIS AVE SE,MEDICAL EMERGENCY,Fire,KENTWOOD FIRE,,
5,2026-09-15T16:28:00Z,1789489680000,WYOMING,2300 BLOCK OF 44TH ST SW,VEHICLE CRASH,Police,WYOMING POLICE,,
2,2026-09-15T16:29:00Z,1789489740000,ALGOMA TWP,2900 BLOCK OF 10 MILE RD NE,MEDICAL EMERGENCY,Fire,ALGOMA TWP FIRE,,
5,2026-09-15T16:30:00Z,1789489800000,GRANDVILLE,4300 BLOCK OF WIMBLEDON DR SW,WELFARE CHECK,Police,GRANDVILLE POLICE,,
1,2026-09-15T16:32:00Z,1789489920000,PLAINFIELD TWP,4300 BLOCK OF PLAINFIELD AVE NE,FRAUD,Police,KENT CO SHERIFF,,
3,2026-09-15T16:34:00Z,1789490040000,CANNON TWP,7900 BLOCK OF YOUNG AVE NE,HARASSMENT,Police,KENT CO SHERIFF,,
10,2026-09-15T16:35:00Z,1789490100000,BYRON TWP,100 BLOCK OF HERBERT ST SW,STOLEN VEHICLE,Police,KENT CO SHERIFF,,
13,2026-09-15T16:35:00Z,1789490100000,KENTWOOD,5400 BLOCK OF EAST HEATHWOOD DR SE,PARKING VIOLATION,Police,KENTWOOD POLICE,,
2,2026-09-15T16:39:00Z,1789490340000,KENTWOOD,4400 BLOCK OF BROADMOOR AVE SE,MEDICAL EMERGENCY,Fire,KENTWOOD FIRE,,
1,2026-09-15T16:41:00Z,1789490460000,KENTWOOD,800 BLOCK OF ANDOVER CT SE,MEDICAL EMERGENCY,Fire,KENTWOOD FIRE,,
2,2026-09-15T16:46:00Z,1789490760000,GRANDVILLE,4300 BLOCK OF WIMBLEDON DR SW,MEDICAL EMERGENCY,Fire,GRANDVILLE FIRE,,
4,2026-09-15T16:48:00Z,1789490880000,WYOMING,3500 BLOCK OF WILEX AVE SW,SUSPICIOUS INCIDENT,Police,WYOMING POLICE,,
1,2026-09-15T16:50:00Z,1789491000000,CASCADE TWP,2600 BLOCK OF CHATHAM WOODS DR SE,MEDICAL EMERGENCY,Fire,CASCADE TWP FIRE,,
3,2026-09-15T16:59:00Z,1789491540000,LOWELL TWP,2900 BLOCK OF SNOW AVE SE,GENERAL ASSIST,Police,KENT CO SHERIFF,,
4,2026-09-15T17:01:00Z,1789491660000,LOWELL TWP,2900 BLOCK OF SNOW AVE SE,MEDICAL EMERGENCY,Fire,LOWELL AREA FIRE,,
4,2026-09-15T17:07:00Z,1789492020000,KENTWOOD,1500 BLOCK OF HIDDEN VALLEY DR SE,SUSPICIOUS INCIDENT,Police,KENTWOOD POLICE,,
2,2026-09-15T17:09:00Z,1789492140000,WYOMING,2100 BLOCK OF 52ND ST SW,FIRE ALARM,Fire,WYOMING FIRE,,
7,2026-09-15T17:10:00Z,1789492200000,BYRON TWP,8100 BLOCK OF BYRON GARDEN DR SW,BURGLARY,Police,KENT CO SHERIFF,,
1,2026-09-15T17:10:00Z,1789492200000,WALKER,800 BLOCK OF CENTER DR NW,WELFARE CHECK,Police,WALKER POLICE,,
1,2026-09-15T17:14:00Z,1789492440000,WYOMING,4000 BLOCK OF BURR AVE SW,MEDICAL EMERGENCY,Fire,WYOMING FIRE,,
8,2026-09-15T17:18:00Z,1789492680000,CASCADE TWP,6100 BLOCK OF CHARLEVOIX WOODS CT SE,GENERAL ASSIST,Police,KENT CO SHERIFF,,
3,2026-09-15T17:19:00Z,1789492740000,KENTWOOD,STOWEHILL DR SE / BENTBROOK DR SE,SUSPICIOUS INCIDENT,Police,KENTWOOD POLICE,,
8,2026-09-15T17:19:00Z,1789492740000,WYOMING,1600 BLOCK OF ROYAL OAK ST SW,DAMAGE FROM GUNSHOTS,Police,WYOMING POLICE,,
2,2026-09-15T17:20:00Z,1789492800000,WYOMING,28TH ST SE / MADISON AVE SE,VEHICLE CRASH,Police,WYOMING POLICE,,
6,2026-09-15T17:21:00Z,1789492860000,KENTWOOD,3200 BLOCK OF LINDENWOOD DR SE,FRAUD,Police,KENTWOOD POLICE,,
2,2026-09-15T17:28:00Z,1789493280000,ADA TWP,1800 BLOCK OF GRAND RIVER DR NE,VEHICLE CRASH,Police,ADA TWP FIRE,,
5,2026-09-15T17:28:00Z,1789493280000,ADA TWP,1800 BLOCK OF GRAND RIVER DR NE,VEHICLE CRASH,Police,KENT CO SHERIFF,,
1,2026-09-15T17:29:00Z,1789493340000,BYRON TWP,2600 BLOCK OF 84TH ST SW,FIRE INVESTIGATION,Fire,BYRON TWP FIRE,,
1,2026-09-15T17:30:00Z,1789493400000,GAINES TWP,1200 BLOCK OF FAIRBOURNE DR SE,SUSPICIOUS INCIDENT,Police,KENT CO SHERIFF,,
6,2026-09-15T17:30:00Z,1789493400000,VERGENNES TWP,12700 BLOCK OF 3 MILE RD NE,WELFARE CHECK,Police,KENT CO SHERIFF,,
8,2026-09-15T17:34:00Z,1789493640000,GAINES TWP,1400 BLOCK OF EASTPORT DR SE,HARASSMENT,Police,KENT CO SHERIFF,,
1,2026-09-15T17:41:00Z,1789494060000,KENTWOOD,6000 BLOCK OF LEISURE SOUTH DR SE,FIRE INVESTIGATION,Fire,KENTWOOD FIRE,,
3,2026-09-15T17:55:00Z,1789494900000,KENTWOOD,32ND ST SE / BRETON AVE SE,GENERAL ASSIST,Police,KENTWOOD POLICE,,
2,2026-09-15T17:55:00Z,1789494900000,KENTWOOD,BRETON AVE SE / 32ND ST SE,GENERAL ASSIST,Police,KENTWOOD POLICE,,
1,2026-09-15T17:57:00Z,1789495020000,KENTWOOD,4700 BLOCK OF WALMA AVE SE,GENERAL ASSIST,Police,KENTWOOD POLICE,,
2,2026-09-15T17:57:00Z,1789495020000,WYOMING,300 BLOCK OF MURRAY ST SW,INJUNCTIVE VIOLATION,Police,WYOMING POLICE,,
5,2026-09-15T17:59:00Z,1789495140000,SPARTA TWP,1000 BLOCK OF REGAL GARDEN DR NW,TRESPASSING,Police,KENT CO SHERIFF,,
4,2026-09-15T18:05:00Z,1789495500000,WALKER,CENTER DR NW / ALPINE AVE NW,VEHICLE CRASH,Police,WALKER POLICE,,
3,2026-09-15T18:14:00Z,1789496040000,SOLON TWP,3500 BLOCK OF 18 MILE RD NE,MEDICAL EMERGENCY,Fire,SOLON TWP FIRE,,
2,2026-09-15T18:17:00Z,1789496220000,ROCKFORD,100 BLOCK OF CHILDSDALE AVE NE,GENERAL ASSIST,Police,ROCKFORD POLICE,,
1,2026-09-15T18:18:00Z,1789496280000,SPARTA,300 BLOCK OF S STATE ST NW,WIRE DOWN,Fire,SPARTA FIRE,,
3,2026-09-15T18:24:00Z,1789496640000,WYOMING,1300 BLOCK OF LEE ST SW,MEDICAL EMERGENCY,Fire,WYOMING FIRE,,
4,2026-09-15T18:26:00Z,1789496760000,SPENCER TWP,11500 BLOCK OF 21 MILE RD NE,GENERAL ASSIST,Police,KENT CO SHERIFF,,
10,2026-09-15T18:27:00Z,1789496820000,WYOMING,2400 BLOCK OF AURORA POND DR SW,LARCENY,Police,WYOMING POLICE,,
3,2026-09-15T18:31:00Z,1789497060000,ALGOMA TWP,9400 BLOCK OF PINE ISLAND DR NE,DEER PERMIT,Police,KENT CO SHERIFF,,
2,2026-09-15T18:31:00Z,1789497060000,WALKER,LAKE MICHIGAN DR NW / MAYNARD AVE NW,VEHICLE CRASH,Police,WALKER POLICE,,
2,2026-09-15T18:34:00Z,1789497240000,ALPINE TWP,4000 BLOCK OF ALPINE AVE NW,WELFARE CHECK,Police,KENT CO SHERIFF,,
1,2026-09-15T18:38:00Z,1789497480000,ALPINE TWP,4700 BLOCK OF ALPINE AVE NW,FRAUD,Police,MICHIGAN STATE POLICE,,
6,2026-09-15T18:43:00Z,1789497780000,SPARTA TWP,8800 BLOCK OF COUNTRY VIEW CIR NW,SUSPICIOUS INCIDENT,Police,KENT CO SHERIFF,,
10,2026-09-15T18:44:00Z,1789497840000,GRAND RAPIDS,32ND ST SE / BAKER PARK DR SE,ANIMAL INCIDENT,Police,ANIMAL CONTROL,,
1,2026-09-15T18:46:00Z,1789497960000,LOWELL,600 BLOCK OF N MONROE ST SE,MEDICAL EMERGENCY,Fire,LOWELL AREA FIRE,,
2,2026-09-15T18:47:00Z,1789498020000,WYOMING,2500 BLOCK OF OAKVIEW DR SW,WELFARE CHECK,Police,WYOMING POLICE,,
5,2026-09-15T18:51:00Z,1789498260000,WYOMING,4900 BLOCK OF KAREN AVE SW,ANIMAL INCIDENT,Police,ANIMAL CONTROL,,
4,2026-09-15T18:53:00Z,1789498380000,EAST GRAND RAPIDS,2700 BLOCK OF OAKWOOD DR SE,LOUD NOISE,Police,EAST GRAND RAPIDS POLICE,,
8,2026-09-15T18:56:00Z,1789498560000,BYRON TWP,2400 BLOCK OF 72ND ST SW,ANIMAL INCIDENT,Police,ANIMAL CONTROL,,
3,2026-09-15T18:56:00Z,1789498560000,GRAND RAPIDS,5TH ST NW / LINCOLN AVE NW,ANIMAL INCIDENT,Police,ANIMAL CONTROL,,
6,2026-09-15T18:56:00Z,1789498560000,BYRON TWP,200 BLOCK OF 68TH ST SW,SUSPICIOUS INCIDENT,Police,KENT CO SHERIFF,,
1,2026-09-15T18:57:00Z,1789498620000,GAINES TWP,KALAMAZOO AVE SE / MARKETPLACE DR SE,GENERAL ASSIST,Police,KENT CO SHERIFF,,
6,2026-09-15T18:58:00Z,1789498680000,GAINES TWP,6100 BLOCK OF WOODFIELD DR SE,STOLEN VEHICLE,Police,KENT CO SHERIFF,,
8,2026-09-15T18:58:00Z,1789498680000,GAINES TWP,6100 BLOCK OF WOODFIELD DR SE,GENERAL ASSIST,Police,KENT CO SHERIFF,,
1,2026-09-15T18:59:00Z,1789498740000,BYRON TWP,6700 BLOCK OF CLAY AVE SW,DAMAGE TO PROPERTY,Police,KENT CO SHERIFF,,
1,2026-09-15T19:00:00Z,1789498800000,GRANDVILLE,3200 BLOCK OF MACATAWA DR SW,WELFARE CHECK,Police,GRANDVILLE POLICE,,
17,2026-09-15T19:06:00Z,1789499160000,WALKER,I-96 EB TO 3 MILE RAMP - ALPINE,VEHICLE CRASH,Police,WALKER FIRE,43.01558268,-85.69190259
5,2026-09-15T19:10:00Z,1789499400000,CALEDONIA TWP,5000 BLOCK OF 60TH ST SE,DISORDERLY PERSON,Police,KENT CO SHERIFF,,
11,2026-09-15T19:13:00Z,1789499580000,WYOMING,800 BLOCK OF 44TH ST SW,VEHICLE CRASH,Police,WYOMING POLICE,,
3,2026-09-15T19:14:00Z,1789499640000,WYOMING,5900 BLOCK OF AMUR CT SW,MEDICAL EMERGENCY,Fire,WYOMING FIRE,,
2,2026-09-15T19:17:00Z,1789499820000,GRANDVILLE,4200 BLOCK OF BLACKFOOT DR SW,MEDICAL EMERGENCY,Fire,GRANDVILLE FIRE,,
3,2026-09-15T19:17:00Z,1789499820000,WYOMING,2100 BLOCK OF WRENWOOD ST SW,VEHICLE CRASH,Police,WYOMING POLICE,,
1,2026-09-15T19:19:00Z,1789499940000,WYOMING,1100 BLOCK OF JOOSTEN ST SW,GENERAL ASSIST,Police,WYOMING POLICE,,
1,2026-09-15T19:21:00Z,1789500060000,PLAINFIELD TWP,5000 BLOCK OF PLAINFIELD AVE NE,TRESPASSING,Police,KENT CO SHERIFF,,
10,2026-09-15T19:26:00Z,1789500360000,SPARTA TWP,0 BLOCK OF PICARDY DR NW,DAMAGE TO PROPERTY,Police,KENT CO SHERIFF,,
1,2026-09-15T19:29:00Z,1789500540000,WALKER,3600 BLOCK OF GRAND BLUFFS CT SW,MEDICAL EMERGENCY,Fire,WALKER FIRE,,
7,2026-09-15T19:30:00Z,1789500600000,CASCADE TWP,5400 BLOCK OF 28TH ST CT SE,SUSPICIOUS INCIDENT,Police,KENT CO SHERIFF,,
6,2026-09-15T19:32:00Z,1789500720000,GAINES TWP,7400 BLOCK OF EASTERN AVE SE,WELFARE CHECK,Police,KENT CO SHERIFF,,
1,2026-09-15T19:33:00Z,1789500780000,WYOMING,3400 BLOCK OF BYRON CENTER AVE SW,MEDICAL EMERGENCY,Fire,WYOMING FIRE,,
9,2026-09-15T19:34:00Z,1789500840000,ALGOMA TWP,9300 BLOCK OF PINE ISLAND DR NE,HARASSMENT,Police,KENT CO SHERIFF,,
2,2026-09-15T19:39:00Z,1789501140000,GRANDVILLE,4100 BLOCK OF SAVANNAH CT SW,GENERAL ASSIST,Police,GRANDVILLE POLICE,,
5,2026-09-15T19:41:00Z,1789501260000,KENTWOOD,3000 BLOCK OF WINGATE DR SE,WELFARE CHECK,Police,KENTWOOD POLICE,,
1,2026-09-15T19:44:00Z,1789501440000,GAINES TWP,1100 BLOCK OF WOODFIELD EAST DR SE,MEDICAL EMERGENCY,Fire,GAINES TWP FIRE,,
2,2026-09-15T19:45:00Z,1789501500000,GAINES TWP,PATTERSON AVE SE / 84TH ST SE,VEHICLE CRASH,Police,GAINES TWP FIRE,,
3,2026-09-15T19:45:00Z,1789501500000,GAINES TWP,PATTERSON AVE SE / 84TH ST SE,VEHICLE CRASH,Police,KENT CO SHERIFF,,
5,2026-09-15T19:47:00Z,1789501620000,PLAINFIELD TWP,4700 BLOCK OF WEBBER AVE NE,HARASSMENT,Police,KENT CO SHERIFF,,
4,2026-09-15T19:47:00Z,1789501620000,WALKER,2000 BLOCK OF MULLINS AVE NW,LARCENY,Police,WALKER POLICE,,
3,2026-09-15T19:48:00Z,1789501680000,CALEDONIA TWP,5000 BLOCK OF 60TH ST SE,MEDICAL EMERGENCY,Fire,CALEDONIA TWP FIRE,,
1,2026-09-15T19:49:00Z,1789501740000,WALKER,600 BLOCK OF PARKSIDE AVE NW,GENERAL ASSIST,Police,WALKER POLICE,,
1,2026-09-15T19:53:00Z,1789501980000,BYRON TWP,2300 BLOCK OF BYRON VIEW DR SW,MEDICAL EMERGENCY,Fire,BYRON TWP FIRE,,
1,2026-09-15T20:00:00Z,1789502400000,SPARTA,100 BLOCK OF NASH ST NW,WELFARE CHECK,Police,SPARTA POLICE,,
7,2026-09-15T20:01:00Z,1789502460000,SOLON TWP,16800 BLOCK OF SIMMONS AVE NE,BURGLAR ALARM,Police,KENT CO SHERIFF,,
3,2026-09-15T20:03:00Z,1789502580000,CASCADE TWP,6000 BLOCK OF TAHOE DR SE,BURGLAR ALARM,Police,KENT CO SHERIFF,,
10,2026-09-15T20:04:00Z,1789502640000,ALPINE TWP,4200 BLOCK OF ALPINE AVE NW,SUSPICIOUS INCIDENT,Police,KENT CO SHERIFF,,
2,2026-09-15T20:04:00Z,1789502640000,WYOMING,S DIVISION AVE / 36TH ST SW,VEHICLE CRASH,Police,WYOMING POLICE,,
14,2026-09-15T20:09:00Z,1789502940000,GRANDVILLE,I-196 EB TO 28TH RAMP,VEHICLE CRASH,Police,GRANDVILLE FIRE,42.913404,-85.765512
14,2026-09-15T20:09:00Z,1789502940000,GRANDVILLE,I-196 EB TO 28TH RAMP,VEHICLE CRASH,Police,GRANDVILLE POLICE,42.913404,-85.765512
3,2026-09-15T20:10:00Z,1789503000000,GRAND RAPIDS,500 BLOCK OF HOWARD ST SE,ANIMAL INCIDENT,Police,ANIMAL CONTROL,,
1,2026-09-15T20:10:00Z,1789503000000,PLAINFIELD TWP,2700 BLOCK OF NORTHVALE DR NE,MEDICAL EMERGENCY,Fire,PLAINFIELD TWP FIRE,,
7,2026-09-15T20:12:00Z,1789503120000,WALKER,3400 BLOCK OF ALPINE AVE NW,SUSPICIOUS INCIDENT,Police,WALKER POLICE,,
6,2026-09-15T20:15:00Z,1789503300000,PLAINFIELD TWP,4100 BLOCK OF PLAINFIELD AVE NE,WELFARE CHECK,Police,KENT CO SHERIFF,,
3,2026-09-15T20:15:00Z,1789503300000,WYOMING,2600 BLOCK OF POE AVE SW,MEDICAL EMERGENCY,Fire,WYOMING FIRE,,
2,2026-09-15T20:16:00Z,1789503360000,KENTWOOD,400 BLOCK OF 44TH ST SE,MEDICAL EMERGENCY,Fire,KENTWOOD FIRE,,
5,2026-09-15T20:20:00Z,1789503600000,WYOMING,1900 BLOCK OF GODFREY AVE SW,INJUNCTIVE VIOLATION,Police,WYOMING POLICE,,
1,2026-09-15T20:22:00Z,1789503720000,LOWELL,700 BLOCK OF FOREMAN ST SE,SUSPICIOUS INCIDENT,Police,LOWELL POLICE,,
6,2026-09-15T20:36:00Z,1789504560000,ALGOMA TWP,400 BLOCK OF HULL ST NE,GENERAL ASSIST,Police,KENT CO SHERIFF,,
2,2026-09-15T20:37:00Z,1789504620000,KENTWOOD,3200 BLOCK OF 28TH ST SE,FRAUD,Police,KENTWOOD POLICE,,
8,2026-09-15T20:40:00Z,1789504800000,GRANDVILLE,3300 BLOCK OF 28TH ST SW,INJUNCTIVE VIOLATION,Police,GRANDVILLE POLICE,,
3,2026-09-15T20:40:00Z,1789504800000,WYOMING,1000 BLOCK OF BLANCHARD ST SW,TRAFFIC HAZARD,Police,WYOMING POLICE,,
1,2026-09-15T20:42:00Z,1789504920000,WYOMING,BURT ST SE / JEFFERSON AVE SE,SUSPICIOUS INCIDENT,Police,WYOMING POLICE,,
4,2026-09-15T20:43:00Z,1789504980000,BYRON TWP,500 BLOCK OF 76TH ST SW,LARCENY,Police,KENT CO SHERIFF,,
2,2026-09-15T20:44:00Z,1789505040000,KENTWOOD,3200 BLOCK OF NATURE VIEW DR SE,SUSPICIOUS INCIDENT,Police,KENTWOOD POLICE,,
6,2026-09-15T20:46:00Z,1789505160000,CASCADE TWP,3000 BLOCK OF CHARLEVOIX DR SE,SUSPICIOUS INCIDENT,Police,KENT CO SHERIFF,,
2,2026-09-15T20:48:00Z,1789505280000,WALKER,900 BLOCK OF TIMBER WINDS DR SW,MEDICAL EMERGENCY,Fire,WALKER FIRE,,
1,2026-09-15T20:48:00Z,1789505280000,WYOMING,6200 BLOCK OF BANEBERRY AVE SW,SUSPICIOUS INCIDENT,Police,WYOMING POLICE,,
1,2026-09-15T20:55:00Z,1789505700000,WYOMING,4600 BLOCK OF MAGNOLIA AVE SW,GENERAL ASSIST,Police,WYOMING POLICE,,
8,2026-09-15T20:57:00Z,1789505820000,KENTWOOD,5700 BLOCK OF KALAMAZOO AVE SE,ANIMAL INCIDENT,Police,ANIMAL CONTROL,,
3,2026-09-15T21:02:00Z,1789506120000,KENTWOOD,300 BLOCK OF 43RD ST SE,WELFARE CHECK,Police,KENTWOOD POLICE,,
1,2026-09-15T21:04:00Z,1789506240000,CASCADE TWP,3200 BLOCK OF KRAFT AVE SE,MEDICAL EMERGENCY,Fire,CASCADE TWP FIRE,,
1,2026-09-15T21:07:00Z,1789506420000,KENTWOOD,4200 BLOCK OF NATURE TRAIL DR SE,DAMAGE FROM GUNSHOTS,Police,KENTWOOD POLICE,,
9,2026-09-15T21:14:00Z,1789506840000,WALKER,3400 BLOCK OF ALPINE AVE NW,ANIMAL INCIDENT,Police,ANIMAL CONTROL,,
1,2026-09-15T21:15:00Z,1789506900000,GAINES TWP,EASTERN AVE SE / 100TH ST SE,VEHICLE CRASH,Police,KENT CO SHERIFF,,
1,2026-09-15T21:25:00Z,1789507500000,GAINES TWP,2100 BLOCK OF 76TH ST SE,VEHICLE CRASH,Police,GAINES TWP FIRE,,
2,2026-09-15T21:25:00Z,1789507500000,GAINES TWP,2100 BLOCK OF 76TH ST SE,VEHICLE CRASH,Police,KENT CO SHERIFF,,
3,2026-09-15T21:28:00Z,1789507680000,KENTWOOD,3300 BLOCK OF 36TH ST SE,ASSAULT,Police,KENTWOOD POLICE,,
4,2026-09-15T21:28:00Z,1789507680000,WYOMING,2800 BLOCK OF S DIVISION AVE,911 HANG UP,Police,WYOMING POLICE,,
1,2026-09-15T21:31:00Z,1789507860000,KENTWOOD,2500 BLOCK OF 52ND ST SE,RECKLESS DRIVER,Police,KENTWOOD POLICE,,
3,2026-09-15T21:31:00Z,1789507860000,WYOMING,2800 BLOCK OF S DIVISION AVE,MEDICAL EMERGENCY,Fire,WYOMING FIRE,,
2,2026-09-15T21:31:00Z,1789507860000,WYOMING,3100 BLOCK OF STRATFORD DR SW,MEDICAL EMERGENCY,Fire,WYOMING FIRE,,
1,2026-09-15T21:32:00Z,1789507920000,WYOMING,3900 BLOCK OF WYOMING AVE SW,MEDICAL EMERGENCY,Fire,WYOMING FIRE,,
6,2026-09-15T21:33:00Z,1789507980000,WYOMING,2700 BLOCK OF MONTREAL ST SW,HARASSMENT,Police,WYOMING POLICE,,
2,2026-09-15T21:35:00Z,1789508100000,WYOMING,1100 BLOCK OF 36TH ST SW,911 HANG UP,Police,WYOMING POLICE,,
8,2026-09-15T21:37:00Z,1789508220000,SPENCER TWP,11400 BLOCK OF 17 MILE RD NE,HARASSMENT,Police,KENT CO SHERIFF,,
1,2026-09-15T21:38:00Z,1789508280000,KENTWOOD,3700 BLOCK OF W SUGARBERRY CT SE,MEDICAL EMERGENCY,Fire,KENTWOOD FIRE,,
5,2026-09-15T21:39:00Z,1789508340000,WYOMING,4100 BLOCK OF JEFFERSON AVE SE,ANIMAL INCIDENT,Police,ANIMAL CONTROL,,
2,2026-09-15T21:43:00Z,1789508580000,WYOMING,2300 BLOCK OF EASY ST SW,911 HANG UP,Police,WYOMING POLICE,,
1,2026-09-15T21:44:00Z,1789508640000,WALKER,3 MILE RD NW / ALPINE AVE NW,VEHICLE CRASH,Police,WALKER POLICE,,
4,2026-09-15T21:54:00Z,1789509240000,ADA TWP,300 BLOCK OF CREEKRUN DR SE,FRAUD,Police,KENT CO SHERIFF,,
2,2026-09-15T21:55:00Z,1789509300000,CASCADE TWP,6700 BLOCK OF CASCADE RD SE,ABANDONED VEHICLE,Police,KENT CO SHERIFF,,
3,2026-09-15T21:55:00Z,1789509300000,WALKER,3 MILE RD NW / ALPINE AVE NW,MEDICAL EMERGENCY,Fire,WALKER FIRE,,
13,2026-09-15T22:01:00Z,1789509660000,BYRON TWP,6500 BLOCK OF LANCE AVE SW,ANIMAL INCIDENT,Police,ANIMAL CONTROL,,
2,2026-09-15T22:03:00Z,1789509780000,EAST GRAND RAPIDS,1100 BLOCK OF EASTWOOD AVE SE,GENERAL ASSIST,Police,EAST GRAND RAPIDS POLICE,,
1,2026-09-15T22:04:00Z,1789509840000,NEWAYGO ENSLEY TWP,12800 BLOCK OF S HEMLOCK AVE,MEDICAL EMERGENCY,Fire,SAND LAKE FIRE,,
1,2026-09-15T22:06:00Z,1789509960000,KENTWOOD,52ND ST SE / S DIVISION AVE,GENERAL ASSIST,Police,KENTWOOD POLICE,,
3,2026-09-15T22:13:00Z,1789510380000,PLAINFIELD TWP,4100 BLOCK OF LESTER AVE NE,VEHICLE CRASH,Police,KENT CO SHERIFF,,
2,2026-09-15T22:14:00Z,1789510440000,PLAINFIELD TWP,4100 BLOCK OF LESTER AVE NE,VEHICLE CRASH,Police,PLAINFIELD TWP FIRE,,
3,2026-09-15T22:15:00Z,1789510500000,GRANDVILLE,2700 BLOCK OF GRAND CASTLE BLVD SW,WELFARE CHECK,Police,GRANDVILLE POLICE,,
1,2026-09-15T22:17:00Z,1789510620000,CASCADE TWP,5500 BLOCK OF 28TH ST SE,MEDICAL EMERGENCY,Fire,CASCADE TWP FIRE,,
4,2026-09-15T22:17:00Z,1789510620000,EAST GRAND RAPIDS,BRETON RD SE / HALL ST SE,GENERAL ASSIST,Police,EAST GRAND RAPIDS POLICE,,
1,2026-09-15T22:18:00Z,1789510680000,BYRON TWP,7900 BLOCK OF PINEHURST AVE SW,MEDICAL EMERGENCY,Fire,BYRON TWP FIRE,,
6,2026-09-15T22:21:00Z,1789510860000,CALEDONIA TWP,7500 BLOCK OF LEGEND CT SE,VEHICLE CRASH,Police,KENT CO SHERIFF,,
5,2026-09-15T22:24:00Z,1789511040000,WALKER,800 BLOCK OF 3 MILE RD NW,HARASSMENT,Police,WALKER POLICE,,
3,2026-09-15T22:25:00Z,1789511100000,BYRON TWP,2300 BLOCK OF CONIFER RIDGE DR SW,SUSPICIOUS INCIDENT,Police,KENT CO SHERIFF,,
2,2026-09-15T22:26:00Z,1789511160000,KENTWOOD,EASTERN AVE SE / DIANE ST SE,WELFARE CHECK,Police,KENTWOOD POLICE,,
1,2026-09-15T22:31:00Z,1789511460000,KENTWOOD,EASTERN AVE SE / DIANE ST SE,MEDICAL EMERGENCY,Fire,KENTWOOD FIRE,,
2,2026-09-15T22:38:00Z,1789511880000,ALPINE TWP,CASPER AVE NW / BOYNE BLVD NW,HARASSMENT,Police,KENT CO SHERIFF,,
3,2026-09-15T22:47:00Z,1789512420000,GRAND RAPIDS TWP,3 MILE RD NE / DEAN LAKE AVE NE,WELFARE CHECK,Police,KENT CO SHERIFF,,
1,2026-09-15T22:47:00Z,1789512420000,WYOMING,300 BLOCK OF 54TH ST SW,FRAUD,Police,WYOMING POLICE,,
5,2026-09-15T22:47:00Z,1789512420000,WYOMING,4900 BLOCK OF KAREN AVE SW,ANIMAL INCIDENT,Police,WYOMING POLICE,,
3,2026-09-15T22:52:00Z,1789512720000,CASCADE TWP,7900 BLOCK OF ASPENWOOD DR SE,CARBON MONOXIDE INVESTIGATION,Fire,CASCADE TWP FIRE,,
2,2026-09-15T22:54:00Z,1789512840000,GRANDVILLE,3800 BLOCK OF EARLE AVE SW,MEDICAL EMERGENCY,Fire,GRANDVILLE FIRE,,
1,2026-09-15T22:54:00Z,1789512840000,GRANDVILLE,3800 BLOCK OF EARLE AVE SW,GENERAL ASSIST,Police,GRANDVILLE POLICE,,
3,2026-09-15T23:00:00Z,1789513200000,CALEDONIA TWP,9600 BLOCK OF SCOTSMOOR CT SE,RECKLESS DRIVER,Police,KENT CO SHERIFF,,
2,2026-09-15T23:01:00Z,1789513260000,BYRON TWP,2200 BLOCK OF 84TH ST SW,WELFARE CHECK,Police,KENT CO SHERIFF,,
3,2026-09-15T23:06:00Z,1789513560000,ADA TWP,1100 BLOCK OF HONEY CREEK AVE NE,DEER PERMIT,Police,KENT CO SHERIFF,,
7,2026-09-15T23:09:00Z,1789513740000,WALKER,I-96 EB WO FRUIT RIDGE,GENERAL ASSIST,Police,WALKER POLICE,43.01782265,-85.76436111
1,2026-09-15T23:14:00Z,1789514040000,GRAND RAPIDS TWP,KNAPP CT NE / KNAPP ST NE,VEHICLE CRASH,Police,KENT CO SHERIFF,,
2,2026-09-15T23:16:00Z,1789514160000,WALKER,3200 BLOCK OF WILSON DR NW,SUSPICIOUS INCIDENT,Police,WALKER POLICE,,
1,2026-09-15T23:19:00Z,1789514340000,BYRON TWP,300 BLOCK OF N EDINBERG DR SW,WELFARE CHECK,Police,KENT CO SHERIFF,,
1,2026-09-15T23:24:00Z,1789514640000,GRAND RAPIDS TWP,3400 BLOCK OF PLAINFIELD AVE NE,DISORDERLY PERSON,Police,KENT CO SHERIFF,,
5,2026-09-15T23:26:00Z,1789514760000,WYOMING,4800 BLOCK OF DENALI RIVER AVE SW,INJUNCTIVE VIOLATION,Police,WYOMING POLICE,,
3,2026-09-15T23:31:00Z,1789515060000,WYOMING,4600 BLOCK OF CLYDE PARK AVE SW,BURGLAR ALARM,Police,WYOMING POLICE,,
2,2026-09-15T23:32:00Z,1789515120000,WALKER,200 BLOCK OF ROSEBUD LN SW,FIRE ALARM,Fire,WALKER FIRE,,
1,2026-09-15T23:33:00Z,1789515180000,CASCADE TWP,6500 BLOCK OF 28TH ST SE,MEDICAL EMERGENCY,Fire,CASCADE TWP FIRE,,
4,2026-09-15T23:34:00Z,1789515240000,BYRON TWP,7900 BLOCK OF BURLINGAME AVE SW,VEHICLE INSPECTION,Police,KENT CO SHERIFF,,
1,2026-09-15T23:35:00Z,1789515300000,ADA TWP,6500 BLOCK OF OLD DARBY TRL NE,MEDICAL EMERGENCY,Fire,ADA TWP FIRE,,
2,2026-09-15T23:35:00Z,1789515300000,CASCADE TWP,2600 BLOCK OF SPRINGMILL AVE SE,MEDICAL EMERGENCY,Fire,CASCADE TWP FIRE,,
4,2026-09-15T23:36:00Z,1789515360000,CANNON TWP,BELLA VISTA DR NE / BOCA VISTA DR NE,ABANDONED VEHICLE,Police,KENT CO SHERIFF,,
1,2026-09-15T23:42:00Z,1789515720000,WYOMING,3600 BLOCK OF YUKON DR SW,FIRE INVESTIGATION,Fire,WYOMING FIRE,,
2,2026-09-15T23:43:00Z,1789515780000,GAINES TWP,300 BLOCK OF 68TH ST SE,GENERAL ASSIST,Police,KENT CO SHERIFF,,
1,2026-09-15T23:51:00Z,1789516260000,WALKER,1400 BLOCK OF 3 MILE RD NW,RECKLESS DRIVER,Police,WALKER POLICE,,
3,2026-09-15T23:57:00Z,1789516620000,WYOMING,3400 BLOCK OF BYRON CENTER AVE SW,OBSCENITY,Police,WYOMING POLICE,,
2,2026-09-16T00:00:00Z,1789516800000,WYOMING,1700 BLOCK OF GODFREY AVE SW,911 HANG UP,Police,WYOMING POLICE,,
1,2026-09-16T00:00:00Z,1789516800000,WYOMING,3600 BLOCK OF CLYDE PARK AVE SW,WELFARE CHECK,Police,WYOMING POLICE,,
3,2026-09-16T00:06:00Z,1789517160000,ALPINE TWP,100 BLOCK OF LANTERN DR NW,GENERAL ASSIST,Police,KENT CO SHERIFF,,
4,2026-09-16T00:16:00Z,1789517760000,WYOMING,200 BLOCK OF 28TH ST SW,DISORDERLY PERSON,Police,WYOMING POLICE,,
2,2026-09-16T00:17:00Z,1789517820000,CANNON TWP,5300 BLOCK OF 7 MILE RD NE,BURGLAR ALARM,Police,KENT CO SHERIFF,,
1,2026-09-16T00:19:00Z,1789517940000,WYOMING,1800 BLOCK OF FEDERAL AVE SW,FIGHT,Police,WYOMING POLICE,,
3,2026-09-16T00:30:00Z,1789518600000,ROCKFORD,0 BLOCK OF N MAIN ST NE,MEDICAL EMERGENCY,Fire,ROCKFORD FIRE,,
2,2026-09-16T00:31:00Z,1789518660000,ROCKFORD,0 BLOCK OF N MAIN ST NE,GENERAL ASSIST,Police,ROCKFORD POLICE,,
1,2026-09-16T00:33:00Z,1789518780000,WYOMING,2300 BLOCK OF NEWSTEAD AVE SW,STRUCTURE FIRE,Fire,WYOMING FIRE,,
2,2026-09-16T00:40:00Z,1789519200000,ADA TWP,400 BLOCK OF PETTIS AVE SE,BURGLAR ALARM,Police,KENT CO SHERIFF,,
1,2026-09-16T00:41:00Z,1789519260000,GAINES TWP,84TH ST SE / KALAMAZOO AVE SE,VEHICLE CRASH,Police,KENT CO SHERIFF,,
1,2026-09-16T00:45:00Z,1789519500000,WALKER,500 BLOCK OF CEDAR RIDGE DR NW,STRUCTURE FIRE,Fire,WALKER FIRE,,
4,2026-09-16T00:45:00Z,1789519500000,WYOMING,3900 BLOCK OF S DIVISION AVE,LOITERING,Police,WYOMING POLICE,,
1,2026-09-16T00:59:00Z,1789520340000,CEDAR SPRINGS,17 MILE RD NE / WHITE CREEK AVE NE,VEHICLE CRASH,Police,KENT CO SHERIFF,,
3,2026-09-16T01:00:00Z,1789520400000,KENTWOOD,1800 BLOCK OF CAMILLE DR SE,DISORDERLY PERSON,Police,KENTWOOD POLICE,,
1,2026-09-16T01:01:00Z,1789520460000,GAINES TWP,KALAMAZOO AVE SE / 60TH ST SE,VEHICLE CRASH,Police,GAINES TWP FIRE,,
2,2026-09-16T01:01:00Z,1789520460000,GAINES TWP,KALAMAZOO AVE SE / 60TH ST SE,VEHICLE CRASH,Police,KENT CO SHERIFF,,
6,2026-09-16T01:07:00Z,1789520820000,WYOMING,1000 BLOCK OF BURTON ST SW,ASSAULT,Police,WYOMING POLICE,,
3,2026-09-16T01:08:00Z,1789520880000,GAINES TWP,6700 BLOCK OF PARIS AVE SE,FIGHT,Police,KENT CO SHERIFF,,
2,2026-09-16T01:10:00Z,1789521000000,GAINES TWP,KALAMAZOO AVE SE / 68TH ST SE,VEHICLE CRASH,Police,KENT CO SHERIFF,,
1,2026-09-16T01:11:00Z,1789521060000,GAINES TWP,KALAMAZOO AVE SE / 68TH ST SE,VEHICLE CRASH,Police,GAINES TWP FIRE,,
1,2026-09-16T01:12:00Z,1789521120000,WYOMING,5100 BLOCK OF BYRON CENTER AVE SW,SUSPICIOUS INCIDENT,Police,WYOMING POLICE,,
3,2026-09-16T01:14:00Z,1789521240000,WYOMING,400 BLOCK OF 54TH ST SW,VEHICLE CRASH,Police,WYOMING POLICE,,
2,2026-09-16T01:14:00Z,1789521240000,WYOMING,5500 BLOCK OF CLYDE PARK AVE SW,WELFARE CHECK,Police,WYOMING POLICE,,
1,2026-09-16T01:22:00Z,1789521720000,CASCADE TWP,2200 BLOCK OF CASCADE LAKES CIRCLE SE,FIRE ALARM,Fire,CASCADE TWP FIRE,,
1,2026-09-16T01:37:00Z,1789522620000,GAINES TWP,6000 BLOCK OF KALAMAZOO AVE SE,VEHICLE CRASH,Police,KENT CO SHERIFF,,
4,2026-09-16T01:38:00Z,1789522680000,BYRON TWP,7200 BLOCK OF LAKE VISTA DR SW,SUSPICIOUS INCIDENT,Police,KENT CO SHERIFF,,
3,2026-09-16T01:40:00Z,1789522800000,WYOMING,3400 BLOCK OF BYRON CENTER AVE SW,CARBON MONOXIDE INVESTIGATION,Fire,WYOMING FIRE,,
2,2026-09-16T01:42:00Z,1789522920000,WYOMING,4500 BLOCK OF CLYDE PARK AVE SW,FIGHT,Police,WYOMING POLICE,,
1,2026-09-16T01:45:00Z,1789523100000,KENTWOOD,4500 BLOCK OF STAUFFER AVE SE,MEDICAL EMERGENCY,Fire,KENTWOOD FIRE,,
1,2026-09-16T01:53:00Z,1789523580000,KENTWOOD,5800 BLOCK OF LEISURE SOUTH DR SE,MEDICAL EMERGENCY,Fire,KENTWOOD FIRE,,
2,2026-09-16T02:06:00Z,1789524360000,WYOMING,3200 BLOCK OF WOODWARD AVE SW,MEDICAL EMERGENCY,Fire,WYOMING FIRE,,
1,2026-09-16T02:08:00Z,1789524480000,CASCADE TWP,5400 BLOCK OF 28TH ST CT SE,MEDICAL EMERGENCY,Fire,CASCADE TWP FIRE,,
2,2026-09-16T02:16:00Z,1789524960000,BYRON TWP,1100 BLOCK OF AMBERWOOD WEST DR SW,MEDICAL EMERGENCY,Fire,BYRON TWP FIRE,,
1,2026-09-16T02:19:00Z,1789525140000,WYOMING,2100 BLOCK OF GALEWOOD AVE SW,CARBON MONOXIDE INVESTIGATION,Fire,WYOMING FIRE,,
1,2026-09-16T02:19:00Z,1789525140000,WYOMING,28TH ST SW / BURLINGAME AVE SW,GENERAL ASSIST,Police,WYOMING POLICE,,
3,2026-09-16T02:22:00Z,1789525320000,KENTWOOD,2300 BLOCK OF STOWEVALLEY DR SE,MISSING PERSON,Police,KENTWOOD POLICE,,
1,2026-09-16T02:27:00Z,1789525620000,GAINES TWP,9500 BLOCK OF KALAMAZOO AVE SE,MEDICAL EMERGENCY,Fire,GAINES TWP FIRE,,
1,2026-09-16T02:41:00Z,1789526460000,GAINES TWP,1300 BLOCK OF COBB DR SE,GENERAL ASSIST,Police,KENT CO SHERIFF,,
4,2026-09-16T02:51:00Z,1789527060000,KENTWOOD,4500 BLOCK OF COUNTRYWOOD CT SE,MEDICAL EMERGENCY,Fire,KENTWOOD FIRE,,
2,2026-09-16T02:52:00Z,1789527120000,CASCADE TWP,6100 BLOCK OF CHARLEVOIX WOODS CT SE,GENERAL ASSIST,Police,KENT CO SHERIFF,,
3,2026-09-16T02:52:00Z,1789527120000,LOWELL,400 BLOCK OF N CENTER ST SE,ASSAULT,Police,LOWELL POLICE,,
1,2026-09-16T02:53:00Z,1789527180000,KENTWOOD,4400 BLOCK OF S DIVISION AVE,BURGLAR ALARM,Police,KENTWOOD POLICE,,
3,2026-09-16T02:55:00Z,1789527300000,WALKER,3300 BLOCK OF WEATHERFORD DR NW,SUSPICIOUS INCIDENT,Police,WALKER POLICE,,
3,2026-09-16T03:11:00Z,1789528260000,WALKER,3600 BLOCK OF REMEMBRANCE RD NW,SUSPICIOUS INCIDENT,Police,WALKER POLICE,,
2,2026-09-16T03:12:00Z,1789528320000,WYOMING,3900 BLOCK OF OAK VALLEY AVE SW,GENERAL ASSIST,Police,WYOMING POLICE,,
1,2026-09-16T03:16:00Z,1789528560000,GRANDVILLE,3400 BLOCK OF CENTURY CENTER ST SW,FRAUD,Police,GRANDVILLE POLICE,,
1,2026-09-16T03:31:00Z,1789529460000,WYOMING,900 BLOCK OF 36TH ST SW,DISORDERLY PERSON,Police,WYOMING POLICE,,
1,2026-09-16T03:37:00Z,1789529820000,SPENCER TWP,16200 BLOCK OF LARSEN AVE NE,MEDICAL EMERGENCY,Fire,SPENCER TWP FIRE,,
3,2026-09-16T03:48:00Z,1789530480000,BYRON TWP,9600 BLOCK OF IVANREST AVE SW,MEDICAL EMERGENCY,Fire,BYRON TWP FIRE,,
4,2026-09-16T03:50:00Z,1789530600000,ALGOMA TWP,10500 BLOCK OF GRANGE AVE NE,WELFARE CHECK,Police,KENT CO SHERIFF,,
1,2026-09-16T04:00:00Z,1789531200000,GAINES TWP,2200 BLOCK OF 84TH ST SE,VEHICLE CRASH,Police,KENT CO SHERIFF,,
1,2026-09-16T04:05:00Z,1789531500000,WYOMING,44TH ST SW / BURLINGAME AVE SW,TRAFFIC HAZARD,Police,WYOMING POLICE,,
2,2026-09-16T04:13:00Z,1789531980000,WYOMING,5500 BLOCK OF CLYDE PARK AVE SW,TRESPASSING,Police,WYOMING POLICE,,
2,2026-09-16T04:16:00Z,1789532160000,GRANDVILLE,3900 BLOCK OF KENOWA AVE SW,MEDICAL EMERGENCY,Fire,GRANDVILLE FIRE,,
1,2026-09-16T04:17:00Z,1789532220000,KENTWOOD,48TH ST SE / FLYING EAGLE DR SE,WELFARE CHECK,Police,KENTWOOD POLICE,,
1,2026-09-16T04:27:00Z,1789532820000,WALKER,4600 BLOCK OF OBRIEN ST SW,VEHICLE CRASH,Police,WALKER POLICE,,
2,2026-09-16T04:30:00Z,1789533000000,GRANDVILLE,4100 BLOCK OF GRANDVIEW TERRACE DR SW,MEDICAL EMERGENCY,Fire,GRANDVILLE FIRE,,
1,2026-09-16T04:30:00Z,1789533000000,GRANDVILLE,4100 BLOCK OF GRANDVIEW TERRACE DR SW,GENERAL ASSIST,Police,GRANDVILLE POLICE,,
1,2026-09-16T04:35:00Z,1789533300000,KENTWOOD,100 BLOCK OF INDIANAPOLIS DR SE,GENERAL ASSIST,Police,KENTWOOD POLICE,,
1,2026-09-16T04:53:00Z,1789534380000,WYOMING,56TH ST SW / THOROUGHBRED DR SW,WELFARE CHECK,Police,WYOMING POLICE,,
1,2026-09-16T05:15:00Z,1789535700000,BYRON TWP,76TH ST SW / BYRON CENTER AVE SW,SUSPICIOUS INCIDENT,Police,KENT CO SHERIFF,,
2,2026-09-16T05:19:00Z,1789535940000,WYOMING,5200 BLOCK OF VILLAGE DR SW,MEDICAL EMERGENCY,Fire,WYOMING FIRE,,
1,2026-09-16T05:22:00Z,1789536120000,KENTWOOD,4400 BLOCK OF EASTERN AVE SE,SUSPICIOUS INCIDENT,Police,KENTWOOD POLICE,,
4,2026-09-16T05:49:00Z,1789537740000,ALPINE TWP,4600 BLOCK OF TABOR RD NW,SUSPICIOUS INCIDENT,Police,KENT CO SHERIFF,,
1,2026-09-16T05:51:00Z,1789537860000,COURTLAND TWP,11200 BLOCK OF SHANER AVE NE,BURGLAR ALARM,Police,KENT CO SHERIFF,,
2,2026-09-16T06:07:00Z,1789538820000,KENTWOOD,4000 BLOCK OF LAKE DR SE,BURGLAR ALARM,Police,KENTWOOD POLICE,,
1,2026-09-16T06:07:00Z,1789538820000,WYOMING,700 BLOCK OF LEISURE DR SW,SOUND OF GUNSHOTS,Police,WYOMING POLICE,,
3,2026-09-16T06:07:00Z,1789538820000,WYOMING,700 BLOCK OF LEISURE DR SW,SHOOTING,Police,WYOMING POLICE,,
1,2026-09-16T06:10:00Z,1789539000000,WYOMING,700 BLOCK OF LEISURE DR SW,MEDICAL EMERGENCY,Fire,WYOMING FIRE,,
2,2026-09-16T06:17:00Z,1789539420000,CEDAR SPRINGS,400 BLOCK OF S MAIN ST NE,MEDICAL EMERGENCY,Fire,CEDAR SPRINGS FIRE,,
1,2026-09-16T06:23:00Z,1789539780000,KENTWOOD,100 BLOCK OF INDIANAPOLIS DR SE,GENERAL ASSIST,Police,KENTWOOD POLICE,,
1,2026-09-16T06:25:00Z,1789539900000,CASCADE TWP,4900 BLOCK OF 28TH ST SE,MISC FIRE,Fire,CASCADE TWP FIRE,,
1,2026-09-16T07:30:00Z,1789543800000,PLAINFIELD TWP,1400 BLOCK OF POST DR NE,GENERAL ASSIST,Police,KENT CO SHERIFF,,
1,2026-09-16T07:33:00Z,1789543980000,BYRON TWP,500 BLOCK OF GORDON INDUSTRIAL CT SW,BURGLAR ALARM,Police,KENT CO SHERIFF,,
2,2026-09-16T07:36:00Z,1789544160000,CEDAR SPRINGS,400 BLOCK OF RONALD ST NE,MEDICAL EMERGENCY,Fire,CEDAR SPRINGS FIRE,,
1,2026-09-16T07:45:00Z,1789544700000,KENTWOOD,3100 BLOCK OF CREEK DR SE,911 HANG UP,Police,KENTWOOD POLICE,,
1,2026-09-16T07:55:00Z,1789545300000,GAINES TWP,7800 BLOCK OF GREENDALE DR SE,MEDICAL EMERGENCY,Fire,GAINES TWP FIRE,,
1,2026-09-16T08:20:00Z,1789546800000,CALEDONIA TWP,7600 BLOCK OF BROADMOOR AVE SE,VEHICLE CRASH,Police,CALEDONIA TWP FIRE,,
1,2026-09-16T08:20:00Z,1789546800000,CALEDONIA TWP,BROADMOOR AVE SE / 76TH ST SE,VEHICLE CRASH,Police,KENT CO SHERIFF,,
1,2026-09-16T09:16:00Z,1789550160000,VERGENNES TWP,VERGENNES ST SE / PARNELL AVE SE,VEHICLE CRASH,Police,KENT CO SHERIFF,,
1,2026-09-16T09:30:00Z,1789551000000,KENTWOOD,BROADMOOR AVE SE / 52ND ST SE,RECKLESS DRIVER,Police,KENTWOOD POLICE,,
1,2026-09-16T09:47:00Z,1789552020000,BYRON TWP,6200 BLOCK OF IVANREST AVE SW,MEDICAL EMERGENCY,Fire,BYRON TWP FIRE,,
1,2026-09-16T10:07:00Z,1789553220000,PLAINFIELD TWP,3700 BLOCK OF VISTA SPRINGS AVE NE,MEDICAL EMERGENCY,Fire,PLAINFIELD TWP FIRE,,
1,2026-09-16T10:10:00Z,1789553400000,WYOMING,2100 BLOCK OF WYOMING AVE SW,MEDICAL EMERGENCY,Fire,WYOMING FIRE,,
1,2026-09-16T10:28:00Z,1789554480000,KENTWOOD,KALAMAZOO AVE SE / 52ND ST SE,VEHICLE CRASH,Police,KENTWOOD POLICE,,
3,2026-09-16T10:30:00Z,1789554600000,OAKFIELD TWP,LINCOLN LAKE AVE NE / 10 MILE RD NE,WELFARE CHECK,Police,KENT CO SHERIFF,,
1,2026-09-16T10:37:00Z,1789555020000,PLAINFIELD TWP,4300 BLOCK OF PLAINFIELD AVE NE,BURGLAR ALARM,Police,KENT CO SHERIFF,,
1,2026-09-16T10:53:00Z,1789555980000,WYOMING,100 BLOCK OF COLRAIN ST SE,MEDICAL EMERGENCY,Fire,WYOMING FIRE,,
5,2026-09-16T10:54:00Z,1789556040000,GRAND RAPIDS,I-196 EB WO US-131,VEHICLE CRASH,Police,KENT CO SHERIFF,42.97299174,-85.67858879
3,2026-09-16T10:54:00Z,1789556040000,WALKER,I-96 EB WO US-131,VEHICLE CRASH,Police,KENT CO SHERIFF,43.02043246,-85.67044087
1,2026-09-16T10:55:00Z,1789556100000,GAINES TWP,100 BLOCK OF COLEMAN ST SE,MEDICAL EMERGENCY,Fire,GAINES TWP FIRE,,
4,2026-09-16T10:59:00Z,1789556340000,SOLON TWP,US-131 SB SO 17 MILE,GENERAL ASSIST,Police,KENT CO SHERIFF,43.21820096,-85.57541173
2,2026-09-16T11:04:00Z,1789556640000,CALEDONIA TWP,7900 BLOCK OF GOLF MEADOWS DR SE,MEDICAL EMERGENCY,Fire,CALEDONIA TWP FIRE,,
1,2026-09-16T11:07:00Z,1789556820000,KENTWOOD,4500 BLOCK OF 36TH ST SE,MEDICAL EMERGENCY,Fire,KENTWOOD FIRE,,
6,2026-09-16T11:08:00Z,1789556880000,CASCADE TWP,6300 BLOCK OF 28TH ST SE,LOITERING,Police,KENT CO SHERIFF,,
1,2026-09-16T11:14:00Z,1789557240000,WYOMING,2900 BLOCK OF 56TH ST SW,STRUCTURE FIRE,Fire,WYOMING FIRE,,
1,2026-09-16T11:18:00Z,1789557480000,GRANDVILLE,3300 BLOCK OF 28TH ST SW,FIRE INVESTIGATION,Fire,GRANDVILLE FIRE,,
6,2026-09-16T11:18:00Z,1789557480000,GAINES TWP,6100 BLOCK OF WOODFIELD DR SE,STOLEN VEHICLE,Police,KENT CO SHERIFF,,
1,2026-09-16T11:23:00Z,1789557780000,GAINES TWP,60TH ST SE / KALAMAZOO AVE SE,GENERAL ASSIST,Police,KENT CO SHERIFF,,
5,2026-09-16T11:30:00Z,1789558200000,SAND LAKE,800 BLOCK OF SAND LAKE ST NE,MEDICAL EMERGENCY,Fire,SAND LAKE FIRE,,
2,2026-09-16T11:31:00Z,1789558260000,CALEDONIA,92ND ST SE / KRAFT AVE SE,VEHICLE CRASH,Police,CALEDONIA TWP FIRE,,
3,2026-09-16T11:31:00Z,1789558260000,CALEDONIA,92ND ST SE / KRAFT AVE SE,VEHICLE CRASH,Police,KENT CO SHERIFF,,
1,2026-09-16T11:33:00Z,1789558380000,KENTWOOD,2400 BLOCK OF FOREST HILL AVE SE,MEDICAL EMERGENCY,Fire,KENTWOOD FIRE,,
1,2026-09-16T11:35:00Z,1789558500000,CASCADE TWP,5400 BLOCK OF 28TH ST CT SE,MEDICAL EMERGENCY,Fire,CASCADE TWP FIRE,,
1,2026-09-16T11:43:00Z,1789558980000,OAKFIELD TWP,LINCOLN LAKE AVE NE / BEARDSLEE ST NE,WELFARE CHECK,Police,KENT CO SHERIFF,,
1,2026-09-16T11:54:00Z,1789559640000,KENTWOOD,2700 BLOCK OF MARINER DR SE,MEDICAL EMERGENCY,Fire,KENTWOOD FIRE,,
1,2026-09-16T11:57:00Z,1789559820000,WALKER,2700 BLOCK OF 3 MILE RD NW,VEHICLE INSPECTION,Police,WALKER POLICE,,
9,2026-09-16T12:02:00Z,1789560120000,BYRON TWP,US-131 SB TO 84TH RAMP,VEHICLE FIRE,Fire,BYRON TWP FIRE,42.81252596,-85.66940386
8,2026-09-16T12:02:00Z,1789560120000,BYRON TWP,US-131 SB TO 84TH RAMP,BROADCAST,Police,KENT CO SHERIFF,42.81252596,-85.66940386
2,2026-09-16T12:06:00Z,1789560360000,ALGOMA TWP,10400 BLOCK OF ALGOMA AVE NE,MEDICAL EMERGENCY,Fire,ALGOMA TWP FIRE,,
9,2026-09-16T12:10:00Z,1789560600000,WYOMING,US-131 NB AT 32ND,GENERAL ASSIST,Police,WYOMING POLICE,42.90611053,-85.67696759
1,2026-09-16T12:11:00Z,1789560660000,PLAINFIELD TWP,2600 BLOCK OF NORTHVALE DR NE,MEDICAL EMERGENCY,Fire,PLAINFIELD TWP FIRE,,
2,2026-09-16T12:16:00Z,1789560960000,ALGOMA TWP,8900 BLOCK OF N DIVISION AVE,MEDICAL EMERGENCY,Fire,ALGOMA TWP FIRE,,
2,2026-09-16T12:16:00Z,1789560960000,ROCKFORD,200 BLOCK OF MARCELL DR NE,GENERAL ASSIST,Police,ROCKFORD POLICE,,
1,2026-09-16T12:20:00Z,1789561200000,CASCADE TWP,1500 BLOCK OF RIVERTON AVE SE,MISC FIRE,Fire,CASCADE TWP FIRE,,
4,2026-09-16T12:26:00Z,1789561560000,CASCADE TWP,5400 BLOCK OF 52ND ST SE,DEER PERMIT,Police,KENT CO SHERIFF,,
1,2026-09-16T12:26:00Z,1789561560000,KENTWOOD,32ND ST SE / BRETON AVE SE,GENERAL ASSIST,Police,KENTWOOD POLICE,,
3,2026-09-16T12:32:00Z,1789561920000,GAINES TWP,7200 BLOCK OF OLD LANTERN DR SE,STOLEN VEHICLE,Police,KENT CO SHERIFF,,
5,2026-09-16T12:34:00Z,1789562040000,CANNON TWP,4500 BLOCK OF PETTIS AVE NE,VEHICLE CRASH,Police,KENT CO SHERIFF,,
2,2026-09-16T12:40:00Z,1789562400000,GRANDVILLE,3900 BLOCK OF BASSWOOD DR SW,FRAUD,Police,GRANDVILLE POLICE,,
5,2026-09-16T12:40:00Z,1789562400000,GRAND RAPIDS TWP,REEDS CROSSING DR SE / EAST BELTLINE AVE SE,VEHICLE CRASH,Police,KENT CO SHERIFF,,
1,2026-09-16T12:42:00Z,1789562520000,KENTWOOD,KALAMAZOO AVE SE / 52ND ST SE,VEHICLE CRASH,Police,KENTWOOD POLICE,,
2,2026-09-16T12:44:00Z,1789562640000,GRANDVILLE,4000 BLOCK OF 44TH ST SW,LOITERING,Police,GRANDVILLE POLICE,,
3,2026-09-16T12:45:00Z,1789562700000,WYOMING,2300 BLOCK OF DE HOOP AVE SW,GENERAL ASSIST,Police,WYOMING POLICE,,
1,2026-09-16T12:49:00Z,1789562940000,WYOMING,2100 BLOCK OF HEALTH DR SW,MEDICAL EMERGENCY,Fire,WYOMING FIRE,,
8,2026-09-16T12:55:00Z,1789563300000,CALEDONIA TWP,M-6 EB EO BROADMOOR,VEHICLE CRASH,Police,KENT CO SHERIFF,42.85149983,-85.53577706
3,2026-09-16T13:00:00Z,1789563600000,CALEDONIA TWP,7800 BLOCK OF GOLF MEADOWS DR SE,MEDICAL EMERGENCY,Fire,CALEDONIA TWP FIRE,,
1,2026-09-16T13:00:00Z,1789563600000,WYOMING,4800 BLOCK OF S DIVISION AVE,LARCENY,Police,WYOMING POLICE,,
2,2026-09-16T13:01:00Z,1789563660000,WYOMING,3900 BLOCK OF S DIVISION AVE,WELFARE CHECK,Police,WYOMING POLICE,,
1,2026-09-16T13:02:00Z,1789563720000,WALKER,1100 BLOCK OF POHENS CT NW,WELFARE CHECK,Police,WALKER POLICE,,
3,2026-09-16T13:03:00Z,1789563780000,KENTWOOD,4000 BLOCK OF PARK EAST CT SE,VEHICLE CRASH,Police,KENTWOOD POLICE,,
4,2026-09-16T13:03:00Z,1789563780000,WYOMING,900 BLOCK OF CRICKLEWOOD ST SW,ABANDONED VEHICLE,Police,WYOMING POLICE,,
2,2026-09-16T13:06:00Z,1789563960000,BYRON TWP,400 BLOCK OF S EDINBERG DR SW,WELFARE CHECK,Police,KENT CO SHERIFF,,
8,2026-09-16T13:08:00Z,1789564080000,KENTWOOD,ROGER B CHAFFEE DR SE / 44TH ST SE,ANIMAL INCIDENT,Police,ANIMAL CONTROL,,
3,2026-09-16T13:10:00Z,1789564200000,GRANDVILLE,WILSON AVE SW / 28TH ST SW,VEHICLE CRASH,Police,GRANDVILLE FIRE,,
1,2026-09-16T13:10:00Z,1789564200000,GRANDVILLE,WILSON AVE SW / 28TH ST SW,VEHICLE CRASH,Police,GRANDVILLE POLICE,,
2,2026-09-16T13:11:00Z,1789564260000,WYOMING,2400 BLOCK OF 30TH ST SW,GENERAL ASSIST,Police,WYOMING POLICE,,
2,2026-09-16T13:11:00Z,1789564260000,WYOMING,3000 BLOCK OF BYRON CENTER AVE SW,GENERAL ASSIST,Police,WYOMING POLICE,,
1,2026-09-16T13:18:00Z,1789564680000,WYOMING,32ND ST SW / S DIVISION AVE,VEHICLE CRASH,Police,WYOMING POLICE,,
3,2026-09-16T13:22:00Z,1789564920000,WYOMING,700 BLOCK OF 32ND ST SE,SUSPICIOUS INCIDENT,Police,WYOMING POLICE,,
2,2026-09-16T13:23:00Z,1789564980000,WYOMING,1300 BLOCK OF GEZON PKWY SW,FIRE ALARM,Fire,WYOMING FIRE,,
1,2026-09-16T13:24:00Z,1789565040000,PLAINFIELD TWP,4400 BLOCK OF BRIAR RIDGE DR NE,WELFARE CHECK,Police,KENT CO SHERIFF,,
4,2026-09-16T13:26:00Z,1789565160000,WYOMING,1000 BLOCK OF RATHBONE ST SW,ANIMAL INCIDENT,Police,ANIMAL CONTROL,,
3,2026-09-16T13:27:00Z,1789565220000,GRANDVILLE,3100 BLOCK OF 44TH ST SW,FIRE ALARM,Fire,GRANDVILLE FIRE,,
1,2026-09-16T13:27:00Z,1789565220000,GRANDVILLE,3100 BLOCK OF 44TH ST SW,BROADCAST,Police,GRANDVILLE POLICE,,
1,2026-09-16T13:29:00Z,1789565340000,CASCADE TWP,6500 BLOCK OF 28TH ST SE,FIRE INVESTIGATION,Fire,CASCADE TWP FIRE,,
9,2026-09-16T13:32:00Z,1789565520000,KENTWOOD,3100 BLOCK OF BRETON AVE SE,GENERAL ASSIST,Police,KENTWOOD POLICE,,
2,2026-09-16T13:33:00Z,1789565580000,WALKER,200 BLOCK OF WILSON AVE NW,FRAUD,Police,WALKER POLICE,,
1,2026-09-16T13:39:00Z,1789565940000,CASCADE TWP,5500 BLOCK OF 28TH ST SE,CARBON MONOXIDE INVESTIGATION,Fire,CASCADE TWP FIRE,,
3,2026-09-16T13:43:00Z,1789566180000,EAST GRAND RAPIDS,2600 BLOCK OF ELMWOOD DR SE,FRAUD,Police,EAST GRAND RAPIDS POLICE,,
1,2026-09-16T13:44:00Z,1789566240000,CASCADE TWP,5500 BLOCK OF 28TH ST SE,MEDICAL EMERGENCY,Fire,CASCADE TWP FIRE,,
3,2026-09-16T13:45:00Z,1789566300000,WYOMING,HUBAL AVE SW / 36TH ST SW,VEHICLE CRASH,Police,WYOMING POLICE,,
4,2026-09-16T13:54:00Z,1789566840000,CALEDONIA TWP,8100 BLOCK OF 68TH ST SE,MEDICAL EMERGENCY,Fire,CALEDONIA TWP FIRE,,
9,2026-09-16T13:57:00Z,1789567020000,SOLON TWP,3100 BLOCK OF 17 MILE RD NE,SUSPICIOUS INCIDENT,Police,KENT CO SHERIFF,,
2,2026-09-16T13:59:00Z,1789567140000,GRANDVILLE,2900 BLOCK OF PORTER ST SW,MEDICAL EMERGENCY,Fire,GRANDVILLE FIRE,,
3,2026-09-16T13:59:00Z,1789567140000,SAND LAKE,0 BLOCK OF E MAPLE ST NE,MISC FIRE,Fire,SAND LAKE FIRE,,
1,2026-09-16T14:01:00Z,1789567260000,WYOMING,3600 BLOCK OF BLUEBIRD AVE SW,ORDINANCE VIOLATION,Police,WYOMING POLICE,,
1,2026-09-16T14:04:00Z,1789567440000,GRANDVILLE,4800 BLOCK OF WILSON AVE SW,FRAUD,Police,GRANDVILLE POLICE,,
1,2026-09-16T14:08:00Z,1789567680000,CEDAR SPRINGS,100 BLOCK OF N PARK ST NE,GENERAL ASSIST,Police,KENT CO SHERIFF,,
2,2026-09-16T14:16:00Z,1789568160000,CASCADE TWP,5500 BLOCK OF 28TH ST SE,VEHICLE CRASH,Police,KENT CO SHERIFF,,
7,2026-09-16T14:19:00Z,1789568340000,CASCADE TWP,6100 BLOCK OF 28TH ST SE,DAMAGE TO PROPERTY,Police,KENT CO SHERIFF,,
1,2026-09-16T14:22:00Z,1789568520000,WYOMING,3300 BLOCK OF S DIVISION AVE,FRAUD,Police,WYOMING POLICE,,
5,2026-09-16T14:30:00Z,1789569000000,OAKFIELD TWP,10300 BLOCK OF 14 MILE RD NE,ABANDONED VEHICLE,Police,KENT CO SHERIFF,,
1,2026-09-16T14:31:00Z,1789569060000,WYOMING,4700 BLOCK OF BURLINGAME AVE SW,HARASSMENT,Police,WYOMING POLICE,,
4,2026-09-16T14:32:00Z,1789569120000,GRANDVILLE,4300 BLOCK OF WILSON AVE SW,GENERAL ASSIST,Police,GRANDVILLE POLICE,,
3,2026-09-16T14:34:00Z,1789569240000,BYRON TWP,8100 BLOCK OF BYRON CENTER AVE SW,LARCENY,Police,KENT CO SHERIFF,,
2,2026-09-16T14:37:00Z,1789569420000,CALEDONIA,9000 BLOCK OF NORTH RODGERS CT SE,DISORDERLY PERSON,Police,KENT CO SHERIFF,,
2,2026-09-16T14:38:00Z,1789569480000,GAINES TWP,7300 BLOCK OF OLD LANTERN DR SE,ANIMAL INCIDENT,Police,ANIMAL CONTROL,,
1,2026-09-16T14:40:00Z,1789569600000,EAST GRAND RAPIDS,2200 BLOCK OF WEALTHY ST SE,PARKING VIOLATION,Police,EAST GRAND RAPIDS POLICE,,
4,2026-09-16T14:43:00Z,1789569780000,KENTWOOD,3100 BLOCK OF LAKE EASTBROOK BLVD SE,911 HANG UP,Police,KENTWOOD POLICE,,
3,2026-09-16T14:45:00Z,1789569900000,ROCKFORD,400 BLOCK OF N MAIN ST NE,GENERAL ASSIST,Police,ROCKFORD POLICE,,
2,2026-09-16T14:46:00Z,1789569960000,PLAINFIELD TWP,5900 BLOCK OF SAFETY DR NE,MEDICAL EMERGENCY,Fire,PLAINFIELD TWP FIRE,,
1,2026-09-16T14:47:00Z,1789570020000,ALPINE TWP,400 BLOCK OF CHASSERAL DR NW,ANIMAL INCIDENT,Police,ANIMAL CONTROL,,
2,2026-09-16T14:50:00Z,1789570200000,BOWNE TWP,8300 BLOCK OF PRATT LAKE AVE SE,MEDICAL EMERGENCY,Fire,ALTO AREA FIRE,,
4,2026-09-16T14:50:00Z,1789570200000,WYOMING,800 BLOCK OF 44TH ST SW,SUSPICIOUS INCIDENT,Police,WYOMING POLICE,,
9,2026-09-16T14:51:00Z,1789570260000,WALKER,US-131 NB NO I-96,VEHICLE CRASH,Police,WALKER POLICE,43.02214083,-85.66728881
1,2026-09-16T14:51:00Z,1789570260000,WYOMING,5500 BLOCK OF CLAY AVE SW,GENERAL ASSIST,Police,WYOMING POLICE,,
1,2026-09-16T15:04:00Z,1789571040000,KENTWOOD,4500 BLOCK OF BOWEN BLVD SE,MEDICAL EMERGENCY,Fire,KENTWOOD FIRE,,
1,2026-09-16T15:06:00Z,1789571160000,TYRONE TWP,17800 BLOCK OF CALLEN AVE NW,BURGLAR ALARM,Police,KENT CO SHERIFF,,
2,2026-09-16T15:11:00Z,1789571460000,WYOMING,4500 BLOCK OF CLYDE PARK AVE SW,SUSPICIOUS INCIDENT,Police,WYOMING POLICE,,
6,2026-09-16T15:16:00Z,1789571760000,GRAND RAPIDS TWP,2000 BLOCK OF EAST BELTLINE AVE NE,GENERAL ASSIST,Police,KENT CO SHERIFF,,
5,2026-09-16T15:18:00Z,1789571880000,SPARTA TWP,FRUIT RIDGE AVE NW / 12 MILE RD NW,ANIMAL INCIDENT,Police,ANIMAL CONTROL,,
1,2026-09-16T15:18:00Z,1789571880000,GAINES TWP,6500 BLOCK OF MILL RUN SE,MEDICAL EMERGENCY,Fire,GAINES TWP FIRE,,
4,2026-09-16T15:19:00Z,1789571940000,GRAND RAPIDS TWP,2300 BLOCK OF EAST BELTLINE AVE NE,VEHICLE CRASH,Police,KENT CO SHERIFF,,
3,2026-09-16T15:22:00Z,1789572120000,GRAND RAPIDS,1400 BLOCK OF WILCOX PARK DR SE,ANIMAL INCIDENT,Police,ANIMAL CONTROL,,
1,2026-09-16T15:27:00Z,1789572420000,PLAINFIELD TWP,4800 BLOCK OF ROCKVALLEY DR NE,FIRE INVESTIGATION,Fire,PLAINFIELD TWP FIRE,,
2,2026-09-16T15:30:00Z,1789572600000,EAST GRAND RAPIDS,1700 BLOCK OF ANDOVER LN SE,BARKING DOG,Police,EAST GRAND RAPIDS POLICE,,
1,2026-09-16T15:32:00Z,1789572720000,CASCADE TWP,5100 BLOCK OF 28TH ST SE,MEDICAL EMERGENCY,Fire,CASCADE TWP FIRE,,
2,2026-09-16T15:37:00Z,1789573020000,KENTWOOD,EAST PARIS AVE SE / 36TH ST SE,VEHICLE CRASH,Police,KENTWOOD POLICE,,
2,2026-09-16T15:40:00Z,1789573200000,GRAND RAPIDS,600 BLOCK OF MILWAUKEE AVE NW,GENERAL ASSIST,Police,KENT CO SHERIFF,,
1,2026-09-16T15:40:00Z,1789573200000,GRAND RAPIDS,MILWAUKEE AVE NW / FOURTH ST NW,GENERAL ASSIST,Police,KENT CO SHERIFF,,
1,2026-09-16T15:44:00Z,1789573440000,GRANDVILLE,3100 BLOCK OF 44TH ST SW,SUSPICIOUS INCIDENT,Police,GRANDVILLE POLICE,,
3,2026-09-16T15:47:00Z,1789573620000,GAINES TWP,6200 BLOCK OF KALAMAZOO AVE SE,ANIMAL INCIDENT,Police,ANIMAL CONTROL,,
3,2026-09-16T15:59:00Z,1789574340000,KENTWOOD,60TH ST SE / BRETON AVE SE,GENERAL ASSIST,Police,KENTWOOD POLICE,,
2,2026-09-16T16:05:00Z,1789574700000,EAST GRAND RAPIDS,1100 BLOCK OF LAKESIDE DR SE,GENERAL ASSIST,Police,EAST GRAND RAPIDS POLICE,,
1,2026-09-16T16:06:00Z,1789574760000,LOWELL TWP,11700 BLOCK OF E FULTON ST,MEDICAL EMERGENCY,Fire,LOWELL AREA FIRE,,
14,2026-09-16T16:09:00Z,1789574940000,BYRON TWP,84TH AT US-131,VEHICLE CRASH,Police,KENT CO SHERIFF,42.81171768,-85.66882719
3,2026-09-16T16:15:00Z,1789575300000,KENTWOOD,5200 BLOCK OF S DIVISION AVE,BURGLAR ALARM,Police,KENTWOOD POLICE,,
3,2026-09-16T16:15:00Z,1789575300000,WYOMING,5300 BLOCK OF CLYDE PARK AVE SW,SUSPICIOUS INCIDENT,Police,WYOMING POLICE,,
5,2026-09-16T16:15:00Z,1789575300000,WYOMING,5500 BLOCK OF CLYDE PARK AVE SW,SUSPICIOUS INCIDENT,Police,WYOMING POLICE,,
1,2026-09-16T16:17:00Z,1789575420000,COURTLAND TWP,8600 BLOCK OF PETERSON ST NE,ANIMAL INCIDENT,Police,ANIMAL CONTROL,,
1,2026-09-16T16:18:00Z,1789575480000,WYOMING,3600 BLOCK OF COPPER RIVER AVE SW,MEDICAL EMERGENCY,Fire,WYOMING FIRE,,
5,2026-09-16T16:22:00Z,1789575720000,GRAND RAPIDS,RICKMAN AVE NE / ELMDALE ST NE,ANIMAL INCIDENT,Police,ANIMAL CONTROL,,
5,2026-09-16T16:23:00Z,1789575780000,GRAND RAPIDS TWP,100 BLOCK OF CRAHEN AVE NE,LOITERING,Police,KENT CO SHERIFF,,
4,2026-09-16T16:29:00Z,1789576140000,GRANDVILLE,4100 BLOCK OF GRANDVIEW TERRACE DR SW,MEDICAL EMERGENCY,Fire,GRANDVILLE FIRE,,
6,2026-09-16T16:29:00Z,1789576140000,GRANDVILLE,4100 BLOCK OF GRANDVIEW TERRACE DR SW,GENERAL ASSIST,Police,GRANDVILLE POLICE,,
3,2026-09-16T16:31:00Z,1789576260000,BYRON TWP,2100 BLOCK OF 84TH ST SW,MEDICAL EMERGENCY,Fire,BYRON TWP FIRE,,
9,2026-09-16T16:31:00Z,1789576260000,CASCADE TWP,3500 BLOCK OF CHARLEVOIX DR SE,MEDICAL EMERGENCY,Fire,CASCADE TWP FIRE,,
3,2026-09-16T16:31:00Z,1789576260000,WALKER,3300 BLOCK OF ALPINE AVE NW,FRAUD,Police,WALKER POLICE,,
2,2026-09-16T16:32:00Z,1789576320000,WYOMING,1300 BLOCK OF LEE ST SW,SUSPICIOUS INCIDENT,Police,WYOMING POLICE,,
1,2026-09-16T16:33:00Z,1789576380000,WALKER,800 BLOCK OF 3 MILE RD NW,MEDICAL EMERGENCY,Fire,WALKER FIRE,,
6,2026-09-16T16:38:00Z,1789576680000,ROCKFORD,JERICHO AVE NE / OAK ST NE,ANIMAL INCIDENT,Police,ANIMAL CONTROL,,
2,2026-09-16T16:38:00Z,1789576680000,GRANDVILLE,4400 BLOCK OF FAIRVIEW ST SW,GENERAL ASSIST,Police,GRANDVILLE POLICE,,
8,2026-09-16T16:38:00Z,1789576680000,WALKER,4500 BLOCK OF DUTCHESS CT NW,WELFARE CHECK,Police,WALKER POLICE,,
5,2026-09-16T16:40:00Z,1789576800000,VERGENNES TWP,11700 BLOCK OF FOREMAN ST SE,MEDICAL EMERGENCY,Fire,LOWELL AREA FIRE,,
1,2026-09-16T16:40:00Z,1789576800000,WYOMING,S DIVISION AVE / 54TH ST SW,GENERAL ASSIST,Police,WYOMING POLICE,,
4,2026-09-16T16:42:00Z,1789576920000,ROCKFORD,200 BLOCK OF MARCELL DR NE,MEDICAL EMERGENCY,Fire,ROCKFORD FIRE,,
3,2026-09-16T16:42:00Z,1789576920000,ROCKFORD,200 BLOCK OF MARCELL DR NE,GENERAL ASSIST,Police,ROCKFORD POLICE,,
6,2026-09-16T16:45:00Z,1789577100000,GRANDVILLE,3600 BLOCK OF INDIAN MOUNDS DR SW,SUSPICIOUS INCIDENT,Police,GRANDVILLE POLICE,,
2,2026-09-16T16:46:00Z,1789577160000,ALGOMA TWP,2600 BLOCK OF 11 MILE RD NE,MEDICAL EMERGENCY,Fire,ALGOMA TWP FIRE,,
1,2026-09-16T16:48:00Z,1789577280000,WYOMING,2400 BLOCK OF FOX RUN RD SW,MEDICAL EMERGENCY,Fire,WYOMING FIRE,,
3,2026-09-16T16:50:00Z,1789577400000,KENTWOOD,2800 BLOCK OF PFEIFFER WOODS DR SE,MEDICAL EMERGENCY,Fire,KENTWOOD FIRE,,
5,2026-09-16T16:53:00Z,1789577580000,WYOMING,300 BLOCK OF FLOYD ST SW,PARKING VIOLATION,Police,WYOMING POLICE,,
2,2026-09-16T16:54:00Z,1789577640000,GRAND RAPIDS TWP,CASCADE RD SE / KENMOOR AVE SE,BROADCAST,Police,KENT CO SHERIFF,,
2,2026-09-16T16:56:00Z,1789577760000,CASCADE TWP,5000 BLOCK OF CORPORATE EXCHANGE BLVD SE,MEDICAL EMERGENCY,Fire,CASCADE TWP FIRE,,
1,2026-09-16T16:57:00Z,1789577820000,KENTWOOD,4400 BLOCK OF BRETON AVE SE,WELFARE CHECK,Police,KENTWOOD POLICE,,
1,2026-09-16T16:59:00Z,1789577940000,GRANDVILLE,4300 BLOCK OF PARKVIEW DR SW,MEDICAL EMERGENCY,Fire,GRANDVILLE FIRE,,
2,2026-09-16T16:59:00Z,1789577940000,KENTWOOD,3200 BLOCK OF 28TH ST SE,ROBBERY,Police,KENTWOOD POLICE,,
4,2026-09-16T17:02:00Z,1789578120000,CASCADE TWP,2900 BLOCK OF KRAFT AVE SE,WELFARE CHECK,Police,KENT CO SHERIFF,,
3,2026-09-16T17:09:00Z,1789578540000,GRANDVILLE,3200 BLOCK OF 44TH ST SW,FRAUD,Police,GRANDVILLE POLICE,,
2,2026-09-16T17:10:00Z,1789578600000,KENTWOOD,28TH ST SE / EAST BELTLINE AVE SE,VEHICLE CRASH,Police,KENTWOOD POLICE,,
3,2026-09-16T17:12:00Z,1789578720000,EAST GRAND RAPIDS,600 BLOCK OF MANHATTAN RD SE,LARCENY,Police,EAST GRAND RAPIDS POLICE,,
1,2026-09-16T17:13:00Z,1789578780000,WALKER,4100 BLOCK OF BULRUSH DR NW,VEHICLE CRASH,Police,WALKER POLICE,,
11,2026-09-16T17:14:00Z,1789578840000,BYRON TWP,US-131 SB TO 76TH RAMP,GENERAL ASSIST,Police,KENT CO SHERIFF,42.82680264,-85.67275496
5,2026-09-16T17:24:00Z,1789579440000,KENTWOOD,3200 BLOCK OF 28TH ST SE,FRAUD,Police,KENTWOOD POLICE,,
2,2026-09-16T17:25:00Z,1789579500000,WYOMING,1200 BLOCK OF 28TH ST SW,MISSING PERSON,Police,WYOMING POLICE,,
1,2026-09-16T17:26:00Z,1789579560000,KENTWOOD,4700 BLOCK OF HAYWOOD DR SE,ANIMAL INCIDENT,Police,ANIMAL CONTROL,,
3,2026-09-16T17:32:00Z,1789579920000,WALKER,2600 BLOCK OF ALPINE AVE NW,LARCENY,Police,WALKER POLICE,,
2,2026-09-16T17:34:00Z,1789580040000,ALPINE TWP,3900 BLOCK OF ALPINE AVE NW,WELFARE CHECK,Police,KENT CO SHERIFF,,
1,2026-09-16T17:39:00Z,1789580340000,BYRON TWP,1700 BLOCK OF THYME DR SW,ANIMAL INCIDENT,Police,ANIMAL CONTROL,,
1,2026-09-16T17:40:00Z,1789580400000,ALPINE TWP,4500 BLOCK OF ALPINE AVE NW,VEHICLE CRASH,Police,KENT CO SHERIFF,,
1,2026-09-16T17:49:00Z,1789580940000,KENTWOOD,28TH ST SE / EAST BELTLINE AVE SE,VEHICLE CRASH,Police,KENTWOOD POLICE,,
4,2026-09-16T17:50:00Z,1789581000000,ALGOMA TWP,11900 BLOCK OF CAMP LAKE DR NE,VEHICLE INSPECTION,Police,KENT CO SHERIFF,,
2,2026-09-16T17:52:00Z,1789581120000,OAKFIELD TWP,11100 BLOCK OF SOUTH BAILEY VALLEY DR NE,MEDICAL EMERGENCY,Fire,OAKFIELD TWP FIRE,,
2,2026-09-16T17:52:00Z,1789581120000,PLAINFIELD TWP,4200 BLOCK OF MIRAMAR AVE NE,FIRE ALARM,Fire,PLAINFIELD TWP FIRE,,
2,2026-09-16T17:59:00Z,1789581540000,LOWELL,1500 BLOCK OF DEBORAH DR SE,FOUND PROPERTY,Police,LOWELL POLICE,,
1,2026-09-16T18:00:00Z,1789581600000,WYOMING,BUCHANAN AVE SW / 28TH ST SW,SUSPICIOUS INCIDENT,Police,WYOMING POLICE,,
7,2026-09-16T18:03:00Z,1789581780000,WYOMING,2800 BLOCK OF S DIVISION AVE,OBSCENITY,Police,WYOMING POLICE,,
1,2026-09-16T18:06:00Z,1789581960000,WALKER,100 BLOCK OF WILSON AVE NW,VEHICLE FIRE,Fire,WALKER FIRE,,
6,2026-09-16T18:06:00Z,1789581960000,WYOMING,2000 BLOCK OF HUIZEN AVE SW,911 HANG UP,Police,WYOMING POLICE,,
3,2026-09-16T18:12:00Z,1789582320000,GRANDVILLE,3700 BLOCK OF RIVERTOWN PKWY SW,FRAUD,Police,GRANDVILLE POLICE,,
3,2026-09-16T18:14:00Z,1789582440000,CEDAR SPRINGS,400 BLOCK OF S ALLAN ST NE,MEDICAL EMERGENCY,Fire,CEDAR SPRINGS FIRE,,
2,2026-09-16T18:14:00Z,1789582440000,CEDAR SPRINGS,400 BLOCK OF S ALLAN ST NE,BROADCAST,Police,KENT CO SHERIFF,,
2,2026-09-16T18:16:00Z,1789582560000,WYOMING,CLYDE PARK AVE SW / 36TH ST SW,RECKLESS DRIVER,Police,WYOMING POLICE,,
1,2026-09-16T18:18:00Z,1789582680000,CASCADE TWP,2900 BLOCK OF THORNHILLS AVE SE,MEDICAL EMERGENCY,Fire,CASCADE TWP FIRE,,
5,2026-09-16T18:20:00Z,1789582800000,CASCADE TWP,3800 BLOCK OF THORNAPPLE RIVER DR SE,DISORDERLY PERSON,Police,KENT CO SHERIFF,,
12,2026-09-16T18:24:00Z,1789583040000,WYOMING,US-131 SB TO 54TH RAMP,VEHICLE CRASH,Police,WYOMING POLICE,42.86789437,-85.68126477
2,2026-09-16T18:26:00Z,1789583160000,CASCADE TWP,7200 BLOCK OF KILMER DR SE,MEDICAL EMERGENCY,Fire,CASCADE TWP FIRE,,
3,2026-09-16T18:26:00Z,1789583160000,KENTWOOD,4100 BLOCK OF LAKE DR SE,MEDICAL EMERGENCY,Fire,KENTWOOD FIRE,,
6,2026-09-16T18:34:00Z,1789583640000,ALPINE TWP,4000 BLOCK OF ALPINE AVE NW,DISORDERLY PERSON,Police,KENT CO SHERIFF,,
2,2026-09-16T18:35:00Z,1789583700000,CASNOVIA,100 BLOCK OF S MAIN ST NW,STRUCTURE FIRE,Fire,KENT CITY FIRE,,
10,2026-09-16T18:35:00Z,1789583700000,CASNOVIA,100 BLOCK OF S MAIN ST NW,BROADCAST,Police,KENT CO SHERIFF,,
1,2026-09-16T18:36:00Z,1789583760000,KENTWOOD,1000 BLOCK OF SPRINGWOOD DR SE,ANIMAL INCIDENT,Police,ANIMAL CONTROL,,
4,2026-09-16T18:36:00Z,1789583760000,WALKER,2100 BLOCK OF BRISTOL AVE NW,BROADCAST,Police,WALKER POLICE,,
9,2026-09-16T18:36:00Z,1789583760000,WALKER,ALPINE AVE NW / NORTH CENTER DR NW,VEHICLE CRASH,Police,WALKER POLICE,,
2,2026-09-16T18:37:00Z,1789583820000,ALPINE TWP,3900 BLOCK OF ALPINE AVE NW,WELFARE CHECK,Police,KENT CO SHERIFF,,
4,2026-09-16T18:39:00Z,1789583940000,LOWELL TWP,1600 BLOCK OF WALES RD SE,CARBON MONOXIDE INVESTIGATION,Fire,LOWELL AREA FIRE,,
6,2026-09-16T18:41:00Z,1789584060000,GRAND RAPIDS TWP,3000 BLOCK OF EAST BELTLINE AVE NE,SUSPICIOUS INCIDENT,Police,KENT CO SHERIFF,,
3,2026-09-16T18:44:00Z,1789584240000,BYRON TWP,200 BLOCK OF MARCUS ST SW,LARCENY,Police,KENT CO SHERIFF,,
1,2026-09-16T18:45:00Z,1789584300000,BYRON TWP,700 BLOCK OF 68TH ST SW,TRESPASSING,Police,KENT CO SHERIFF,,
2,2026-09-16T18:45:00Z,1789584300000,WYOMING,700 BLOCK OF 28TH ST SW,MEDICAL EMERGENCY,Fire,WYOMING FIRE,,
14,2026-09-16T18:46:00Z,1789584360000,BYRON TWP,M-6 WB TO WILSON RAMP,VEHICLE CRASH,Police,KENT CO SHERIFF,42.85076521,-85.75999897
2,2026-09-16T18:47:00Z,1789584420000,KENTWOOD,2800 BLOCK OF PFEIFFER WOODS DR SE,MEDICAL EMERGENCY,Fire,KENTWOOD FIRE,,
2,2026-09-16T18:49:00Z,1789584540000,WYOMING,4300 BLOCK OF S DIVISION AVE,DISORDERLY PERSON,Police,WYOMING POLICE,,
1,2026-09-16T18:51:00Z,1789584660000,WYOMING,5600 BLOCK OF CLYDE PARK AVE SW,FRAUD,Police,WYOMING POLICE,,
5,2026-09-16T19:00:00Z,1789585200000,PLAINFIELD TWP,3600 BLOCK OF PLAINFIELD AVE NE,VEHICLE CRASH,Police,KENT CO SHERIFF,,
6,2026-09-16T19:00:00Z,1789585200000,WALKER,200 BLOCK OF MANZANA CT NW,FRAUD,Police,WALKER POLICE,,
1,2026-09-16T19:02:00Z,1789585320000,WYOMING,4100 BLOCK OF CROOKED TREE RD SW,STRUCTURE FIRE,Fire,WYOMING FIRE,,
7,2026-09-16T19:05:00Z,1789585500000,CASCADE TWP,3400 BLOCK OF KRAFT AVE SE,ANIMAL INCIDENT,Police,ANIMAL CONTROL,,
3,2026-09-16T19:07:00Z,1789585620000,KENTWOOD,900 BLOCK OF 52ND ST SE,FIGHT,Police,KENTWOOD POLICE,,
2,2026-09-16T19:09:00Z,1789585740000,ALGOMA TWP,3000 BLOCK OF 15 MILE RD NE,VEHICLE CRASH,Police,ALGOMA TWP FIRE,,
2,2026-09-16T19:09:00Z,1789585740000,ALGOMA TWP,3000 BLOCK OF 15 MILE RD NE,VEHICLE CRASH,Police,KENT CO SHERIFF,,
6,2026-09-16T19:10:00Z,1789585800000,KENTWOOD,5600 BLOCK OF WEST GROVE DR SE,TRESPASSING,Police,KENTWOOD POLICE,,
1,2026-09-16T19:12:00Z,1789585920000,CALEDONIA TWP,9100 BLOCK OF KRAFT AVE SE,VEHICLE CRASH,Police,KENT CO SHERIFF,,
5,2026-09-16T19:12:00Z,1789585920000,KENTWOOD,48TH ST SE / S DIVISION AVE,VEHICLE CRASH,Police,KENTWOOD POLICE,,
12,2026-09-16T19:18:00Z,1789586280000,WYOMING,US-131 NB SO 28TH,VEHICLE CRASH,Police,WYOMING POLICE,42.91227212,-85.67729128
3,2026-09-16T19:23:00Z,1789586580000,BYRON TWP,6500 BLOCK OF LANCE AVE SW,MEDICAL EMERGENCY,Fire,BYRON TWP FIRE,,
3,2026-09-16T19:23:00Z,1789586580000,EAST GRAND RAPIDS,2500 BLOCK OF HALL ST SE,VEHICLE CRASH,Police,EAST GRAND RAPIDS POLICE,,
2,2026-09-16T19:24:00Z,1789586640000,ROCKFORD,W DIVISION ST NE / RIVER ST NE,GENERAL ASSIST,Police,ROCKFORD POLICE,,
1,2026-09-16T19:25:00Z,1789586700000,BYRON TWP,700 BLOCK OF 68TH ST SW,ABANDONED VEHICLE,Police,KENT CO SHERIFF,,
1,2026-09-16T19:30:00Z,1789587000000,WYOMING,2300 BLOCK OF 36TH ST SW,FRAUD,Police,WYOMING POLICE,,
5,2026-09-16T19:31:00Z,1789587060000,GRAND RAPIDS,DARWIN AVE SW / ROSE ST SW,ANIMAL INCIDENT,Police,ANIMAL CONTROL,,
1,2026-09-16T19:34:00Z,1789587240000,EAST GRAND RAPIDS,1000 BLOCK OF LAKE GROVE AVE SE,GENERAL ASSIST,Police,EAST GRAND RAPIDS POLICE,,
5,2026-09-16T19:41:00Z,1789587660000,CALEDONIA TWP,7300 BLOCK OF MAMMOTH CT SE,MEDICAL EMERGENCY,Fire,CALEDONIA TWP FIRE,,
1,2026-09-16T19:41:00Z,1789587660000,CALEDONIA TWP,7300 BLOCK OF MAMMOTH CT SE,GENERAL ASSIST,Police,KENT CO SHERIFF,,
12,2026-09-16T19:48:00Z,1789588080000,BYRON TWP,US-131 SB SO 68TH,WELFARE CHECK,Police,KENT CO SHERIFF,42.8398845,-85.67804684
12,2026-09-16T19:48:00Z,1789588080000,BYRON TWP,US-131 SB SO 76TH,WELFARE CHECK,Police,KENT CO SHERIFF,42.8257468,-85.6718151
2,2026-09-16T19:50:00Z,1789588200000,WYOMING,100 BLOCK OF 35TH ST SW,FIGHT,Police,WYOMING POLICE,,
3,2026-09-16T19:52:00Z,1789588320000,CEDAR SPRINGS,200 BLOCK OF OAK ST NE,MEDICAL EMERGENCY,Fire,CEDAR SPRINGS FIRE,,
1,2026-09-16T19:53:00Z,1789588380000,KENTWOOD,44TH ST SE / SHAFFER AVE SE,VEHICLE CRASH,Police,KENTWOOD POLICE,,
1,2026-09-16T19:54:00Z,1789588440000,KENTWOOD,1400 BLOCK OF 60TH ST SE,TRESPASSING,Police,KENTWOOD POLICE,,
3,2026-09-16T19:57:00Z,1789588620000,GRANDVILLE,2900 BLOCK OF LOCKE AVE SW,SUSPICIOUS INCIDENT,Police,GRANDVILLE POLICE,,
3,2026-09-16T19:57:00Z,1789588620000,BYRON TWP,600 BLOCK OF GORDON INDUSTRIAL CT SW,GENERAL ASSIST,Police,KENT CO SHERIFF,,
2,2026-09-16T19:58:00Z,1789588680000,WYOMING,2300 BLOCK OF DE HOOP AVE SW,GENERAL ASSIST,Police,WYOMING POLICE,,
1,2026-09-16T20:02:00Z,1789588920000,CASCADE TWP,2900 BLOCK OF THORNHILLS AVE SE,MEDICAL EMERGENCY,Fire,CASCADE TWP FIRE,,
4,2026-09-16T20:05:00Z,1789589100000,PLAINFIELD TWP,1500 BLOCK OF RUTH LN NE,WELFARE CHECK,Police,KENT CO SHERIFF,,
3,2026-09-16T20:09:00Z,1789589340000,KENTWOOD,3100 BLOCK OF LAKE EASTBROOK BLVD SE,911 HANG UP,Police,KENTWOOD POLICE,,
2,2026-09-16T20:12:00Z,1789589520000,GRANDVILLE,4000 BLOCK OF JOHNSON LN SW,WELFARE CHECK,Police,GRANDVILLE POLICE,,
1,2026-09-16T20:14:00Z,1789589640000,GRANDVILLE,4000 BLOCK OF JOHNSON LN SW,MEDICAL EMERGENCY,Fire,GRANDVILLE FIRE,,
1,2026-09-16T20:21:00Z,1789590060000,GAINES TWP,60TH ST SE / KALAMAZOO AVE SE,VEHICLE CRASH,Police,KENT CO SHERIFF,,
4,2026-09-16T20:22:00Z,1789590120000,OAKFIELD TWP,12200 BLOCK OF MACCLAIN ST NE,GENERAL ASSIST,Police,KENT CO SHERIFF,,
1,2026-09-16T20:28:00Z,1789590480000,WYOMING,4300 BLOCK OF STONEBRIDGE RD SW,MEDICAL EMERGENCY,Fire,WYOMING FIRE,,
2,2026-09-16T20:31:00Z,1789590660000,WYOMING,2100 BLOCK OF 30TH ST SW,MEDICAL EMERGENCY,Fire,WYOMING FIRE,,
8,2026-09-16T20:34:00Z,1789590840000,GRATTAN TWP,7700 BLOCK OF ASHLEY AVE NE,STOLEN VEHICLE,Police,KENT CO SHERIFF,,
1,2026-09-16T20:37:00Z,1789591020000,CASCADE TWP,3000 BLOCK OF CHAPSHIRE DR SE,FIRE INVESTIGATION,Fire,CASCADE TWP FIRE,,
2,2026-09-16T20:41:00Z,1789591260000,GRAND RAPIDS TWP,1200 BLOCK OF EAST PARIS AVE SE,911 HANG UP,Police,KENT CO SHERIFF,,
4,2026-09-16T20:41:00Z,1789591260000,KENTWOOD,4600 BLOCK OF 44TH ST SE,GENERAL ASSIST,Police,KENTWOOD POLICE,,
1,2026-09-16T20:42:00Z,1789591320000,KENTWOOD,4500 BLOCK OF BOWEN BLVD SE,MEDICAL EMERGENCY,Fire,KENTWOOD FIRE,,
5,2026-09-16T20:49:00Z,1789591740000,WYOMING,2100 BLOCK OF GODFREY AVE SW,GENERAL ASSIST,Police,WYOMING POLICE,,
8,2026-09-16T20:53:00Z,1789591980000,CASCADE TWP,6300 BLOCK OF WAINSCOT ST SE,DISORDERLY PERSON,Police,KENT CO SHERIFF,,
4,2026-09-16T20:55:00Z,1789592100000,GRAND RAPIDS TWP,EAST BELTLINE AVE SE / CASCADE RD SE,VEHICLE CRASH,Police,KENT CO SHERIFF,,
1,2026-09-16T20:56:00Z,1789592160000,WALKER,1900 BLOCK OF KINNEY AVE NW,ANIMAL INCIDENT,Police,ANIMAL CONTROL,,
2,2026-09-16T20:57:00Z,1789592220000,CASCADE TWP,6600 BLOCK OF CASCADE RD SE,MEDICAL EMERGENCY,Fire,CASCADE TWP FIRE,,
4,2026-09-16T20:57:00Z,1789592220000,NELSON TWP,6600 BLOCK OF 18 MILE RD NE,MEDICAL EMERGENCY,Fire,CEDAR SPRINGS FIRE,,
1,2026-09-16T20:58:00Z,1789592280000,GRANDVILLE,CHICAGO DR SW / WILSON AVE SW,VEHICLE CRASH,Police,GRANDVILLE POLICE,,
1,2026-09-16T21:05:00Z,1789592700000,KENTWOOD,3700 BLOCK OF 29TH ST SE,BROADCAST,Police,KENTWOOD POLICE,,
3,2026-09-16T21:12:00Z,1789593120000,KENTWOOD,4300 BLOCK OF ROLLING ACRES DR SE,MEDICAL EMERGENCY,Fire,KENTWOOD FIRE,,
7,2026-09-16T21:13:00Z,1789593180000,GRANDVILLE,I-196 WB EO CHICAGO DR-MM 69-GV,VEHICLE CRASH,Police,GRANDVILLE POLICE,42.90588127,-85.78036549
9,2026-09-16T21:13:00Z,1789593180000,GAINES TWP,6800 BLOCK OF KALAMAZOO AVE SE,SUSPICIOUS INCIDENT,Police,KENT CO SHERIFF,,
2,2026-09-16T21:13:00Z,1789593180000,WYOMING,1600 BLOCK OF 44TH ST SW,FIRE ALARM,Fire,WYOMING FIRE,,
8,2026-09-16T21:14:00Z,1789593240000,GRANDVILLE,4100 BLOCK OF PINE CREEK RD SW,LARCENY,Police,GRANDVILLE POLICE,,
1,2026-09-16T21:16:00Z,1789593360000,WALKER,1700 BLOCK OF 3 MILE RD NW,STRUCTURE FIRE,Fire,WALKER FIRE,,
2,2026-09-16T21:16:00Z,1789593360000,WALKER,1700 BLOCK OF 3 MILE RD NW,BROADCAST,Police,WALKER POLICE,,
7,2026-09-16T21:19:00Z,1789593540000,WALKER,1900 BLOCK OF PHEASANT AVE NW,DEER PERMIT,Police,WALKER POLICE,,
1,2026-09-16T21:29:00Z,1789594140000,GRAND RAPIDS,1300 BLOCK OF LAKE MICHIGAN DR NW,ANIMAL INCIDENT,Police,ANIMAL CONTROL,,
4,2026-09-16T21:29:00Z,1789594140000,WYOMING,5900 BLOCK OF BYRON CENTER AVE SW,ASSAULT,Police,WYOMING POLICE,,
1,2026-09-16T21:30:00Z,1789594200000,WYOMING,3800 BLOCK OF S DIVISION AVE,VEHICLE CRASH,Police,WYOMING POLICE,,
4,2026-09-16T21:31:00Z,1789594260000,WYOMING,1400 BLOCK OF PRAIRIE PKWY SW,WELFARE CHECK,Police,WYOMING POLICE,,
9,2026-09-16T21:32:00Z,1789594320000,GRATTAN TWP,LINCOLN LAKE AVE NE / 6 MILE RD NE,ANIMAL INCIDENT,Police,ANIMAL CONTROL,,
5,2026-09-16T21:33:00Z,1789594380000,WYOMING,5100 BLOCK OF HARBOR HOUSE LN SW,STOLEN VEHICLE,Police,WYOMING POLICE,,
2,2026-09-16T21:39:00Z,1789594740000,LOWELL,1000 BLOCK OF FOREMAN ST SE,MEDICAL EMERGENCY,Fire,LOWELL AREA FIRE,,
3,2026-09-16T21:39:00Z,1789594740000,WYOMING,BYRON CENTER AVE SW / 44TH ST SW,VEHICLE CRASH,Police,WYOMING POLICE,,
1,2026-09-16T21:40:00Z,1789594800000,WALKER,700 BLOCK OF NORTH CENTER CT NW,MEDICAL EMERGENCY,Fire,WALKER FIRE,,
1,2026-09-16T21:43:00Z,1789594980000,BYRON TWP,100 BLOCK OF 100TH ST SW,GENERAL ASSIST,Police,KENT CO SHERIFF,,
3,2026-09-16T21:48:00Z,1789595280000,ALPINE TWP,5500 BLOCK OF ALPINE AVE NW,WELFARE CHECK,Police,KENT CO SHERIFF,,
4,2026-09-16T21:50:00Z,1789595400000,GRANDVILLE,WILSON AVE SW / 28TH ST SW,GENERAL ASSIST,Police,GRANDVILLE POLICE,,
5,2026-09-16T21:52:00Z,1789595520000,GRANDVILLE,3700 BLOCK OF RIVERTOWN PKWY SW,GENERAL ASSIST,Police,GRANDVILLE POLICE,,
5,2026-09-16T21:53:00Z,1789595580000,PLAINFIELD TWP,WOLVERINE BLVD NE / BELDING RD NE,VEHICLE CRASH,Police,KENT CO SHERIFF,,
5,2026-09-16T21:54:00Z,1789595640000,ALPINE TWP,4200 BLOCK OF ALPENHORN DR NW,LARCENY,Police,KENT CO SHERIFF,,
2,2026-09-16T21:55:00Z,1789595700000,KENTWOOD,4200 BLOCK OF 28TH ST SE,GENERAL ASSIST,Police,KENTWOOD POLICE,,
3,2026-09-16T21:55:00Z,1789595700000,WYOMING,2700 BLOCK OF JENKINS AVE SW,WELFARE CHECK,Police,WYOMING POLICE,,
2,2026-09-16T22:02:00Z,1789596120000,PLAINFIELD TWP,4700 BLOCK OF BELDING RD NE,MEDICAL EMERGENCY,Fire,PLAINFIELD TWP FIRE,,
1,2026-09-16T22:04:00Z,1789596240000,BYRON TWP,72ND ST SW / NANTUCKET DR SW,VEHICLE CRASH,Police,KENT CO SHERIFF,,
2,2026-09-16T22:07:00Z,1789596420000,CALEDONIA TWP,4900 BLOCK OF 60TH ST SE,BURGLAR ALARM,Police,KENT CO SHERIFF,,
1,2026-09-16T22:09:00Z,1789596540000,GAINES TWP,1500 BLOCK OF EASTPORT DR SE,STOLEN VEHICLE,Police,KENT CO SHERIFF,,
1,2026-09-16T22:20:00Z,1789597200000,WALKER,4500 BLOCK OF DUTCHESS CT NW,WELFARE CHECK,Police,WALKER POLICE,,
7,2026-09-16T22:22:00Z,1789597320000,SPENCER TWP,14400 BLOCK OF WABASIS AVE NE,GENERAL ASSIST,Police,KENT CO SHERIFF,,
10,2026-09-16T22:29:00Z,1789597740000,WALKER,ALPINE TO I-96 EB RAMP,VEHICLE CRASH,Police,WALKER POLICE,43.01612171,-85.68631197
3,2026-09-16T22:30:00Z,1789597800000,LOWELL TWP,CASCADE RD SE / ALDEN NASH AVE SE,ANIMAL INCIDENT,Police,KENT CO SHERIFF,,
1,2026-09-16T22:39:00Z,1789598340000,WYOMING,MICHAEL AVE SW / DEHOOP AVE SW,SUSPICIOUS INCIDENT,Police,WYOMING POLICE,,
1,2026-09-16T22:41:00Z,1789598460000,CANNON TWP,6400 BLOCK OF SUMMER MEADOWS DR NE,MISC FIRE,Fire,CANNON TWP FIRE,,
9,2026-09-16T22:43:00Z,1789598580000,KENTWOOD,32ND AT BROADMOOR AVE SE,GENERAL ASSIST,Police,KENTWOOD POLICE,42.9052452,-85.58198483
1,2026-09-16T22:44:00Z,1789598640000,KENTWOOD,52ND ST SE / DISCOVERY DR SE,GENERAL ASSIST,Police,KENTWOOD POLICE,,
1,2026-09-16T22:48:00Z,1789598880000,GAINES TWP,6300 BLOCK OF KALAMAZOO AVE SE,FRAUD,Police,KENT CO SHERIFF,,
1,2026-09-16T22:54:00Z,1789599240000,CASCADE TWP,6100 BLOCK OF CHARLEVOIX WOODS CT SE,MEDICAL EMERGENCY,Fire,CASCADE TWP FIRE,,
8,2026-09-16T22:54:00Z,1789599240000,BYRON TWP,IVANREST AT M-6,LARCENY,Police,KENT CO SHERIFF,42.85262836,-85.74273808
7,2026-09-16T23:03:00Z,1789599780000,WYOMING,4000 BLOCK OF LINDEN AVE SE,BURGLAR ALARM,Police,WYOMING POLICE,,
1,2026-09-16T23:07:00Z,1789600020000,WYOMING,1700 BLOCK OF DEN HERTOG ST SW,RECKLESS DRIVER,Police,WYOMING POLICE,,
6,2026-09-16T23:08:00Z,1789600080000,CASCADE TWP,I-96 EB TO 36TH RAMP,GENERAL ASSIST,Police,KENT CO SHERIFF,42.90134614,-85.52168295
1,2026-09-16T23:09:00Z,1789600140000,WYOMING,28TH ST SW / BUCHANAN AVE SW,VEHICLE CRASH,Police,WYOMING POLICE,,
3,2026-09-16T23:10:00Z,1789600200000,BYRON TWP,300 BLOCK OF N EDINBERG DR SW,SUSPICIOUS INCIDENT,Police,KENT CO SHERIFF,,
4,2026-09-16T23:10:00Z,1789600200000,WYOMING,1800 BLOCK OF DELWOOD AVE SW,BROADCAST,Police,WYOMING POLICE,,
7,2026-09-16T23:12:00Z,1789600320000,SPENCER TWP,11400 BLOCK OF 17 MILE RD NE,HARASSMENT,Police,KENT CO SHERIFF,,
2,2026-09-16T23:14:00Z,1789600440000,GRANDVILLE,4300 BLOCK OF WIMBLEDON DR SW,MEDICAL EMERGENCY,Fire,GRANDVILLE FIRE,,
1,2026-09-16T23:14:00Z,1789600440000,GRANDVILLE,4300 BLOCK OF WIMBLEDON DR SW,GENERAL ASSIST,Police,GRANDVILLE POLICE,,
6,2026-09-16T23:17:00Z,1789600620000,WYOMING,S DIVISION AVE / 32ND ST SW,VEHICLE CRASH,Police,WYOMING POLICE,,
5,2026-09-16T23:25:00Z,1789601100000,GRAND RAPIDS TWP,3200 BLOCK OF N EVERGREEN DR NE,VEHICLE CRASH,Police,KENT CO SHERIFF,,
1,2026-09-16T23:28:00Z,1789601280000,EAST GRAND RAPIDS,1600 BLOCK OF REED ST SE,TRESPASSING,Police,EAST GRAND RAPIDS POLICE,,
4,2026-09-16T23:29:00Z,1789601340000,WYOMING,5400 BLOCK OF MEADOW RUN DR SW,HARASSMENT,Police,WYOMING POLICE,,
1,2026-09-16T23:36:00Z,1789601760000,KENTWOOD,3000 BLOCK OF EAST PARIS AVE SE,MEDICAL EMERGENCY,Fire,KENTWOOD FIRE,,
1,2026-09-16T23:37:00Z,1789601820000,KENTWOOD,1600 BLOCK OF 44TH ST SE,GENERAL ASSIST,Police,KENTWOOD POLICE,,
6,2026-09-16T23:42:00Z,1789602120000,GRAND RAPIDS TWP,I-96 WB EO CASCADE,VEHICLE CRASH,Police,KENT CO SHERIFF,42.94559558,-85.56671236
3,2026-09-16T23:44:00Z,1789602240000,WALKER,600 BLOCK OF FERNDALE AVE NW,ABANDONED VEHICLE,Police,WALKER POLICE,,
2,2026-09-16T23:46:00Z,1789602360000,GAINES TWP,1200 BLOCK OF 68TH ST SE,MEDICAL EMERGENCY,Fire,GAINES TWP FIRE,,
1,2026-09-16T23:48:00Z,1789602480000,KENTWOOD,2700 BLOCK OF EAST BELTLINE AVE SE,911 HANG UP,Police,KENTWOOD POLICE,,
2,2026-09-16T23:50:00Z,1789602600000,KENTWOOD,3100 BLOCK OF WOODBRIDGE DR SE,GENERAL ASSIST,Police,KENTWOOD POLICE,,
1,2026-09-16T23:54:00Z,1789602840000,KENTWOOD,4600 BLOCK OF HUNTERS RIDGE DR SE,FIRE INVESTIGATION,Fire,KENTWOOD FIRE,,
5,2026-09-16T23:55:00Z,1789602900000,PLAINFIELD TWP,4700 BLOCK OF WEST RIVER DR NE,HARASSMENT,Police,KENT CO SHERIFF,,
2,2026-09-16T23:57:00Z,1789603020000,BYRON TWP,7200 BLOCK OF HOUNDSTOOTH AVE SW,MEDICAL EMERGENCY,Fire,BYRON TWP FIRE,,
1,2026-09-16T23:57:00Z,1789603020000,KENTWOOD,3300 BLOCK OF PINE MEADOW DR SE,GENERAL ASSIST,Police,KENTWOOD POLICE,,
1,2026-09-16T23:59:00Z,1789603140000,WALKER,4600 BLOCK OF REMEMBRANCE RD NW,RECKLESS DRIVER,Police,WALKER POLICE,,
2,2026-09-17T00:09:00Z,1789603740000,PLAINFIELD TWP,4500 BLOCK OF OAK RIVER DR NE,SOUND OF GUNSHOTS,Police,KENT CO SHERIFF,,
1,2026-09-17T00:14:00Z,1789604040000,TYRONE TWP,3000 BLOCK OF EAST PEACH CT NW,CARBON MONOXIDE INVESTIGATION,Fire,KENT CITY FIRE,,
6,2026-09-17T00:16:00Z,1789604160000,GRAND RAPIDS TWP,I-96 WB EO CASCADE,GENERAL ASSIST,Police,MICHIGAN STATE POLICE,42.94559558,-85.56671236
3,2026-09-17T00:19:00Z,1789604340000,WALKER,I-96 WB AT US-131,GENERAL ASSIST,Police,WALKER POLICE,43.02126108,-85.66802815
2,2026-09-17T00:20:00Z,1789604400000,GRAND RAPIDS TWP,EAST BELTLINE AVE SE / CASCADE RD SE,DEER PERMIT,Police,KENT CO SHERIFF,,
1,2026-09-17T00:23:00Z,1789604580000,GAINES TWP,6300 BLOCK OF S DIVISION AVE,ASSAULT,Police,KENT CO SHERIFF,,
1,2026-09-17T00:28:00Z,1789604880000,WALKER,3600 BLOCK OF REMEMBRANCE RD NW,WELFARE CHECK,Police,WALKER POLICE,,
4,2026-09-17T00:29:00Z,1789604940000,PLAINFIELD TWP,3900 BLOCK OF WEST RIVER DR NE,GENERAL ASSIST,Police,KENT CO SHERIFF,,
2,2026-09-17T00:39:00Z,1789605540000,ROCKFORD,400 BLOCK OF E DIVISION ST NE,MEDICAL EMERGENCY,Fire,ROCKFORD FIRE,,
1,2026-09-17T00:39:00Z,1789605540000,ROCKFORD,400 BLOCK OF E DIVISION ST NE,GENERAL ASSIST,Police,ROCKFORD POLICE,,
1,2026-09-17T00:43:00Z,1789605780000,WYOMING,600 BLOCK OF 36TH ST SW,MEDICAL EMERGENCY,Fire,WYOMING FIRE,,
1,2026-09-17T00:52:00Z,1789606320000,WALKER,300 BLOCK OF WILSON AVE NW,WELFARE CHECK,Police,WALKER POLICE,,
1,2026-09-17T01:00:00Z,1789606800000,BYRON TWP,WILSON NB TO EB M-6 RAMP,VEHICLE CRASH,Police,BYRON TWP FIRE,,
2,2026-09-17T01:00:00Z,1789606800000,BYRON TWP,WILSON NB TO EB M-6 RAMP,VEHICLE CRASH,Police,KENT CO SHERIFF,,
1,2026-09-17T01:00:00Z,1789606800000,KENTWOOD,3300 BLOCK OF 36TH ST SE,DISORDERLY PERSON,Police,KENTWOOD POLICE,,
5,2026-09-17T01:09:00Z,1789607340000,WYOMING,0 BLOCK OF JANET ST SE,BURGLARY,Police,WYOMING POLICE,,
4,2026-09-17T01:14:00Z,1789607640000,LOWELL,500 BLOCK OF LINCOLN LAKE AVE SE,MEDICAL EMERGENCY,Fire,LOWELL AREA FIRE,,
4,2026-09-17T01:15:00Z,1789607700000,KENTWOOD,3100 BLOCK OF LAKE EASTBROOK BLVD SE,911 HANG UP,Police,KENTWOOD POLICE,,
3,2026-09-17T01:17:00Z,1789607820000,KENTWOOD,3100 BLOCK OF LAKE EASTBROOK BLVD SE,MEDICAL EMERGENCY,Fire,KENTWOOD FIRE,,
5,2026-09-17T01:18:00Z,1789607880000,TYRONE TWP,M-37 / 17 MILE RD NW,VEHICLE CRASH,Police,KENT CO SHERIFF,,
4,2026-09-17T01:18:00Z,1789607880000,ROCKFORD,100 BLOCK OF CLAYTON CT NE,BARKING DOG,Police,ROCKFORD POLICE,,
1,2026-09-17T01:19:00Z,1789607940000,WYOMING,36TH ST SW / WYOMING AVE SW,VEHICLE CRASH,Police,WYOMING FIRE,,
2,2026-09-17T01:19:00Z,1789607940000,WYOMING,36TH ST SW / WYOMING AVE SW,VEHICLE CRASH,Police,WYOMING POLICE,,
2,2026-09-17T01:22:00Z,1789608120000,BYRON TWP,8100 BLOCK OF BYRON DEPOT DR SW,911 HANG UP,Police,KENT CO SHERIFF,,
2,2026-09-17T01:32:00Z,1789608720000,BOWNE TWP,8300 BLOCK OF ALTO WAY DR SE,MEDICAL EMERGENCY,Fire,ALTO AREA FIRE,,
1,2026-09-17T01:35:00Z,1789608900000,CASCADE TWP,5000 BLOCK OF 28TH ST SE,GENERAL ASSIST,Police,KENT CO SHERIFF,,
3,2026-09-17T01:35:00Z,1789608900000,KENTWOOD,2700 BLOCK OF CASTLE BLUFF CT SE,STRUCTURE FIRE,Fire,KENTWOOD FIRE,,
2,2026-09-17T01:36:00Z,1789608960000,KENTWOOD,3000 BLOCK OF LAKE EASTBROOK BLVD SE,FIRE ALARM,Fire,KENTWOOD FIRE,,
1,2026-09-17T01:38:00Z,1789609080000,CASCADE TWP,2900 BLOCK OF THORNHILLS AVE SE,MEDICAL EMERGENCY,Fire,CASCADE TWP FIRE,,
1,2026-09-17T01:54:00Z,1789610040000,KENTWOOD,800 BLOCK OF 44TH ST SE,GENERAL ASSIST,Police,KENTWOOD POLICE,,
1,2026-09-17T01:56:00Z,1789610160000,WYOMING,2300 BLOCK OF LEE ST SW,WELFARE CHECK,Police,WYOMING POLICE,,
2,2026-09-17T01:58:00Z,1789610280000,WYOMING,5600 BLOCK OF CLYDE PARK AVE SW,FRAUD,Police,WYOMING POLICE,,
1,2026-09-17T02:01:00Z,1789610460000,CASCADE TWP,5000 BLOCK OF KRAFT AVE SE,BURGLAR ALARM,Police,KENT CO SHERIFF,,
1,2026-09-17T02:24:00Z,1789611840000,SPENCER TWP,12100 BLOCK OF VERLIN DR NE,MEDICAL EMERGENCY,Fire,SPENCER TWP FIRE,,
1,2026-09-17T02:28:00Z,1789612080000,PLAINFIELD TWP,6100 BLOCK OF NORTHLAND DR NE,WELFARE CHECK,Police,KENT CO SHERIFF,,
2,2026-09-17T02:33:00Z,1789612380000,KENTWOOD,3100 BLOCK OF BRETON AVE SE,STOLEN VEHICLE,Police,KENTWOOD POLICE,,
1,2026-09-17T02:35:00Z,1789612500000,WYOMING,3100 BLOCK OF BYRON CENTER AVE SW,WELFARE CHECK,Police,WYOMING POLICE,,
1,2026-09-17T02:42:00Z,1789612920000,WYOMING,3100 BLOCK OF BYRON CENTER AVE SW,MEDICAL EMERGENCY,Fire,WYOMING FIRE,,
1,2026-09-17T02:56:00Z,1789613760000,CASCADE TWP,2900 BLOCK OF THORNHILLS AVE SE,MEDICAL EMERGENCY,Fire,CASCADE TWP FIRE,,
1,2026-09-17T02:58:00Z,1789613880000,KENT CITY,W MUSKEGON ST NW / N BALL CREEK RD NW,WELFARE CHECK,Police,KENT CO SHERIFF,,
1,2026-09-17T03:05:00Z,1789614300000,WYOMING,5900 BLOCK OF BYRON CENTER AVE SW,DISORDERLY PERSON,Police,WYOMING POLICE,,
3,2026-09-17T03:06:00Z,1789614360000,BYRON TWP,1100 BLOCK OF 64TH ST SW,MISSING PERSON,Police,KENT CO SHERIFF,,
2,2026-09-17T03:07:00Z,1789614420000,KENT CITY,W MUSKEGON ST NW / N BALL CREEK RD NW,MEDICAL EMERGENCY,Fire,KENT CITY FIRE,,
1,2026-09-17T03:16:00Z,1789614960000,KENTWOOD,4800 BLOCK OF CIRCLE SHORE DR SE,MEDICAL EMERGENCY,Fire,KENTWOOD FIRE,,
1,2026-09-17T03:18:00Z,1789615080000,WYOMING,2100 BLOCK OF BURLINGAME AVE SW,MEDICAL EMERGENCY,Fire,WYOMING FIRE,,
1,2026-09-17T03:54:00Z,1789617240000,KENTWOOD,2700 BLOCK OF BLOOMING BUD LN SE,GENERAL ASSIST,Police,KENTWOOD POLICE,,
3,2026-09-17T03:55:00Z,1789617300000,WALKER,WALKER NB TO I-96 EB RAMP,WELFARE CHECK,Police,WALKER POLICE,43.0208275,-85.72391733
2,2026-09-17T03:55:00Z,1789617300000,WYOMING,600 BLOCK OF 28TH ST SW,GENERAL ASSIST,Police,WYOMING POLICE,,
3,2026-09-17T03:59:00Z,1789617540000,WALKER,WALKER NB TO I-96 EB RAMP,MEDICAL EMERGENCY,Fire,WALKER FIRE,43.0208275,-85.72391733
1,2026-09-17T04:13:00Z,1789618380000,WALKER,WILSON AVE NW / WAY BURY ST NW,SUSPICIOUS INCIDENT,Police,WALKER POLICE,,
1,2026-09-17T04:13:00Z,1789618380000,WYOMING,4900 BLOCK OF FLORIDA AVE SW,MEDICAL EMERGENCY,Fire,WYOMING FIRE,,
1,2026-09-17T04:25:00Z,1789619100000,GRANDVILLE,3500 BLOCK OF CANAL AVE SW,MEDICAL EMERGENCY,Fire,GRANDVILLE FIRE,,
2,2026-09-17T05:19:00Z,1789622340000,BYRON TWP,600 BLOCK OF 76TH ST SW,PURSUIT,Police,KENT CO SHERIFF,,
2,2026-09-17T05:23:00Z,1789622580000,BOWNE TWP,10400 BLOCK OF SPRING VALLEY DR SE,MEDICAL EMERGENCY,Fire,ALTO AREA FIRE,,
2,2026-09-17T05:27:00Z,1789622820000,BYRON TWP,7600 BLOCK OF CATERPILLAR CT SW,FRAUD,Police,KENT CO SHERIFF,,
1,2026-09-17T05:27:00Z,1789622820000,KENTWOOD,3100 BLOCK OF LAKE EASTBROOK BLVD SE,MEDICAL EMERGENCY,Fire,KENTWOOD FIRE,,
1,2026-09-17T06:02:00Z,1789624920000,ROCKFORD,100 BLOCK OF S FREMONT ST NE,MEDICAL EMERGENCY,Fire,ROCKFORD FIRE,,
1,2026-09-17T06:09:00Z,1789625340000,WYOMING,700 BLOCK OF 32ND ST SW,MEDICAL EMERGENCY,Fire,WYOMING FIRE,,
1,2026-09-17T06:57:00Z,1789628220000,PLAINFIELD TWP,5000 BLOCK OF CEDAR RIDGE DR NE,WELFARE CHECK,Police,KENT CO SHERIFF,,
2,2026-09-17T06:57:00Z,1789628220000,WYOMING,3500 BLOCK OF WOODWARD AVE SW,LOUD NOISE,Police,WYOMING POLICE,,
2,2026-09-17T07:04:00Z,1789628640000,ROCKFORD,5000 BLOCK OF 11 MILE RD NE,MEDICAL EMERGENCY,Fire,ROCKFORD FIRE,,
1,2026-09-17T07:04:00Z,1789628640000,ROCKFORD,5000 BLOCK OF 11 MILE RD NE,GENERAL ASSIST,Police,ROCKFORD POLICE,,
1,2026-09-17T07:10:00Z,1789629000000,BYRON TWP,8500 BLOCK OF SKYLINE ST SW,MEDICAL EMERGENCY,Fire,BYRON TWP FIRE,,
1,2026-09-17T07:57:00Z,1789631820000,WYOMING,3900 BLOCK OF HAZELWOOD AVE SW,FIRE ALARM,Fire,WYOMING FIRE,,
1,2026-09-17T08:07:00Z,1789632420000,BYRON TWP,2100 BLOCK OF 84TH ST SW,MEDICAL EMERGENCY,Fire,BYRON TWP FIRE,,
1,2026-09-17T08:12:00Z,1789632720000,WYOMING,5300 BLOCK OF CLYDE PARK AVE SW,SUSPICIOUS INCIDENT,Police,WYOMING POLICE,,
1,2026-09-17T08:56:00Z,1789635360000,CASCADE TWP,4900 BLOCK OF KENDRICK ST SE,BURGLAR ALARM,Police,KENT CO SHERIFF,,
2,2026-09-17T09:34:00Z,1789637640000,ROCKFORD,5000 BLOCK OF 11 MILE RD NE,MEDICAL EMERGENCY,Fire,ROCKFORD FIRE,,
1,2026-09-17T09:34:00Z,1789637640000,ROCKFORD,5000 BLOCK OF 11 MILE RD NE,GENERAL ASSIST,Police,ROCKFORD POLICE,,
1,2026-09-17T10:22:00Z,1789640520000,ALGOMA TWP,3000 BLOCK OF 14 MILE RD NE,STRUCTURE FIRE,Fire,ALGOMA TWP FIRE,,
4,2026-09-17T10:36:00Z,1789641360000,KENTWOOD,3100 BLOCK OF BRETON AVE SE,VEHICLE CRASH,Police,KENTWOOD POLICE,,
1,2026-09-17T10:48:00Z,1789642080000,CASCADE TWP,5400 BLOCK OF 28TH ST CT SE,MEDICAL EMERGENCY,Fire,CASCADE TWP FIRE,,
1,2026-09-17T11:00:00Z,1789642800000,KENTWOOD,300 BLOCK OF KELLOGG WOODS PARK DR SE,SUSPICIOUS INCIDENT,Police,KENTWOOD POLICE,,
5,2026-09-17T11:02:00Z,1789642920000,GRATTAN TWP,10600 BLOCK OF 7 MILE RD NE,MISC FIRE,Fire,GRATTAN TWP FIRE,,
1,2026-09-17T11:04:00Z,1789643040000,GRANDVILLE,WILSON AVE SW / RIVERTOWN PKWY SW,VEHICLE CRASH,Police,GRANDVILLE FIRE,,
5,2026-09-17T11:04:00Z,1789643040000,GRANDVILLE,I-196 EB TO 28TH RAMP,VEHICLE CRASH,Police,GRANDVILLE POLICE,42.913404,-85.765512
3,2026-09-17T11:04:00Z,1789643040000,GRANDVILLE,WILSON AVE SW / RIVERTOWN PKWY SW,VEHICLE CRASH,Police,GRANDVILLE POLICE,,
1,2026-09-17T11:10:00Z,1789643400000,ALPINE TWP,4200 BLOCK OF ALPINE AVE NW,SUSPICIOUS INCIDENT,Police,KENT CO SHERIFF,,
6,2026-09-17T11:10:00Z,1789643400000,BYRON TWP,BURLINGAME AVE SW / 108TH ST SW,ANIMAL INCIDENT,Police,KENT CO SHERIFF,,
2,2026-09-17T11:11:00Z,1789643460000,CASCADE TWP,3200 BLOCK OF KRAFT AVE SE,BURGLAR ALARM,Police,KENT CO SHERIFF,,
11,2026-09-17T11:16:00Z,1789643760000,WYOMING,200 BLOCK OF JEAN ST SW,ANIMAL INCIDENT,Police,ANIMAL CONTROL,,
10,2026-09-17T11:17:00Z,1789643820000,GRAND RAPIDS,1000 BLOCK OF LAFAYETTE AVE NE,ANIMAL INCIDENT,Police,ANIMAL CONTROL,,
1,2026-09-17T11:17:00Z,1789643820000,COURTLAND TWP,15 MILE RD NE / MYERS LAKE AVE NE,VEHICLE CRASH,Police,KENT CO SHERIFF,,
1,2026-09-17T11:25:00Z,1789644300000,KENT CITY,200 BLOCK OF S VILLAGE DR NW,MEDICAL EMERGENCY,Fire,KENT CITY FIRE,,
3,2026-09-17T11:28:00Z,1789644480000,PLAINFIELD TWP,7900 BLOCK OF CHILDSDALE AVE NE,BURGLAR ALARM,Police,KENT CO SHERIFF,,
1,2026-09-17T11:42:00Z,1789645320000,CASCADE TWP,2900 BLOCK OF JACKSMITH AVE SE,SUSPICIOUS INCIDENT,Police,KENT CO SHERIFF,,
5,2026-09-17T11:46:00Z,1789645560000,OAKFIELD TWP,9100 BLOCK OF WABASIS POINTE DR NE,MEDICAL EMERGENCY,Fire,OAKFIELD TWP FIRE,,
4,2026-09-17T11:48:00Z,1789645680000,KENTWOOD,EASTERN AVE SE / ANDOVER ST SE,VEHICLE CRASH,Police,KENTWOOD POLICE,,
2,2026-09-17T11:49:00Z,1789645740000,WYOMING,3600 BLOCK OF MINNIE AVE SW,MEDICAL EMERGENCY,Fire,WYOMING FIRE,,
1,2026-09-17T11:54:00Z,1789646040000,WYOMING,200 BLOCK OF 54TH ST SW,SUSPICIOUS INCIDENT,Police,KENTWOOD POLICE,,
4,2026-09-17T11:54:00Z,1789646040000,WALKER,I-96 EB AT BRISTOL,ABANDONED VEHICLE,Police,MICHIGAN STATE POLICE,43.02011366,-85.70862688
4,2026-09-17T11:56:00Z,1789646160000,WALKER,I-96 EB TO 3 MILE RAMP - FRUIT RIDGE,VEHICLE CRASH,Police,WALKER POLICE,43.01727528,-85.76593616
2,2026-09-17T11:57:00Z,1789646220000,CANNON TWP,3900 BLOCK OF CHERRY BLOSSOM DR NE,MEDICAL EMERGENCY,Fire,CANNON TWP FIRE,,
3,2026-09-17T11:57:00Z,1789646220000,WALKER,I-96 EB TO 3 MILE RAMP - FRUIT RIDGE,VEHICLE CRASH,Police,WALKER FIRE,43.01727528,-85.76593616
1,2026-09-17T12:02:00Z,1789646520000,BYRON TWP,1000 BLOCK OF AMBER VIEW DR SW,WELFARE CHECK,Police,KENT CO SHERIFF,,
6,2026-09-17T12:02:00Z,1789646520000,CASCADE TWP,2900 BLOCK OF KRAFT AVE SE,DISORDERLY PERSON,Police,KENT CO SHERIFF,,
7,2026-09-17T12:02:00Z,1789646520000,PLAINFIELD TWP,WEST RIVER AT US-131,VEHICLE CRASH,Police,KENT CO SHERIFF,43.04075906,-85.6616978
1,2026-09-17T12:04:00Z,1789646640000,WYOMING,200 BLOCK OF 54TH ST SW,GENERAL ASSIST,Police,WYOMING POLICE,,
4,2026-09-17T12:11:00Z,1789647060000,CALEDONIA TWP,6900 BLOCK OF BROADMOOR AVE SE,DISORDERLY PERSON,Police,KENT CO SHERIFF,,
2,2026-09-17T12:14:00Z,1789647240000,EAST GRAND RAPIDS,600 BLOCK OF GREENWOOD AVE SE,PARKING VIOLATION,Police,EAST GRAND RAPIDS POLICE,,
3,2026-09-17T12:14:00Z,1789647240000,GAINES TWP,6500 BLOCK OF S DIVISION AVE,VEHICLE CRASH,Police,KENT CO SHERIFF,,
9,2026-09-17T12:16:00Z,1789647360000,ALPINE TWP,3900 BLOCK OF YORKLAND DR NW,ANIMAL INCIDENT,Police,ANIMAL CONTROL,,
2,2026-09-17T12:16:00Z,1789647360000,LOWELL TWP,11500 BLOCK OF E FULTON ST,MEDICAL EMERGENCY,Fire,LOWELL AREA FIRE,,
1,2026-09-17T12:17:00Z,1789647420000,WYOMING,3600 BLOCK OF BURLINGAME AVE SW,WELFARE CHECK,Police,WYOMING POLICE,,
1,2026-09-17T12:18:00Z,1789647480000,WALKER,FALCON POINTE DR NW / FALCON WOODS DR NW,FIRE INVESTIGATION,Fire,WALKER FIRE,,
12,2026-09-17T12:21:00Z,1789647660000,CASCADE TWP,TOWNSHIP TRAILS_LEYTON DR SE,DEER PERMIT,Police,KENT CO SHERIFF,42.90694288,-85.49317489
3,2026-09-17T12:23:00Z,1789647780000,KENTWOOD,3300 BLOCK OF 28TH ST SE,SUSPICIOUS INCIDENT,Police,KENTWOOD POLICE,,
3,2026-09-17T12:26:00Z,1789647960000,GRAND RAPIDS,1000 BLOCK OF DICKINSON ST SE,ANIMAL INCIDENT,Police,ANIMAL CONTROL,,
4,2026-09-17T12:32:00Z,1789648320000,CALEDONIA TWP,10000 BLOCK OF CROSSROADS CT SE,MEDICAL EMERGENCY,Fire,CALEDONIA TWP FIRE,,
2,2026-09-17T12:33:00Z,1789648380000,CASCADE TWP,7400 BLOCK OF CASCADE TERRACE DR SE,MEDICAL EMERGENCY,Fire,CASCADE TWP FIRE,,
1,2026-09-17T12:34:00Z,1789648440000,WYOMING,4400 BLOCK OF MAGNOLIA AVE SW,SUSPICIOUS INCIDENT,Police,WYOMING POLICE,,
2,2026-09-17T12:42:00Z,1789648920000,SPARTA,500 BLOCK OF S STATE ST NW,LOITERING,Police,SPARTA POLICE,,
1,2026-09-17T12:43:00Z,1789648980000,WYOMING,300 BLOCK OF 28TH ST SW,FIELD INVESTIGATION,Police,WYOMING POLICE,,
2,2026-09-17T12:50:00Z,1789649400000,WYOMING,2300 BLOCK OF BARBERRY DR SW,MEDICAL EMERGENCY,Fire,WYOMING FIRE,,
1,2026-09-17T12:50:00Z,1789649400000,WYOMING,2300 BLOCK OF BARBERRY DR SW,GENERAL ASSIST,Police,WYOMING POLICE,,
3,2026-09-17T12:52:00Z,1789649520000,SPARTA TWP,900 BLOCK OF 10 MILE RD NW,MEDICAL EMERGENCY,Fire,SPARTA FIRE,,
2,2026-09-17T12:57:00Z,1789649820000,ROCKFORD,100 BLOCK OF S FREMONT ST NE,MEDICAL EMERGENCY,Fire,ROCKFORD FIRE,,
1,2026-09-17T12:57:00Z,1789649820000,ROCKFORD,100 BLOCK OF S FREMONT ST NE,GENERAL ASSIST,Police,ROCKFORD POLICE,,
2,2026-09-17T13:03:00Z,1789650180000,CASCADE TWP,5200 BLOCK OF 28TH ST SE,MEDICAL EMERGENCY,Fire,CASCADE TWP FIRE,,
5,2026-09-17T13:04:00Z,1789650240000,GRAND RAPIDS,BALL AVE NE / SPENCER ST NE,ANIMAL INCIDENT,Police,ANIMAL CONTROL,,
1,2026-09-17T13:06:00Z,1789650360000,SPARTA,300 BLOCK OF W DIVISION ST NW,VEHICLE CRASH,Police,SPARTA POLICE,,
2,2026-09-17T13:07:00Z,1789650420000,PLAINFIELD TWP,6200 BLOCK OF WEST RIVER DR NE,SUSPICIOUS INCIDENT,Police,KENT CO SHERIFF,,
1,2026-09-17T13:09:00Z,1789650540000,CALEDONIA,9800 BLOCK OF KRAFT AVE SE,MEDICAL EMERGENCY,Fire,CALEDONIA TWP FIRE,,
2,2026-09-17T13:11:00Z,1789650660000,CASCADE TWP,1200 BLOCK OF SPAULDING AVE SE,MEDICAL EMERGENCY,Fire,CASCADE TWP FIRE,,
11,2026-09-17T13:11:00Z,1789650660000,PLAINFIELD TWP,US-131 SB AT PINE ISLAND,GENERAL ASSIST,Police,MICHIGAN STATE POLICE,43.06939998,-85.65394696
1,2026-09-17T13:12:00Z,1789650720000,PLAINFIELD TWP,2600 BLOCK OF KEWADIN DR NE,HARASSMENT,Police,KENT CO SHERIFF,,
7,2026-09-17T13:18:00Z,1789651080000,BYRON TWP,6800 BLOCK OF EDGEVIEW AVE SW,ANIMAL INCIDENT,Police,ANIMAL CONTROL,,
9,2026-09-17T13:20:00Z,1789651200000,PLAINFIELD TWP,1500 BLOCK OF BEAVER CREEK DR NE,WEAPONS VIOLATION,Police,KENT CO SHERIFF,,
6,2026-09-17T13:41:00Z,1789652460000,ALPINE TWP,4600 BLOCK OF TABOR RD NW,WELFARE CHECK,Police,KENT CO SHERIFF,,
1,2026-09-17T13:55:00Z,1789653300000,KENTWOOD,3300 BLOCK OF PHEASANT RIDGE DR SE,DISORDERLY PERSON,Police,KENTWOOD POLICE,,
4,2026-09-17T13:58:00Z,1789653480000,BOWNE TWP,ALDEN NASH AVE SE / 64TH ST SE,VEHICLE CRASH,Police,KENT CO SHERIFF,,
2,2026-09-17T13:58:00Z,1789653480000,ALPINE TWP,YORKLAND DR NW / 4 MILE RD NW,VEHICLE CRASH,Police,KENT CO SHERIFF,,
1,2026-09-17T14:06:00Z,1789653960000,BYRON TWP,6000 BLOCK OF SKIPTON DR SW,FRAUD,Police,KENT CO SHERIFF,,
6,2026-09-17T14:20:00Z,1789654800000,CASCADE TWP,I-96 WB EO M-6,GENERAL ASSIST,Police,KENT CO SHERIFF,42.88827218,-85.48484051
1,2026-09-17T14:20:00Z,1789654800000,WALKER,3200 BLOCK OF LEONARD ST NW,MEDICAL EMERGENCY,Fire,WALKER FIRE,,
1,2026-09-17T14:22:00Z,1789654920000,EAST GRAND RAPIDS,300 BLOCK OF BRIARWOOD AVE SE,PARKING VIOLATION,Police,EAST GRAND RAPIDS POLICE,,
2,2026-09-17T14:29:00Z,1789655340000,WYOMING,700 BLOCK OF BRYANT ST SW,BARKING DOG,Police,WYOMING POLICE,,
2,2026-09-17T14:39:00Z,1789655940000,BYRON TWP,1300 BLOCK OF MARSHWOOD CT SW,WELFARE CHECK,Police,KENT CO SHERIFF,,
1,2026-09-17T14:40:00Z,1789656000000,WYOMING,1000 BLOCK OF JOOSTEN ST SW,GENERAL ASSIST,Police,WYOMING POLICE,,
3,2026-09-17T14:42:00Z,1789656120000,BYRON TWP,100 BLOCK OF 100TH ST SW,LARCENY,Police,KENT CO SHERIFF,,
8,2026-09-17T14:44:00Z,1789656240000,LOWELL,200 BLOCK OF MAPLE ST SE,PARKING VIOLATION,Police,LOWELL POLICE,,
6,2026-09-17T14:48:00Z,1789656480000,GRATTAN TWP,7500 BLOCK OF PINE RIDGE DR NE,GENERAL ASSIST,Police,KENT CO SHERIFF,,
3,2026-09-17T14:50:00Z,1789656600000,PLAINFIELD TWP,6900 BLOCK OF RAVENWOOD LN NE,MEDICAL EMERGENCY,Fire,PLAINFIELD TWP FIRE,,
1,2026-09-17T14:51:00Z,1789656660000,BYRON TWP,0 BLOCK OF JONQUIL ST SW,GENERAL ASSIST,Police,KENT CO SHERIFF,,
3,2026-09-17T15:00:00Z,1789657200000,EAST GRAND RAPIDS,BEECHWOOD DR SE / LAKE GROVE AVE SE,VEHICLE CRASH,Police,EAST GRAND RAPIDS POLICE,,
1,2026-09-17T15:02:00Z,1789657320000,WYOMING,ENGLE ST SW / BURLINGAME AVE SW,TRAFFIC HAZARD,Police,WYOMING POLICE,,
1,2026-09-17T15:06:00Z,1789657560000,CEDAR SPRINGS,300 BLOCK OF E ASH ST NE,MEDICAL EMERGENCY,Fire,CEDAR SPRINGS FIRE,,
2,2026-09-17T15:06:00Z,1789657560000,WALKER,LAKE MICHIGAN DR NW / WILSON AVE NW,VEHICLE CRASH,Police,WALKER POLICE,,
6,2026-09-17T15:09:00Z,1789657740000,GRAND RAPIDS,FRANCIS AVE SE / DICKINSON ST SE,ANIMAL INCIDENT,Police,ANIMAL CONTROL,,
7,2026-09-17T15:09:00Z,1789657740000,PLAINFIELD TWP,4200 BLOCK OF HUNSBERGER AVE NE,RECKLESS DRIVER,Police,KENT CO SHERIFF,,
1,2026-09-17T15:11:00Z,1789657860000,PLAINFIELD TWP,1500 BLOCK OF WOODWORTH ST NE,MEDICAL EMERGENCY,Fire,PLAINFIELD TWP FIRE,,
2,2026-09-17T15:17:00Z,1789658220000,GAINES TWP,6100 BLOCK OF RYE LN SE,HARASSMENT,Police,KENT CO SHERIFF,,
3,2026-09-17T15:22:00Z,1789658520000,COURTLAND TWP,10900 BLOCK OF NORTHLAND DR NE,MEDICAL EMERGENCY,Fire,COURTLAND TWP FIRE,,
1,2026-09-17T15:22:00Z,1789658520000,WYOMING,WALCOTT ST SW / CLYDE PARK AVE SW,PARKING VIOLATION,Police,WYOMING POLICE,,
3,2026-09-17T15:24:00Z,1789658640000,BOWNE TWP,6200 BLOCK OF BANCROFT AVE SE,HARASSMENT,Police,KENT CO SHERIFF,,
2,2026-09-17T15:28:00Z,1789658880000,PLAINFIELD TWP,1500 BLOCK OF WOODWORTH ST NE,FIRE INVESTIGATION,Fire,PLAINFIELD TWP FIRE,,
1,2026-09-17T15:31:00Z,1789659060000,KENTWOOD,4700 BLOCK OF BRETON AVE SE,MEDICAL EMERGENCY,Fire,KENTWOOD FIRE,,
2,2026-09-17T15:34:00Z,1789659240000,PLAINFIELD TWP,4000 BLOCK OF PLAINFIELD AVE NE,MEDICAL EMERGENCY,Fire,PLAINFIELD TWP FIRE,,
3,2026-09-17T15:36:00Z,1789659360000,KENTWOOD,3700 BLOCK OF 28TH ST SE,LARCENY,Police,KENTWOOD POLICE,,
2,2026-09-17T15:38:00Z,1789659480000,KENTWOOD,44TH ST SE / BRETON AVE SE,GENERAL ASSIST,Police,KENTWOOD POLICE,,
1,2026-09-17T15:40:00Z,1789659600000,GRAND RAPIDS,1600 BLOCK OF LEFFINGWELL AVE NE,ASSAULT,Police,KENT CO SHERIFF,,
4,2026-09-17T15:41:00Z,1789659660000,KENTWOOD,2600 BLOCK OF BLOOMING BUD LN SE,SUSPICIOUS INCIDENT,Police,KENTWOOD POLICE,,
2,2026-09-17T15:44:00Z,1789659840000,WYOMING,2900 BLOCK OF CHISWICK DR SW,ABANDONED VEHICLE,Police,WYOMING POLICE,,
4,2026-09-17T15:46:00Z,1789659960000,KENTWOOD,5200 BLOCK OF FALCON VIEW AVE SE,STOLEN VEHICLE,Police,KENTWOOD POLICE,,
1,2026-09-17T15:55:00Z,1789660500000,KENTWOOD,700 BLOCK OF ANDOVER ST SE,MEDICAL EMERGENCY,Fire,KENTWOOD FIRE,,
2,2026-09-17T16:06:00Z,1789661160000,WALKER,500 BLOCK OF CLAYTON AVE NW,MISC FIRE,Fire,WALKER FIRE,,
1,2026-09-17T16:07:00Z,1789661220000,EAST GRAND RAPIDS,2200 BLOCK OF LAKE DR SE,LARCENY,Police,EAST GRAND RAPIDS POLICE,,
6,2026-09-17T16:09:00Z,1789661340000,ALPINE TWP,4300 BLOCK OF ALPINE AVE NW,VEHICLE CRASH,Police,KENT CO SHERIFF,,
3,2026-09-17T16:21:00Z,1789662060000,SPARTA TWP,11400 BLOCK OF FRUIT RIDGE AVE NW,STRUCTURE FIRE,Fire,SPARTA FIRE,,
2,2026-09-17T16:22:00Z,1789662120000,GRANDVILLE,RIVERTOWN PKWY SW / WILSON AVE SW,VEHICLE CRASH,Police,GRANDVILLE POLICE,,
1,2026-09-17T16:23:00Z,1789662180000,KENTWOOD,2400 BLOCK OF FOREST HILL AVE SE,FIRE ALARM,Fire,KENTWOOD FIRE,,
6,2026-09-17T16:24:00Z,1789662240000,ALPINE TWP,4000 BLOCK OF ALPINE AVE NW,FRAUD,Police,KENT CO SHERIFF,,
2,2026-09-17T16:31:00Z,1789662660000,ADA TWP,1000 BLOCK OF GRAND RIVER DR NE,ANIMAL INCIDENT,Police,ANIMAL CONTROL,,
1,2026-09-17T16:35:00Z,1789662900000,KENTWOOD,5500 BLOCK OF KALAMAZOO AVE SE,FIRE ALARM,Fire,KENTWOOD FIRE,,
1,2026-09-17T16:44:00Z,1789663440000,WYOMING,1600 BLOCK OF 28TH ST SW,FIELD INVESTIGATION,Police,WYOMING POLICE,,
2,2026-09-17T16:44:00Z,1789663440000,WYOMING,44TH ST SW / BYRON CENTER AVE SW,GENERAL ASSIST,Police,WYOMING POLICE,,
1,2026-09-17T16:45:00Z,1789663500000,WYOMING,2900 BLOCK OF ROGERS LANE AVE SW,MEDICAL EMERGENCY,Fire,WYOMING FIRE,,
13,2026-09-17T16:52:00Z,1789663920000,WYOMING,44TH AT US-131,GENERAL ASSIST,Police,WYOMING POLICE,42.88413075,-85.68073266
1,2026-09-17T16:53:00Z,1789663980000,PLAINFIELD TWP,2400 BLOCK OF HOLTMAN DR NE,MISC FIRE,Fire,PLAINFIELD TWP FIRE,,
3,2026-09-17T16:59:00Z,1789664340000,CASCADE TWP,6100 BLOCK OF CHARLEVOIX WOODS CT SE,MEDICAL EMERGENCY,Fire,CASCADE TWP FIRE,,
4,2026-09-17T16:59:00Z,1789664340000,BYRON TWP,0 BLOCK OF JONQUIL ST SW,SUSPICIOUS INCIDENT,Police,KENT CO SHERIFF,,
16,2026-09-17T16:59:00Z,1789664340000,BYRON TWP,0 BLOCK OF JONQUIL ST SW,BURGLARY,Police,KENT CO SHERIFF,,
1,2026-09-17T16:59:00Z,1789664340000,WALKER,4600 BLOCK OF WEST GRAND BLVD NW,ABANDONED VEHICLE,Police,WALKER POLICE,,
2,2026-09-17T17:03:00Z,1789664580000,WALKER,600 BLOCK OF CLOVERDALE AVE NW,ABANDONED VEHICLE,Police,WALKER POLICE,,
3,2026-09-17T17:04:00Z,1789664640000,WYOMING,4400 BLOCK OF BUCHANAN AVE SW,SUSPICIOUS INCIDENT,Police,WYOMING POLICE,,
1,2026-09-17T17:05:00Z,1789664700000,SPARTA TWP,M-37 / W DIVISION ST NW,BROADCAST,Police,KENT CO SHERIFF,,
2,2026-09-17T17:05:00Z,1789664700000,SPARTA TWP,M-37 / W DIVISION ST NW,VEHICLE FIRE,Fire,SPARTA FIRE,,
9,2026-09-17T17:07:00Z,1789664820000,BYRON TWP,700 BLOCK OF 100TH ST SW,VEHICLE INSPECTION,Police,KENT CO SHERIFF,,
5,2026-09-17T17:08:00Z,1789664880000,WYOMING,5600 BLOCK OF IVANREST AVE SW,MEDICAL EMERGENCY,Fire,WYOMING FIRE,,
4,2026-09-17T17:08:00Z,1789664880000,WYOMING,5600 BLOCK OF IVANREST AVE SW,BROADCAST,Police,WYOMING POLICE,,
3,2026-09-17T17:12:00Z,1789665120000,ALGOMA TWP,8500 BLOCK OF MEADOW CREEK DR NE,GENERAL ASSIST,Police,KENT CO SHERIFF,,
8,2026-09-17T17:13:00Z,1789665180000,CASCADE TWP,6200 BLOCK OF CAPITAN DR SE,SUSPICIOUS INCIDENT,Police,KENT CO SHERIFF,,
10,2026-09-17T17:13:00Z,1789665180000,CASCADE TWP,6200 BLOCK OF CAPITAN DR SE,BURGLARY,Police,KENT CO SHERIFF,,
1,2026-09-17T17:15:00Z,1789665300000,CASCADE TWP,6100 BLOCK OF CHARLEVOIX WOODS CT SE,MEDICAL EMERGENCY,Fire,CASCADE TWP FIRE,,
2,2026-09-17T17:15:00Z,1789665300000,SPARTA,500 BLOCK OF JO ELLEN ST NW,MEDICAL EMERGENCY,Fire,SPARTA FIRE,,
2,2026-09-17T17:18:00Z,1789665480000,WYOMING,1600 BLOCK OF CLEVELAND AVE SW,ABANDONED VEHICLE,Police,WYOMING POLICE,,
7,2026-09-17T17:19:00Z,1789665540000,KENTWOOD,2500 BLOCK OF EAST PARIS AVE SE,ANIMAL INCIDENT,Police,ANIMAL CONTROL,,
1,2026-09-17T17:20:00Z,1789665600000,COURTLAND TWP,5700 BLOCK OF 13 MILE RD NE,MEDICAL EMERGENCY,Fire,COURTLAND TWP FIRE,,
7,2026-09-17T17:26:00Z,1789665960000,SPARTA TWP,11200 BLOCK OF SPARTA AVE NW,LARCENY,Police,KENT CO SHERIFF,,
1,2026-09-17T17:29:00Z,1789666140000,WYOMING,BURLINGAME AVE SW / PORTER ST SW,HARASSMENT,Police,WYOMING POLICE,,
14,2026-09-17T17:31:00Z,1789666260000,GRANDVILLE,I-196 WB EO WILSON,GENERAL ASSIST,Police,MICHIGAN STATE POLICE,42.91488248,-85.76494443
1,2026-09-17T17:41:00Z,1789666860000,WALKER,4600 BLOCK OF WEST GRAND BLVD NW,ABANDONED VEHICLE,Police,WALKER POLICE,,
7,2026-09-17T17:42:00Z,1789666920000,WYOMING,3000 BLOCK OF BURLINGAME AVE SW,CARBON MONOXIDE INVESTIGATION,Fire,WYOMING FIRE,,
6,2026-09-17T17:44:00Z,1789667040000,KENTWOOD,BROADMOOR AVE SE / 29TH ST SE,VEHICLE CRASH,Police,KENTWOOD POLICE,,
3,2026-09-17T17:46:00Z,1789667160000,EAST GRAND RAPIDS,1900 BLOCK OF WEALTHY ST SE,SUSPICIOUS INCIDENT,Police,EAST GRAND RAPIDS POLICE,,
5,2026-09-17T17:46:00Z,1789667160000,GRANDVILLE,3300 BLOCK OF CENTURY CENTER ST SW,MEDICAL EMERGENCY,Fire,GRANDVILLE FIRE,,
4,2026-09-17T17:46:00Z,1789667160000,GRANDVILLE,3300 BLOCK OF CENTURY CENTER ST SW,GENERAL ASSIST,Police,GRANDVILLE POLICE,,
4,2026-09-17T17:49:00Z,1789667340000,WYOMING,600 BLOCK OF 34TH ST SW,ABANDONED VEHICLE,Police,WYOMING POLICE,,
2,2026-09-17T17:51:00Z,1789667460000,BYRON TWP,1500 BLOCK OF 100TH ST SW,ANIMAL INCIDENT,Police,ANIMAL CONTROL,,
1,2026-09-17T17:57:00Z,1789667820000,WALKER,4300 BLOCK OF REMEMBRANCE RD NW,VEHICLE INSPECTION,Police,WALKER POLICE,,
1,2026-09-17T18:00:00Z,1789668000000,BYRON TWP,900 BLOCK OF 76TH ST SW,MEDICAL EMERGENCY,Fire,BYRON TWP FIRE,,
2,2026-09-17T18:06:00Z,1789668360000,WYOMING,5800 BLOCK OF METRO WAY SW,MEDICAL EMERGENCY,Fire,WYOMING FIRE,,
1,2026-09-17T18:07:00Z,1789668420000,KENTWOOD,44TH ST SE / BROADMOOR AVE SE,GENERAL ASSIST,Police,KENTWOOD POLICE,,
3,2026-09-17T18:11:00Z,1789668660000,VERGENNES TWP,9700 BLOCK OF 3 MILE RD NE,BURGLAR ALARM,Police,KENT CO SHERIFF,,
2,2026-09-17T18:18:00Z,1789669080000,GAINES TWP,2900 BLOCK OF HIDDEN VIEW DR SE,WELFARE CHECK,Police,KENT CO SHERIFF,,
1,2026-09-17T18:25:00Z,1789669500000,WYOMING,4600 BLOCK OF MAGNOLIA AVE SW,GENERAL ASSIST,Police,WYOMING POLICE,,
1,2026-09-17T18:45:00Z,1789670700000,WYOMING,2500 BLOCK OF BLANCHARD ST SW,BURGLAR ALARM,Police,WYOMING POLICE,,
2,2026-09-17T18:59:00Z,1789671540000,KENTWOOD,200 BLOCK OF MAJESTIC ST SE,LARCENY,Police,KENTWOOD POLICE,,
12,2026-09-17T19:07:00Z,1789672020000,GRANDVILLE,I-196 WB EO WILSON,VEHICLE CRASH,Police,GRANDVILLE POLICE,42.91488248,-85.76494443
1,2026-09-17T19:07:00Z,1789672020000,PLAINFIELD TWP,4 MILE RD NE / WEST RIVER DR NE,GENERAL ASSIST,Police,KENT CO SHERIFF,,
2,2026-09-17T19:07:00Z,1789672020000,WALKER,3300 BLOCK OF GOLFVIEW DR NW,MEDICAL EMERGENCY,Fire,WALKER FIRE,,
1,2026-09-17T19:08:00Z,1789672080000,WYOMING,2900 BLOCK OF TAFT AVE SW,DISORDERLY PERSON,Police,WYOMING POLICE,,
11,2026-09-17T19:14:00Z,1789672440000,WYOMING,KAREL JEAN CT SW / PARKVIEW ST SW,ABANDONED VEHICLE,Police,WYOMING POLICE,,
10,2026-09-17T19:15:00Z,1789672500000,TYRONE TWP,17000 BLOCK OF KENOWA AVE NW,WELFARE CHECK,Police,KENT CO SHERIFF,,
6,2026-09-17T19:17:00Z,1789672620000,KENTWOOD,4600 BLOCK OF BOWEN BLVD SE,FIRE ALARM,Fire,KENTWOOD FIRE,,
4,2026-09-17T19:18:00Z,1789672680000,KENTWOOD,44TH ST SE / WALMA AVE SE,GENERAL ASSIST,Police,KENTWOOD POLICE,,
5,2026-09-17T19:18:00Z,1789672680000,WYOMING,4200 BLOCK OF STONEBRIDGE RD SW,WELFARE CHECK,Police,WYOMING POLICE,,
1,2026-09-17T19:22:00Z,1789672920000,BYRON TWP,9700 BLOCK OF CLYDE PARK AVE SW,ANIMAL INCIDENT,Police,ANIMAL CONTROL,,
2,2026-09-17T19:22:00Z,1789672920000,PLAINFIELD TWP,3900 BLOCK OF MAYFIELD AVE NE,BROADCAST,Police,KENT CO SHERIFF,,
3,2026-09-17T19:22:00Z,1789672920000,PLAINFIELD TWP,3900 BLOCK OF MAYFIELD AVE NE,MEDICAL EMERGENCY,Fire,PLAINFIELD TWP FIRE,,
10,2026-09-17T19:23:00Z,1789672980000,WYOMING,1900 BLOCK OF COLLINGWOOD AVE SW,ABANDONED VEHICLE,Police,WYOMING POLICE,,
11,2026-09-17T19:23:00Z,1789672980000,WYOMING,1900 BLOCK OF COLLINGWOOD AVE SW,STOLEN VEHICLE RECOVERY,Police,WYOMING POLICE,,
2,2026-09-17T19:24:00Z,1789673040000,GRANDVILLE,3000 BLOCK OF 44TH ST SW,LOITERING,Police,GRANDVILLE POLICE,,
1,2026-09-17T19:24:00Z,1789673040000,BYRON TWP,500 BLOCK OF 76TH ST SW,SUSPICIOUS INCIDENT,Police,KENT CO SHERIFF,,
3,2026-09-17T19:25:00Z,1789673100000,GRAND RAPIDS TWP,HALL ST SE / REEDS LAKE BLVD SE,VEHICLE CRASH,Police,KENT CO SHERIFF,,
4,2026-09-17T19:25:00Z,1789673100000,WYOMING,1000 BLOCK OF ROYAL OAK ST SW,ANIMAL INCIDENT,Police,WYOMING POLICE,,
2,2026-09-17T19:26:00Z,1789673160000,PLAINFIELD TWP,5500 BLOCK OF SEAGULL DR NE,MEDICAL EMERGENCY,Fire,PLAINFIELD TWP FIRE,,
1,2026-09-17T19:32:00Z,1789673520000,WYOMING,1300 BLOCK OF 60TH ST SW,ANIMAL INCIDENT,Police,ANIMAL CONTROL,,
6,2026-09-17T19:34:00Z,1789673640000,GRAND RAPIDS TWP,600 BLOCK OF FOREST HILL AVE SE,ANIMAL INCIDENT,Police,ANIMAL CONTROL,,
1,2026-09-17T19:37:00Z,1789673820000,SOLON TWP,2200 BLOCK OF AVALON VIEW DR NE,STRUCTURE FIRE,Fire,SOLON TWP FIRE,,
9,2026-09-17T19:44:00Z,1789674240000,CEDAR SPRINGS,0 BLOCK OF N MAIN ST NE,FRAUD,Police,KENT CO SHERIFF,,
1,2026-09-17T19:46:00Z,1789674360000,BYRON TWP,7600 BLOCK OF CATERPILLAR CT SW,GENERAL ASSIST,Police,KENT CO SHERIFF,,
15,2026-09-17T19:49:00Z,1789674540000,BYRON TWP,6900 BLOCK OF INDEPENDENCE LN SW,ANIMAL INCIDENT,Police,ANIMAL CONTROL,,
2,2026-09-17T19:50:00Z,1789674600000,KENTWOOD,5400 BLOCK OF S DIVISION AVE,DISORDERLY PERSON,Police,KENTWOOD POLICE,,
1,2026-09-17T19:52:00Z,1789674720000,EAST GRAND RAPIDS,2000 BLOCK OF LAKE DR SE,GENERAL ASSIST,Police,EAST GRAND RAPIDS POLICE,,
1,2026-09-17T19:52:00Z,1789674720000,WALKER,3200 BLOCK OF ALPINE AVE NW,FRAUD,Police,WALKER POLICE,,
2,2026-09-17T19:53:00Z,1789674780000,WALKER,300 BLOCK OF WILSON AVE NW,FRAUD,Police,WALKER POLICE,,
14,2026-09-17T19:56:00Z,1789674960000,CEDAR SPRINGS,400 BLOCK OF SUSAN ST NE,GENERAL ASSIST,Police,KENT CO SHERIFF,,
6,2026-09-17T20:04:00Z,1789675440000,GRANDVILLE,4500 BLOCK OF KENOWA AVE SW,FIRE ALARM,Fire,GRANDVILLE FIRE,,
5,2026-09-17T20:04:00Z,1789675440000,BYRON TWP,68TH ST SW / CLYDE PARK AVE SW,VEHICLE CRASH,Police,KENT CO SHERIFF,,
6,2026-09-17T20:04:00Z,1789675440000,WYOMING,5400 BLOCK OF S DIVISION AVE,ASSAULT,Police,WYOMING POLICE,,
6,2026-09-17T20:05:00Z,1789675500000,ALPINE TWP,3800 BLOCK OF FRUIT RIDGE AVE NW,RECKLESS DRIVER,Police,KENT CO SHERIFF,,
1,2026-09-17T20:06:00Z,1789675560000,BOWNE TWP,13100 BLOCK OF 68TH ST SE,ANIMAL INCIDENT,Police,ANIMAL CONTROL,,
12,2026-09-17T20:06:00Z,1789675560000,LOWELL TWP,11300 BLOCK OF E FULTON ST,DISORDERLY PERSON,Police,KENT CO SHERIFF,,
2,2026-09-17T20:06:00Z,1789675560000,WYOMING,2800 BLOCK OF 56TH ST SW,MEDICAL EMERGENCY,Fire,WYOMING FIRE,,
4,2026-09-17T20:08:00Z,1789675680000,KENTWOOD,3300 BLOCK OF PHEASANT RIDGE DR SE,FRAUD,Police,KENTWOOD POLICE,,
1,2026-09-17T20:09:00Z,1789675740000,EAST GRAND RAPIDS,LAKESIDE DR SE / WEALTHY ST SE,VEHICLE CRASH,Police,EAST GRAND RAPIDS POLICE,,
2,2026-09-17T20:09:00Z,1789675740000,WYOMING,200 BLOCK OF 54TH ST SW,MEDICAL EMERGENCY,Fire,WYOMING FIRE,,
1,2026-09-17T20:16:00Z,1789676160000,GAINES TWP,68TH ST SE / PLAZA CENTER AVE SE,VEHICLE CRASH,Police,KENT CO SHERIFF,,
10,2026-09-17T20:18:00Z,1789676280000,WYOMING,4000 BLOCK OF STAFFORD AVE SW,VEHICLE CRASH,Police,WYOMING POLICE,,
1,2026-09-17T20:20:00Z,1789676400000,WYOMING,2800 BLOCK OF S DIVISION AVE,MEDICAL EMERGENCY,Fire,WYOMING FIRE,,
4,2026-09-17T20:22:00Z,1789676520000,KENTWOOD,44TH ST SE / EASTERN AVE SE,VEHICLE CRASH,Police,KENTWOOD POLICE,,
10,2026-09-17T20:25:00Z,1789676700000,CASCADE TWP,4800 BLOCK OF LITTLE HARBOR DR SE,WELFARE CHECK,Police,KENT CO SHERIFF,,
2,2026-09-17T20:31:00Z,1789677060000,BYRON TWP,8400 BLOCK OF BYRON CENTER AVE SW,MEDICAL EMERGENCY,Fire,BYRON TWP FIRE,,
9,2026-09-17T20:31:00Z,1789677060000,WYOMING,WOODWARD AVE SW / 32ND ST SW,ABANDONED VEHICLE,Police,WYOMING POLICE,,
2,2026-09-17T20:33:00Z,1789677180000,ALPINE TWP,4000 BLOCK OF ALPINE AVE NW,FRAUD,Police,KENT CO SHERIFF,,
1,2026-09-17T20:34:00Z,1789677240000,KENTWOOD,EAST PARIS AVE SE / 28TH ST SE,GENERAL ASSIST,Police,KENTWOOD POLICE,,
7,2026-09-17T20:34:00Z,1789677240000,WYOMING,4400 BLOCK OF S DIVISION AVE,VEHICLE INSPECTION,Police,WYOMING POLICE,,
5,2026-09-17T20:36:00Z,1789677360000,SOLON TWP,13400 BLOCK OF WHITE CREEK AVE NE,DISORDERLY PERSON,Police,KENT CO SHERIFF,,
7,2026-09-17T20:39:00Z,1789677540000,BYRON TWP,0 BLOCK OF 68TH ST SW,ASSAULT,Police,KENT CO SHERIFF,,
3,2026-09-17T20:40:00Z,1789677600000,KENTWOOD,700 BLOCK OF 48TH ST SE,TRESPASSING,Police,KENTWOOD POLICE,,
2,2026-09-17T20:44:00Z,1789677840000,GAINES TWP,1000 BLOCK OF WOODFIELD EAST DR SE,MEDICAL EMERGENCY,Fire,GAINES TWP FIRE,,
5,2026-09-17T20:46:00Z,1789677960000,GRAND RAPIDS,CHERRY ST SE / MADISON AVE SE,ANIMAL INCIDENT,Police,ANIMAL CONTROL,,
1,2026-09-17T20:47:00Z,1789678020000,CASCADE TWP,2900 BLOCK OF BUTTRICK AVE SE,MEDICAL EMERGENCY,Fire,CASCADE TWP FIRE,,
1,2026-09-17T20:50:00Z,1789678200000,CEDAR SPRINGS,400 BLOCK OF JEFFREY ST NE,MEDICAL EMERGENCY,Fire,CEDAR SPRINGS FIRE,,
1,2026-09-17T20:58:00Z,1789678680000,GRAND RAPIDS TWP,EAST BELTLINE AVE NE / E FULTON ST,GENERAL ASSIST,Police,KENT CO SHERIFF,,
2,2026-09-17T20:58:00Z,1789678680000,KENTWOOD,4800 BLOCK OF S DIVISION AVE,FIRE INVESTIGATION,Fire,KENTWOOD FIRE,,
7,2026-09-17T21:08:00Z,1789679280000,GAINES TWP,PATTERSON AVE SE / 100TH ST SE,VEHICLE CRASH,Police,KENT CO SHERIFF,,
5,2026-09-17T21:09:00Z,1789679340000,ALPINE TWP,4300 BLOCK OF ALPINE AVE NW,GENERAL ASSIST,Police,KENT CO SHERIFF,,
1,2026-09-17T21:10:00Z,1789679400000,ALPINE TWP,4200 BLOCK OF ALPENHORN DR NW,FIRE INVESTIGATION,Fire,ALPINE TWP FIRE,,
3,2026-09-17T21:10:00Z,1789679400000,WYOMING,3000 BLOCK OF BURLINGAME AVE SW,CARBON MONOXIDE INVESTIGATION,Fire,WYOMING FIRE,,
2,2026-09-17T21:10:00Z,1789679400000,WYOMING,3000 BLOCK OF BURLINGAME AVE SW,BROADCAST,Police,WYOMING POLICE,,
6,2026-09-17T21:22:00Z,1789680120000,ALPINE TWP,M-37 / 9 MILE RD NW,VEHICLE CRASH,Police,KENT CO SHERIFF,,
3,2026-09-17T21:24:00Z,1789680240000,SPARTA,100 BLOCK OF PINE ST NW,MEDICAL EMERGENCY,Fire,SPARTA FIRE,,
6,2026-09-17T21:27:00Z,1789680420000,CASCADE TWP,CASCADE RD SE / 28TH ST SE,VEHICLE CRASH,Police,KENT CO SHERIFF,,
1,2026-09-17T21:27:00Z,1789680420000,GAINES TWP,KALAMAZOO AVE SE / MARKETPLACE DR SE,VEHICLE CRASH,Police,KENT CO SHERIFF,,
2,2026-09-17T21:30:00Z,1789680600000,WYOMING,1000 BLOCK OF 44TH ST SW,VEHICLE CRASH,Police,WYOMING POLICE,,
1,2026-09-17T21:32:00Z,1789680720000,WYOMING,54TH ST SW / S DIVISION AVE,DAMAGE TO PROPERTY,Police,WYOMING POLICE,,
1,2026-09-17T21:33:00Z,1789680780000,CALEDONIA,6000 BLOCK OF HANOVER WOODS DR SE,MEDICAL EMERGENCY,Fire,CALEDONIA TWP FIRE,,
10,2026-09-17T21:35:00Z,1789680900000,CASCADE TWP,6100 BLOCK OF 28TH ST SE,LOITERING,Police,KENT CO SHERIFF,,
3,2026-09-17T21:39:00Z,1789681140000,KENTWOOD,EASTERN AVE SE / 52ND ST SE,GENERAL ASSIST,Police,KENTWOOD POLICE,,
3,2026-09-17T21:42:00Z,1789681320000,KENTWOOD,5900 BLOCK OF RIDGEBROOK DR SE,GENERAL ASSIST,Police,KENTWOOD POLICE,,
2,2026-09-17T21:44:00Z,1789681440000,WYOMING,5800 BLOCK OF VILLAGE DR SW,MEDICAL EMERGENCY,Fire,WYOMING FIRE,,
5,2026-09-17T21:48:00Z,1789681680000,GRANDVILLE,44TH ST SW / SPARTAN INDUSTRIAL DR SW,VEHICLE CRASH,Police,GRANDVILLE POLICE,,
1,2026-09-17T21:48:00Z,1789681680000,WYOMING,2200 BLOCK OF METRO LN SW,DISORDERLY PERSON,Police,WYOMING POLICE,,
4,2026-09-17T21:50:00Z,1789681800000,GAINES TWP,1200 BLOCK OF BILLINGS CT SE,FRAUD,Police,KENT CO SHERIFF,,
5,2026-09-17T21:51:00Z,1789681860000,CASCADE TWP,3200 BLOCK OF HIDDEN HILLS AVE SE,MEDICAL EMERGENCY,Fire,CASCADE TWP FIRE,,
4,2026-09-17T21:53:00Z,1789681980000,KENT CITY,100 BLOCK OF KENTRIDGE DR NW,MEDICAL EMERGENCY,Fire,KENT CITY FIRE,,
3,2026-09-17T22:00:00Z,1789682400000,WYOMING,2600 BLOCK OF CHARLESGATE AVE SW,ANIMAL INCIDENT,Police,WYOMING POLICE,,
1,2026-09-17T22:02:00Z,1789682520000,CALEDONIA TWP,4800 BLOCK OF 84TH ST SE,CARBON MONOXIDE INVESTIGATION,Fire,CALEDONIA TWP FIRE,,
2,2026-09-17T22:02:00Z,1789682520000,CASCADE TWP,6100 BLOCK OF CHARLEVOIX WOODS CT SE,MEDICAL EMERGENCY,Fire,CASCADE TWP FIRE,,
1,2026-09-17T22:08:00Z,1789682880000,KENTWOOD,2800 BLOCK OF 29TH ST SE,MEDICAL EMERGENCY,Fire,KENTWOOD FIRE,,
8,2026-09-17T22:14:00Z,1789683240000,CASCADE TWP,I-96 WB TO 36TH RAMP,GENERAL ASSIST,Police,KENT CO SHERIFF,42.90156588,-85.51668479
4,2026-09-17T22:14:00Z,1789683240000,WYOMING,5900 BLOCK OF CLYDE PARK AVE SW,SUSPICIOUS INCIDENT,Police,WYOMING POLICE,,
2,2026-09-17T22:18:00Z,1789683480000,GRANDVILLE,3700 BLOCK OF RIVERTOWN PKWY SW,FRAUD,Police,GRANDVILLE POLICE,,
2,2026-09-17T22:23:00Z,1789683780000,ALPINE TWP,600 BLOCK OF LAMOREAUX DR NW,FIGHT,Police,KENT CO SHERIFF,,
2,2026-09-17T22:24:00Z,1789683840000,ALPINE TWP,5500 BLOCK OF ALPINE AVE NW,SUSPICIOUS INCIDENT,Police,KENT CO SHERIFF,,
3,2026-09-17T22:24:00Z,1789683840000,WALKER,1100 BLOCK OF POHENS CT NW,GENERAL ASSIST,Police,WALKER POLICE,,
1,2026-09-17T22:27:00Z,1789684020000,KENTWOOD,3200 BLOCK OF 28TH ST SE,LARCENY,Police,KENTWOOD POLICE,,
1,2026-09-17T22:27:00Z,1789684020000,WYOMING,2300 BLOCK OF DE HOOP AVE SW,GENERAL ASSIST,Police,WYOMING POLICE,,
1,2026-09-17T22:36:00Z,1789684560000,GRANDVILLE,4100 BLOCK OF PINE CREEK RD SW,LOUD NOISE,Police,GRANDVILLE POLICE,,
1,2026-09-17T22:42:00Z,1789684920000,EAST GRAND RAPIDS,1500 BLOCK OF EASTLAWN RD SE,GENERAL ASSIST,Police,EAST GRAND RAPIDS POLICE,,
2,2026-09-17T22:53:00Z,1789685580000,WYOMING,2700 BLOCK OF ROCKWOOD CT SW,MEDICAL EMERGENCY,Fire,WYOMING FIRE,,
1,2026-09-17T22:55:00Z,1789685700000,WYOMING,4500 BLOCK OF PINEHURST AVE SW,FIRE INVESTIGATION,Fire,WYOMING FIRE,,
1,2026-09-17T22:55:00Z,1789685700000,WYOMING,PINEHURST AVE SW / MONTEBELLO ST SW,FIRE INVESTIGATION,Fire,WYOMING FIRE,,
3,2026-09-17T23:06:00Z,1789686360000,ALPINE TWP,7100 BLOCK OF M-37,ANIMAL INCIDENT,Police,KENT CO SHERIFF,,
2,2026-09-17T23:10:00Z,1789686600000,WYOMING,4100 BLOCK OF MADISON AVE SE,MISC FIRE,Fire,WYOMING FIRE,,
1,2026-09-17T23:14:00Z,1789686840000,CALEDONIA TWP,6500 BLOCK OF CHERRY MEADOW DR SE,BURGLAR ALARM,Police,KENT CO SHERIFF,,
1,2026-09-17T23:14:00Z,1789686840000,GAINES TWP,8600 BLOCK OF KALAMAZOO AVE SE,VEHICLE INSPECTION,Police,KENT CO SHERIFF,,
1,2026-09-17T23:24:00Z,1789687440000,WYOMING,2500 BLOCK OF 56TH ST SW,MEDICAL EMERGENCY,Fire,WYOMING FIRE,,
1,2026-09-17T23:36:00Z,1789688160000,GRANDVILLE,44TH ST SW / IVANREST AVE SW,VEHICLE CRASH,Police,GRANDVILLE FIRE,,
1,2026-09-17T23:36:00Z,1789688160000,GRANDVILLE,44TH ST SW / IVANREST AVE SW,VEHICLE CRASH,Police,GRANDVILLE POLICE,,
7,2026-09-17T23:47:00Z,1789688820000,CASCADE TWP,5800 BLOCK OF EXECUTIVE PKWY SE,SUSPICIOUS INCIDENT,Police,KENT CO SHERIFF,,
3,2026-09-17T23:48:00Z,1789688880000,GAINES TWP,6100 BLOCK OF CAMPUS PARK DR SE,ANIMAL INCIDENT,Police,KENT CO SHERIFF,,
5,2026-09-17T23:53:00Z,1789689180000,GRAND RAPIDS TWP,600 BLOCK OF GREENBRIER DR SE,STRUCTURE FIRE,Fire,GRAND RAPIDS TWP FIRE,,
2,2026-09-17T23:53:00Z,1789689180000,KENTWOOD,300 BLOCK OF 43RD ST SE,MISSING PERSON,Police,KENTWOOD POLICE,,
4,2026-09-17T23:54:00Z,1789689240000,PLAINFIELD TWP,3700 BLOCK OF KROES ST NE,MEDICAL EMERGENCY,Fire,PLAINFIELD TWP FIRE,,
1,2026-09-17T23:55:00Z,1789689300000,WYOMING,3800 BLOCK OF COLLINGWOOD AVE SW,VEHICLE CRASH,Police,WYOMING POLICE,,
2,2026-09-17T23:56:00Z,1789689360000,KENTWOOD,3400 BLOCK OF PHEASANT RIDGE DR SE,FRAUD,Police,KENTWOOD POLICE,,
2,2026-09-17T23:58:00Z,1789689480000,SOLON TWP,15900 BLOCK OF SYCAMORE AVE NE,MEDICAL EMERGENCY,Fire,SOLON TWP FIRE,,
1,2026-09-18T00:00:00Z,1789689600000,WYOMING,GODFREY AVE SW / CHICAGO DR SW,VEHICLE CRASH,Police,WYOMING POLICE,,
3,2026-09-18T00:10:00Z,1789690200000,WYOMING,300 BLOCK OF HOLLY ST SW,911 HANG UP,Police,WYOMING POLICE,,
2,2026-09-18T00:13:00Z,1789690380000,BYRON TWP,76TH ST SW / CLYDE PARK AVE SW,LARCENY,Police,KENT CO SHERIFF,,
1,2026-09-18T00:13:00Z,1789690380000,KENTWOOD,3100 BLOCK OF LAKE EASTBROOK BLVD SE,MISC FIRE,Fire,KENTWOOD FIRE,,
2,2026-09-18T00:13:00Z,1789690380000,WALKER,2700 BLOCK OF ALPINE AVE NW,TRESPASSING,Police,WALKER POLICE,,
1,2026-09-18T00:17:00Z,1789690620000,WALKER,2700 BLOCK OF ROYAL VISTA DR NW,LARCENY,Police,WALKER POLICE,,
1,2026-09-18T00:35:00Z,1789691700000,WYOMING,4300 BLOCK OF CROOKED TREE RD SW,MEDICAL EMERGENCY,Fire,WYOMING FIRE,,
6,2026-09-18T00:48:00Z,1789692480000,WYOMING,1800 BLOCK OF CHATEAU DR SW,LARCENY,Police,WYOMING POLICE,,
1,2026-09-18T00:49:00Z,1789692540000,CASCADE TWP,1600 BLOCK OF LARAWAY LAKE DR SE,DEER PERMIT,Police,KENT CO SHERIFF,,
1,2026-09-18T01:05:00Z,1789693500000,KENTWOOD,3000 BLOCK OF EAST PARIS AVE SE,SUSPICIOUS INCIDENT,Police,KENTWOOD POLICE,,
2,2026-09-18T01:08:00Z,1789693680000,GAINES TWP,HANNA LAKE AVE SE / 60TH ST SE,GENERAL ASSIST,Police,KENT CO SHERIFF,,
2,2026-09-18T01:11:00Z,1789693860000,EAST GRAND RAPIDS,2700 BLOCK OF RICHARDS DR SE,WELFARE CHECK,Police,EAST GRAND RAPIDS POLICE,,
2,2026-09-18T01:15:00Z,1789694100000,WYOMING,WALTER ST SE / JEFFERSON AVE SE,ANIMAL INCIDENT,Police,WYOMING POLICE,,
1,2026-09-18T01:25:00Z,1789694700000,WALKER,3600 BLOCK OF REMEMBRANCE RD NW,MEDICAL EMERGENCY,Fire,WALKER FIRE,,
2,2026-09-18T01:39:00Z,1789695540000,WYOMING,3500 BLOCK OF PERRY AVE SW,911 HANG UP,Police,WYOMING POLICE,,
1,2026-09-18T01:47:00Z,1789696020000,KENTWOOD,5700 BLOCK OF LEISURE SOUTH DR SE,MEDICAL EMERGENCY,Fire,KENTWOOD FIRE,,
1,2026-09-18T01:50:00Z,1789696200000,LOWELL,300 BLOCK OF N WEST AVE SE,SUSPICIOUS INCIDENT,Police,LOWELL POLICE,,
1,2026-09-18T02:09:00Z,1789697340000,WYOMING,2500 BLOCK OF 56TH ST SW,MEDICAL EMERGENCY,Fire,WYOMING FIRE,,
3,2026-09-18T02:19:00Z,1789697940000,WALKER,1900 BLOCK OF STARK AVE NW,WELFARE CHECK,Police,WALKER POLICE,,
1,2026-09-18T02:21:00Z,1789698060000,BYRON TWP,1000 BLOCK OF AMBER RIDGE DR SW,MEDICAL EMERGENCY,Fire,BYRON TWP FIRE,,
1,2026-09-18T02:28:00Z,1789698480000,WYOMING,3000 BLOCK OF BURLINGAME AVE SW,SUSPICIOUS INCIDENT,Police,WYOMING POLICE,,
1,2026-09-18T02:32:00Z,1789698720000,BOWNE TWP,13200 BLOCK OF 84TH ST SE,SOUND OF GUNSHOTS,Police,KENT CO SHERIFF,,
2,2026-09-18T02:33:00Z,1789698780000,WYOMING,3000 BLOCK OF BURLINGAME AVE SW,MEDICAL EMERGENCY,Fire,WYOMING FIRE,,
1,2026-09-18T02:41:00Z,1789699260000,KENTWOOD,700 BLOCK OF 44TH ST SE,SUSPICIOUS INCIDENT,Police,KENTWOOD POLICE,,
4,2026-09-18T02:47:00Z,1789699620000,ALPINE TWP,3700 BLOCK OF ST MORITZ ST NW,HARASSMENT,Police,KENT CO SHERIFF,,
1,2026-09-18T02:48:00Z,1789699680000,ALPINE TWP,FRUIT RIDGE AVE NW / 7 MILE RD NW,MEDICAL EMERGENCY,Fire,ALPINE TWP FIRE,,
2,2026-09-18T02:55:00Z,1789700100000,GRAND RAPIDS TWP,3800 BLOCK OF FOXGLOVE CT NE,FIRE ALARM,Fire,GRAND RAPIDS TWP FIRE,,
3,2026-09-18T02:55:00Z,1789700100000,WYOMING,2200 BLOCK OF LA CROSSE ST SW,HARASSMENT,Police,WYOMING POLICE,,
1,2026-09-18T03:02:00Z,1789700520000,WYOMING,5500 BLOCK OF CLYDE PARK AVE SW,STOLEN VEHICLE,Police,WYOMING POLICE,,
2,2026-09-18T03:15:00Z,1789701300000,KENTWOOD,2200 BLOCK OF BENTBROOK CT SE,BURGLAR ALARM,Police,KENTWOOD POLICE,,
1,2026-09-18T03:19:00Z,1789701540000,WYOMING,3800 BLOCK OF MADISON AVE SE,FIGHT,Police,WYOMING POLICE,,
2,2026-09-18T03:30:00Z,1789702200000,WYOMING,3400 BLOCK OF LOUSMA DR SE,BURGLAR ALARM,Police,WYOMING POLICE,,
2,2026-09-18T03:36:00Z,1789702560000,CASCADE TWP,5500 BLOCK OF 44TH ST SE,BROADCAST,Police,AIRPORT POLICE,,
1,2026-09-18T03:36:00Z,1789702560000,BYRON TWP,500 BLOCK OF 68TH ST SW,VEHICLE CRASH,Police,KENT CO SHERIFF,,
2,2026-09-18T04:04:00Z,1789704240000,WALKER,WALKER AVE NW / 3 MILE RD NW,DEER PERMIT,Police,WALKER POLICE,,
2,2026-09-18T04:04:00Z,1789704240000,WALKER,WALKER AVE NW / 3 MILE RD NW,VEHICLE CRASH,Police,WALKER POLICE,,
2,2026-09-18T04:05:00Z,1789704300000,WALKER,1400 BLOCK OF PANNELL ST NW,WELFARE CHECK,Police,WALKER POLICE,,
1,2026-09-18T04:10:00Z,1789704600000,WYOMING,4800 BLOCK OF VANCOUVER AVE SW,MEDICAL EMERGENCY,Fire,WYOMING FIRE,,
2,2026-09-18T04:13:00Z,1789704780000,PLAINFIELD TWP,4500 BLOCK OF KEENA CT NE,FIRE ALARM,Fire,PLAINFIELD TWP FIRE,,
1,2026-09-18T04:15:00Z,1789704900000,KENTWOOD,3300 BLOCK OF 28TH ST SE,DISORDERLY PERSON,Police,KENTWOOD POLICE,,
1,2026-09-18T04:27:00Z,1789705620000,ALPINE TWP,400 BLOCK OF CHASSERAL DR NW,FIRE INVESTIGATION,Fire,ALPINE TWP FIRE,,
1,2026-09-18T04:45:00Z,1789706700000,WALKER,3600 BLOCK OF REMEMBRANCE RD NW,SUSPICIOUS INCIDENT,Police,WALKER POLICE,,
2,2026-09-18T04:59:00Z,1789707540000,GAINES TWP,1700 BLOCK OF MARKETPLACE DR SE,BURGLAR ALARM,Police,KENT CO SHERIFF,,
1,2026-09-18T05:00:00Z,1789707600000,WYOMING,0 BLOCK OF 28TH ST SW,SUSPICIOUS INCIDENT,Police,WYOMING POLICE,,
1,2026-09-18T05:03:00Z,1789707780000,CASCADE TWP,5000 BLOCK OF 28TH ST SE,MEDICAL EMERGENCY,Fire,CASCADE TWP FIRE,,
1,2026-09-18T05:08:00Z,1789708080000,GAINES TWP,1000 BLOCK OF 60TH ST SE,MEDICAL EMERGENCY,Fire,GAINES TWP FIRE,,
1,2026-09-18T06:06:00Z,1789711560000,SPARTA TWP,8800 BLOCK OF COUNTRY VIEW DR NW,BURGLARY,Police,KENT CO SHERIFF,,
3,2026-09-18T06:06:00Z,1789711560000,KENTWOOD,2300 BLOCK OF JAMESTOWN DR SE,LOUD NOISE,Police,KENTWOOD POLICE,,
2,2026-09-18T06:08:00Z,1789711680000,CASCADE TWP,2600 BLOCK OF MOHICAN AVE SE,MEDICAL EMERGENCY,Fire,CASCADE TWP FIRE,,
1,2026-09-18T06:14:00Z,1789712040000,BYRON TWP,2300 BLOCK OF BYRON VIEW DR SW,MEDICAL EMERGENCY,Fire,BYRON TWP FIRE,,
1,2026-09-18T06:19:00Z,1789712340000,WYOMING,5400 BLOCK OF S DIVISION AVE,TRESPASSING,Police,WYOMING POLICE,,
2,2026-09-18T06:37:00Z,1789713420000,BYRON TWP,8600 BLOCK OF TROY ST SW,WELFARE CHECK,Police,KENT CO SHERIFF,,
1,2026-09-18T06:43:00Z,1789713780000,SPARTA,200 BLOCK OF APPLEWOOD DR NW,BURGLAR ALARM,Police,SPARTA POLICE,,
1,2026-09-18T07:01:00Z,1789714860000,WALKER,100 BLOCK OF MANZANA CT NW,DISORDERLY PERSON,Police,WALKER POLICE,,
1,2026-09-18T07:39:00Z,1789717140000,WYOMING,2400 BLOCK OF AURORA POND DR SW,MEDICAL EMERGENCY,Fire,WYOMING FIRE,,
1,2026-09-18T07:45:00Z,1789717500000,WYOMING,1400 BLOCK OF PRAIRIE PKWY SW,911 HANG UP,Police,WYOMING POLICE,,
1,2026-09-18T07:54:00Z,1789718040000,PLAINFIELD TWP,BELMONT AVE NE / STRAWBERRY FARMS ST NE,VEHICLE CRASH,Police,KENT CO SHERIFF,,
1,2026-09-18T08:17:00Z,1789719420000,GRAND RAPIDS TWP,3400 BLOCK OF PLAINFIELD AVE NE,GENERAL ASSIST,Police,KENT CO SHERIFF,,
1,2026-09-18T08:45:00Z,1789721100000,VERGENNES TWP,PARNELL AVE NE / 2 MILE RD NE,VEHICLE CRASH,Police,KENT CO SHERIFF,,
1,2026-09-18T08:53:00Z,1789721580000,ALPINE TWP,4200 BLOCK OF ALPENHORN DR NW,ANIMAL INCIDENT,Police,KENT CO SHERIFF,,
3,2026-09-18T09:06:00Z,1789722360000,WALKER,I-96 EB EO WALKER,VEHICLE CRASH,Police,WALKER POLICE,43.02127441,-85.72404163
2,2026-09-18T09:10:00Z,1789722600000,WYOMING,BYRON CENTER AVE SW / 56TH ST SW,GENERAL ASSIST,Police,WYOMING POLICE,,
1,2026-09-18T09:18:00Z,1789723080000,GAINES TWP,1200 BLOCK OF 68TH ST SE,MEDICAL EMERGENCY,Fire,GAINES TWP FIRE,,
1,2026-09-18T09:28:00Z,1789723680000,KENTWOOD,3000 BLOCK OF 28TH ST SE,SUSPICIOUS INCIDENT,Police,KENTWOOD POLICE,,
2,2026-09-18T09:42:00Z,1789724520000,WYOMING,3500 BLOCK OF EASTERN AVE SE,VEHICLE CRASH,Police,WYOMING POLICE,,
3,2026-09-18T09:47:00Z,1789724820000,PLAINFIELD TWP,US-131 NB SO WEST RIVER,ABANDONED VEHICLE,Police,KENT CO SHERIFF,43.03898665,-85.66115501
1,2026-09-18T09:57:00Z,1789725420000,WALKER,500 BLOCK OF MACOMB AVE NW,MEDICAL EMERGENCY,Fire,WALKER FIRE,,
1,2026-09-18T10:07:00Z,1789726020000,KENTWOOD,4300 BLOCK OF NATURE TRAIL DR SE,MEDICAL EMERGENCY,Fire,KENTWOOD FIRE,,
1,2026-09-18T10:19:00Z,1789726740000,KENTWOOD,4600 BLOCK OF DANVERS DR SE,FRAUD,Police,KENTWOOD POLICE,,
1,2026-09-18T10:23:00Z,1789726980000,CALEDONIA TWP,7900 BLOCK OF ALASKA AVE SE,BURGLAR ALARM,Police,KENT CO SHERIFF,,
1,2026-09-18T10:32:00Z,1789727520000,WALKER,1400 BLOCK OF PRESTON RIDGE NW,DISORDERLY PERSON,Police,WALKER POLICE,,
1,2026-09-18T10:44:00Z,1789728240000,CALEDONIA TWP,6400 BLOCK OF 68TH ST SE,GENERAL ASSIST,Police,KENT CO SHERIFF,,
2,2026-09-18T10:57:00Z,1789729020000,KENTWOOD,4400 BLOCK OF 28TH ST SE,BURGLAR ALARM,Police,KENTWOOD POLICE,,
1,2026-09-18T10:58:00Z,1789729080000,WYOMING,32ND ST SW / CLYDE PARK AVE SW,SUSPICIOUS INCIDENT,Police,WYOMING POLICE,,
2,2026-09-18T11:09:00Z,1789729740000,SOLON TWP,3600 BLOCK OF WOODS DR NE,GENERAL ASSIST,Police,KENT CO SHERIFF,,
1,2026-09-18T11:15:00Z,1789730100000,KENTWOOD,4800 BLOCK OF EASTERN AVE SE,BURGLAR ALARM,Police,KENTWOOD POLICE,,
2,2026-09-18T11:18:00Z,1789730280000,GRANDVILLE,4100 BLOCK OF PINE CREEK RD SW,MEDICAL EMERGENCY,Fire,GRANDVILLE FIRE,,
7,2026-09-18T11:19:00Z,1789730340000,CALEDONIA TWP,100TH ST SE / WHITNEYVILLE AVE SE,DEER PERMIT,Police,KENT CO SHERIFF,,
1,2026-09-18T11:22:00Z,1789730520000,KENTWOOD,52ND ST SE / BROADMOOR AVE SE,VEHICLE CRASH,Police,KENTWOOD POLICE,,
9,2026-09-18T11:24:00Z,1789730640000,BOWNE TWP,100TH ST SE / MORSE LAKE AVE SE,DEER PERMIT,Police,KENT CO SHERIFF,,
2,2026-09-18T11:28:00Z,1789730880000,KENTWOOD,3100 BLOCK OF POPLAR CREEK DR SE,MEDICAL EMERGENCY,Fire,KENTWOOD FIRE,,
12,2026-09-18T11:28:00Z,1789730880000,WYOMING,3500 BLOCK OF CLYDE PARK AVE SW,GENERAL ASSIST,Police,WYOMING POLICE,,
5,2026-09-18T11:30:00Z,1789731000000,CASCADE TWP,I-96 WB TO M-6 WB RAMP,VEHICLE CRASH,Police,KENT CO SHERIFF,42.88791494,-85.49008804
1,2026-09-18T11:31:00Z,1789731060000,SPARTA,600 BLOCK OF S STATE ST NW,SUSPICIOUS INCIDENT,Police,SPARTA POLICE,,
7,2026-09-18T11:42:00Z,1789731720000,BYRON TWP,84TH ST SW / RIDGESTONE DR SW,VEHICLE CRASH,Police,KENT CO SHERIFF,,
8,2026-09-18T11:42:00Z,1789731720000,KENTWOOD,S DIVISION AVE / 52ND ST SE,VEHICLE CRASH,Police,KENTWOOD POLICE,,
7,2026-09-18T11:42:00Z,1789731720000,WYOMING,1300 BLOCK OF 28TH ST SW,VEHICLE CRASH,Police,WYOMING POLICE,,
2,2026-09-18T11:43:00Z,1789731780000,CANNON TWP,8600 BLOCK OF BELDING RD NE,MEDICAL EMERGENCY,Fire,CANNON TWP FIRE,,
5,2026-09-18T11:44:00Z,1789731840000,KENTWOOD,44TH ST SE / EAST PARIS AVE SE,VEHICLE CRASH,Police,KENTWOOD POLICE,,
4,2026-09-18T11:45:00Z,1789731900000,PLAINFIELD TWP,10 MILE RD NE / BELMONT AVE NE,VEHICLE CRASH,Police,KENT CO SHERIFF,,
6,2026-09-18T11:46:00Z,1789731960000,ALGOMA TWP,US-131 SB AT INDIAN LAKES,VEHICLE CRASH,Police,KENT CO SHERIFF,43.19751572,-85.57781562
1,2026-09-18T11:47:00Z,1789732020000,PLAINFIELD TWP,4300 BLOCK OF PINE RIDGE PKWY NE,WELFARE CHECK,Police,KENT CO SHERIFF,,
10,2026-09-18T11:48:00Z,1789732080000,WALKER,FRUIT RIDGE AT I-96,GENERAL ASSIST,Police,WALKER POLICE,43.01808354,-85.76326814
2,2026-09-18T11:50:00Z,1789732200000,BYRON TWP,68TH ST SW / ESTATE DR SW,VEHICLE CRASH,Police,BYRON TWP FIRE,,
3,2026-09-18T11:50:00Z,1789732200000,BYRON TWP,68TH ST SW / ESTATE DR SW,VEHICLE CRASH,Police,KENT CO SHERIFF,,
1,2026-09-18T11:50:00Z,1789732200000,KENTWOOD,44TH ST SE / EAST PARIS AVE SE,VEHICLE CRASH,Police,KENTWOOD FIRE,,
1,2026-09-18T11:52:00Z,1789732320000,BYRON TWP,PFEIFFER FARMS DR SW / 84TH ST SW,VEHICLE CRASH,Police,KENT CO SHERIFF,,
14,2026-09-18T11:54:00Z,1789732440000,BYRON TWP,76TH AT US-131,VEHICLE CRASH,Police,KENT CO SHERIFF,42.82625598,-85.67197197
9,2026-09-18T11:55:00Z,1789732500000,CASCADE TWP,I-96 WB TO M-6 WB RAMP,VEHICLE CRASH,Police,CASCADE TWP FIRE,42.88791494,-85.49008804
6,2026-09-18T11:56:00Z,1789732560000,KENTWOOD,60TH ST SE / EASTERN AVE SE,VEHICLE CRASH,Police,KENTWOOD POLICE,,
4,2026-09-18T12:01:00Z,1789732860000,CASCADE TWP,5500 BLOCK OF 28TH ST SE,WELFARE CHECK,Police,KENT CO SHERIFF,,
5,2026-09-18T12:01:00Z,1789732860000,CALEDONIA TWP,60TH ST SE / KRAFT AVE SE,VEHICLE CRASH,Police,KENT CO SHERIFF,,
1,2026-09-18T12:04:00Z,1789733040000,WYOMING,2300 BLOCK OF NEWSTEAD AVE SW,MEDICAL EMERGENCY,Fire,WYOMING FIRE,,
3,2026-09-18T12:10:00Z,1789733400000,PLAINFIELD TWP,1800 BLOCK OF WOODWORTH ST NE,DISORDERLY PERSON,Police,KENT CO SHERIFF,,
2,2026-09-18T12:11:00Z,1789733460000,SPARTA,10000 BLOCK OF SPARTA AVE NW,MEDICAL EMERGENCY,Fire,SPARTA FIRE,,
1,2026-09-18T12:11:00Z,1789733460000,SPARTA,10000 BLOCK OF SPARTA AVE NW,INDUSTRIAL ACCIDENT,Police,SPARTA POLICE,,
13,2026-09-18T12:20:00Z,1789734000000,GRANDVILLE,I-196 EB TO 28TH RAMP,VEHICLE CRASH,Police,GRANDVILLE POLICE,42.913404,-85.765512
1,2026-09-18T12:30:00Z,1789734600000,KENTWOOD,2500 BLOCK OF BRETON WOODS DR SE,MEDICAL EMERGENCY,Fire,KENTWOOD FIRE,,
1,2026-09-18T12:32:00Z,1789734720000,WALKER,1000 BLOCK OF 3 MILE RD NW,VEHICLE CRASH,Police,WALKER POLICE,,
2,2026-09-18T12:40:00Z,1789735200000,GRANDVILLE,4800 BLOCK OF RAVENSWOOD DR SW,MEDICAL EMERGENCY,Fire,GRANDVILLE FIRE,,
1,2026-09-18T12:40:00Z,1789735200000,GRANDVILLE,4800 BLOCK OF RAVENSWOOD DR SW,GENERAL ASSIST,Police,GRANDVILLE POLICE,,
1,2026-09-18T12:41:00Z,1789735260000,WYOMING,1400 BLOCK OF CHICAGO DR SW,GENERAL ASSIST,Police,WYOMING POLICE,,
9,2026-09-18T12:44:00Z,1789735440000,GRAND RAPIDS TWP,2900 BLOCK OF WEST SANDREL CT NE,DAMAGE TO PROPERTY,Police,KENT CO SHERIFF,,
3,2026-09-18T12:45:00Z,1789735500000,NELSON TWP,16200 BLOCK OF MCCLURE AVE NE,OBSCENITY,Police,KENT CO SHERIFF,,
1,2026-09-18T12:47:00Z,1789735620000,KENTWOOD,4800 BLOCK OF RIEMEN DR SE,VEHICLE CRASH,Police,KENTWOOD POLICE,,
1,2026-09-18T13:00:00Z,1789736400000,SPENCER TWP,12500 BLOCK OF 17 MILE RD NE,GENERAL ASSIST,Police,KENT CO SHERIFF,,
4,2026-09-18T13:11:00Z,1789737060000,GRAND RAPIDS TWP,1100 BLOCK OF MEDICAL PARK DR SE,ASSAULT,Police,KENT CO SHERIFF,,
2,2026-09-18T13:12:00Z,1789737120000,WYOMING,4400 BLOCK OF BYRON CENTER AVE SW,DISORDERLY PERSON,Police,WYOMING POLICE,,
1,2026-09-18T13:17:00Z,1789737420000,WYOMING,400 BLOCK OF 54TH ST SW,GENERAL ASSIST,Police,WYOMING POLICE,,
5,2026-09-18T13:18:00Z,1789737480000,PLAINFIELD TWP,NORTHLAND DR NE / 7 MILE RD NE,GENERAL ASSIST,Police,KENT CO SHERIFF,,
3,2026-09-18T13:20:00Z,1789737600000,PLAINFIELD TWP,6800 BLOCK OF LAKE BLUFF DR NE,MEDICAL EMERGENCY,Fire,PLAINFIELD TWP FIRE,,
3,2026-09-18T13:21:00Z,1789737660000,BYRON TWP,76TH ST SW / CATERPILLAR CT SW,VEHICLE CRASH,Police,KENT CO SHERIFF,,
2,2026-09-18T13:22:00Z,1789737720000,CASCADE TWP,2800 BLOCK OF ORANGE AVE SE,MEDICAL EMERGENCY,Fire,CASCADE TWP FIRE,,
1,2026-09-18T13:28:00Z,1789738080000,WYOMING,1100 BLOCK OF CRICKLEWOOD ST SW,HARASSMENT,Police,WYOMING POLICE,,
2,2026-09-18T13:30:00Z,1789738200000,KENTWOOD,100 BLOCK OF SLUYTER ST SE,SUSPICIOUS INCIDENT,Police,KENTWOOD POLICE,,
5,2026-09-18T13:30:00Z,1789738200000,KENTWOOD,1100 BLOCK OF SLUYTER ST SE,SUSPICIOUS INCIDENT,Police,KENTWOOD POLICE,,
1,2026-09-18T13:31:00Z,1789738260000,BYRON TWP,500 BLOCK OF 68TH ST SW,VEHICLE CRASH,Police,BYRON TWP FIRE,,
1,2026-09-18T13:42:00Z,1789738920000,CASCADE TWP,6100 BLOCK OF CHARLEVOIX WOODS CT SE,MEDICAL EMERGENCY,Fire,CASCADE TWP FIRE,,
9,2026-09-18T13:42:00Z,1789738920000,CASCADE TWP,SPAULDING AVE SE / BURTON ST SE,VEHICLE CRASH,Police,KENT CO SHERIFF,,
3,2026-09-18T13:52:00Z,1789739520000,EAST GRAND RAPIDS,LAKE DR SE / PLYMOUTH RD SE,GENERAL ASSIST,Police,EAST GRAND RAPIDS POLICE,,
2,2026-09-18T13:57:00Z,1789739820000,GRANDVILLE,WILSON AVE SW / PRAIRIE ST SW,TRAFFIC VIOLATION,Police,GRANDVILLE POLICE,,
2,2026-09-18T13:59:00Z,1789739940000,BYRON TWP,4400 BLOCK OF 76TH ST SW,FOUND PROPERTY,Police,KENT CO SHERIFF,,
1,2026-09-18T13:59:00Z,1789739940000,WYOMING,5900 BLOCK OF BYRON CENTER AVE SW,ASSAULT,Police,WYOMING POLICE,,
1,2026-09-18T14:00:00Z,1789740000000,WYOMING,4400 BLOCK OF S DIVISION AVE,VEHICLE INSPECTION,Police,WYOMING POLICE,,
6,2026-09-18T14:03:00Z,1789740180000,CANNON TWP,6600 BLOCK OF BELLA VISTA DR NE,WELFARE CHECK,Police,KENT CO SHERIFF,,
6,2026-09-18T14:04:00Z,1789740240000,ALGOMA TWP,3500 BLOCK OF 11 MILE RD NE,WELFARE CHECK,Police,KENT CO SHERIFF,,
2,2026-09-18T14:07:00Z,1789740420000,GRAND RAPIDS TWP,600 BLOCK OF KENMOOR AVE SE,GENERAL ASSIST,Police,KENT CO SHERIFF,,
1,2026-09-18T14:09:00Z,1789740540000,WYOMING,1300 BLOCK OF PRAIRIE PKWY SW,MEDICAL EMERGENCY,Fire,WYOMING FIRE,,
5,2026-09-18T14:16:00Z,1789740960000,GAINES TWP,100TH ST SE / EASTERN AVE SE,VEHICLE CRASH,Police,KENT CO SHERIFF,,
4,2026-09-18T14:17:00Z,1789741020000,GAINES TWP,100TH ST SE / EASTERN AVE SE,VEHICLE CRASH,Police,GAINES TWP FIRE,,
3,2026-09-18T14:17:00Z,1789741020000,ALPINE TWP,4000 BLOCK OF ALPINE AVE NW,FRAUD,Police,KENT CO SHERIFF,,
2,2026-09-18T14:22:00Z,1789741320000,GRANDVILLE,3500 BLOCK OF VIADUCT ST SW,FIRE ALARM,Fire,GRANDVILLE FIRE,,
1,2026-09-18T14:23:00Z,1789741380000,KENTWOOD,4200 BLOCK OF BURTON ST SE,MEDICAL EMERGENCY,Fire,KENTWOOD FIRE,,
1,2026-09-18T14:40:00Z,1789742400000,GRANDVILLE,4000 BLOCK OF 44TH ST SW,DISORDERLY PERSON,Police,GRANDVILLE POLICE,,
2,2026-09-18T14:49:00Z,1789742940000,KENTWOOD,4400 BLOCK OF 52ND ST SE,MEDICAL EMERGENCY,Fire,KENTWOOD FIRE,,
1,2026-09-18T14:55:00Z,1789743300000,KENT CITY,200 BLOCK OF N MAIN ST NW,MEDICAL EMERGENCY,Fire,KENT CITY FIRE,,
15,2026-09-18T14:57:00Z,1789743420000,CALEDONIA TWP,9000 BLOCK OF SAND TREE DR SE,FRAUD,Police,KENT CO SHERIFF,,
1,2026-09-18T15:00:00Z,1789743600000,WYOMING,2900 BLOCK OF SHARON AVE SW,MEDICAL EMERGENCY,Fire,WYOMING FIRE,,
2,2026-09-18T15:03:00Z,1789743780000,KENTWOOD,5200 BLOCK OF KELLOGG WOODS DR SE,WELFARE CHECK,Police,KENTWOOD POLICE,,
1,2026-09-18T15:05:00Z,1789743900000,WYOMING,WEDGEWOOD DR SW / 36TH ST SW,SUSPICIOUS INCIDENT,Police,WYOMING POLICE,,
1,2026-09-18T15:10:00Z,1789744200000,WYOMING,2500 BLOCK OF FOX RUN RD SW,MEDICAL EMERGENCY,Fire,WYOMING FIRE,,
1,2026-09-18T15:15:00Z,1789744500000,WYOMING,2100 BLOCK OF HEALTH DR SW,MEDICAL EMERGENCY,Fire,WYOMING FIRE,,
2,2026-09-18T15:16:00Z,1789744560000,KENTWOOD,3100 BLOCK OF CREEK DR SE,FRAUD,Police,KENTWOOD POLICE,,
1,2026-09-18T15:29:00Z,1789745340000,WYOMING,2500 BLOCK OF MICHAEL AVE SW,MEDICAL EMERGENCY,Fire,WYOMING FIRE,,
2,2026-09-18T15:35:00Z,1789745700000,KENTWOOD,3800 BLOCK OF CREEK WAY DR SE,BURGLAR ALARM,Police,KENTWOOD POLICE,,
1,2026-09-18T15:40:00Z,1789746000000,WYOMING,4000 BLOCK OF S DIVISION AVE,GENERAL ASSIST,Police,WYOMING POLICE,,
13,2026-09-18T15:45:00Z,1789746300000,GAINES TWP,6400 BLOCK OF MILLSTREAM LOOP SE,SUSPICIOUS INCIDENT,Police,KENT CO SHERIFF,,
2,2026-09-18T15:48:00Z,1789746480000,EAST GRAND RAPIDS,700 BLOCK OF PLYMOUTH RD SE,GENERAL ASSIST,Police,EAST GRAND RAPIDS POLICE,,
1,2026-09-18T15:49:00Z,1789746540000,WALKER,1900 BLOCK OF KINNEY AVE NW,ANIMAL INCIDENT,Police,ANIMAL CONTROL,,
16,2026-09-18T15:49:00Z,1789746540000,CANNON TWP,7700 BLOCK OF SPRING POINT CT NE,MISSING PERSON,Police,KENT CO SHERIFF,,
2,2026-09-18T15:50:00Z,1789746600000,CALEDONIA TWP,84TH ST SE / ALASKA AVE SE,VEHICLE CRASH,Police,CALEDONIA TWP FIRE,,
4,2026-09-18T15:50:00Z,1789746600000,CALEDONIA TWP,84TH ST SE / ALASKA AVE SE,VEHICLE CRASH,Police,KENT CO SHERIFF,,
1,2026-09-18T15:52:00Z,1789746720000,GRANDVILLE,4000 BLOCK OF 44TH ST SW,LARCENY,Police,GRANDVILLE POLICE,,
1,2026-09-18T15:55:00Z,1789746900000,WALKER,1000 BLOCK OF SYDNEY DR NW,FRAUD,Police,WALKER POLICE,,
13,2026-09-18T15:57:00Z,1789747020000,ALPINE TWP,4000 BLOCK OF ALPINE AVE NW,FRAUD,Police,KENT CO SHERIFF,,
8,2026-09-18T16:01:00Z,1789747260000,GRANDVILLE,3700 BLOCK OF RIVERTOWN PKWY SW,GENERAL ASSIST,Police,GRANDVILLE POLICE,,
6,2026-09-18T16:04:00Z,1789747440000,GRATTAN TWP,BYRNE AVE NE / 5 MILE RD NE,VEHICLE CRASH,Police,GRATTAN TWP FIRE,,
7,2026-09-18T16:04:00Z,1789747440000,GRATTAN TWP,BYRNE AVE NE / 5 MILE RD NE,VEHICLE CRASH,Police,KENT CO SHERIFF,,
11,2026-09-18T16:04:00Z,1789747440000,WALKER,ALPINE AVE NW / I-96 FWY,VEHICLE CRASH,Police,WALKER POLICE,,
3,2026-09-18T16:05:00Z,1789747500000,WYOMING,2100 BLOCK OF DENWOOD AVE SW,FIRE INVESTIGATION,Fire,WYOMING FIRE,,
4,2026-09-18T16:09:00Z,1789747740000,COURTLAND TWP,14 MILE RD NE / SHANER AVE NE,VEHICLE CRASH,Police,COURTLAND TWP FIRE,,
2,2026-09-18T16:09:00Z,1789747740000,COURTLAND TWP,14 MILE RD NE / SHANER AVE NE,VEHICLE CRASH,Police,KENT CO SHERIFF,,
7,2026-09-18T16:09:00Z,1789747740000,GRAND RAPIDS TWP,EAST BELTLINE AVE NE / E FULTON ST,VEHICLE CRASH,Police,KENT CO SHERIFF,,
3,2026-09-18T16:10:00Z,1789747800000,WYOMING,1300 BLOCK OF BURTON ST SW,FRAUD,Police,WYOMING POLICE,,
1,2026-09-18T16:11:00Z,1789747860000,GRAND RAPIDS,1600 BLOCK OF RICHMOND ST NW,ANIMAL INCIDENT,Police,ANIMAL CONTROL,,
1,2026-09-18T16:12:00Z,1789747920000,WYOMING,4300 BLOCK OF CLYDE PARK AVE SW,MEDICAL EMERGENCY,Fire,WYOMING FIRE,,
6,2026-09-18T16:13:00Z,1789747980000,WALKER,3300 BLOCK OF ALPINE AVE NW,WELFARE CHECK,Police,WALKER POLICE,,
1,2026-09-18T16:16:00Z,1789748160000,BYRON TWP,900 BLOCK OF AMBERWOOD WEST DR SW,WELFARE CHECK,Police,KENT CO SHERIFF,,
5,2026-09-18T16:17:00Z,1789748220000,GRAND RAPIDS,1500 BLOCK OF E FULTON ST,ANIMAL INCIDENT,Police,ANIMAL CONTROL,,
3,2026-09-18T16:20:00Z,1789748400000,ROCKFORD,500 BLOCK OF E DIVISION ST NE,WELFARE CHECK,Police,ROCKFORD POLICE,,
2,2026-09-18T16:23:00Z,1789748580000,KENTWOOD,3200 BLOCK OF 32ND ST SE,WELFARE CHECK,Police,KENTWOOD POLICE,,
2,2026-09-18T16:23:00Z,1789748580000,PLAINFIELD TWP,6900 BLOCK OF SCOTT WOODS CT NE,MEDICAL EMERGENCY,Fire,PLAINFIELD TWP FIRE,,
5,2026-09-18T16:24:00Z,1789748640000,CASCADE TWP,5100 BLOCK OF 28TH ST SE,ASSAULT,Police,KENT CO SHERIFF,,
5,2026-09-18T16:26:00Z,1789748760000,KENTWOOD,4500 BLOCK OF COUNTRY HILL DR SE,MEDICAL EMERGENCY,Fire,KENTWOOD FIRE,,
4,2026-09-18T16:27:00Z,1789748820000,KENTWOOD,3200 BLOCK OF 32ND ST SE,MISC FIRE,Fire,KENTWOOD FIRE,,
3,2026-09-18T16:28:00Z,1789748880000,KENTWOOD,600 BLOCK OF 44TH ST SE,SUSPICIOUS INCIDENT,Police,KENTWOOD POLICE,,
1,2026-09-18T16:30:00Z,1789749000000,ROCKFORD,500 BLOCK OF E DIVISION ST NE,MISC FIRE,Fire,ROCKFORD FIRE,,
2,2026-09-18T16:30:00Z,1789749000000,SPARTA,600 BLOCK OF S STATE ST NW,LOITERING,Police,SPARTA POLICE,,
3,2026-09-18T16:30:00Z,1789749000000,WYOMING,BURLINGAME AVE SW / GEZON PKWY SW,VEHICLE CRASH,Police,WYOMING POLICE,,
2,2026-09-18T16:36:00Z,1789749360000,SPARTA TWP,12500 BLOCK OF STEBBINS AVE NW,MEDICAL EMERGENCY,Fire,SPARTA FIRE,,
1,2026-09-18T16:43:00Z,1789749780000,WYOMING,0 BLOCK OF 28TH ST SW,WELFARE CHECK,Police,WYOMING POLICE,,
4,2026-09-18T16:45:00Z,1789749900000,GRANDVILLE,4700 BLOCK OF CANAL AVE SW,FRAUD,Police,GRANDVILLE POLICE,,
3,2026-09-18T16:46:00Z,1789749960000,KENTWOOD,4500 BLOCK OF JULIVAN AVE SE,TRESPASSING,Police,KENTWOOD POLICE,,
8,2026-09-18T16:48:00Z,1789750080000,WYOMING,200 BLOCK OF THURSTON ST SW,ABANDONED VEHICLE,Police,WYOMING POLICE,,
2,2026-09-18T16:49:00Z,1789750140000,CEDAR SPRINGS,N MAIN ST NE / 18 MILE RD NE,GENERAL ASSIST,Police,KENT CO SHERIFF,,
1,2026-09-18T16:51:00Z,1789750260000,CEDAR SPRINGS,600 BLOCK OF PIONEER TRL NE,MEDICAL EMERGENCY,Fire,CEDAR SPRINGS FIRE,,
9,2026-09-18T16:54:00Z,1789750440000,WYOMING,0 BLOCK OF 43RD ST SW,PARKING VIOLATION,Police,WYOMING POLICE,,
5,2026-09-18T16:55:00Z,1789750500000,BYRON TWP,2300 BLOCK OF BYRON VIEW DR SW,GENERAL ASSIST,Police,KENT CO SHERIFF,,
2,2026-09-18T17:06:00Z,1789751160000,KENTWOOD,3000 BLOCK OF WINGATE DR SE,WELFARE CHECK,Police,KENTWOOD POLICE,,
6,2026-09-18T17:07:00Z,1789751220000,KENTWOOD,60TH ST SE / EASTERN AVE SE,VEHICLE CRASH,Police,KENTWOOD POLICE,,
7,2026-09-18T17:08:00Z,1789751280000,CEDAR SPRINGS,S MAIN ST NE / E MUSKEGON ST NE,WELFARE CHECK,Police,KENT CO SHERIFF,,
1,2026-09-18T17:11:00Z,1789751460000,CEDAR SPRINGS,4100 BLOCK OF 17 MILE RD NE,MEDICAL EMERGENCY,Fire,CEDAR SPRINGS FIRE,,
4,2026-09-18T17:12:00Z,1789751520000,GRAND RAPIDS TWP,E FULTON ST / EAST BELTLINE AVE NE,BROADCAST,Police,KENT CO SHERIFF,,
2,2026-09-18T17:18:00Z,1789751880000,WYOMING,1000 BLOCK OF 44TH ST SW,VEHICLE CRASH,Police,WYOMING FIRE,,
1,2026-09-18T17:18:00Z,1789751880000,WYOMING,1000 BLOCK OF 44TH ST SW,VEHICLE CRASH,Police,WYOMING POLICE,,
1,2026-09-18T17:24:00Z,1789752240000,ROCKFORD,600 BLOCK OF WOLVERINE ST NE,GENERAL ASSIST,Police,ROCKFORD POLICE,,
7,2026-09-18T17:28:00Z,1789752480000,ALPINE TWP,4700 BLOCK OF FOXCROFT AVE NW,WELFARE CHECK,Police,KENT CO SHERIFF,,
2,2026-09-18T17:29:00Z,1789752540000,WYOMING,3200 BLOCK OF WOODWARD AVE SW,MEDICAL EMERGENCY,Fire,WYOMING FIRE,,
1,2026-09-18T17:31:00Z,1789752660000,SPARTA,100 BLOCK OF IDA RED AVE NW,MEDICAL EMERGENCY,Fire,SPARTA FIRE,,
3,2026-09-18T17:31:00Z,1789752660000,WYOMING,5300 BLOCK OF CLAY AVE SW,FIRE ALARM,Fire,WYOMING FIRE,,
1,2026-09-18T17:33:00Z,1789752780000,WYOMING,0 BLOCK OF 28TH ST SW,SUSPICIOUS INCIDENT,Police,WYOMING POLICE,,
3,2026-09-18T17:36:00Z,1789752960000,GRAND RAPIDS,3300 BLOCK OF PLAINFIELD AVE NE,ANIMAL INCIDENT,Police,ANIMAL CONTROL,,
2,2026-09-18T17:42:00Z,1789753320000,CALEDONIA TWP,7400 BLOCK OF THORNAPPLE DALES DR SE,SUSPICIOUS INCIDENT,Police,KENT CO SHERIFF,,
4,2026-09-18T17:43:00Z,1789753380000,KENTWOOD,4700 BLOCK OF CAVALCADE DR SE,FRAUD,Police,KENTWOOD POLICE,,
1,2026-09-18T17:55:00Z,1789754100000,WYOMING,5400 BLOCK OF BYRON CENTER AVE SW,FRAUD,Police,WYOMING POLICE,,
2,2026-09-18T18:00:00Z,1789754400000,CEDAR SPRINGS,400 BLOCK OF S LINDA ST NE,MEDICAL EMERGENCY,Fire,CEDAR SPRINGS FIRE,,
1,2026-09-18T18:01:00Z,1789754460000,CEDAR SPRINGS,4900 BLOCK OF 16 MILE RD NE,WELFARE CHECK,Police,KENT CO SHERIFF,,
8,2026-09-18T18:11:00Z,1789755060000,SPENCER TWP,13500 BLOCK OF BRADSHAW ST NE,DISORDERLY PERSON,Police,KENT CO SHERIFF,,
3,2026-09-18T18:12:00Z,1789755120000,GRANDVILLE,4100 BLOCK OF PRAIRIE ST SW,VEHICLE CRASH,Police,GRANDVILLE POLICE,,
1,2026-09-18T18:12:00Z,1789755120000,CASCADE TWP,5900 BLOCK OF 28TH ST SE,FRAUD,Police,KENT CO SHERIFF,,
1,2026-09-18T18:14:00Z,1789755240000,GAINES TWP,3800 BLOCK OF 68TH ST SE,FOUND PROPERTY,Police,KENT CO SHERIFF,,
3,2026-09-18T18:19:00Z,1789755540000,ROCKFORD,100 BLOCK OF S MAIN ST NE,FIRE ALARM,Fire,ROCKFORD FIRE,,
1,2026-09-18T18:19:00Z,1789755540000,ROCKFORD,100 BLOCK OF S MAIN ST NE,GENERAL ASSIST,Police,ROCKFORD POLICE,,
2,2026-09-18T18:21:00Z,1789755660000,WALKER,2700 BLOCK OF ALPINE AVE NW,VEHICLE CRASH,Police,WALKER POLICE,,
1,2026-09-18T18:25:00Z,1789755900000,GAINES TWP,300 BLOCK OF 68TH ST SE,FIRE ALARM,Fire,GAINES TWP FIRE,,
1,2026-09-18T18:25:00Z,1789755900000,KENTWOOD,4600 BLOCK OF N BRETON CT SE,MEDICAL EMERGENCY,Fire,KENTWOOD FIRE,,
2,2026-09-18T18:25:00Z,1789755900000,KENTWOOD,4400 BLOCK OF S DIVISION AVE,LOITERING,Police,KENTWOOD POLICE,,
12,2026-09-18T18:26:00Z,1789755960000,WALKER,3900 BLOCK OF OBRIEN ST SW,ANIMAL INCIDENT,Police,ANIMAL CONTROL,,
6,2026-09-18T18:26:00Z,1789755960000,WALKER,1000 BLOCK OF 4 MILE RD NW,WELFARE CHECK,Police,WALKER POLICE,,
5,2026-09-18T18:33:00Z,1789756380000,COURTLAND TWP,11800 BLOCK OF NORTHLAND DR NE,LOITERING,Police,KENT CO SHERIFF,,
4,2026-09-18T18:34:00Z,1789756440000,SPARTA,0 BLOCK OF CARRIE ST NW,BURGLARY,Police,SPARTA POLICE,,
3,2026-09-18T18:35:00Z,1789756500000,GAINES TWP,EASTPORT DR SE / KALAMAZOO AVE SE,VEHICLE CRASH,Police,KENT CO SHERIFF,,
2,2026-09-18T18:37:00Z,1789756620000,COURTLAND TWP,9100 BLOCK OF PARMETER AVE NE,WELFARE CHECK,Police,KENT CO SHERIFF,,
1,2026-09-18T18:39:00Z,1789756740000,COURTLAND TWP,9100 BLOCK OF PARMETER AVE NE,MEDICAL EMERGENCY,Fire,COURTLAND TWP FIRE,,
1,2026-09-18T18:44:00Z,1789757040000,ROCKFORD,300 BLOCK OF NORTHLAND DR NE,WELFARE CHECK,Police,ROCKFORD POLICE,,
4,2026-09-18T18:44:00Z,1789757040000,WYOMING,0 BLOCK OF 28TH ST SW,VEHICLE CRASH,Police,WYOMING POLICE,,
2,2026-09-18T18:45:00Z,1789757100000,KENTWOOD,1300 BLOCK OF BROOKCROSS DR SE,911 HANG UP,Police,KENTWOOD POLICE,,
1,2026-09-18T18:47:00Z,1789757220000,GRANDVILLE,27TH ST SW / IVANREST AVE SW,VEHICLE CRASH,Police,GRANDVILLE POLICE,,
1,2026-09-18T18:52:00Z,1789757520000,KENTWOOD,BROADMOOR AVE SE / BARDEN DR SE,GENERAL ASSIST,Police,KENTWOOD POLICE,,
1,2026-09-18T18:55:00Z,1789757700000,KENTWOOD,4800 BLOCK OF STAUFFER AVE SE,MEDICAL EMERGENCY,Fire,KENTWOOD FIRE,,
2,2026-09-18T19:07:00Z,1789758420000,ALPINE TWP,3900 BLOCK OF NORDIC AVE NW,HARASSMENT,Police,KENT CO SHERIFF,,
13,2026-09-18T19:13:00Z,1789758780000,BYRON TWP,200 BLOCK OF INCA DR SW,ANIMAL INCIDENT,Police,ANIMAL CONTROL,,
3,2026-09-18T19:18:00Z,1789759080000,WYOMING,2000 BLOCK OF CLEVELAND AVE SW,WELFARE CHECK,Police,WYOMING POLICE,,
2,2026-09-18T19:21:00Z,1789759260000,GRAND RAPIDS TWP,600 BLOCK OF FOREST HILL AVE SE,ANIMAL INCIDENT,Police,ANIMAL CONTROL,,
1,2026-09-18T19:21:00Z,1789759260000,EAST GRAND RAPIDS,MAPLEWOOD DR SE / EDGEWOOD AVE SE,ABANDONED VEHICLE,Police,EAST GRAND RAPIDS POLICE,,
1,2026-09-18T19:22:00Z,1789759320000,PLAINFIELD TWP,4200 BLOCK OF N DIVISION AVE,MEDICAL EMERGENCY,Fire,PLAINFIELD TWP FIRE,,
7,2026-09-18T19:26:00Z,1789759560000,CALEDONIA TWP,7300 BLOCK OF WHITNEYVILLE AVE SE,GENERAL ASSIST,Police,KENT CO SHERIFF,,
4,2026-09-18T19:28:00Z,1789759680000,BYRON TWP,8500 BLOCK OF BELVEDERE ST SW,MISSING PERSON,Police,KENT CO SHERIFF,,
1,2026-09-18T19:29:00Z,1789759740000,EAST GRAND RAPIDS,2800 BLOCK OF BONNELL AVE SE,VEHICLE CRASH,Police,EAST GRAND RAPIDS POLICE,,
5,2026-09-18T19:31:00Z,1789759860000,PLAINFIELD TWP,100 BLOCK OF CHICORY ST NE,SUSPICIOUS INCIDENT,Police,KENT CO SHERIFF,,
3,2026-09-18T19:32:00Z,1789759920000,WALKER,600 BLOCK OF CENTER DR NW,ANIMAL INCIDENT,Police,ANIMAL CONTROL,,
6,2026-09-18T19:32:00Z,1789759920000,VERGENNES TWP,600 BLOCK OF LINCOLN LAKE AVE SE,VEHICLE CRASH,Police,KENT CO SHERIFF,,
1,2026-09-18T19:33:00Z,1789759980000,VERGENNES TWP,600 BLOCK OF LINCOLN LAKE AVE SE,VEHICLE CRASH,Police,LOWELL AREA FIRE,,
9,2026-09-18T19:34:00Z,1789760040000,ALGOMA TWP,US-131 NB NO 10 MILE,TRAFFIC VIOLATION,Police,KENT CO SHERIFF,43.11858495,-85.60581093
12,2026-09-18T19:37:00Z,1789760220000,PLAINFIELD TWP,US-131 SB NO WEST RIVER,WELFARE CHECK,Police,KENT CO SHERIFF,43.04256757,-85.66225299
2,2026-09-18T19:38:00Z,1789760280000,PLAINFIELD TWP,8300 BLOCK OF HERRINGTON AVE NE,MEDICAL EMERGENCY,Fire,PLAINFIELD TWP FIRE,,
1,2026-09-18T19:39:00Z,1789760340000,EAST GRAND RAPIDS,2600 BLOCK OF REEDS LAKE CT SE,FIRE ALARM,Fire,EAST GRAND RAPIDS FIRE,,
7,2026-09-18T19:39:00Z,1789760340000,GRAND RAPIDS TWP,3400 BLOCK OF PLAINFIELD AVE NE,WELFARE CHECK,Police,KENT CO SHERIFF,,
6,2026-09-18T19:45:00Z,1789760700000,ALPINE TWP,3800 BLOCK OF YORKLAND DR NW,GENERAL ASSIST,Police,KENT CO SHERIFF,,
5,2026-09-18T19:46:00Z,1789760760000,WALKER,3100 BLOCK OF FRUIT RIDGE AVE NW,WELFARE CHECK,Police,WALKER POLICE,,
1,2026-09-18T19:47:00Z,1789760820000,ALGOMA TWP,GALAXY ST NE / CYGNUS LN NE,DISORDERLY PERSON,Police,KENT CO SHERIFF,,
3,2026-09-18T19:50:00Z,1789761000000,GRANDVILLE,WILSON AVE SW / CHICAGO DR SW,VEHICLE CRASH,Police,GRANDVILLE POLICE,,
2,2026-09-18T19:51:00Z,1789761060000,GRANDVILLE,3200 BLOCK OF 44TH ST SW,DISORDERLY PERSON,Police,GRANDVILLE POLICE,,
1,2026-09-18T19:52:00Z,1789761120000,LOWELL TWP,11900 BLOCK OF E FULTON ST,MEDICAL EMERGENCY,Fire,LOWELL AREA FIRE,,
11,2026-09-18T20:06:00Z,1789761960000,KENTWOOD,5100 BLOCK OF WICHITA DR SE,LARCENY,Police,KENTWOOD POLICE,,
3,2026-09-18T20:06:00Z,1789761960000,WYOMING,2100 BLOCK OF GODFREY AVE SW,GENERAL ASSIST,Police,WYOMING POLICE,,
2,2026-09-18T20:07:00Z,1789762020000,SAND LAKE,0 BLOCK OF S 3RD ST NE,VEHICLE FIRE,Fire,SAND LAKE FIRE,,
3,2026-09-18T20:11:00Z,1789762260000,CASCADE TWP,5600 BLOCK OF 28TH ST SE,LOITERING,Police,KENT CO SHERIFF,,
1,2026-09-18T20:12:00Z,1789762320000,KENTWOOD,4800 BLOCK OF GREEN OAK LN SE,DISORDERLY PERSON,Police,KENTWOOD POLICE,,
10,2026-09-18T20:14:00Z,1789762440000,CANNON TWP,6100 BLOCK OF EGYPT VALLEY AVE NE,FRAUD,Police,KENT CO SHERIFF,,
9,2026-09-18T20:17:00Z,1789762620000,CASCADE TWP,5400 BLOCK OF 28TH ST CT SE,GENERAL ASSIST,Police,KENT CO SHERIFF,,
1,2026-09-18T20:24:00Z,1789763040000,BYRON TWP,2300 BLOCK OF 84TH ST SW,MISSING PERSON,Police,KENT CO SHERIFF,,
6,2026-09-18T20:25:00Z,1789763100000,PLAINFIELD TWP,4900 BLOCK OF WEBBER CT NE,GENERAL ASSIST,Police,KENT CO SHERIFF,,
6,2026-09-18T20:31:00Z,1789763460000,ALPINE TWP,8300 BLOCK OF FRUIT RIDGE AVE NW,VEHICLE CRASH,Police,KENT CO SHERIFF,,
10,2026-09-18T20:33:00Z,1789763580000,GAINES TWP,100 BLOCK OF MAPLEBROOK ST SE,OBSCENITY,Police,KENT CO SHERIFF,,
9,2026-09-18T20:34:00Z,1789763640000,WYOMING,4000 BLOCK OF S DIVISION AVE,FRAUD,Police,WYOMING POLICE,,
8,2026-09-18T20:35:00Z,1789763700000,CASCADE TWP,28TH ST SE / HOTEL AVE SE,VEHICLE CRASH,Police,KENT CO SHERIFF,,
4,2026-09-18T20:36:00Z,1789763760000,PLAINFIELD TWP,WEST RIVER DR NE / 4 MILE RD NE,TRAFFIC VIOLATION,Police,KENT CO SHERIFF,,
1,2026-09-18T20:37:00Z,1789763820000,WALKER,300 BLOCK OF WILSON AVE NW,FRAUD,Police,WALKER POLICE,,
4,2026-09-18T20:38:00Z,1789763880000,SPENCER TWP,16200 BLOCK OF LARSEN AVE NE,VEHICLE INSPECTION,Police,KENT CO SHERIFF,,
6,2026-09-18T20:38:00Z,1789763880000,WALKER,3300 BLOCK OF ALPINE AVE NW,ASSAULT,Police,WALKER POLICE,,
4,2026-09-18T20:39:00Z,1789763940000,BYRON TWP,100TH ST SW / SOUTH KENT DR SW,VEHICLE CRASH,Police,BYRON TWP FIRE,,
5,2026-09-18T20:39:00Z,1789763940000,BYRON TWP,100TH ST SW / SOUTH KENT DR SW,VEHICLE CRASH,Police,KENT CO SHERIFF,,
1,2026-09-18T20:40:00Z,1789764000000,GRANDVILLE,CHICAGO DR SW / FAIRLANES AVE SW,VEHICLE CRASH,Police,GRANDVILLE FIRE,,
2,2026-09-18T20:40:00Z,1789764000000,GRANDVILLE,CHICAGO DR SW / FAIRLANES AVE SW,VEHICLE CRASH,Police,GRANDVILLE POLICE,,
1,2026-09-18T20:44:00Z,1789764240000,MONTCALM PIERSON TWP,23200 BLOCK OF LAKEVIEW LN,MEDICAL EMERGENCY,Fire,SAND LAKE FIRE,,
1,2026-09-18T20:46:00Z,1789764360000,KENTWOOD,3700 BLOCK OF 29TH ST SE,MEDICAL EMERGENCY,Fire,KENTWOOD FIRE,,
2,2026-09-18T20:50:00Z,1789764600000,GRAND RAPIDS,FREMONT AVE NW / 9TH ST NW,ANIMAL INCIDENT,Police,ANIMAL CONTROL,,
10,2026-09-18T20:50:00Z,1789764600000,GRATTAN TWP,7200 BLOCK OF ASHLEY AVE NE,GENERAL ASSIST,Police,KENT CO SHERIFF,,
2,2026-09-18T20:52:00Z,1789764720000,WYOMING,1100 BLOCK OF HUDSON ST SW,FRAUD,Police,WYOMING POLICE,,
11,2026-09-18T21:00:00Z,1789765200000,GRAND RAPIDS TWP,I-96 WB EO CASCADE,VEHICLE CRASH,Police,KENT CO SHERIFF,42.94559558,-85.56671236
1,2026-09-18T21:00:00Z,1789765200000,WYOMING,1600 BLOCK OF 28TH ST SW,DISORDERLY PERSON,Police,WYOMING POLICE,,
5,2026-09-18T21:03:00Z,1789765380000,GRAND RAPIDS,300 BLOCK OF GRIGGS ST SW,ANIMAL INCIDENT,Police,ANIMAL CONTROL,,
12,2026-09-18T21:03:00Z,1789765380000,PLAINFIELD TWP,US-131 NB AT 6 MILE,VEHICLE CRASH,Police,KENT CO SHERIFF,43.05803029,-85.66272844
1,2026-09-18T21:08:00Z,1789765680000,GRAND RAPIDS TWP,3800 BLOCK OF LEONARD ST NE,GENERAL ASSIST,Police,KENT CO SHERIFF,,
2,2026-09-18T21:12:00Z,1789765920000,PLAINFIELD TWP,6700 BLOCK OF PLEASANTVIEW DR NE,FIRE ALARM,Fire,PLAINFIELD TWP FIRE,,
10,2026-09-18T21:17:00Z,1789766220000,WALKER,ALPINE AT I-96,WELFARE CHECK,Police,WALKER POLICE,43.01647542,-85.68889947
2,2026-09-18T21:17:00Z,1789766220000,WYOMING,200 BLOCK OF JEAN ST SW,GENERAL ASSIST,Police,WYOMING POLICE,,
1,2026-09-18T21:18:00Z,1789766280000,GAINES TWP,6200 BLOCK OF KALAMAZOO AVE SE,MEDICAL EMERGENCY,Fire,GAINES TWP FIRE,,
2,2026-09-18T21:18:00Z,1789766280000,GRANDVILLE,3600 BLOCK OF PRAIRIE ST SW,MISC FIRE,Fire,GRANDVILLE FIRE,,
4,2026-09-18T21:22:00Z,1789766520000,WYOMING,200 BLOCK OF 43RD ST SW,WELFARE CHECK,Police,WYOMING POLICE,,
3,2026-09-18T21:22:00Z,1789766520000,WYOMING,300 BLOCK OF 43RD ST SW,WELFARE CHECK,Police,WYOMING POLICE,,
3,2026-09-18T21:26:00Z,1789766760000,ADA TWP,6100 BLOCK OF ADA DR SE,VEHICLE INSPECTION,Police,KENT CO SHERIFF,,
2,2026-09-18T21:35:00Z,1789767300000,BYRON TWP,2300 BLOCK OF BYRON VIEW DR SW,MEDICAL EMERGENCY,Fire,BYRON TWP FIRE,,
1,2026-09-18T21:38:00Z,1789767480000,ADA TWP,9100 BLOCK OF TWIN OAKS LN NE,MEDICAL EMERGENCY,Fire,ADA TWP FIRE,,
2,2026-09-18T21:38:00Z,1789767480000,KENTWOOD,3200 BLOCK OF 28TH ST SE,DISORDERLY PERSON,Police,KENTWOOD POLICE,,
1,2026-09-18T21:42:00Z,1789767720000,BYRON TWP,200 BLOCK OF SCABBARD ST SW,WELFARE CHECK,Police,KENT CO SHERIFF,,
1,2026-09-18T21:47:00Z,1789768020000,PLAINFIELD TWP,6200 BLOCK OF BELMONT AVE NE,BURGLAR ALARM,Police,KENT CO SHERIFF,,
3,2026-09-18T22:02:00Z,1789768920000,CASCADE TWP,PATTERSON AVE SE / 28TH ST SE,VEHICLE CRASH,Police,KENT CO SHERIFF,,
2,2026-09-18T22:10:00Z,1789769400000,WYOMING,4600 BLOCK OF PINEHURST AVE SW,GENERAL ASSIST,Police,WYOMING POLICE,,
3,2026-09-18T22:15:00Z,1789769700000,CEDAR SPRINGS,100 BLOCK OF S MAIN ST NE,ANIMAL INCIDENT,Police,KENT CO SHERIFF,,
1,2026-09-18T22:19:00Z,1789769940000,CEDAR SPRINGS,17 MILE RD NE / WHITE CREEK AVE NE,GENERAL ASSIST,Police,KENT CO SHERIFF,,
6,2026-09-18T22:19:00Z,1789769940000,KENTWOOD,2700 BLOCK OF HAWK RIDGE CT SE,LARCENY,Police,KENTWOOD POLICE,,
2,2026-09-18T22:23:00Z,1789770180000,KENTWOOD,2100 BLOCK OF WOODSHIRE PL SE,MEDICAL EMERGENCY,Fire,KENTWOOD FIRE,,
1,2026-09-18T22:25:00Z,1789770300000,CANNON TWP,7300 BLOCK OF LOMA LINDA CT NE,MEDICAL EMERGENCY,Fire,CANNON TWP FIRE,,
4,2026-09-18T22:33:00Z,1789770780000,LOWELL TWP,11500 BLOCK OF E FULTON ST,MEDICAL EMERGENCY,Fire,LOWELL AREA FIRE,,
3,2026-09-18T22:35:00Z,1789770900000,WYOMING,400 BLOCK OF 54TH ST SW,DISORDERLY PERSON,Police,WYOMING POLICE,,
2,2026-09-18T22:40:00Z,1789771200000,CALEDONIA TWP,6200 BLOCK OF RED ASH CT SE,MEDICAL EMERGENCY,Fire,CALEDONIA TWP FIRE,,
1,2026-09-18T22:41:00Z,1789771260000,GRANDVILLE,3000 BLOCK OF 44TH ST SW,DISORDERLY PERSON,Police,GRANDVILLE POLICE,,
7,2026-09-18T22:41:00Z,1789771260000,WYOMING,2700 BLOCK OF MADELYN DR SW,PARKING VIOLATION,Police,WYOMING POLICE,,
3,2026-09-18T22:51:00Z,1789771860000,BYRON TWP,8500 BLOCK OF ELKWOOD DR SW,MEDICAL EMERGENCY,Fire,BYRON TWP FIRE,,
1,2026-09-18T22:51:00Z,1789771860000,SOLON TWP,15500 BLOCK OF SIMMONS AVE NE,MEDICAL EMERGENCY,Fire,SOLON TWP FIRE,,
2,2026-09-18T22:51:00Z,1789771860000,WYOMING,FARRAGUT ST SW / BERWYN AVE SW,ASSAULT,Police,WYOMING POLICE,,
1,2026-09-18T22:55:00Z,1789772100000,WYOMING,GODFREY AVE SW / BURTON ST SW,VEHICLE CRASH,Police,WYOMING FIRE,,
2,2026-09-18T22:55:00Z,1789772100000,WYOMING,GODFREY AVE SW / BURTON ST SW,VEHICLE CRASH,Police,WYOMING POLICE,,
1,2026-09-18T23:07:00Z,1789772820000,CASCADE TWP,2300 BLOCK OF PHEASANT CT SE,MEDICAL EMERGENCY,Fire,CASCADE TWP FIRE,,
2,2026-09-18T23:07:00Z,1789772820000,WALKER,2400 BLOCK OF ALPINE AVE NW,RECKLESS DRIVER,Police,WALKER POLICE,,
9,2026-09-18T23:13:00Z,1789773180000,GRAND RAPIDS TWP,2000 BLOCK OF SANDREL DR NE,LARCENY,Police,KENT CO SHERIFF,,
2,2026-09-18T23:17:00Z,1789773420000,WYOMING,1800 BLOCK OF BURLINGAME AVE SW,GENERAL ASSIST,Police,WYOMING POLICE,,
1,2026-09-18T23:18:00Z,1789773480000,KENTWOOD,4400 BLOCK OF WALNUT HILLS DR SE,GENERAL ASSIST,Police,KENTWOOD POLICE,,
1,2026-09-18T23:26:00Z,1789773960000,LOWELL,1400 BLOCK OF W MAIN ST SE,ORDINANCE VIOLATION,Police,LOWELL POLICE,,
2,2026-09-18T23:29:00Z,1789774140000,ADA TWP,CASCADE RD SE / SPAULDING AVE SE,VEHICLE CRASH,Police,KENT CO SHERIFF,,
1,2026-09-18T23:32:00Z,1789774320000,KENTWOOD,4800 BLOCK OF EASTERN AVE SE,BURGLAR ALARM,Police,KENTWOOD POLICE,,
1,2026-09-18T23:34:00Z,1789774440000,WYOMING,1800 BLOCK OF 44TH ST SW,BURGLAR ALARM,Police,WYOMING POLICE,,
2,2026-09-18T23:36:00Z,1789774560000,CASCADE TWP,8800 BLOCK OF GRAND RIVER DR SE,INJUNCTIVE VIOLATION,Police,KENT CO SHERIFF,,
1,2026-09-18T23:41:00Z,1789774860000,WYOMING,1900 BLOCK OF FARRAGUT ST SW,FIGHT,Police,WYOMING POLICE,,
2,2026-09-18T23:45:00Z,1789775100000,GAINES TWP,6600 BLOCK OF SAWGRASS DR SE,WELFARE CHECK,Police,KENT CO SHERIFF,,
5,2026-09-18T23:49:00Z,1789775340000,GRANDVILLE,4300 BLOCK OF 42ND ST SW,BARKING DOG,Police,GRANDVILLE POLICE,,
1,2026-09-18T23:49:00Z,1789775340000,GRANDVILLE,GRANDVILLE HIGH SCHOOL ACCESS SW,911 HANG UP,Police,GRANDVILLE POLICE,,
7,2026-09-18T23:49:00Z,1789775340000,ALPINE TWP,4000 BLOCK OF ALPINE AVE NW,TRESPASSING,Police,KENT CO SHERIFF,,
4,2026-09-18T23:53:00Z,1789775580000,WYOMING,900 BLOCK OF OAKCREST ST SW,MEDICAL EMERGENCY,Fire,WYOMING FIRE,,
3,2026-09-18T23:53:00Z,1789775580000,WYOMING,900 BLOCK OF OAKCREST ST SW,BROADCAST,Police,WYOMING POLICE,,
6,2026-09-18T23:54:00Z,1789775640000,ALPINE TWP,3800 BLOCK OF YORKLAND DR NW,PARKING VIOLATION,Police,KENT CO SHERIFF,,
1,2026-09-18T23:55:00Z,1789775700000,SPARTA TWP,M-37 / 15 MILE RD NW,BROADCAST,Police,KENT CO SHERIFF,,
2,2026-09-18T23:55:00Z,1789775700000,WALKER,300 BLOCK OF WILSON AVE NW,FRAUD,Police,WALKER POLICE,,
4,2026-09-19T00:01:00Z,1789776060000,PLAINFIELD TWP,7500 BLOCK OF PINE ISLAND DR NE,ABANDONED VEHICLE,Police,KENT CO SHERIFF,,
4,2026-09-19T00:03:00Z,1789776180000,PLAINFIELD TWP,1500 BLOCK OF RUTH LN NE,INJUNCTIVE VIOLATION,Police,KENT CO SHERIFF,,
2,2026-09-19T00:03:00Z,1789776180000,KENTWOOD,500 BLOCK OF PRINCE ALBERT ST SE,911 HANG UP,Police,KENTWOOD POLICE,,
1,2026-09-19T00:06:00Z,1789776360000,PLAINFIELD TWP,4000 BLOCK OF PLAINFIELD AVE NE,MEDICAL EMERGENCY,Fire,PLAINFIELD TWP FIRE,,
1,2026-09-19T00:07:00Z,1789776420000,BYRON TWP,6600 BLOCK OF CLAY AVE SW,TECH RESCUE,Fire,BYRON TWP FIRE,,
2,2026-09-19T00:20:00Z,1789777200000,PLAINFIELD TWP,HIGHLANDER DR NE / 10 MILE RD NE,TRAFFIC VIOLATION,Police,KENT CO SHERIFF,,
1,2026-09-19T00:21:00Z,1789777260000,BYRON TWP,6100 BLOCK OF SKIPTON DR SW,MEDICAL EMERGENCY,Fire,BYRON TWP FIRE,,
4,2026-09-19T00:21:00Z,1789777260000,COURTLAND TWP,12900 BLOCK OF REDMOND AVE NE,DAMAGE FROM GUNSHOTS,Police,KENT CO SHERIFF,,
1,2026-09-19T00:31:00Z,1789777860000,KENTWOOD,300 BLOCK OF MAPLELAWN ST SE,MEDICAL EMERGENCY,Fire,KENTWOOD FIRE,,
1,2026-09-19T00:37:00Z,1789778220000,SOLON TWP,LONG LAKE DR NE / 17 MILE RD NE,WELFARE CHECK,Police,KENT CO SHERIFF,,
2,2026-09-19T00:41:00Z,1789778460000,CASCADE TWP,1200 BLOCK OF SPAULDING AVE SE,MEDICAL EMERGENCY,Fire,CASCADE TWP FIRE,,
1,2026-09-19T00:42:00Z,1789778520000,CASCADE TWP,6100 BLOCK OF CHARLEVOIX WOODS CT SE,MEDICAL EMERGENCY,Fire,CASCADE TWP FIRE,,
2,2026-09-19T00:43:00Z,1789778580000,PLAINFIELD TWP,PLAINFIELD AVE NE / WOODWORTH ST NE,VEHICLE CRASH,Police,KENT CO SHERIFF,,
1,2026-09-19T00:43:00Z,1789778580000,KENTWOOD,5200 BLOCK OF BURGIS AVE SE,FRAUD,Police,KENTWOOD POLICE,,
3,2026-09-19T00:44:00Z,1789778640000,NELSON TWP,14600 BLOCK OF IVORYSTONE DR NE,RECKLESS DRIVER,Police,KENT CO SHERIFF,,
1,2026-09-19T00:46:00Z,1789778760000,EAST GRAND RAPIDS,2700 BLOCK OF BONNELL AVE SE,SUSPICIOUS INCIDENT,Police,EAST GRAND RAPIDS POLICE,,
3,2026-09-19T00:54:00Z,1789779240000,PLAINFIELD TWP,4400 BLOCK OF BRIAR RIDGE DR NE,WELFARE CHECK,Police,KENT CO SHERIFF,,
1,2026-09-19T00:55:00Z,1789779300000,KENTWOOD,5900 BLOCK OF CHRISTIE AVE SE,SUSPICIOUS INCIDENT,Police,KENTWOOD POLICE,,
1,2026-09-19T00:58:00Z,1789779480000,KENTWOOD,200 BLOCK OF KLEYLA ST SE,TRESPASSING,Police,KENTWOOD POLICE,,
1,2026-09-19T01:08:00Z,1789780080000,BYRON TWP,8100 BLOCK OF BYRON CENTER AVE SW,DISORDERLY PERSON,Police,KENT CO SHERIFF,,
3,2026-09-19T01:15:00Z,1789780500000,WYOMING,2400 BLOCK OF PALM DALE DR SW,911 HANG UP,Police,WYOMING POLICE,,
1,2026-09-19T01:15:00Z,1789780500000,WYOMING,4200 BLOCK OF STONEBRIDGE RD SW,BURGLAR ALARM,Police,WYOMING POLICE,,
1,2026-09-19T01:23:00Z,1789780980000,CALEDONIA TWP,5100 BLOCK OF NORTH MORGAN LN SE,MEDICAL EMERGENCY,Fire,CALEDONIA TWP FIRE,,
1,2026-09-19T01:31:00Z,1789781460000,WYOMING,3200 BLOCK OF S DIVISION AVE,BURGLAR ALARM,Police,WYOMING POLICE,,
2,2026-09-19T01:35:00Z,1789781700000,CASCADE TWP,5400 BLOCK OF 28TH ST CT SE,WELFARE CHECK,Police,KENT CO SHERIFF,,
5,2026-09-19T01:36:00Z,1789781760000,LOWELL TWP,I-96 WB AT IONIA CO LINE,BROADCAST,Police,KENT CO SHERIFF,42.87759979,-85.31168719
2,2026-09-19T01:37:00Z,1789781820000,CASCADE TWP,5400 BLOCK OF 28TH ST CT SE,MEDICAL EMERGENCY,Fire,CASCADE TWP FIRE,,
1,2026-09-19T01:39:00Z,1789781940000,WALKER,3500 BLOCK OF SUNRISE LN NW,FIREWORKS,Police,WALKER POLICE,,
1,2026-09-19T01:45:00Z,1789782300000,ALPINE TWP,200 BLOCK OF 7 MILE RD NW,MEDICAL EMERGENCY,Fire,ALPINE TWP FIRE,,
5,2026-09-19T01:48:00Z,1789782480000,GAINES TWP,M-6 WB AT EASTERN,VEHICLE CRASH,Police,KENT CO SHERIFF,42.84886778,-85.64390632
1,2026-09-19T01:54:00Z,1789782840000,WYOMING,4200 BLOCK OF S DIVISION AVE,DISORDERLY PERSON,Police,WYOMING POLICE,,
1,2026-09-19T02:02:00Z,1789783320000,KENTWOOD,52ND ST SE / BRETON AVE SE,TRAFFIC HAZARD,Police,KENTWOOD POLICE,,
2,2026-09-19T02:18:00Z,1789784280000,CALEDONIA TWP,7400 BLOCK OF UNICORN AVE SE,WELFARE CHECK,Police,KENT CO SHERIFF,,
2,2026-09-19T02:18:00Z,1789784280000,LOWELL,700 BLOCK OF BOWES RD SE,MEDICAL EMERGENCY,Fire,LOWELL AREA FIRE,,
1,2026-09-19T02:21:00Z,1789784460000,WYOMING,1200 BLOCK OF WHITING ST SW,DISORDERLY PERSON,Police,WYOMING POLICE,,
1,2026-09-19T02:33:00Z,1789785180000,BYRON TWP,6300 BLOCK OF VENTURE HILLS BLVD SW,ASSAULT,Police,KENT CO SHERIFF,,
4,2026-09-19T02:37:00Z,1789785420000,GAINES TWP,M-6 EB TO KALAMAZOO SB RAMP,GENERAL ASSIST,Police,KENT CO SHERIFF,42.84641666,-85.62531713
1,2026-09-19T03:00:00Z,1789786800000,CALEDONIA TWP,7800 BLOCK OF AUSTINRIDGE DR SE,DAMAGE TO PROPERTY,Police,KENT CO SHERIFF,,
1,2026-09-19T03:01:00Z,1789786860000,WALKER,3400 BLOCK OF 3 MILE RD NW,BURGLAR ALARM,Police,WALKER POLICE,,
1,2026-09-19T03:33:00Z,1789788780000,BYRON TWP,68TH ST SW / CUTLER PARK DR SW,GENERAL ASSIST,Police,KENT CO SHERIFF,,
1,2026-09-19T03:36:00Z,1789788960000,GRANDVILLE,4500 BLOCK OF POTOMAC AVE SW,DISORDERLY PERSON,Police,GRANDVILLE POLICE,,
1,2026-09-19T03:41:00Z,1789789260000,BYRON TWP,7600 BLOCK OF CATERPILLAR CT SW,DISORDERLY PERSON,Police,KENT CO SHERIFF,,
1,2026-09-19T03:43:00Z,1789789380000,PLAINFIELD TWP,900 BLOCK OF QUINTARA CT NE,911 HANG UP,Police,KENT CO SHERIFF,,
5,2026-09-19T03:48:00Z,1789789680000,WALKER,I-96 WB TO US-131 NB RAMP,VEHICLE CRASH,Police,WALKER FIRE,43.02173862,-85.66663184
6,2026-09-19T03:48:00Z,1789789680000,WALKER,I-96 WB TO US-131 NB RAMP,VEHICLE CRASH,Police,WALKER POLICE,43.02173862,-85.66663184
2,2026-09-19T03:50:00Z,1789789800000,KENTWOOD,5100 BLOCK OF KIMBALL AVE SE,SUSPICIOUS INCIDENT,Police,KENTWOOD POLICE,,
1,2026-09-19T03:53:00Z,1789789980000,WYOMING,1300 BLOCK OF BURTON ST SW,FRAUD,Police,WYOMING POLICE,,
2,2026-09-19T03:59:00Z,1789790340000,TYRONE TWP,PEACH RIDGE AVE NW / AUNTIE JO LN NW,VEHICLE CRASH,Police,KENT CITY FIRE,,
1,2026-09-19T03:59:00Z,1789790340000,TYRONE TWP,PEACH RIDGE AVE NW / AUNTIE JO LN NW,VEHICLE CRASH,Police,KENT CO SHERIFF,,
1,2026-09-19T04:01:00Z,1789790460000,KENTWOOD,3300 BLOCK OF 28TH ST SE,FIGHT,Police,KENTWOOD POLICE,,
2,2026-09-19T04:11:00Z,1789791060000,SOLON TWP,13600 BLOCK OF IRIS LN NE,MEDICAL EMERGENCY,Fire,SOLON TWP FIRE,,
1,2026-09-19T04:21:00Z,1789791660000,CASCADE TWP,5500 BLOCK OF 28TH ST SE,FIELD INVESTIGATION,Police,KENT CO SHERIFF,,
1,2026-09-19T04:22:00Z,1789791720000,CASCADE TWP,5000 BLOCK OF 28TH ST SE,FIELD INVESTIGATION,Police,KENT CO SHERIFF,,
2,2026-09-19T04:37:00Z,1789792620000,CALEDONIA TWP,WHITNEYVILLE AVE SE / 92ND ST SE,VEHICLE CRASH,Police,CALEDONIA TWP FIRE,,
1,2026-09-19T04:37:00Z,1789792620000,BYRON TWP,100TH ST SW / BYRON CENTER AVE SW,FIELD INVESTIGATION,Police,KENT CO SHERIFF,,
3,2026-09-19T04:37:00Z,1789792620000,CALEDONIA TWP,WHITNEYVILLE AVE SE / 92ND ST SE,VEHICLE CRASH,Police,KENT CO SHERIFF,,
1,2026-09-19T04:44:00Z,1789793040000,PLAINFIELD TWP,900 BLOCK OF QUINTARA CT NE,911 HANG UP,Police,KENT CO SHERIFF,,
1,2026-09-19T04:49:00Z,1789793340000,PLAINFIELD TWP,900 BLOCK OF QUINTARA CT NE,MEDICAL EMERGENCY,Fire,PLAINFIELD TWP FIRE,,
2,2026-09-19T04:56:00Z,1789793760000,WYOMING,S DIVISION AVE / 54TH ST SW,WIRE DOWN,Fire,WYOMING FIRE,,
1,2026-09-19T04:59:00Z,1789793940000,GRANDVILLE,4300 BLOCK OF REDBUSH DR SW,MEDICAL EMERGENCY,Fire,GRANDVILLE FIRE,,
1,2026-09-19T05:18:00Z,1789795080000,WYOMING,2500 BLOCK OF FOX RUN RD SW,ASSAULT,Police,WYOMING POLICE,,
1,2026-09-19T05:23:00Z,1789795380000,CASCADE TWP,5400 BLOCK OF 28TH ST CT SE,FIRE ALARM,Fire,CASCADE TWP FIRE,,
1,2026-09-19T05:34:00Z,1789796040000,GRATTAN TWP,11800 BLOCK OF OLD BELDING RD NE,BURGLAR ALARM,Police,KENT CO SHERIFF,,
1,2026-09-19T05:35:00Z,1789796100000,GRANDVILLE,3400 BLOCK OF CANAL AVE SW,MEDICAL EMERGENCY,Fire,GRANDVILLE FIRE,,
1,2026-09-19T05:44:00Z,1789796640000,PLAINFIELD TWP,900 BLOCK OF WEST RIVER CENTER DR NE,SUSPICIOUS INCIDENT,Police,KENT CO SHERIFF,,
1,2026-09-19T06:15:00Z,1789798500000,GRAND RAPIDS TWP,3400 BLOCK OF PLAINFIELD AVE NE,SUSPICIOUS INCIDENT,Police,KENT CO SHERIFF,,
2,2026-09-19T06:21:00Z,1789798860000,BYRON TWP,1700 BLOCK OF KINGSLAND DR SW,SUSPICIOUS INCIDENT,Police,KENT CO SHERIFF,,
1,2026-09-19T06:30:00Z,1789799400000,PLAINFIELD TWP,900 BLOCK OF QUINTARA CT NE,UNKNOWN TYPE INCIDENT,Unknown,KENT CO SHERIFF,,
2,2026-09-19T06:43:00Z,1789800180000,KENT CITY,400 BLOCK OF W MUSKEGON ST NW,SUSPICIOUS INCIDENT,Police,KENT CO SHERIFF,,
1,2026-09-19T06:47:00Z,1789800420000,BYRON TWP,2100 BLOCK OF 76TH ST SW,OPEN DOOR,Police,KENT CO SHERIFF,,
1,2026-09-19T06:47:00Z,1789800420000,WYOMING,2800 BLOCK OF DANTON DR SW,MEDICAL EMERGENCY,Fire,WYOMING FIRE,,
1,2026-09-19T07:04:00Z,1789801440000,WYOMING,3600 BLOCK OF COPPER RIVER AVE SW,MEDICAL EMERGENCY,Fire,WYOMING FIRE,,
1,2026-09-19T07:15:00Z,1789802100000,KENTWOOD,44TH ST SE / JEFFERSON AVE SE,TRAFFIC VIOLATION,Police,MICHIGAN STATE POLICE,,
1,2026-09-19T07:20:00Z,1789802400000,WYOMING,1000 BLOCK OF MARLIN AVE SW,911 HANG UP,Police,WYOMING POLICE,,
1,2026-09-19T07:51:00Z,1789804260000,PLAINFIELD TWP,3100 BLOCK OF BROCKWOOD DR NE,WELFARE CHECK,Police,KENT CO SHERIFF,,
1,2026-09-19T07:56:00Z,1789804560000,GRAND RAPIDS TWP,2800 BLOCK OF EAST BELTLINE AVE NE,BURGLAR ALARM,Police,KENT CO SHERIFF,,
4,2026-09-19T08:06:00Z,1789805160000,MONTCALM PIERSON TWP,US-131 NB NO 22 MILE,MISC FIRE,Fire,SAND LAKE FIRE,43.29491534,-85.54228287
1,2026-09-19T08:26:00Z,1789806360000,WYOMING,BYRON CENTER AVE SW / 28TH ST SW,VEHICLE CRASH,Police,WYOMING POLICE,,
1,2026-09-19T08:30:00Z,1789806600000,CASCADE TWP,6900 BLOCK OF SANDY LANE DR SE,CARBON MONOXIDE INVESTIGATION,Fire,CASCADE TWP FIRE,,
1,2026-09-19T08:45:00Z,1789807500000,COURTLAND TWP,8400 BLOCK OF PEBBLE DR NE,STRUCTURE FIRE,Fire,COURTLAND TWP FIRE,,
1,2026-09-19T09:09:00Z,1789808940000,WYOMING,1200 BLOCK OF OAKCREST ST SW,MEDICAL EMERGENCY,Fire,WYOMING FIRE,,
2,2026-09-19T09:14:00Z,1789809240000,KENTWOOD,3800 BLOCK OF 28TH ST SE,BURGLAR ALARM,Police,KENTWOOD POLICE,,
1,2026-09-19T09:16:00Z,1789809360000,KENTWOOD,4200 BLOCK OF 28TH ST SE,WELFARE CHECK,Police,KENTWOOD POLICE,,
1,2026-09-19T09:17:00Z,1789809420000,GRAND RAPIDS TWP,3900 BLOCK OF CASCADE RD SE,BURGLAR ALARM,Police,KENT CO SHERIFF,,
1,2026-09-19T09:46:00Z,1789811160000,WYOMING,1900 BLOCK OF HUIZEN AVE SW,MEDICAL EMERGENCY,Fire,WYOMING FIRE,,
5,2026-09-19T10:10:00Z,1789812600000,KENTWOOD,I-96 WB AT FOREST HILL,VEHICLE CRASH,Police,KENT CO SHERIFF,42.92911366,-85.55972756
1,2026-09-19T10:15:00Z,1789812900000,KENTWOOD,4800 BLOCK OF STAUFFER AVE SE,911 HANG UP,Police,KENTWOOD POLICE,,
1,2026-09-19T10:15:00Z,1789812900000,WYOMING,3600 BLOCK OF COPPER RIVER AVE SW,MEDICAL EMERGENCY,Fire,WYOMING FIRE,,
1,2026-09-19T10:19:00Z,1789813140000,GRANDVILLE,3000 BLOCK OF PORTER CT SW,MEDICAL EMERGENCY,Fire,GRANDVILLE FIRE,,
1,2026-09-19T10:29:00Z,1789813740000,BYRON TWP,2300 BLOCK OF 72ND ST SW,MEDICAL EMERGENCY,Fire,BYRON TWP FIRE,,
1,2026-09-19T10:30:00Z,1789813800000,SAND LAKE,E LAKE ST NE / N 3RD ST NE,ANIMAL INCIDENT,Police,KENT CO SHERIFF,,
1,2026-09-19T10:39:00Z,1789814340000,WALKER,3 MILE RD NW / PEACH RIDGE AVE NW,WIRE DOWN,Fire,WALKER FIRE,,
1,2026-09-19T10:42:00Z,1789814520000,GRAND RAPIDS TWP,EAST BELTLINE AVE SE / CASCADE RD SE,VEHICLE CRASH,Police,KENT CO SHERIFF,,
1,2026-09-19T10:58:00Z,1789815480000,WYOMING,2400 BLOCK OF 28TH ST SW,DISORDERLY PERSON,Police,WYOMING POLICE,,
2,2026-09-19T11:01:00Z,1789815660000,CASCADE TWP,3400 BLOCK OF KRAFT AVE SE,BURGLAR ALARM,Police,KENT CO SHERIFF,,
1,2026-09-19T11:09:00Z,1789816140000,GRANDVILLE,4400 BLOCK OF WILFRED AVE SW,STOLEN VEHICLE,Police,GRANDVILLE POLICE,,
2,2026-09-19T11:26:00Z,1789817160000,WALKER,2500 BLOCK OF WALKER WOODS CT NW,MEDICAL EMERGENCY,Fire,WALKER FIRE,,
1,2026-09-19T11:29:00Z,1789817340000,WALKER,2500 BLOCK OF WALKER WOODS CT NW,MEDICAL EMERGENCY,Fire,WALKER POLICE,,
1,2026-09-19T11:56:00Z,1789818960000,WALKER,4700 BLOCK OF WINESAP CT NW,MEDICAL EMERGENCY,Fire,WALKER FIRE,,
2,2026-09-19T12:00:00Z,1789819200000,ADA TWP,2400 BLOCK OF PETTIS AVE NE,ANIMAL INCIDENT,Police,ANIMAL CONTROL,,
1,2026-09-19T12:07:00Z,1789819620000,WYOMING,2500 BLOCK OF FOREST GROVE AVE SW,MEDICAL EMERGENCY,Fire,WYOMING FIRE,,
1,2026-09-19T12:10:00Z,1789819800000,PLAINFIELD TWP,4900 BLOCK OF WEBBER CT NE,GENERAL ASSIST,Police,KENT CO SHERIFF,,
1,2026-09-19T12:21:00Z,1789820460000,SAND LAKE,100 BLOCK OF S 3RD ST NE,HARASSMENT,Police,KENT CO SHERIFF,,
2,2026-09-19T12:32:00Z,1789821120000,WALKER,3200 BLOCK OF WILSON DR NW,FIRE ALARM,Fire,WALKER FIRE,,
1,2026-09-19T12:43:00Z,1789821780000,WYOMING,BURTON ST SW / CLYDE PARK AVE SW,SUSPICIOUS INCIDENT,Police,WYOMING POLICE,,
1,2026-09-19T12:55:00Z,1789822500000,WYOMING,4900 BLOCK OF FLORIDA AVE SW,MEDICAL EMERGENCY,Fire,WYOMING FIRE,,
1,2026-09-19T12:56:00Z,1789822560000,BYRON TWP,9800 BLOCK OF CELERY AVE SW,WELFARE CHECK,Police,KENT CO SHERIFF,,
3,2026-09-19T13:01:00Z,1789822860000,GRANDVILLE,3000 BLOCK OF 44TH ST SW,SUSPICIOUS INCIDENT,Police,GRANDVILLE POLICE,,
1,2026-09-19T13:02:00Z,1789822920000,WYOMING,3200 BLOCK OF BUCHANAN AVE SW,911 HANG UP,Police,WYOMING POLICE,,
2,2026-09-19T13:05:00Z,1789823100000,ALGOMA TWP,9300 BLOCK OF CEDAR PINES LN NE,911 HANG UP,Police,KENT CO SHERIFF,,
1,2026-09-19T13:07:00Z,1789823220000,PLAINFIELD TWP,6100 BLOCK OF WEST RIVER DR NE,MEDICAL EMERGENCY,Fire,PLAINFIELD TWP FIRE,,
2,2026-09-19T13:15:00Z,1789823700000,ADA TWP,1200 BLOCK OF RIDGE CREEK TRL NE,MEDICAL EMERGENCY,Fire,ADA TWP FIRE,,
5,2026-09-19T13:15:00Z,1789823700000,GRAND RAPIDS TWP,4200 BLOCK OF OLD HAWK CT NE,LARCENY,Police,KENT CO SHERIFF,,
1,2026-09-19T13:17:00Z,1789823820000,WYOMING,3800 BLOCK OF HERON AVE SW,ASSAULT,Police,WYOMING POLICE,,
1,2026-09-19T13:27:00Z,1789824420000,WYOMING,3800 BLOCK OF RAVEN AVE SW,MEDICAL EMERGENCY,Fire,WYOMING FIRE,,
1,2026-09-19T13:29:00Z,1789824540000,GAINES TWP,300 BLOCK OF 68TH ST SE,GENERAL ASSIST,Police,KENT CO SHERIFF,,
4,2026-09-19T13:41:00Z,1789825260000,GRANDVILLE,4700 BLOCK OF RIVER BIRCH LN SW,MEDICAL EMERGENCY,Fire,GRANDVILLE FIRE,,
3,2026-09-19T13:42:00Z,1789825320000,PLAINFIELD TWP,5200 BLOCK OF NORTHLAND DR NE,VEHICLE CRASH,Police,KENT CO SHERIFF,,
4,2026-09-19T13:42:00Z,1789825320000,PLAINFIELD TWP,5200 BLOCK OF NORTHLAND DR NE,VEHICLE CRASH,Police,PLAINFIELD TWP FIRE,,
2,2026-09-19T13:45:00Z,1789825500000,WYOMING,600 BLOCK OF 36TH ST SW,MEDICAL EMERGENCY,Fire,WYOMING FIRE,,
1,2026-09-19T13:51:00Z,1789825860000,ADA TWP,6000 BLOCK OF GRAND RIVER DR NE,TRAFFIC HAZARD,Police,KENT CO SHERIFF,,
2,2026-09-19T13:52:00Z,1789825920000,KENTWOOD,28TH ST SE / EAST BELTLINE AVE SE,GENERAL ASSIST,Police,KENTWOOD POLICE,,
4,2026-09-19T13:54:00Z,1789826040000,PLAINFIELD TWP,4100 BLOCK OF WEST RIVER DR NE,TRESPASSING,Police,KENT CO SHERIFF,,
3,2026-09-19T13:56:00Z,1789826160000,WYOMING,1200 BLOCK OF OAKCREST ST SW,SUSPICIOUS INCIDENT,Police,WYOMING POLICE,,
1,2026-09-19T13:56:00Z,1789826160000,WYOMING,37TH ST SW / BURLINGAME AVE SW,SUSPICIOUS INCIDENT,Police,WYOMING POLICE,,
2,2026-09-19T13:57:00Z,1789826220000,WYOMING,900 BLOCK OF BRYANT ST SW,MEDICAL EMERGENCY,Fire,WYOMING FIRE,,
1,2026-09-19T14:02:00Z,1789826520000,ALGOMA TWP,PINE ISLAND DR NE / 10 MILE RD NE,GENERAL ASSIST,Police,KENT CO SHERIFF,,
1,2026-09-19T14:08:00Z,1789826880000,GAINES TWP,200 BLOCK OF N KENBROOK ST SE,MEDICAL EMERGENCY,Fire,GAINES TWP FIRE,,
9,2026-09-19T14:15:00Z,1789827300000,WYOMING,3600 BLOCK OF ILLINOIS AVE SW,ANIMAL INCIDENT,Police,ANIMAL CONTROL,,
1,2026-09-19T14:18:00Z,1789827480000,BYRON TWP,8200 BLOCK OF S DIVISION AVE,OPEN DOOR,Police,KENT CO SHERIFF,,
6,2026-09-19T14:19:00Z,1789827540000,GRANDVILLE,44TH ST SW / IVANREST AVE SW,ASSAULT,Police,GRANDVILLE POLICE,,
2,2026-09-19T14:22:00Z,1789827720000,ROCKFORD,100 BLOCK OF ROCKVIEW DR NE,MEDICAL EMERGENCY,Fire,ROCKFORD FIRE,,
1,2026-09-19T14:22:00Z,1789827720000,ROCKFORD,100 BLOCK OF ROCKVIEW DR NE,GENERAL ASSIST,Police,ROCKFORD POLICE,,
1,2026-09-19T14:24:00Z,1789827840000,WYOMING,MARCIA ST SW / CLYDE PARK AVE SW,GENERAL ASSIST,Police,WYOMING POLICE,,
5,2026-09-19T14:26:00Z,1789827960000,GAINES TWP,3400 BLOCK OF MISTYWOOD ST SE,MEDICAL EMERGENCY,Fire,GAINES TWP FIRE,,
3,2026-09-19T14:29:00Z,1789828140000,KENTWOOD,3400 BLOCK OF PHEASANT RIDGE DR SE,MEDICAL EMERGENCY,Fire,KENTWOOD FIRE,,
2,2026-09-19T14:30:00Z,1789828200000,KENTWOOD,S DIVISION AVE / 44TH ST SE,GENERAL ASSIST,Police,KENTWOOD POLICE,,
1,2026-09-19T14:31:00Z,1789828260000,GRANDVILLE,4300 BLOCK OF REDBUSH DR SW,MEDICAL EMERGENCY,Fire,GRANDVILLE FIRE,,
2,2026-09-19T14:31:00Z,1789828260000,KENTWOOD,HEATHWOOD DR SE / WEST GROVE DR SE,PARKING VIOLATION,Police,KENTWOOD POLICE,,
1,2026-09-19T14:33:00Z,1789828380000,WYOMING,44TH ST SW / BYRON CENTER AVE SW,VEHICLE CRASH,Police,WYOMING POLICE,,
1,2026-09-19T14:43:00Z,1789828980000,GRANDVILLE,3200 BLOCK OF WILSON AVE SW,FOUND PROPERTY,Police,GRANDVILLE POLICE,,
2,2026-09-19T14:45:00Z,1789829100000,GAINES TWP,1900 BLOCK OF 60TH ST SE,LARCENY,Police,KENT CO SHERIFF,,
1,2026-09-19T14:47:00Z,1789829220000,ROCKFORD,LEWIS ST NE / N MAIN ST NE,SUSPICIOUS INCIDENT,Police,ROCKFORD POLICE,,
5,2026-09-19T14:55:00Z,1789829700000,CASCADE TWP,5800 BLOCK OF 28TH ST SE,VEHICLE CRASH,Police,KENT CO SHERIFF,,
1,2026-09-19T15:01:00Z,1789830060000,CASCADE TWP,KRAFT AVE SE / 28TH ST SE,VEHICLE CRASH,Police,KENT CO SHERIFF,,
4,2026-09-19T15:01:00Z,1789830060000,WYOMING,0 BLOCK OF CANTERBURY ST SW,WELFARE CHECK,Police,WYOMING POLICE,,
2,2026-09-19T15:03:00Z,1789830180000,GRANDVILLE,3700 BLOCK OF RIVERTOWN PKWY SW,MEDICAL EMERGENCY,Fire,GRANDVILLE FIRE,,
1,2026-09-19T15:06:00Z,1789830360000,WALKER,300 BLOCK OF WILSON AVE NW,VEHICLE CRASH,Police,WALKER POLICE,,
1,2026-09-19T15:12:00Z,1789830720000,CASCADE TWP,2400 BLOCK OF PEBBLEBROOK DR SE,FIRE ALARM,Fire,CASCADE TWP FIRE,,
2,2026-09-19T15:12:00Z,1789830720000,PLAINFIELD TWP,BELMONT AVE NE / PERSIMMON LN NE,VEHICLE CRASH,Police,KENT CO SHERIFF,,
2,2026-09-19T15:19:00Z,1789831140000,GRANDVILLE,4600 BLOCK OF WYATT ST SW,MISSING PERSON,Police,GRANDVILLE POLICE,,
4,2026-09-19T15:19:00Z,1789831140000,SPARTA,500 BLOCK OF S STATE ST NW,SUSPICIOUS INCIDENT,Police,SPARTA POLICE,,
1,2026-09-19T15:25:00Z,1789831500000,ROCKFORD,200 BLOCK OF MARCELL DR NE,SUSPICIOUS INCIDENT,Police,ROCKFORD POLICE,,
7,2026-09-19T15:27:00Z,1789831620000,GRANDVILLE,3400 BLOCK OF PIUTE CT SW,MEDICAL EMERGENCY,Fire,GRANDVILLE FIRE,,
2,2026-09-19T15:27:00Z,1789831620000,GRANDVILLE,3400 BLOCK OF PIUTE CT SW,GENERAL ASSIST,Police,GRANDVILLE POLICE,,
1,2026-09-19T15:29:00Z,1789831740000,BYRON TWP,8200 BLOCK OF RIDGESTONE DR SW,MEDICAL EMERGENCY,Fire,BYRON TWP FIRE,,
2,2026-09-19T15:31:00Z,1789831860000,WYOMING,3800 BLOCK OF HILLOCK ST SW,FIRE INVESTIGATION,Fire,WYOMING FIRE,,
3,2026-09-19T15:37:00Z,1789832220000,WYOMING,2500 BLOCK OF 36TH ST SW,FIRE INVESTIGATION,Fire,WYOMING FIRE,,
1,2026-09-19T15:39:00Z,1789832340000,BYRON TWP,7200 BLOCK OF ROSIE SHORES DR SW,FRAUD,Police,KENT CO SHERIFF,,
1,2026-09-19T15:42:00Z,1789832520000,WYOMING,800 BLOCK OF TARPON ST SW,DAMAGE TO PROPERTY,Police,WYOMING POLICE,,
2,2026-09-19T15:44:00Z,1789832640000,KENTWOOD,400 BLOCK OF DANIEL ST SE,VEHICLE CRASH,Police,KENTWOOD POLICE,,
1,2026-09-19T15:48:00Z,1789832880000,KENTWOOD,3000 BLOCK OF WOODBRIDGE DR SE,MEDICAL EMERGENCY,Fire,KENTWOOD FIRE,,
3,2026-09-19T15:50:00Z,1789833000000,WYOMING,1300 BLOCK OF ROYAL OAK ST SW,WELFARE CHECK,Police,WYOMING POLICE,,
1,2026-09-19T15:52:00Z,1789833120000,GRANDVILLE,3400 BLOCK OF CENTURY CENTER ST SW,DISORDERLY PERSON,Police,GRANDVILLE POLICE,,
1,2026-09-19T15:59:00Z,1789833540000,WYOMING,2900 BLOCK OF TAFT AVE SW,MEDICAL EMERGENCY,Fire,WYOMING FIRE,,
1,2026-09-19T16:02:00Z,1789833720000,KENTWOOD,3900 BLOCK OF 52ND ST SE,MISC FIRE,Fire,KENTWOOD FIRE,,
3,2026-09-19T16:04:00Z,1789833840000,KENTWOOD,4700 BLOCK OF LAMPLIGHT LN SE,HARASSMENT,Police,KENTWOOD POLICE,,
1,2026-09-19T16:06:00Z,1789833960000,GRANDVILLE,3700 BLOCK OF PIUTE DR SW,MEDICAL EMERGENCY,Fire,GRANDVILLE FIRE,,
1,2026-09-19T16:13:00Z,1789834380000,WALKER,1700 BLOCK OF WILSON AVE NW,FIRE ALARM,Fire,WALKER FIRE,,
2,2026-09-19T16:15:00Z,1789834500000,NELSON TWP,6200 BLOCK OF 16 MILE RD NE,WIRE DOWN,Fire,CEDAR SPRINGS FIRE,,
1,2026-09-19T16:15:00Z,1789834500000,GAINES TWP,6100 BLOCK OF WOODFIELD DR SE,LARCENY,Police,KENT CO SHERIFF,,
6,2026-09-19T16:16:00Z,1789834560000,GRANDVILLE,I-196 EB TO WILSON RAMP,VEHICLE CRASH,Police,GRANDVILLE POLICE,42.914852,-85.763161
3,2026-09-19T16:21:00Z,1789834860000,KENTWOOD,300 BLOCK OF 43RD ST SE,GENERAL ASSIST,Police,KENTWOOD POLICE,,
5,2026-09-19T16:32:00Z,1789835520000,GRAND RAPIDS,US-131 NB TO I-196 EB RAMP,VEHICLE CRASH,Police,MICHIGAN STATE POLICE,42.97251918,-85.67584832
3,2026-09-19T16:46:00Z,1789836360000,CEDAR SPRINGS,TALLGRASS DR NE / SETTLERS PASS NE,SUSPICIOUS INCIDENT,Police,KENT CO SHERIFF,,
1,2026-09-19T16:56:00Z,1789836960000,OAKFIELD TWP,9300 BLOCK OF ASHLEY AVE NE,HARASSMENT,Police,KENT CO SHERIFF,,
2,2026-09-19T16:56:00Z,1789836960000,OAKFIELD TWP,9300 BLOCK OF ASHLEY AVE NE,GENERAL ASSIST,Police,KENT CO SHERIFF,,
1,2026-09-19T16:58:00Z,1789837080000,ALGOMA TWP,2900 BLOCK OF 10 MILE RD NE,MEDICAL EMERGENCY,Fire,ALGOMA TWP FIRE,,
6,2026-09-19T16:59:00Z,1789837140000,LOWELL TWP,I-96 WB WO ALDEN NASH,VEHICLE CRASH,Police,KENT CO SHERIFF,42.87883985,-85.37242381
4,2026-09-19T17:00:00Z,1789837200000,KENTWOOD,5300 BLOCK OF KELLOGG WOODS DR SE,LARCENY,Police,KENTWOOD POLICE,,
3,2026-09-19T17:00:00Z,1789837200000,WYOMING,5000 BLOCK OF FLORIDA AVE SW,GENERAL ASSIST,Police,WYOMING POLICE,,
2,2026-09-19T17:09:00Z,1789837740000,ALPINE TWP,4000 BLOCK OF YORKLAND DR NW,MEDICAL EMERGENCY,Fire,ALPINE TWP FIRE,,
1,2026-09-19T17:10:00Z,1789837800000,GAINES TWP,1100 BLOCK OF WOODFIELD EAST DR SE,LARCENY,Police,KENT CO SHERIFF,,
5,2026-09-19T17:11:00Z,1789837860000,TYRONE TWP,M-37 / FRUIT RIDGE AVE NW,VEHICLE CRASH,Police,KENT CO SHERIFF,,
1,2026-09-19T17:14:00Z,1789838040000,BYRON TWP,6700 BLOCK OF S DIVISION AVE,GENERAL ASSIST,Police,KENT CO SHERIFF,,
2,2026-09-19T17:17:00Z,1789838220000,COURTLAND TWP,7500 BLOCK OF HESSLER DR NE,MEDICAL EMERGENCY,Fire,COURTLAND TWP FIRE,,
3,2026-09-19T17:19:00Z,1789838340000,GRATTAN TWP,6400 BLOCK OF TIFFANY AVE NE,MEDICAL EMERGENCY,Fire,GRATTAN TWP FIRE,,
1,2026-09-19T17:24:00Z,1789838640000,WYOMING,ABBIE ST SE / S DIVISION AVE,SUSPICIOUS INCIDENT,Police,WYOMING POLICE,,
1,2026-09-19T17:28:00Z,1789838880000,WYOMING,4500 BLOCK OF CLYDE PARK AVE SW,DISORDERLY PERSON,Police,WYOMING POLICE,,
1,2026-09-19T17:30:00Z,1789839000000,GAINES TWP,1000 BLOCK OF WOODFIELD EAST DR SE,LARCENY,Police,KENT CO SHERIFF,,
2,2026-09-19T17:38:00Z,1789839480000,BYRON TWP,BURLINGAME AVE SW / 84TH ST SW,VEHICLE CRASH,Police,KENT CO SHERIFF,,
2,2026-09-19T17:38:00Z,1789839480000,BYRON TWP,BURLINGAME AVE SW / PLANTERS ROW DR SW,VEHICLE CRASH,Police,KENT CO SHERIFF,,
1,2026-09-19T17:39:00Z,1789839540000,GAINES TWP,1600 BLOCK OF 60TH ST SE,FIRE ALARM,Fire,GAINES TWP FIRE,,
1,2026-09-19T17:43:00Z,1789839780000,PLAINFIELD TWP,4700 BLOCK OF WEST RIVER DR NE,MEDICAL EMERGENCY,Fire,PLAINFIELD TWP FIRE,,
2,2026-09-19T17:45:00Z,1789839900000,WYOMING,2100 BLOCK OF DE HOOP AVE SW,ABANDONED VEHICLE,Police,WYOMING POLICE,,
1,2026-09-19T17:48:00Z,1789840080000,KENTWOOD,3100 BLOCK OF CREEK DR SE,GENERAL ASSIST,Police,KENTWOOD POLICE,,
2,2026-09-19T17:56:00Z,1789840560000,KENTWOOD,3100 BLOCK OF CREEK DR SE,MEDICAL EMERGENCY,Fire,KENTWOOD FIRE,,
1,2026-09-19T18:00:00Z,1789840800000,PLAINFIELD TWP,5900 BLOCK OF LINKSIDE LN NE,FIRE ALARM,Fire,PLAINFIELD TWP FIRE,,
4,2026-09-19T18:06:00Z,1789841160000,GRATTAN TWP,BELDING RD / MONTCALM AVE NE,BROADCAST,Police,KENT CO SHERIFF,,
1,2026-09-19T18:06:00Z,1789841160000,WALKER,2400 BLOCK OF ALPINE AVE NW,MEDICAL EMERGENCY,Fire,WALKER FIRE,,
3,2026-09-19T18:11:00Z,1789841460000,CASCADE TWP,3000 BLOCK OF THORNCREST DR SE,SUSPICIOUS INCIDENT,Police,KENT CO SHERIFF,,
2,2026-09-19T18:12:00Z,1789841520000,ALGOMA TWP,11 MILE RD NE / WOLVEN AVE NE,VEHICLE CRASH,Police,ALGOMA TWP FIRE,,
5,2026-09-19T18:12:00Z,1789841520000,ALGOMA TWP,11 MILE RD NE / WOLVEN AVE NE,VEHICLE CRASH,Police,KENT CO SHERIFF,,
1,2026-09-19T18:17:00Z,1789841820000,ALGOMA TWP,11000 BLOCK OF N DIVISION AVE,OPEN DOOR,Police,KENT CO SHERIFF,,
5,2026-09-19T18:18:00Z,1789841880000,KENTWOOD,3500 BLOCK OF SHAFFER AVE SE,MISSING PERSON,Police,KENTWOOD POLICE,,
1,2026-09-19T18:24:00Z,1789842240000,WALKER,3 MILE RD NW / BRISTOL AVE NW,VEHICLE CRASH,Police,WALKER FIRE,,
2,2026-09-19T18:24:00Z,1789842240000,WALKER,3 MILE RD NW / BRISTOL AVE NW,VEHICLE CRASH,Police,WALKER POLICE,,
2,2026-09-19T18:28:00Z,1789842480000,WYOMING,1100 BLOCK OF 36TH ST SW,911 HANG UP,Police,WYOMING POLICE,,
1,2026-09-19T18:30:00Z,1789842600000,WALKER,NIXON AVE NW / LEONARD ST NW,VEHICLE CRASH,Police,WALKER POLICE,,
1,2026-09-19T18:34:00Z,1789842840000,PLAINFIELD TWP,8300 BLOCK OF HERRINGTON AVE NE,MEDICAL EMERGENCY,Fire,PLAINFIELD TWP FIRE,,
2,2026-09-19T18:44:00Z,1789843440000,WALKER,ALPINE AVE NW / CENTER DR NW,VEHICLE CRASH,Police,WALKER POLICE,,
1,2026-09-19T18:56:00Z,1789844160000,ALGOMA TWP,2900 BLOCK OF 10 MILE RD NE,MEDICAL EMERGENCY,Fire,ALGOMA TWP FIRE,,
5,2026-09-19T18:56:00Z,1789844160000,ALGOMA TWP,2900 BLOCK OF 10 MILE RD NE,BROADCAST,Police,KENT CO SHERIFF,,
1,2026-09-19T19:03:00Z,1789844580000,WALKER,300 BLOCK OF RIVER RIDGE DR NW,FIRE ALARM,Fire,WALKER FIRE,,
4,2026-09-19T19:04:00Z,1789844640000,CASCADE TWP,2600 BLOCK OF PATTERSON AVE SE,VEHICLE CRASH,Police,KENT CO SHERIFF,,
3,2026-09-19T19:08:00Z,1789844880000,BYRON TWP,7400 BLOCK OF CACTUS COVE DR SW,DISORDERLY PERSON,Police,KENT CO SHERIFF,,
2,2026-09-19T19:10:00Z,1789845000000,KENTWOOD,3900 BLOCK OF 29TH ST SE,BURGLAR ALARM,Police,KENTWOOD POLICE,,
1,2026-09-19T19:15:00Z,1789845300000,PLAINFIELD TWP,1700 BLOCK OF SOLITUDE DR NE,FIRE INVESTIGATION,Fire,PLAINFIELD TWP FIRE,,
5,2026-09-19T19:18:00Z,1789845480000,SOLON TWP,13800 BLOCK OF PRIMROSE LN NE,INJUNCTIVE VIOLATION,Police,KENT CO SHERIFF,,
1,2026-09-19T19:20:00Z,1789845600000,PLAINFIELD TWP,COIT AVE NE / JUPITER AVE NE,WELFARE CHECK,Police,KENT CO SHERIFF,,
2,2026-09-19T19:38:00Z,1789846680000,GRANDVILLE,WENTWORTH DR SW / PRAIRIE ST SW,VEHICLE CRASH,Police,GRANDVILLE POLICE,,
1,2026-09-19T19:43:00Z,1789846980000,KENTWOOD,5800 BLOCK OF S DIVISION AVE,SUSPICIOUS INCIDENT,Police,KENTWOOD POLICE,,
1,2026-09-19T19:44:00Z,1789847040000,WALKER,3500 BLOCK OF REMEMBRANCE RD NW,MEDICAL EMERGENCY,Fire,WALKER FIRE,,
2,2026-09-19T19:57:00Z,1789847820000,WALKER,300 BLOCK OF WILSON AVE NW,FRAUD,Police,WALKER POLICE,,
1,2026-09-19T19:57:00Z,1789847820000,WYOMING,OAKCREST ST SW / CLYDE PARK AVE SW,SUSPICIOUS INCIDENT,Police,WYOMING POLICE,,
1,2026-09-19T20:03:00Z,1789848180000,WYOMING,1300 BLOCK OF BURTON ST SW,WELFARE CHECK,Police,WYOMING POLICE,,
2,2026-09-19T20:04:00Z,1789848240000,CASCADE TWP,8500 BLOCK OF I-96 FWY,GENERAL ASSIST,Police,KENT CO SHERIFF,,
1,2026-09-19T20:04:00Z,1789848240000,WYOMING,3100 BLOCK OF STRATFORD DR SW,MEDICAL EMERGENCY,Fire,WYOMING FIRE,,
1,2026-09-19T20:09:00Z,1789848540000,WYOMING,CLYDE PARK AVE SW / 44TH ST SW,GENERAL ASSIST,Police,WYOMING POLICE,,
1,2026-09-19T20:14:00Z,1789848840000,WYOMING,2400 BLOCK OF WALDON WOODS DR SW,LOUD NOISE,Police,WYOMING POLICE,,
4,2026-09-19T20:22:00Z,1789849320000,WYOMING,2000 BLOCK OF JOHANNA AVE SW,ANIMAL INCIDENT,Police,ANIMAL CONTROL,,
1,2026-09-19T20:27:00Z,1789849620000,ALPINE TWP,100 BLOCK OF MEADOWFIELD LN NW,SUSPICIOUS INCIDENT,Police,KENT CO SHERIFF,,
1,2026-09-19T20:33:00Z,1789849980000,WYOMING,1600 BLOCK OF 36TH ST SW,SUSPICIOUS INCIDENT,Police,WYOMING POLICE,,
6,2026-09-19T20:37:00Z,1789850220000,CALEDONIA TWP,BROADMOOR NB TO M-6 WB RAMP,GENERAL ASSIST,Police,KENT CO SHERIFF,42.85231865,-85.53771682
1,2026-09-19T20:50:00Z,1789851000000,GRANDVILLE,RIVERTOWN PKWY SW / POTOMAC AVE SW,GENERAL ASSIST,Police,GRANDVILLE POLICE,,
6,2026-09-19T20:50:00Z,1789851000000,KENTWOOD,2200 BLOCK OF WEST GREENSTONE DR SE,BURGLARY,Police,KENTWOOD POLICE,,
1,2026-09-19T20:53:00Z,1789851180000,CALEDONIA TWP,68TH ST SE / PATTERSON AVE SE,VEHICLE CRASH,Police,CALEDONIA TWP FIRE,,
2,2026-09-19T20:53:00Z,1789851180000,CALEDONIA TWP,68TH ST SE / PATTERSON AVE SE,VEHICLE CRASH,Police,KENT CO SHERIFF,,
4,2026-09-19T20:58:00Z,1789851480000,WYOMING,54TH ST SW / CLAY AVE SW,VEHICLE CRASH,Police,WYOMING POLICE,,
2,2026-09-19T21:03:00Z,1789851780000,GRAND RAPIDS,900 BLOCK OF MARTIN LUTHER KING JR ST SE,ANIMAL INCIDENT,Police,ANIMAL CONTROL,,
4,2026-09-19T21:06:00Z,1789851960000,TYRONE TWP,SPARTA AVE NW / 17 MILE RD NW,SUSPICIOUS INCIDENT,Police,KENT CO SHERIFF,,
1,2026-09-19T21:06:00Z,1789851960000,KENTWOOD,RIVIERA DR SE / VILLA RIDGE DR SE,SUSPICIOUS INCIDENT,Police,KENTWOOD POLICE,,
3,2026-09-19T21:08:00Z,1789852080000,KENTWOOD,3200 BLOCK OF 28TH ST SE,DISORDERLY PERSON,Police,KENTWOOD POLICE,,
2,2026-09-19T21:09:00Z,1789852140000,WYOMING,4700 BLOCK OF VANCOUVER AVE SW,VEHICLE CRASH,Police,WYOMING POLICE,,
1,2026-09-19T21:10:00Z,1789852200000,WYOMING,4700 BLOCK OF VANCOUVER AVE SW,VEHICLE CRASH,Police,WYOMING FIRE,,
8,2026-09-19T21:11:00Z,1789852260000,CALEDONIA,300 BLOCK OF E MAIN ST SE,GENERAL ASSIST,Police,KENT CO SHERIFF,,
3,2026-09-19T21:26:00Z,1789853160000,WYOMING,400 BLOCK OF 54TH ST SW,FRAUD,Police,WYOMING POLICE,,
2,2026-09-19T21:29:00Z,1789853340000,WYOMING,4200 BLOCK OF STONEBRIDGE RD SW,LOUD NOISE,Police,WYOMING POLICE,,
1,2026-09-19T21:34:00Z,1789853640000,PLAINFIELD TWP,4200 BLOCK OF LESTER AVE NE,MEDICAL EMERGENCY,Fire,PLAINFIELD TWP FIRE,,
3,2026-09-19T21:38:00Z,1789853880000,WYOMING,4400 BLOCK OF S DIVISION AVE,ROBBERY,Police,WYOMING POLICE,,
1,2026-09-19T21:39:00Z,1789853940000,LOWELL,700 BLOCK OF BOWES ST SE,MEDICAL EMERGENCY,Fire,LOWELL AREA FIRE,,
2,2026-09-19T21:45:00Z,1789854300000,EAST GRAND RAPIDS,BELLCLAIRE AVE SE / LAKE DR SE,SUSPICIOUS INCIDENT,Police,EAST GRAND RAPIDS POLICE,,
1,2026-09-19T21:46:00Z,1789854360000,WALKER,2300 BLOCK OF ALPINE AVE NW,911 HANG UP,Police,WALKER POLICE,,
5,2026-09-19T21:50:00Z,1789854600000,KENTWOOD,3100 BLOCK OF CREEK DR SE,WELFARE CHECK,Police,KENTWOOD POLICE,,
1,2026-09-19T22:11:00Z,1789855860000,EAST GRAND RAPIDS,WEALTHY ST SE / CROSWELL AVE SE,DISORDERLY PERSON,Police,EAST GRAND RAPIDS POLICE,,
1,2026-09-19T22:16:00Z,1789856160000,GRANDVILLE,FAIRLANES AVE SW / CHICAGO DR SW,911 HANG UP,Police,GRANDVILLE POLICE,,
7,2026-09-19T22:16:00Z,1789856160000,GAINES TWP,4500 BLOCK OF 68TH ST SE,STOLEN VEHICLE,Police,KENT CO SHERIFF,,
10,2026-09-19T22:16:00Z,1789856160000,KENTWOOD,3100 BLOCK OF 28TH ST SE,LOITERING,Police,KENTWOOD POLICE,,
1,2026-09-19T22:20:00Z,1789856400000,WALKER,3500 BLOCK OF ALPINE AVE NW,MEDICAL EMERGENCY,Fire,WALKER FIRE,,
7,2026-09-19T22:21:00Z,1789856460000,KENTWOOD,44TH ST SE / EASTERN AVE SE,VEHICLE CRASH,Police,KENTWOOD POLICE,,
3,2026-09-19T22:21:00Z,1789856460000,WYOMING,4100 BLOCK OF CROOKED TREE RD SW,ANIMAL INCIDENT,Police,WYOMING POLICE,,
2,2026-09-19T22:24:00Z,1789856640000,PLAINFIELD TWP,2200 BLOCK OF AARONSWAY DR NE,MEDICAL EMERGENCY,Fire,PLAINFIELD TWP FIRE,,
1,2026-09-19T22:25:00Z,1789856700000,GRANDVILLE,FAIRLANES AVE SW / CHICAGO DR SW,MEDICAL EMERGENCY,Fire,GRANDVILLE FIRE,,
4,2026-09-19T22:28:00Z,1789856880000,PLAINFIELD TWP,5500 BLOCK OF NORTHLAND DR NE,WELFARE CHECK,Police,KENT CO SHERIFF,,
3,2026-09-19T22:29:00Z,1789856940000,PLAINFIELD TWP,5500 BLOCK OF NORTHLAND DR NE,MEDICAL EMERGENCY,Fire,PLAINFIELD TWP FIRE,,
2,2026-09-19T22:30:00Z,1789857000000,SPARTA,100 BLOCK OF MAPLE ST NW,FRAUD,Police,SPARTA POLICE,,
1,2026-09-19T22:31:00Z,1789857060000,KENTWOOD,4600 BLOCK OF N BRETON CT SE,MEDICAL EMERGENCY,Fire,KENTWOOD FIRE,,
4,2026-09-19T22:32:00Z,1789857120000,ADA TWP,500 BLOCK OF BOYNTON AVE SE,WELFARE CHECK,Police,KENT CO SHERIFF,,
8,2026-09-19T22:32:00Z,1789857120000,ADA TWP,500 BLOCK OF BOYNTON AVE SE,TRAFFIC VIOLATION,Police,KENT CO SHERIFF,,
1,2026-09-19T22:37:00Z,1789857420000,KENTWOOD,3800 BLOCK OF 28TH ST SE,DISORDERLY PERSON,Police,KENTWOOD POLICE,,
2,2026-09-19T22:39:00Z,1789857540000,KENTWOOD,5100 BLOCK OF WICHITA DR SE,DISORDERLY PERSON,Police,KENTWOOD POLICE,,
4,2026-09-19T22:46:00Z,1789857960000,CASCADE TWP,5400 BLOCK OF 28TH ST CT SE,STOLEN VEHICLE,Police,KENT CO SHERIFF,,
1,2026-09-19T22:46:00Z,1789857960000,WYOMING,2300 BLOCK OF BERWYN AVE SW,FIRE INVESTIGATION,Fire,WYOMING FIRE,,
1,2026-09-19T22:55:00Z,1789858500000,ADA TWP,600 BLOCK OF ROOKWAY AVE SE,CARBON MONOXIDE INVESTIGATION,Fire,ADA TWP FIRE,,
3,2026-09-19T22:56:00Z,1789858560000,CASCADE TWP,5400 BLOCK OF 28TH ST CT SE,DISORDERLY PERSON,Police,KENT CO SHERIFF,,
1,2026-09-19T22:56:00Z,1789858560000,SPARTA,500 BLOCK OF W DIVISION ST NW,WELFARE CHECK,Police,SPARTA POLICE,,
1,2026-09-19T23:01:00Z,1789858860000,EAST GRAND RAPIDS,1800 BLOCK OF WEALTHY ST SE,ASSAULT,Police,EAST GRAND RAPIDS POLICE,,
3,2026-09-19T23:16:00Z,1789859760000,CASCADE TWP,5400 BLOCK OF 28TH ST CT SE,MEDICAL EMERGENCY,Fire,CASCADE TWP FIRE,,
1,2026-09-19T23:16:00Z,1789859760000,WYOMING,CLYDE PARK AVE SW / CHICAGO DR SW,SUSPICIOUS INCIDENT,Police,WYOMING POLICE,,
3,2026-09-19T23:18:00Z,1789859880000,COURTLAND TWP,9900 BLOCK OF MYERS VIEW DR NE,FRAUD,Police,KENT CO SHERIFF,,
4,2026-09-19T23:19:00Z,1789859940000,WYOMING,3800 BLOCK OF MADISON AVE SE,WELFARE CHECK,Police,WYOMING POLICE,,
1,2026-09-19T23:24:00Z,1789860240000,WYOMING,2800 BLOCK OF 56TH ST SW,MEDICAL EMERGENCY,Fire,WYOMING FIRE,,
2,2026-09-19T23:28:00Z,1789860480000,SPARTA TWP,M-37 / 13 MILE RD NW,TRAFFIC VIOLATION,Police,KENT CO SHERIFF,,
1,2026-09-19T23:30:00Z,1789860600000,GAINES TWP,700 BLOCK OF BRAESIDE DR SE,MEDICAL EMERGENCY,Fire,GAINES TWP FIRE,,
1,2026-09-19T23:54:00Z,1789862040000,WYOMING,700 BLOCK OF 44TH ST SW,WELFARE CHECK,Police,WYOMING POLICE,,
1,2026-09-20T00:03:00Z,1789862580000,PLAINFIELD TWP,4900 BLOCK OF WEBBER CT NE,DAMAGE TO PROPERTY,Police,KENT CO SHERIFF,,
1,2026-09-20T00:13:00Z,1789863180000,BYRON TWP,900 BLOCK OF HARPER WOODS DR SW,WELFARE CHECK,Police,KENT CO SHERIFF,,
3,2026-09-20T00:14:00Z,1789863240000,BYRON TWP,900 BLOCK OF HARPER WOODS DR SW,MEDICAL EMERGENCY,Fire,BYRON TWP FIRE,,
1,2026-09-20T00:16:00Z,1789863360000,BYRON TWP,200 BLOCK OF INCA DR SW,911 HANG UP,Police,KENT CO SHERIFF,,
2,2026-09-20T00:16:00Z,1789863360000,WALKER,FRUIT RIDGE AVE NW / NORTHRIDGE DR NW,GENERAL ASSIST,Police,WALKER POLICE,,
4,2026-09-20T00:26:00Z,1789863960000,WYOMING,1200 BLOCK OF 28TH ST SW,OBSCENITY,Police,WYOMING POLICE,,
3,2026-09-20T00:27:00Z,1789864020000,BYRON TWP,6300 BLOCK OF VENTURE HILLS BLVD SW,MEDICAL EMERGENCY,Fire,BYRON TWP FIRE,,
1,2026-09-20T00:28:00Z,1789864080000,GRANDVILLE,4100 BLOCK OF PINE CREEK RD SW,WELFARE CHECK,Police,GRANDVILLE POLICE,,
8,2026-09-20T00:29:00Z,1789864140000,CASCADE TWP,I-96 EB EO M-6,GENERAL ASSIST,Police,KENT CO SHERIFF,42.88801909,-85.4848897
2,2026-09-20T00:30:00Z,1789864200000,PLAINFIELD TWP,SCOTT VIEW DR NE / PINE ISLAND DR NE,DISORDERLY PERSON,Police,KENT CO SHERIFF,,
3,2026-09-20T00:35:00Z,1789864500000,GAINES TWP,3600 BLOCK OF RIVERBED LN SE,MEDICAL EMERGENCY,Fire,GAINES TWP FIRE,,
1,2026-09-20T00:36:00Z,1789864560000,KENTWOOD,3300 BLOCK OF 29TH ST SE,BURGLAR ALARM,Police,KENTWOOD POLICE,,
2,2026-09-20T00:38:00Z,1789864680000,GRANDVILLE,3700 BLOCK OF RIVERTOWN PKWY SW,FRAUD,Police,GRANDVILLE POLICE,,
1,2026-09-20T00:40:00Z,1789864800000,KENTWOOD,BLAINE AVE SE / 52ND ST SE,PARKING VIOLATION,Police,KENTWOOD POLICE,,
4,2026-09-20T00:40:00Z,1789864800000,WYOMING,COPLEY DR SW / CHARLESGATE AVE SW,DISORDERLY PERSON,Police,WYOMING POLICE,,
2,2026-09-20T00:47:00Z,1789865220000,KENTWOOD,5700 BLOCK OF BURGIS AVE SE,DISORDERLY PERSON,Police,KENTWOOD POLICE,,
1,2026-09-20T00:50:00Z,1789865400000,CASCADE TWP,2600 BLOCK OF PATTERSON AVE SE,MEDICAL EMERGENCY,Fire,CASCADE TWP FIRE,,
5,2026-09-20T00:51:00Z,1789865460000,ALPINE TWP,4600 BLOCK OF WESTGATE DR NW,ANIMAL INCIDENT,Police,KENT CO SHERIFF,,
6,2026-09-20T00:51:00Z,1789865460000,WALKER,3400 BLOCK OF REMEMBRANCE RD NW,RECKLESS DRIVER,Police,WALKER POLICE,,
1,2026-09-20T00:55:00Z,1789865700000,BYRON TWP,7900 BLOCK OF BYRON DEPOT DR SW,STRUCTURE FIRE,Fire,BYRON TWP FIRE,,
2,2026-09-20T00:55:00Z,1789865700000,GRANDVILLE,4700 BLOCK OF CANAL AVE SW,VEHICLE CRASH,Police,GRANDVILLE POLICE,,
2,2026-09-20T00:56:00Z,1789865760000,WYOMING,2700 BLOCK OF PRAIRIE ST SW,MEDICAL EMERGENCY,Fire,WYOMING FIRE,,
4,2026-09-20T00:58:00Z,1789865880000,PLAINFIELD TWP,3200 BLOCK OF JUNIPER CT NE,TRESPASSING,Police,KENT CO SHERIFF,,
3,2026-09-20T01:01:00Z,1789866060000,GRAND RAPIDS TWP,4000 BLOCK OF CASCADE RD SE,SUSPICIOUS INCIDENT,Police,KENT CO SHERIFF,,
1,2026-09-20T01:01:00Z,1789866060000,WYOMING,5400 BLOCK OF S DIVISION AVE,FIGHT,Police,WYOMING POLICE,,
2,2026-09-20T01:03:00Z,1789866180000,GAINES TWP,300 BLOCK OF 68TH ST SE,GENERAL ASSIST,Police,KENT CO SHERIFF,,
1,2026-09-20T01:06:00Z,1789866360000,WALKER,3400 BLOCK OF 3 MILE RD NW,BURGLAR ALARM,Police,WALKER POLICE,,
1,2026-09-20T01:15:00Z,1789866900000,EAST GRAND RAPIDS,1000 BLOCK OF SAN JOSE DR SE,DISORDERLY PERSON,Police,EAST GRAND RAPIDS POLICE,,
5,2026-09-20T01:17:00Z,1789867020000,KENTWOOD,4300 BLOCK OF FOREST CREEK CT SE,GENERAL ASSIST,Police,KENTWOOD POLICE,,
4,2026-09-20T01:21:00Z,1789867260000,KENTWOOD,3100 BLOCK OF CREEK DR SE,SUSPICIOUS INCIDENT,Police,KENTWOOD POLICE,,
3,2026-09-20T01:23:00Z,1789867380000,WALKER,4300 BLOCK OF LAKE MICHIGAN DR NW,MEDICAL EMERGENCY,Fire,WALKER FIRE,,
2,2026-09-20T01:24:00Z,1789867440000,BYRON TWP,8500 BLOCK OF SKYLINE ST SW,MEDICAL EMERGENCY,Fire,BYRON TWP FIRE,,
4,2026-09-20T01:25:00Z,1789867500000,GAINES TWP,100 BLOCK OF S GREEN MEADOW ST SE,DISORDERLY PERSON,Police,KENT CO SHERIFF,,
10,2026-09-20T01:26:00Z,1789867560000,GRANDVILLE,I-196 WB WO WILSON,VEHICLE CRASH,Police,GRANDVILLE POLICE,42.913848,-85.765914
1,2026-09-20T01:27:00Z,1789867620000,WALKER,600 BLOCK OF CENTER DR NW,BURGLAR ALARM,Police,WALKER POLICE,,
3,2026-09-20T01:28:00Z,1789867680000,GAINES TWP,3400 BLOCK OF MISTYWOOD ST SE,MEDICAL EMERGENCY,Fire,GAINES TWP FIRE,,
2,2026-09-20T01:30:00Z,1789867800000,WYOMING,1400 BLOCK OF PRAIRIE PKWY SW,MEDICAL EMERGENCY,Fire,WYOMING FIRE,,
1,2026-09-20T01:31:00Z,1789867860000,GRAND RAPIDS TWP,4600 BLOCK OF CASCADE RD SE,STRUCTURE FIRE,Fire,GRAND RAPIDS TWP FIRE,,
1,2026-09-20T01:33:00Z,1789867980000,WALKER,500 BLOCK OF MAYNARD AVE SW,WIRE DOWN,Fire,WALKER FIRE,,
3,2026-09-20T01:39:00Z,1789868340000,CALEDONIA TWP,5500 BLOCK OF 60TH ST SE,LARCENY,Police,KENT CO SHERIFF,,
1,2026-09-20T01:43:00Z,1789868580000,WYOMING,2300 BLOCK OF KNOLLVIEW ST SW,ANIMAL INCIDENT,Police,WYOMING POLICE,,
1,2026-09-20T01:56:00Z,1789869360000,KENTWOOD,4600 BLOCK OF CROSSWINDS DR SE,WELFARE CHECK,Police,KENTWOOD POLICE,,
1,2026-09-20T01:58:00Z,1789869480000,WALKER,3600 BLOCK OF REMEMBRANCE RD NW,SUSPICIOUS INCIDENT,Police,WALKER POLICE,,
3,2026-09-20T02:14:00Z,1789870440000,WYOMING,600 BLOCK OF 36TH ST SW,MEDICAL EMERGENCY,Fire,WYOMING FIRE,,
1,2026-09-20T02:15:00Z,1789870500000,CEDAR SPRINGS,400 BLOCK OF SARAH ST NE,MEDICAL EMERGENCY,Fire,CEDAR SPRINGS FIRE,,
2,2026-09-20T02:15:00Z,1789870500000,WYOMING,1300 BLOCK OF BURTON ST SW,DISORDERLY PERSON,Police,WYOMING POLICE,,
2,2026-09-20T02:21:00Z,1789870860000,SPARTA TWP,3600 BLOCK OF 13 MILE RD NW,WELFARE CHECK,Police,KENT CO SHERIFF,,
1,2026-09-20T02:21:00Z,1789870860000,GAINES TWP,7300 BLOCK OF ZINNIA CT SE,VEHICLE CRASH,Police,KENT CO SHERIFF,,
1,2026-09-20T02:23:00Z,1789870980000,SPARTA TWP,3600 BLOCK OF 13 MILE RD NW,MEDICAL EMERGENCY,Fire,SPARTA FIRE,,
1,2026-09-20T02:32:00Z,1789871520000,GAINES TWP,6100 BLOCK OF KALAMAZOO AVE SE,TRESPASSING,Police,KENT CO SHERIFF,,
3,2026-09-20T02:35:00Z,1789871700000,GRANDVILLE,3300 BLOCK OF IVANREST AVE SW,CARBON MONOXIDE INVESTIGATION,Fire,GRANDVILLE FIRE,,
1,2026-09-20T02:40:00Z,1789872000000,KENTWOOD,4400 BLOCK OF BRETON AVE SE,MEDICAL EMERGENCY,Fire,KENTWOOD FIRE,,
2,2026-09-20T02:40:00Z,1789872000000,KENTWOOD,2400 BLOCK OF MAPLEVIEW ST SE,SUSPICIOUS INCIDENT,Police,KENTWOOD POLICE,,
9,2026-09-20T02:42:00Z,1789872120000,GRANDVILLE,I-196 WB TO 28TH RAMP,TRAFFIC HAZARD,Police,GRANDVILLE POLICE,42.91619989,-85.76262919
3,2026-09-20T02:42:00Z,1789872120000,TYRONE TWP,3200 BLOCK OF RUSCO ST NW,GENERAL ASSIST,Police,KENT CO SHERIFF,,
1,2026-09-20T02:45:00Z,1789872300000,WYOMING,3600 BLOCK OF COPPER RIVER AVE SW,MEDICAL EMERGENCY,Fire,WYOMING FIRE,,
1,2026-09-20T02:47:00Z,1789872420000,GRANDVILLE,2800 BLOCK OF CHICAGO DR SW,SUSPICIOUS INCIDENT,Police,GRANDVILLE POLICE,,
2,2026-09-20T02:54:00Z,1789872840000,WYOMING,2100 BLOCK OF GALEWOOD AVE SW,LOUD NOISE,Police,WYOMING POLICE,,
2,2026-09-20T02:57:00Z,1789873020000,WYOMING,3500 BLOCK OF BLUEBIRD AVE SW,SUSPICIOUS INCIDENT,Police,WYOMING POLICE,,
1,2026-09-20T03:03:00Z,1789873380000,WYOMING,28TH ST SE / S DIVISION AVE,SUSPICIOUS INCIDENT,Police,WYOMING POLICE,,
2,2026-09-20T03:06:00Z,1789873560000,ADA TWP,7000 BLOCK OF ADARIDGE DR SE,SUSPICIOUS INCIDENT,Police,KENT CO SHERIFF,,
1,2026-09-20T03:12:00Z,1789873920000,LOWELL,FOREMAN ST SE / GEE DR SE,SUSPICIOUS INCIDENT,Police,LOWELL POLICE,,
1,2026-09-20T03:24:00Z,1789874640000,GRANDVILLE,3500 BLOCK OF ALGONAC DR SW,SUSPICIOUS INCIDENT,Police,GRANDVILLE POLICE,,
7,2026-09-20T03:28:00Z,1789874880000,CANNON TWP,8100 BLOCK OF WHISPERING HILLS DR NE,WELFARE CHECK,Police,KENT CO SHERIFF,,
1,2026-09-20T03:30:00Z,1789875000000,ALPINE TWP,4200 BLOCK OF ALPENHORN DR NW,911 HANG UP,Police,KENT CO SHERIFF,,
1,2026-09-20T03:31:00Z,1789875060000,GAINES TWP,500 BLOCK OF NORTH AMBER DR SE,MEDICAL EMERGENCY,Fire,GAINES TWP FIRE,,
2,2026-09-20T03:37:00Z,1789875420000,CASCADE TWP,5100 BLOCK OF 28TH ST SE,WELFARE CHECK,Police,KENT CO SHERIFF,,
1,2026-09-20T03:40:00Z,1789875600000,GRANDVILLE,2900 BLOCK OF LOCKE AVE SW,WELFARE CHECK,Police,GRANDVILLE POLICE,,
3,2026-09-20T03:41:00Z,1789875660000,ALPINE TWP,3900 BLOCK OF YORKLAND DR NW,MEDICAL EMERGENCY,Fire,ALPINE TWP FIRE,,
2,2026-09-20T03:42:00Z,1789875720000,GRANDVILLE,2900 BLOCK OF LOCKE AVE SW,MEDICAL EMERGENCY,Fire,GRANDVILLE FIRE,,
1,2026-09-20T03:43:00Z,1789875780000,WYOMING,2100 BLOCK OF HEALTH DR SW,MEDICAL EMERGENCY,Fire,WYOMING FIRE,,
1,2026-09-20T03:50:00Z,1789876200000,PLAINFIELD TWP,2900 BLOCK OF ROGUE RIVER RD NE,MEDICAL EMERGENCY,Fire,PLAINFIELD TWP FIRE,,
5,2026-09-20T04:00:00Z,1789876800000,WYOMING,3800 BLOCK OF S DIVISION AVE,GENERAL ASSIST,Police,WYOMING POLICE,,
1,2026-09-20T04:09:00Z,1789877340000,GRANDVILLE,44TH ST SW / PARKWAY PLACE DR SW,VEHICLE CRASH,Police,GRANDVILLE POLICE,,
2,2026-09-20T04:20:00Z,1789878000000,WYOMING,100 BLOCK OF ABBIE ST SE,MEDICAL EMERGENCY,Fire,WYOMING FIRE,,
1,2026-09-20T04:25:00Z,1789878300000,KENTWOOD,SHAFFER AVE SE / 32ND ST SE,WELFARE CHECK,Police,KENTWOOD POLICE,,
2,2026-09-20T04:28:00Z,1789878480000,WYOMING,2700 BLOCK OF 44TH ST SW,SUSPICIOUS INCIDENT,Police,WYOMING POLICE,,
1,2026-09-20T04:29:00Z,1789878540000,KENTWOOD,5900 BLOCK OF CRESTMOOR DR SE,MEDICAL EMERGENCY,Fire,KENTWOOD FIRE,,
2,2026-09-20T04:31:00Z,1789878660000,WYOMING,2100 BLOCK OF GODFREY AVE SW,LOUD NOISE,Police,WYOMING POLICE,,
1,2026-09-20T04:36:00Z,1789878960000,WYOMING,3700 BLOCK OF FLAMINGO AVE SW,SUSPICIOUS INCIDENT,Police,WYOMING POLICE,,
1,2026-09-20T04:43:00Z,1789879380000,WYOMING,MICHAEL AVE SW / 35TH ST SW,SUSPICIOUS INCIDENT,Police,WYOMING POLICE,,
5,2026-09-20T04:51:00Z,1789879860000,NELSON TWP,17000 BLOCK OF MYERS LAKE AVE NE,GENERAL ASSIST,Police,KENT CO SHERIFF,,
1,2026-09-20T04:52:00Z,1789879920000,WYOMING,300 BLOCK OF JANET ST SE,BARKING DOG,Police,WYOMING POLICE,,
1,2026-09-20T05:00:00Z,1789880400000,ALPINE TWP,4600 BLOCK OF WESTGATE DR NW,MEDICAL EMERGENCY,Fire,ALPINE TWP FIRE,,
3,2026-09-20T05:12:00Z,1789881120000,PLAINFIELD TWP,4300 BLOCK OF PINE FOREST BLVD NE,FIRE ALARM,Fire,PLAINFIELD TWP FIRE,,
1,2026-09-20T05:16:00Z,1789881360000,BYRON TWP,0 BLOCK OF MARCUS ST SW,MEDICAL EMERGENCY,Fire,BYRON TWP FIRE,,
2,2026-09-20T05:16:00Z,1789881360000,WYOMING,4500 BLOCK OF EDGEMONT DR SW,WELFARE CHECK,Police,WYOMING POLICE,,
1,2026-09-20T05:24:00Z,1789881840000,GRANDVILLE,3300 BLOCK OF FAIRLANES AVE SW,BURGLAR ALARM,Police,GRANDVILLE POLICE,,
1,2026-09-20T05:56:00Z,1789883760000,CALEDONIA TWP,9500 BLOCK OF SCOTSMOOR DR SE,SUSPICIOUS INCIDENT,Police,KENT CO SHERIFF,,
1,2026-09-20T06:09:00Z,1789884540000,WALKER,3300 BLOCK OF WALKER VIEW DR NW,FIRE ALARM,Fire,WALKER FIRE,,
1,2026-09-20T06:19:00Z,1789885140000,BYRON TWP,6700 BLOCK OF CREEKSTONE LN SW,SUSPICIOUS INCIDENT,Police,KENT CO SHERIFF,,
2,2026-09-20T06:27:00Z,1789885620000,ALPINE TWP,3800 BLOCK OF YORKLAND DR NW,DAMAGE TO PROPERTY,Police,KENT CO SHERIFF,,
1,2026-09-20T06:29:00Z,1789885740000,KENTWOOD,5600 BLOCK OF BONNIE AVE SE,MEDICAL EMERGENCY,Fire,KENTWOOD FIRE,,
1,2026-09-20T06:31:00Z,1789885860000,WYOMING,28TH ST SW / BUCHANAN AVE SW,VEHICLE CRASH,Police,WYOMING POLICE,,
2,2026-09-20T06:39:00Z,1789886340000,LOWELL TWP,14200 BLOCK OF GRAND RIVER DR SE,MEDICAL EMERGENCY,Fire,LOWELL AREA FIRE,,
1,2026-09-20T06:40:00Z,1789886400000,CASCADE TWP,2000 BLOCK OF TALAMORE CT SE,SUSPICIOUS INCIDENT,Police,KENT CO SHERIFF,,
1,2026-09-20T06:43:00Z,1789886580000,GAINES TWP,6200 BLOCK OF WOODFIELD PL SE,MEDICAL EMERGENCY,Fire,GAINES TWP FIRE,,
1,2026-09-20T06:49:00Z,1789886940000,CASCADE TWP,I-96 EB AT BURTON,VEHICLE CRASH,Police,KENT CO SHERIFF,42.91985269,-85.54668034
1,2026-09-20T06:56:00Z,1789887360000,WYOMING,800 BLOCK OF 28TH ST SW,DISORDERLY PERSON,Police,WYOMING POLICE,,
1,2026-09-20T07:10:00Z,1789888200000,WALKER,1400 BLOCK OF MAPLEROW AVE NW,SUSPICIOUS INCIDENT,Police,WALKER POLICE,,
1,2026-09-20T07:24:00Z,1789889040000,CASCADE TWP,5400 BLOCK OF 28TH ST CT SE,WELFARE CHECK,Police,KENT CO SHERIFF,,
2,2026-09-20T07:42:00Z,1789890120000,WYOMING,1100 BLOCK OF HUDSON ST SW,LOUD NOISE,Police,WYOMING POLICE,,
1,2026-09-20T07:46:00Z,1789890360000,KENTWOOD,5200 BLOCK OF WICHITA DR SE,LOUD NOISE,Police,KENTWOOD POLICE,,
1,2026-09-20T07:47:00Z,1789890420000,WYOMING,4500 BLOCK OF VANCOUVER AVE SW,HARASSMENT,Police,WYOMING POLICE,,
1,2026-09-20T07:53:00Z,1789890780000,WALKER,3100 BLOCK OF FRUIT RIDGE AVE NW,WELFARE CHECK,Police,WALKER POLICE,,
1,2026-09-20T08:25:00Z,1789892700000,WYOMING,5800 BLOCK OF VILLAGE DR SW,MEDICAL EMERGENCY,Fire,WYOMING FIRE,,
1,2026-09-20T08:46:00Z,1789893960000,CANNON TWP,6200 BLOCK OF CANNONSBURG RD NE,MEDICAL EMERGENCY,Fire,CANNON TWP FIRE,,
1,2026-09-20T08:55:00Z,1789894500000,SPARTA,400 BLOCK OF W DIVISION ST NW,WELFARE CHECK,Police,SPARTA POLICE,,
1,2026-09-20T09:01:00Z,1789894860000,WALKER,LEONARD ST NW / NIXON AVE NW,GENERAL ASSIST,Police,WALKER POLICE,,
2,2026-09-20T09:05:00Z,1789895100000,MONTCALM PIERSON TWP,W CANNONSVILLE RD / N FEDERAL RD,VEHICLE CRASH,Police,SAND LAKE FIRE,,
1,2026-09-20T09:06:00Z,1789895160000,WYOMING,2300 BLOCK OF PRAIRIE PKWY SW,ASSAULT,Police,WYOMING POLICE,,
2,2026-09-20T09:13:00Z,1789895580000,NELSON TWP,17500 BLOCK OF PINE LAKE AVE NE,VEHICLE CRASH,Police,KENT CO SHERIFF,,
1,2026-09-20T09:32:00Z,1789896720000,WYOMING,5900 BLOCK OF BYRON CENTER AVE SW,DISORDERLY PERSON,Police,WYOMING POLICE,,
1,2026-09-20T09:38:00Z,1789897080000,WALKER,LEONARD ST NW / NIXON AVE NW,VEHICLE CRASH,Police,WALKER POLICE,,
1,2026-09-20T10:30:00Z,1789900200000,BYRON TWP,7400 BLOCK OF CHINO VALLEY DR SW,MEDICAL EMERGENCY,Fire,BYRON TWP FIRE,,
1,2026-09-20T10:40:00Z,1789900800000,ALPINE TWP,4000 BLOCK OF YORKLAND DR NW,MEDICAL EMERGENCY,Fire,ALPINE TWP FIRE,,
1,2026-09-20T10:55:00Z,1789901700000,BYRON TWP,6500 BLOCK OF ESTATE DR SW,FIRE ALARM,Fire,BYRON TWP FIRE,,
1,2026-09-20T10:57:00Z,1789901820000,WYOMING,5700 BLOCK OF BUCHANAN AVE SW,MISSING PERSON,Police,WYOMING POLICE,,
1,2026-09-20T11:13:00Z,1789902780000,BYRON TWP,1300 BLOCK OF MARSHWOOD CT SW,LOUD NOISE,Police,KENT CO SHERIFF,,
1,2026-09-20T11:23:00Z,1789903380000,GRANDVILLE,3100 BLOCK OF WILLOW CREEK DR SW,CARBON MONOXIDE INVESTIGATION,Fire,GRANDVILLE FIRE,,
